0,Institute of Industrial Science; The University of Tokyo; Komaba-ku; Japan#TAB#
1,University of Alberta;
2,Northeastern; University
3,University of Alberta
4,University of Minnesota
5,National Central University
6,National Taiwan University of Science & Technology
7,Department of Computer Science; University of Sherbrooke;#TAB#
8,Department of Mathematics; University of Sherbrooke; Sherbrooke; QC; Canada
9,Katholieke Universiteit Leuven
10,NICTA; Victoria Research Laboratory#TAB#
11,The University of Melbourne
12,LIPAH; Computer Science Department; Faculty of Sciences of Tunis; Tunis; Tunisia#TAB#
13,LIPAH; Computer Science Department; Faculty of Sciences of Tunis; Tunis; Tunisia;Institut TELECOM; TELECOM SudParis; UMR 5157 CNRS SAMOVAR; France#TAB#
14,IBM
15,Key Laboratory of Virtual Geography Environment; Nanjing Normal University; MOE; Nanjing; China#TAB#
16,Tsinghua University;
17,SONY Corporation; Tokyo; Japan
18,Univ. of Tokyo; Bunkyo-ku; Tokyo; Japan
19,Jilin University
20,(University of Aberdeen.
21,Vienna University of Technology.
22,Dresden University of Technology
23,University of New England (Armidale; Australia)
24,Dept. of Computer Science and Technology; Tsinghua University; Beijing China
25,School Of Computer and Systems Sciences; Jawaharlal Nehru University; New Delhi; India
26,Graz University of Technology
27,State Key Lab of Intelligent Tech. & Sys.; Dept. of Comp. Sci. & Tech.; Tsinghua Univ.#TAB#
28,Dept. of Comp. Sci.; University of Illinois at Chicago#TAB#
29,LIX; École Polytechnique; Palaiseau; France;PRESANS; X-TEC; École Polytechnique; Palaiseau; France#TAB#
30,PRESANS; X-TEC; École Polytechnique; Palaiseau; France
31,LIX; École Polytechnique; Palaiseau; France;Dept of Informatics; AUEB; Athens; Greece#TAB#
32,Southern#N# Methodist University
33,College of Information Science and Technology; Drexel University; Philadelphia; USA
34,School of Computer Science; Carnegie Mellon University; USA;iLab; Heinz College#TAB#
35,Universidade Federal de Minas Gerais; Brazil;iLab; Heinz College#TAB#
36,Dept of Computer Science; Wayne State University; Detroit; MI
37,Arizona State University Tempe; AZ
38,Univ. of Passau
39,Know-Center
40,Department of Computer Engineering; Chulalongkorn University; Pathumwan; Bangkok; Thailand
41,School of Computer Science and Information Engineering; Hefei University of Technology; China
42,School of Computer Science and Information Engineering; Hefei University of Technology and Department of Computer Science; University of Vermont; Vermont
43,Hewlett-Packard Labs Singapore
44,Instituto de Matemática; Universidade Federal do Rio de Janeiro; Rio de Janeiro; BRAZIL
45,School of Geography; Planning and Environmental Management; University of Queensland; Brisbane; Australia
46,Institute for Biostatistics and Informatics in Medicine and Aging Research; Germany#TAB#
47,Institute for Medical Biochemistry and Molecular Biology; University of Rostock; Germany#TAB#
48,Department of Computer Science; Aalborg University; Aalborg; Denmark and Department of Computer Science; Uni. of Electronic Sci. and Tech. of China; P.R. China#TAB#
49,Institute of Systems Engineering; Dalian University of Technology; Dalian; China;
50,College of Mathematics and Computer Science; Longyan University; Longyan; China#TAB#
51,Australian Nat. University
52,Wuhan University of Science and Technology
53,Central China Normal University
54,Wuhan University of Science and Technology#TAB#
55,School of Computer and Information Engineering; Henan University; China
56,Integrated Research Centre; Università Campus Bio-Medico di Roma; Italy
57,Singapore Management Univ.;
58,#N#Singapore Management University#N#
59,Department of Biomedical Informatics; The Ohio State University; Columbus; OH
60,Department of Computer Science and Engineering; The Ohio State University; Columbus; OH
61,Department of Computer Science; Kent State University; Kent; OH#TAB#
62,Carnegie - Mellon University#TAB#
63,Athens University of Economics and Business.
64,Virginia TEch
65,#TAB#Vanderbilt University
66,Department of Computer Science|University of Minnesota
67,School of Computer Science; Fudan University; Shanghai; China
68,Beijing Jiaotong University
69,Sun Yat-sen University ;
70,King Abdullah University of Science and Technology;#TAB#
71,Alpen-Adria-Universitat Klagenfurt
72,Beijing Univ. of Posts and Telecommunications (BUPT); Beijing; China
73,Univ. of Technology Sydney; Australia
74,Graduate School of Global Information and Telecommunication Studies; Waseda University; Japan
75,Faculty of Information Sciences and Engineering; University of Canberra; ACT; Australia
76,School of Computer; National University of Defense Technology; Changsha; P.R. China#TAB#
77,College of information science and Engineering; Northeastern University; China
78,TamKang University#TAB#
79,National Chiao Tung University;
80,The Pennsylvania State University
81,Univ. of Maryland; Baltimore County#TAB#
82,Shenzhen Institutes of Advanced Technology; Chinese Academy of Sciences; Shenzhen; China and Institute of Computing Technology; Chinese Academy of Sciences; Beijing; China and Graduate School of C ...#TAB#
83,Shenzhen Institutes of Advanced technology; Chinese Academy of Sciences; Shenzhen; China
84,Artificial Intelligence and Bioinformatics Research Group; Faculty of Computing; Universiti Teknologi Malaysia; Skudai; Malaysia
85,Department of Bioprocess Engineering; Faculty of Chemical Engineering; Universiti Teknologi Malaysia; Skudai; Malaysia#TAB#
86,University of Technology Sydney ;
87,University Of California; Davis
88,University at Albany [SUNY]
89,RWTH Aachen University;
90,Budapest University of Technology and Economics; Budapest; Hungary.
91,Beijing Institute of Technology) )
92,School of Computer and information technology; Beijing Jiaotong University; China
93,University of Maribor;
94,Faculty of Sciences of Tunis; University Tunis El Manar; Tunis; Tunisia
95,Faculty of Sciences of Tunis; University Tunis El-Manar; Tunis; Tunisia;Institut TELECOM; TELECOM SudParis; UMR 5157 CNRS Samovar; Evry Cedex; France#TAB#
96,Sch. of Comput. & Inf. Technol.; Beijing Jiaotong Univ.; Beijing; China
97,School of Computer and Information Technology; Beijing Jiaotong University; Beijing; China;School of Computer Science; University of Adelaide; SA; Australia#TAB#
98,Department of Computer Science & Engineering; Heritage Institute of Technology; Kolkata; WB; India
99,Tokyo Denki Univ
100,Ilmenau University of Technology
101,Queen's University Belfast
102,CHINESE ACADEMY OF SCIENCES
103,(Huawei Noah's Ark Lab)
104,University of Calgary
105,national Cheng Kung University
106,Auburn University
107,School of Computer Science; Carnegie Mellon University USA
108,Department of Computer Science; Chonnam National University; South Korea#TAB#
109,( Sun Yat-Sen University Guangzhou China )
110,North-Carolina State University
111,University of Tokyo
112,Computer and Electrical Engineering and Computer Science; Florida Atlantic University; Boca Raton; FL#TAB#
113,Department of Computing Science; University of Alberta; Edmonton; AB Canada
114,Department of HCI and Robotics; University of Science and Technology; Korea#TAB#
115,(Pennsylvania State University)#TAB#
116,Hangzhou Normal University;#TAB#
117,Beijing Normal University
118,Hong Kong Baptist University
119,School of Computer Science and Information Engineering; Zhejiang Gongshang University; Hangzhou; P. R. China
120,School of Computer Science & Information Engineering; Zhejiang Gongshang University; Hangzhou; P.R. China and Contemporary Business and Trade Research Center; Zhejiang Gongshang University; Hangzh ...#TAB#
121,School of Information Technologies; University of Sydney; Australia.
122,SHANDONG UNIVERSITY
123,York University
124,Institute of Information Science; Academia Sinica; Taipei; Taiwan
125,School of Electronics Engineering and Computer Science; Peking University; China#TAB#
126,Sch. of Comput. Sci. & Eng.; Beihang Univ.; China
127,Institute of Computer Science and Technology; Peking University; China
128,Medical University; Graz
129,IBM-Austria
130,LKH-University Hospital Graz
131,Graduate School of Information Science and Technology; Osaka University; JAPAN
132,The Institute of Scientific and Industrial Research; Osaka University; Ibaraki; Osaka; Japan#TAB#
133,<org_name>Graduate School of Engineering; Tohoku University; Japan</org_name>
134,Institute of Multidisciplinary Research for Advanced Materials; Tohoku University; Japan#TAB#
135,Beijing JiaoTong University)
136,School of Computer Science; Fudan University; China
137,Clausthal University of Technology
138,Renmin University of China;
139,NTT Cyber Space Laboratories; Japan
140,The University of Tokyo; ; Japan
141,Department of Civil Engineering; University of Bugos; Burgos; Spain#TAB#
142,CARTIF Foundation; Parque Tecnológico de Boecillo; Boecillo; Valladolid; Spain#TAB#
143,Research School of Computer Science; College of Engineering and Computer Science; The Australian National University; Canberra; ACT; Australia
144,Australian Demographic and Social Research Institute; College of Arts and Social Sciences; The Australian National University; Canberra; ACT; Australia#TAB#
145,Nanjing#N# University
146,JST-ERATO MINATO Discrete Structure Manipulation System Project; Hokkaido University; Sapporo; Japan
147,Graduate School of Information Science and Electrical Engineering Kyushu University; Fukuoka; Japan
148,Graduate school of Information Science and Technology; Hokkaido University; Sapporo; Japan
149,JST-ERATO MINATO Discrete Structure Manipulation System Project; Hokkaido University; Sapporo; Japan;Graduate School of Information Science and Technology; Hokkaido University; Sapporo; Japan
150,Department of Computer Science and Engineering; Sungkyunkwan University; Suwon; Gyeonggi-do; Republic of Korea
151,Department of Computer Science; Hong Kong Baptist University Kowloon Tong; Hong Kong
152,The Key Laboratory of Intelligent Information Processing; Institute of Computing Technology; Chinese Academy of Sciences; Beijing; China;Graduate University of Chinese Academy of Sciences; Beijing ...
153,The Key Laboratory of Intelligent Information Processing; Institute of Computing Technology; Chinese Academy of Sciences; Beijing; China
154,Nanyang Technological University
155,Dept. of Computer Science; LUMS School of Science and Engineering; Lahore; Pakistan#TAB#
156,The University of Melbourne;#TAB#
157,Department of Electronics; Information and Communication Engineering Osaka Institute of Technology; Japan
158,Department of Computer Science and Intelligent Systems; Graduate School of Engineering; Osaka Prefecture University; Sakai; Japan#TAB#
159,Otto von Guericke University Magdeburg
160,National School of Computer Sciences (ENSI); SOIE Laboratory; Campus universitaire de La Manouba; La Manouba; Tunisia#TAB#
161,Department of Computer Science and Engineering; Indian Institute of Technology Madras; Chennai India
162,Sun Yat-sen University;
163,Simon Fraser University
164,Hong Kong University of Science & Technology
165,Soochow University
166,National Taitung University
167,Academia SInica
168,PrecisionDemand; Seattle; USA#TAB#
169,Department of Computer Science The University of Western Ontario London; Ontario; Canada
170,Institute of Computer Science and Technology; The MOE Key Laboratory of Computational Linguistics; Peking University; Beijing; China#TAB#
171,Department of Computer Science and Engineering; University of Notre Dame; Notre Dame; IN
172,National Key Laboratory for Novel Software Technology; Nanjing University ; Nanjing; China
173,Monash University
174,University of North Carolina at Charlotte
175,Research School of Computer Science; The Australian National University; Canberra; Australia;
176,Veda; Melbourne; Australia
177,Research School of Computer Science; The Australian National University; Canberra; Australia and Funnelback Pty. Ltd.; Canberra; Australia#TAB#
178,Dept. of Comput. Sci. & Software Eng.; Univ. of Canterbury; Christchurch; New Zealand
179,ICAR CNR
180,UCLA
181,Institute of Information Technology; Riga Technical University; Riga; Latvia#TAB#
182,Faculty of Medicine; University of Latvia; Latvia;Digestive Diseases Centre GASTRO; Riga Eastern Clinical University Hospital; Riga; Latvia#TAB#
183,George Mason University; Fairfax VA#TAB#
184,School of Information; Computer; and Communication Technology Sirindhorn International Institute of Technology; Thammasat University; Thailand
185,Jožef Stefan Institute
186,University of Nova Gorica
187,University of Nova Gorica;
188,Department of Computer Science ; University of Auckland ; New Zealand
189,School of Computing and Mathematical Sciences; AUT University; New Zealand
190,K.U. Leuven; Leuven; Belgium
191,Tsinghua University; Beijing China
192,<org_name>The University of Tokyo</org_name>
193,Computer Science Department; University of Connecticut#TAB#
194,School of Computer Engineering; Nanyang Technological University;#TAB#
195,Department of Applied Mathematics and Computer Science; Ghent University; Belgium
196,Dept. of Telecommunications and Media Informatics Budapest University of Technology and Economics Hungary
197,KU Leuven; Leuven – Belgium
198,University of Minho
199,FUJITSU LABORATORIES LTD.#TAB#
200,University of California
201,INSTITUTE OF AUTOMATION CHINESE ACADEMY OF SCIENCES
202,Shanghai Jiao Tong University; Shanghai; China
203,School of Electronics and Information; Xi?an Jiaotong University; Xi’an; China
204,Department of Computer Science; Changan Univeristy; Xi'an; China#TAB#
205,Sch. of Eng.; Vanderbilt Univ.; Nashville; TN
206,Centre for Quantum Computation and Intelligent Systems Advanced Analytics Institute; University of Technology; Sydney; Australia
207,School of Science; Tianjin University of Technology and Education; China#TAB#
208,University of Texas at Austin;#TAB#
209,German Research Center for Artificial Intelligence DFKI
210,The Institute of Scientific and Industrial Research (ISIR); Osaka University; Ibaraki; Osaka; Japan#TAB#
211,SYNALP Team - LORIA; INRIA Nancy-Grand Est; Vandoeuvre-les-Nancy; France
212,(INIST‐CNRS; Vandoeuvre‐les‐Nancy; France)
213,Center for Data Engg.; International Institute of Information Technology; Hyderabad; India
214,The University Of New South Wales#TAB#
215,School of Computer Science and Informatics; University College Dublin; Belfield Dublin; Ireland
216,OKAN UNIVERSITY
217,University of Illinois at Chicago.
218,Yahoo Research Labs
219,Microsoft Research; Asia#TAB#
220,Huawei Noah's Ark Lab
221,European Centre for Soft Computing; Mieres; Asturias; Spain#TAB#
222,Georgetown University; Washington; DC
223,Hewlett-packard (Palo Alto; CA)
224,Harbin Institute of Technology
225,University of Applied Sciences Upper Austria
226,University of Economics
227,Department of Mathematical Information Technology; University of Jyväskylä; Jyvaskyla; Finland
228,Technical Research Centre of Finland; VTT; Jyväskylä; Finland#TAB#
229,Department of Statistics; Michigan State University
230,Department of Computer Science and Engineering; Michigan State University;
231,Department of Computer Science Hong Kong Baptist University
232,Université de Lyon; CNRS; INRIA; France;INSA-Lyon; LIRIS; UMR5205; France#TAB#
233,Université de Lyon; CNRS; INRIA; France;Université Lyon 1; CGPhiMC; UMR5534; France#TAB#
234,National Taiwan University
235,St. Joseph Hospital
236,National Taiwan University Hospital; Yun-Lin branch
237,South China University of Technology; Guangdong; P.R. China#TAB#
238,Department of Mathematics; Hong Kong Baptist University; Hong Kong
239,Department of Geomatics Engineering; University of Calgary; Calgary; AB; Canada
240,National Chung Hsing University;
241,Department of Computing; Curtin University; Perth; Australia#TAB#
242,Fudan University
243,Faculty of Computer Science; Bialystok University of Technology; Bialystok; Poland;Institute of Biocybernetics and Biomedical Engineering; PAS; Warsaw; Poland#TAB#
244,Faculty of Computer Science; Bialystok University of Technology; Białystok; Poland
245,Bank of Communications
246,Deakin University
247,International Institute of Information Technology-Hyderabad; India#TAB#
248,School of Informatics; Guangdong University of Foreign Studies; Guangzhou; China#TAB#
249,Department of Computer Science and Engineering; Nanjing University of Aeronautics and Astronautics; China
250,Department of Computer Science; Tsinghua University Beijing; China
251,Sohu Inc. R&D center; Beijing; China#TAB#
252,Karlsruhe institute of Technology
253,Department of Artificial Intelligence and Expert Systems; University of Information Technology and Management in Rzeszów; Poland#TAB#
254,IMG Lab.; NECTEC; Pathumthani; Thailand#TAB#
255,Zhejiang University Hangzhou;China#TAB#
256,Athens Technology Centre
257,New Media; Innovation; Deutsche Welle
258,Suedwestrundfunk
259,Shanghai Stock Exchanges
260,ShenZhen Univ.
261,School of Software; Beihang University; China#TAB#
262,Dept. of Comput. Sci. & Technol.; Tsinghua Univ; China
263,Hokkaido University; Sapporo; Japan.
264,University of New Caledonia
265,Université François Rabelais Tours; LI EA 6300
266,; Microsoft Research
267,Microsoft Research;#TAB#
268,Univ. of Sci. and Tech. of China
269,Google; Canada
270,UNIVERSITY OF TECHNOLOGY SYDNEY
271,#N##TAB##TAB##TAB##TAB# Texas A&M University#N##TAB##TAB##TAB#
272,Münster Univ. of Applied Sciences; Münster; Germany
273,BBDO Proximity GmbH; Hamburg; Germany#TAB#
274,Research Center for Information Technology Innovation ; Academia Sinica; Taipei; Taiwan Roc#TAB#
275,Faculty of Computing and Informatics; Multimedia University; Jalan Multimedia; Cyberjaya; Selangor; Malaysia#TAB#
276,NEC Labs America
277,University of Boras#TAB#
278,College of Computer Science and Technology; Zhejiang University; Hangzhou China
279,Baylor University
280,Data Sciences and Knowledge Discovery Lab; Centre for Quantum Computation and Intelligent Systems; Faculty of Engineering & IT; University of Technology; Sydney; Australia#TAB#
281,Data Mining Team; Centrelink; Australia
282,Hefei Univ. of Technol.; China
283,Department of Biological Sciences; Faculty of Biosciences and Bioengineering; Universiti Teknologi Malaysia; Skudai; Malaysia#TAB#
284,(University of Melbourne)
285,The Australian National University ;
286,The Department of Computer Science and Information Engineering; National Taiwan University of Science and Technology; Taipei; Taiwan; ROC
287,Tohoku Univ.
288,TOHOKU University
289,NTT DOCOMO R&D Center; Kanagawa; Japan
290,Osaka University Cybermedia Center Osaka Japan
291,Yahoo! Labs Bangalore; India#TAB#
292,Dept. of CSA; IISc; Bangalore; India
293,University of Cambridge
294,Bangladesh University of Engineering and Technology (BUET)
295,UNIVERSITY OF FUKUI
296,IT - Instituto de Telecomunicações
297,Instituto Superior De Engenharia De Lisboa
298,Ciência Viva - Agência Nacional para a Cultura Científica e Tecnológica
299,Department of Computing; The Hong Kong Polytechnic University; Hung Hom; Hong Kong.
300,Nature Inspired Computational and Applications Laboratory; School of Computer Science and Technology; University of Science and Technology of China; Hefei; China#TAB#
301,Shanxi University)
302,Shanghai Jiao Tong university;
303,(South China University of Technology)
304,Digital Imaging Research Centre; Kingston University; London; United Kingdom#TAB#
305,College of Computer Science and Technology; Jilin University; Changchun and CCTD; DI; University of Minho; Braga; Portugal#TAB#
306,College of Computer Science and Technology; Jilin University; ChangChun#TAB#
307,CCTD; DI; University of Minho; Braga; Portugal
308,School of Computer Engineering; Nanyang Technological University; Singapore;
309,Dept. of Comput. Sci. & Technol.; Hefei Univ. of Technol.; Hefei; China
310,Yuan Ze University; Chung-Li; Taiwan R.O.C.
311,Fraunhofer Society
312,Beijing Key Lab of Intelligent Information Technology; School of Computer Science and Technology; Beijing Institute of Technology; Beijing; China
313,Beijing Key Lab of Intelligent Information Technology; School of Computer Science and Technology; Beijing Institute of Technology; Beijing; China;Beijing Institute of Tracking and Telecommunicatio ...
314,School of Information Science and Technology; NingBo University; Ning Bo; P.R. China
315,School of Computer Science and Technology; Fudan University; Shanghai; P.R. China
316,School of Electronic and Information Engineering; Tongji University; Shanghai; P.R. China#TAB#
317,Univ. of Murcia
318,University of Antwerp
319,University of Porto
320,Rutgers University
321,BBN Technologies;
322,Army Research laboratory
323,HCM City University of Education
324,University of Canberra
325,BAUHAUS UNIVERSITAT WEIMAR
326,Bochum University of Applied Science
327,National Engineering Laboratory for Video Technology; School of EE & CS; Peking University; Beijing; China
328,The University of Queensland Australia
329,Information Security Center; State Key Laboratory of Networking and Switching Technology; Beijing University of Posts and Telecommunications; Beijing ; China
330,Dept. of Comput. & Inf. Sci; Linkoping Univ.; Linkoping; Sweden
331,Univ of MInnesota; Minneapolis; MN
332,Department of Medical Informatics; School of Medicine; Faculty of Medicine; Shimane University; Izumo; Japan#TAB#
333,Hankuk Academy of Foreign Studies
334,Huawei Technologies; Co. LTD.
335,Department of Computer Science; Télécom SudParis; UMR CNRS Samovar; Evry Cedex; France#TAB#
336,Nanyang Technological University;School of Electrical and Electronic Engineering;;;;Singapore
337,Shenzhen Institutes of Advanced Technology; CAS; China#TAB#
338,Univ of Geneva
339,NUIG
340,Firmenich S.A.
341,International Institute of Information Technology Hyderabad (IIIT-H)
342,Cornell University;
343,Microsoft USA
344,Pinterest
345,university of Hildesheim
346,University of Elbasan
347,Faculty of Computer Science & Engineering; Ho Chi Minh City University of Technology; Vietnam#TAB#
348,Departamento de Engenharia Informàtica; Faculdade de Engenharia; Universidade do Porto; Porto; Portugal;LIAAD-INESC Porto L.A.; Porto; Portugal
349,LIAAD-INESC Porto L.A.; Porto; Portugal;Instituto Superior de Engenharia do Porto; Instituto Politécnico do Porto; Porto; Portugal#TAB#
350,LIAAD-INESC Porto L.A.; Porto; Portugal; Faculdade de Economia; Universidade do Porto; Porto; Portugal#TAB#
351,Departamento de Engenharia Industrial e Gestão; Faculdade de Engenharia; Universidade do Porto; Porto; Portugal
352,ITRI
353,NATIONAL SUN-YAT-SEN UNIVERSITY
354,University of Washington; Institute of Technology; Computer Science and Systems; Tacoma; WA#TAB#
355,Department of Computer Science and technology; Peking University
356,Graduate University of Chinese Academy of Sciences; China;Nokia Research Center; China#TAB#
357,Graduate University of Chinese Academy of Sciences; China
358,Nokia Research Center; China;University of Science and Technology of China; China#TAB#
359,Nokia Research Center; China#TAB#
360,Department of Computer Science; University of Toronto; Canada
361,IBM Zurich Research Laboratory; Switzerland#TAB#
362,University of Massachusetts;Boston
363,University of Massachusetts-Lowell
364,Dept. of Comp Sc & Engg.; Tezpur University; Napaam; India#TAB#
365,the University of Queensland
366,Zhejiang Univ.#TAB#
367,CSIRO; Brisbane
368,School of Information Technologies; University of Sydney; NSW; Australia and NICTA; Australian Technology Park; Eveleigh; NSW; Australia and Centre for Distributed and High Performance Computing; ...
369,Faculty of Computer and Information Science; Southwest University; China and School of Information Technology; Deakin University; VIC; Australia#TAB#
370,School of Information Technologies; University of Sydney; NSW; Australia and Centre for Distributed and High Performance Computing; University of Sydney; NSW; Australia
371,Leiden University; ???
372,University of Vermont;
373,Wuhan University
374,Cold Spring Harbor Laboratory;
375,Georgia Institute of technology;
376,Wayne State University
377,National Yunlin University of Science and Technology; Yunlin; Taiwan#TAB#
378,Ludwig—Maximilian University of Munich
379,ShenZhen University
380,University of Mainz;
381,Univ. of Munich
382,Florida State University#TAB#
383,National University of Singapore
384,Provident Technology Pte. Ltd.
385,Department of Knowledge Service Engineering; KAIST
386,IBM Research - T. J. Watson Research Center
387,Institute of Computer Science and Technology; Peking University;
388,Institute Jožef Stefan; Artificial Intelligence Laboratory
389,Faculty of Computer Science and Information Technology; Universiti Malaysia Sarawak; Malaysia.
390,Department Petroleum Engineering; King Fahd University of Petroleum and Minerals; Saudi Arabia#TAB#
391,Nanjing Audit University#TAB#
392,IRSTEA Montpellier; UMR TETIS
393,LIRMM; CNRS; Montpellier;
394,The Knowledge Engineering and Discovery Research Institute; Auckland University of Technology ; New Zealand
395,Languages and Information Systems Department; University of Sevilla; E.T.S. Ingeniería Informática; Sevilla; Spain
396,Computer Science Department; University of Jaén Escuela Politécnica Superior; Jaén; Spain
397,Ecole Nationale d'Ingénieurs de Tunis; Université Tunis El Manar; Tunis; Tunisia#TAB#
398,Huawei Noahs Ark Lab.
399,Department of Computer Science; University of Illinois at Chicago;
400,Hong Kong University of Science and Technology; Hong Kong
401,#N# #N# University of Alberta; Edmonton; Alberta; Canada
402,University of Chinese Academy of Sciences;
403,Oakland University Rochester MI
404,QCIS Centre; University of Technology; Sydney; NSW; Australia#TAB#
405,Faculty of Information Technology; Monash University; VIC; Australia
406,Athabasca Univ.
407,Agricultural University of Hebei
408,Faculty of Engineering and Information Technology University of Technology; Sydney; Australia#TAB#
409,Northeastern University (Ministry of Education)
410,AT&T
411,Computer Science Dept.; Univ. of California; Los Angeles; CA#TAB#
412,School of Computing and Mathematical Sciences Auckland University of Technology; New Zealand
413,RWTH Aachen University (Germany)
414,THE UNIVERSITY OF NEW SOUTH WALES
415,Department of Defence; Command; Control; Communications and Intelligence Division; Defence Science and Technology Organisation; Australia
416,Florida International University
417,University of Texas at Arlington;
418,Guangdong University of Technology
419,king Abdulaziz university
420,Research Group Machine Learning and Computational Biology; Max Planck Institute for Intelligent Systems; Max Planck Society
421,Dept. Empirical Inference; Max Planck Institute for Intelligent System; Max Planck Society
422,Dept. of Computer Engineering; Faculty of Engineering; Kasetsart University; Thailand
423,SIEMENS > > > >
424,Intelligent Computing Lab.; Division of Informatics; Graduate School at Shenzhen; Tsinghua University; Shenzhen; P.R. China#TAB#
425,University of California Merced ; Merced; CA
426,SVB Analytics; San Francisco; CA#TAB#
427,LIAAD-INESC Porto L.A.; Porto; Portugal#TAB#
428,LIAAD-INESC Porto L.A.; Porto; Portugal and Faculdade de Economia; Universidade do Porto#TAB#
429,LIAAD-INESC Porto L.A.; Porto; Portugal and DCC; Faculdade de Ciencias; Universidade do Porto#TAB#
430,CCTC; Departamento de Informática; Universidade do Minho;
431,DM; Faculdade de Ciencias; Universidade do Porto#TAB#
432,Shimane Univ.
433,National Chung-Cheng University; Chiayi; Taiwan; R.O.C.
434,Mandiant
435,The University of Texas at Dallas
436,Ecole de Technologie Superieure
437,The Hong Kong Polytechnic University
438,Ministry of Education; Jilin University
439,University of Melbourne
440,KAIST; Daejeon; Korea
441,The University of Tokushima
442,(Chien Hsin University of Science and Technology)
443,Yuan Ze University
444,wright state university
445,CSIRO Mathematics Informatics and Statistics
446,Macquarie Univ.
447,College of Computer Science; ZheJiang University; Hangzhou; China
448,CSIRO Mathematics; Informatics & Statistics
449,Charles Sturt University. ;
450,Academy of Opto-Electronics; CAS
451,Tsinghua University
452,Centre for AI and Robotics (CAIR)
453,Indian Institute of Science (IISc)
454,Agency for Science; Technology and Research
455,Osaka Univ.
456,Drexel University
457,NTT Communication Science Laboratories
458,Swinburne Univ. of Technol.
459,China CDC
460,McMaster Universíty
461,Bangladesh Univ of Engg & Tech
462,eBay Inc
463,School of Public Health; Jilin University
464,Mayo Clinic
465,University of Chinese Academy of Science
466,Chinese Academy of Science
467,Chinese Academy of Engineering
468,University of Auckland; .
469,AUT University
470,University of Luxembourg; Interdisciplinary Centre for Security Reliability and Trust (SnT)
471,Far-Eastern Memorial Hospital
472,Japan Advanced Institute of Science and Technology;;;;;
473,Dept. of Computer Science; The University of Liverpool; Liverpool; UK
474,University of New South Wales<br />
475,Beijing University of Posts and Telecommunications
476,University of Houston
477,Tokyo Metro Co. Ltd.
478,The University of Tokyo
479,National Institute of Informatics
480,Toyota Central R&D Labs.;Inc
481,; Kyoto University#TAB#
482,Center for Data Engineering; International Institute of Information Technology-Hyderabad; Hyderabad; Andhra Pradesh; India#TAB#
483,Vyatka State University
484,National University of Tainan
485,Pacific Blue Cross
486,Sichuan University
487,Nanjing University of Posts and Telecommunications
488,University of Manitoba
489,UNIVERSITY OF WESTERN SYDNEY
490,SAP Research and Innovation
491,External Organizations
492,Databases and Information Systems; MPI for Informatics; Max Planck Society
493,Yahoo EC Central
494,Yahoo! Labs;
495,Beihang University
496,Central University of Finance and Economics
497,ICL/Industrial Technology Research Institute
498,Hokkaido University;
499,The University of Electro Communications
500,ROC Naval Academy
501,Peking University Beijing China
502,Ho Chi Minh City University of Technology; VNUHCM
503,Ho Chi Minh City University of Technology – VNUHCM
504,Simon Fraser Univ.; Burnaby
505,Univ. of Chinese Academy of Sciences
506,JST ERATO Minato Discrete Structure Manipulation System Project
507,Hokkaido; University
508,RMIT University
509,East China Normal University; Shanghai
510,Shanghai Future Exchange
511,University of Arkansas ;
512,Northwestern Polytechnical University
513,Aristotle University of Thessaloniki > > > >
514,University of Paris 13; Sorbonne Paris City LIPN-UMR 7030 - CNRS
515,Hunan University
516,LinkedIn
517,ICAR-CNR and University of Calabria
518,NICTA;#TAB#
519,Peking University
520,Nara Institute of Science and Technology;#TAB#
521,National ICT Australia
522,Advanced Analytics Institute; University of Technology Sydney; Australia.#TAB#
523,American University of Beirut
524,Emory University
525,Jiangsu Jinling Science and Technology Group Co.;Ltd
526,University of Central Arkansas
527,Tsinghua#N# University
528,Dalian University of Technology;
529,the University of Hong-Kong
530,Florida Atlantic University
531,China University of Geosciences.
532,Indiana University-Purdue University Indianapolis#N#
533,Hung Yen University of Technology and Education (UTEHY)
534,Vietnam National University; Hanoi (VNU); University of Engineering and Technology (UET)
535,Lanzhou University
536,AAI; University of Sydney Technology
537,Cornell Tech
538,Rakuten Institute of Technology; Rakuten Inc.
539,School of Computer Science and Technology; Tianjin University; Tianjin China
540,SIGI Technologies Inc.
541,Faculty of Computer and Information Science
542,Institute for Information Industry
543,Cargegie Mellon University
544,Intercultural User Interface Consulting (IUIC)
545,Excalibur IP; LLC (Sunnyvale; CA; US)
546,Kansas City Royals
547,University J.J. Strossmayer Osijek
548,Inha University
549,Kangwon National University
550,ADObe Research
551,Department of Computer Science; Carnegie Mellon University; Pittsburgh; USA
552,Carnegie-Mellon Univ.; Pittsburgh; PA; USA
553,Vanderbilt University; Nashville; TN USA#TAB#
554,University of Texas Health Science Center at Houston
555,University of Wisconsin-Madison
556,University of Maryland School of Medicine;;
557,University of Southern California
558,; KU Leuven
559,Universiteit Leiden.
560,University of Lorraine
561,Department of Mathematical Methods in Economy; Vyatka State University; Kirov; Russia#TAB#
562,Faculty of Science and Engineering; Queensland University of Technology; Australia
563,Cloud Computing Research Center; National Sun Yat-Sen University; Taiwan
564,Sch. of Comput. Sci. & Eng.; Southeast Univ.; China
565,National Key Laboratory for Novel Software Technology; Nanjing University; China#TAB#
566,School of Science and Technology; University of New England; Armidale; NSW; Australia;
567,DEBII; Curtin University; Perth; Australia
568,The University of Bremen; Germany
569,The Department of Human Communication; The University of Electro-Communications; Japan
570,TU Eindhoven the Netherlands
571,University of Antwerp; Belgium
572,Laboratory MAS; École Centrale Paris; Châtenay-Malabry; France#TAB#
573,TU Berlin; Fakultät IV; Berlin; Germany#TAB#
574,Institute of Cognitive Science; Universtity of Osnabrück; Germany#TAB#
575,University of Information Technology and Management; Institute of Biomedical Informatics; Rzeszow; Poland#TAB#
576,Department of Computer Science School of Computing National University of Singapore#TAB#
577,Data Manangement and Exploration Department; RWTH Aachen University; Germany
578,Michigan State Univ.
579,School of Computer Science And Technology; Beijing Institute of Technology; Beijing; China#TAB#
580,School of Software;Beijing Institute of Technology Beijing; China
581,University of Oulu; Intelligent Systems Group; Finland#TAB#
582,School of Electrical Engineering and Telecommunications; The University of New South Wales; Sydney NSW Australia
583,Nat. Inst. of Informatics; Tokyo; Japan
584,Tsinghua National Laboratory for Information Science and Technology (TNList); School of Software; Tsinghua University; Beijing; China#TAB#
585,Department of Computer Science; University of Liverpool; UK;
586,Microsoft Research; Asia; China
587,Department of Mathematics and Computing ; University of Southern Queensland ; Australia
588,School of Computer and Information Science; University of South Australia; Australia#TAB#
589,ISTI - CNR; Area della Ricerca di Pisa; Italy#TAB#
590,Computer Science Dep.; University of Pisa; Italy#TAB#
591,School of Computer Science;Carnegie Mellon University
592,Department of Electrical and Electronics Engineering; Faculty of Science and Technology; University of Macau; China#TAB#
593,NLPR/LIAMA; Institute of Automation; Chinese Academy of Science; Beijing; P.R.China#TAB#
594,State Key Laboratory for Novel Software Technology; Nanjing University; Nanjing; P.R. China
595,Graduate School of Systems Life Sciences; Kyushu University; Japan
596,Radboud University Nijmegen
597,Computer Science Department; University of Geneva; Carouge; Switzerland#TAB#
598,Abo Akademi University and Turku Centre for Computer Science; Turku; Finland
599,University Of Connecticut
600,School of Computing; National University of Singapore; Singapore#TAB#
601,New Jersey Institute of Technology;Newark; NJ
602,The Ohio State University; Columbus; OH;
603,Dept. of Computer Science & Engg.; Indian Institute of Technology; Kanpur(India)
604,Department of Computer Science and Engineering; College of Engineering Qatar University; Doha; Qatar
605,Department of Systems Design Engineering; Faculty of Engineering; University of Waterloo; Ontario; Canada#TAB#
606,Khouzestan Electric Power Distribution Company; Ahwaz; Iran#TAB#
607,Iran University of Science and Technology / Intelligent Automation Laboratory; School of Computer Engineering; Tehran; Iran
608,BeiHang University Beijing; China
609,Key Laboratory of Machine Perception; Peking University; Beijing; China
610,Microsoft Res.; Asia; Beijing; China
611,IBM - T. J. Watson Research Center; Yorktown Heights; NY
612,Univ. of California; Davis; Davis; CA.
613,Department of Computer Science; University of Leicester; UK
614,Dep. of Information Systems/Algoritmi; University of Minho; Guimarães; Portugal
615,Dept. of Electronic & Electrical Engineering; University College London; London; UK#TAB#
616,Dep. of Informatics; University of Minho; Braga; Portugal
617,#N# Nanyang Technological University; Singapore
618,Shanghai Key Laboratory of Trustworthy Computing Software Engineering Institute; East China Normal University; China
619,Department of Computation; Autonomous Technological Institute of Mexico; Mexico City; Mexico#TAB#
620,Institute of Research in Applied Mathematics and Systems; Autonomous University of Mexico; Mexico City; Mexico#TAB#
621,Aalto University; Espoo; Finland
622,University of Helsinki;; Helsinki; Finland;
623,The University of Notre Dame; Notre Dame; IN
624,university of calabar
625,National Research Council (Italy)
626,Faculty of Computer Systems and Software Engineering; Universiti Malaysia Pahang; Gambang; Kuantan; Malaysia#TAB#
627,LIRMM - Univ Montpellier 2; CNRS; Montpellier; France#TAB#
628,GECAD - Knowledge Engineering and Decision Support Group; Institute of Engineering; Polytechnic of Porto (ISEP/IPP); Porto; Portugal;Instituto de Telecomunicações; Instituto Superior T&# ...#TAB#
629,Instituto de Telecomunicacões; Instituto Superior Tecnico; Lisboa; Portugal
630,GECAD - Knowledge Engineering and Decision Support Group; Institute of Engineering; Polytechnic of Porto (ISEP/IPP); Porto; Portugal#TAB#
631,University of Minnesota; twin cities
632,Computer Science and Engineering
633,Tongji University
634,University of california; Los Angeles
635,Department of Computer Science; University of Bath; BA2 7AY; United Kingdom#TAB#
636,Department of Computer Science and Software Engineering; The University of Melbourne; Victoria; Australia
637,Dept of Computer Science; University of Texas at Dallas
638,Dept. of Computer Science; University of Illinois at Urbana-Champaign;
639,Department of Statistics and Information Science; Fu Jen Catholic University; Hsinchuang; Taipei County; Taiwan; R.O.C#TAB#
640,Department of Industrial Engineering and Management; Ching Yun University; Taoyuan; Taiwan; R.O.C#TAB#
641,Graduate Institute of Applied Statistics; Fu Jen Catholic University; Hsinchuang; Taipei County; Taiwan; R.O.C.#TAB#
642,University of Dhaka.
643,United International University#TAB#
644,Indian Institute of Science; Bangalore; India.
645,Department of Computer Science; Indiana University-Purdue University; Fort Wayne; Indiana#TAB#
646,School of Information Technologies; University of Sydney; Sydney; NSW; Australia
647,Univ. of Konstanz
648,Computer Science; Sam Houston State University; Huntsville; TX
649,Payame Noor university ;Tehran; Iran
650,Iranian Research Organization for Science and Technology; Tehran; Iran
651,Payame Noor University; Iran#TAB#
652,Griffith University; Qld.; Australia
653,Department of Media and Communication Studies; Tsukuba Int'l University; Tsuchiura; Ibaraki; Japan#TAB#
654,Coll. of Inf. Tech. Sci.; Nankai Univ.; TianJin; China
655,College of Software; Nankai University; Tianjin China
656,(IBM T. J. Watson)
657,Lawrence Livermore #N#National Laboratory
658,School of Information Science and Engineering; Henan University of Technology; ZhengZhou; China
659,School of Computer Science & Engineering; Beihang University; Beijing; China#TAB#
660,Dept. of Information Technology; DhurakijPundit University; Bangkok; Thailand#TAB#
661,Eastern Industry Co.ltd.; Bangkok; Thailand#TAB#
662,CURTIN UNIVERSITY
663,Department of Computer Science; University of Houston; Houston; TX
664,#N# University of Adelaide
665,Nevantropic; France#TAB#
666,LIRMM --- CNRS; Univ. Montpellier 2; France;MIAp Department; AMIS Group; Univ. Montpellier 3; France#TAB#
667,LIRMM --- CNRS; Univ. Montpellier 2; France#TAB#
668,Department of Computer Science; University of Manitoba; Canada
669,Faculty of Science & Technology; Queensland University of Technology; Australia#TAB#
670,Deen Dayal Upadhyaya College; University of Delhi; Delhi; India#TAB#
671,School of Computer and System Science; Jawaharlal Nehru University; New Delhi; India#TAB#
672,Faculty of Science and Engineering; Queensland University of Technology; Brisbane; Australia;
673,Department of Informatics; Systems and Communication University of Milano‐Bicocca Milano Italy
674,Department of Computer Science; New Delhi; India#TAB#
675,Department of Computer Engineering; New Delhi; India#TAB#
676,Dept. of Computing; Macquarie University; Sydney; NSW; Australia
677,Australian Taxation Office; Canberra; ACT; Australia
678,University of Savoie; Polytech'Savoie; LISTIC laboratory; Annecy-le-Vieux; France and Alcatel Vacuum technology; Annecy; France#TAB#
679,University of Savoie; Polytech'Savoie; LISTIC laboratory; Annecy-le-Vieux; France#TAB#
680,Alcatel Vacuum technology; Annecy; France#TAB#
681,Intelligent and Distributed Computing Lab; School of Computer Science and Technology; Huazhong University of Science and Technology; Wuhan; China
682,School of Computing and Mathematics Charles Sturt University Bathurst NSW Australia
683,University of Massachusetts-Amherst
684,Dartmouth College
685,Universidad Complutense de Madrid; Madrid; Spain;
686,Universidad Nebrija; Madrid; Spain#TAB#
687,Peopleware; Madrid; Spain#TAB#
688,(Auckland University of Technology)
689,(Institute of Automation; Chinese Academy of Science; Beijing; China)
690,University of Michigan
691,Boston University
692,IBM Research --- Zurich; Ruschlikon; Switzerland#TAB#
693,Faculty of Science; Beni-Suef University; Egypt#TAB#
694,Key Labs of Data and Knowledge Engineering; MOE; China#TAB#
695,Dept. of Comput. Sci.; Ochanomizu Univ.; Tokyo; Japan
696,Dept of Math Informatics; Univ of Tokyo; Tokyo; Japan#TAB#
697,Department of Computer Science; University of Illinois at Chicago; Chicago IL#TAB#
698,MIRA–Institute for Biomedical Technology and Technical Medicine; University of Twente; Enschede; The Netherlands
699,The Chinese Univ. of Hong Kong
700,Graduate School of Information Science and Technology The University of Tokyo; Japan
701,Information Technology Center; The University of Tokyo; Japan#TAB#
702,Computer Science Department; Carnegie Mellon University;
703,Sprint Applied Research Labs; California#TAB#
704,Google Inc California
705,;France Télécom RD; Lannion; France#TAB#
706,Institut Télécom; Télécom ParisTech; Paris; France
707,Soft Computing Research Group; Universiti Teknologi Malaysia; Malaysia;Department of Computer Science and Electronics; Universitas Gadjah Mada; Indonesia#TAB#
708,Soft Computing Research Group; Universiti Teknologi Malaysia; Malaysia#TAB#
709,The Institute of Scientific and Industrial Research Osaka University Osaka; Japan
710,University of Illinois at Chicago Chicago IL USA
711,Microsoft Research Beijing China
712,Huawei Technologies; Shenzhen - China
713,Department of Computer Science; University of Minnesota; Minneapolis MN#TAB#
714,Graduate School of Information Science and Technology; The University of Tokyo; Tokyo; Japan
715,Computer Centre; Gakushuin University; Toyoshima-ku; Tokyo; Japan#TAB#
716,Human Genome Center; Institute of Medical Science; The University of Tokyo; Tokyo; Japan
717,State Key Laboratory on Intelligent Technology and Systems; Tsinghua National Laboratory for Information Science and Technology; CS&T Department; Tsinghua University; Beijing; P.R China
718,Department of Computer Science and Software Engineering; The University of Melbourne; Vic.; Australia#TAB#
719,Department of Electrical Engineering; The University of Melbourne; VIC; Australia#TAB#
720,Ericsson R & D; Ericsson India Pvt. Ltd; Chennai; India
721,Department of ECE; Meenakshi Sundararajan Engg. College; Chennai; India#TAB#
722,Dept. of Computer Science; National Tsing Hua University; Hsinchu; Taiwan#TAB#
723,Dept. of Computer Science and Information Eng.; National Taiwan Normal University; Taipei; Taiwan
724,Dept. of Computer Science; National Chengchi University; Taipei; Taiwan#TAB#
725,; Microsoft
726,GOOGLE
727,University of California; Berkeley
728,Harvard University
729,Polytechnic University of Catalonia
730,University of Pennsylvania
731,Simon Fraser Univ.; Burnaby; B. C.; Canada#TAB#
732,Faculty of Business and Economics; K.U. Leuven; Leuven; Belgium;National Research University Higher School of Economics (HSE); Moscow; Russia
733,National Research University; Higher School of Economics (HSE); Moscow; Russia
734,Faculty of Business and Economics; K.U. Leuven; Leuven; Belgium;Vlerick Leuven Gent Management School; Leuven; Belgium#TAB#
735,Faculty of Business and Economics; K.U. Leuven; Leuven; Belgium;Universiteit van Amsterdam Business School; Amsterdam; The Netherlands#TAB#
736,German Research Center for Artificial Intelligence; Knowledge Management Department; Kaiserslautern & Berlin; Germany#TAB#
737,Univ.of Tokyo; Tokyo
738,Japan Airlines; Tokyo; Japan#TAB#
739,Coll. of Information Sci. & Tech.; Drexel Univ.; Philadelphia; PA
740,Dept. of Computer Science; Central China Normal University; Wuhan; China
741,Yuan Ze University Taiwan
742,National Taiwan University; Taiwan
743,Kyoto University#TAB#
744,Department of Computer & Information Science; Indiana University-Purdue University Indianapolis#TAB#
745,University of Trento; Italy
746,Aalto University FINLAND
747,University of Applied Sciences and Arts; Hanover; Hanover; Germany#TAB#
748,Center for Vision; Speech and Signal Processing; University of Surrey; Guildford; United Kingdom
749,Sandia National Laboratories
750,University of Bergen
751,()Queen Mary; University of London
752,School of Computer Science; The Australian National University; Canberra; ACT; Australia
753,University of Waikato; Hamilton; New Zealand;
754,Department of Master of Computer Application; Techno India; Kolkata; India#TAB#
755,Dept. of Computer Science & Engg; Jadavpur University; Kolkata; India
756,Department of Information Systems; R&D Centre Algoritmi; University of Minho; Guimarães; Portugal#TAB#
757,Eindhoven University of Technology
758,US Army ERDC
759,Xerox Research Centre; Europe; Meylan; France
760,Data Management and Data Exploration Group; RWTH Aachen University; Aachen; Germany#TAB#
761,Faculty of Computer Science; Białystok Technical University; Institute of Biocyberinetics and Biomedical Engineering; PAS; Warsaw; Poland
762,Data management and data exploration group; RWTH Aachen University; Germany
763,College of Computer Science; Beijing University of Technology; Beijing; China#TAB#
764,Sch. of Inf.; Central Univ. of Finance & Econ.; Beijing; China
765,Institute for Bioengineering of Catalonia; Spain#TAB#
766,Volume Visualization and Artificial Intelligence research group; Departament de Matemàtica Aplicada i Anàlisi; Universitat de Barcelona; Barcelona; Spain
767,Department of Computer Science; University of Delhi; India#TAB#
768,IASRI; New Delhi; INDIA
769,Athens Univ of Econ & Business; Athens; Greece#TAB#
770,National Institute of Informatics; Chiyoda-ku Tokyo; Japan#TAB#
771,Nagasaki University; Nagasaki-shi; Nagasaki; Japan#TAB#
772,Computer Science and Software Engineering; The University of Melbourne; Victoria; Australia#TAB#
773,(Research in Motion; Waterloo; Canada)
774,Department of Computing Science; University of Alberta; Edmonton Canada
775,IBM Toronto Software Laboratory; Toronto; Canada#TAB#
776,Science Integration Program; Department of Frontier Sciences and Science Integration; Division of Project Coordination; The University of Tokyo; Kashiwa; Japan#TAB#
777,IRSTEA; UMR TETIS; Montpellier; France;PPME; Université de la Nouvelle-Calédonie; Nouméa; New Caledonia#TAB#
778,LIRMM; UMR 5506; Montpellier; France#TAB#
779,PPME; Université de la Nouvelle-Calédonie; Nouméa; New Caledonia#TAB#
780,IRSTEA; UMR TETIS; Montpellier; France;LIRMM; UMR 5506; Montpellier; France#TAB#
781,Interdisciplinary Center for Network Science and Applications; University of Notre Dame; Notre Dame; IN#TAB#
782,Miami Univ.; Oxford; OH#TAB#
783,School of Veterinary Science; University of Liverpool and National Centre for Zoonosis Research; Neston; UK#TAB#
784,Griffith University
785,Department of Computer Science; National Chengchi University; Taipei; Taiwan; ROC
786,Department of Computer Science & Engineering; University of Minnesota; Minneapolis; MN#TAB#
787,Stanford; University
788,Università della Svizzera; Italiana; Lugano; Switzerland
789,Dptmnt. de Llenguatges i Sistemes Informàtics; Universitat Politècnica de Catalunya; Spain
790,NUS High School of Mathematics and Science; Singapore#TAB#
791,Shandong University of Chinese Medicine; Jinan; China
792,Institute of Basic Research in Clinical Medicine; China Academy of Chinese Medical Sciences; Beijing; China#TAB#
793,Inria-Saclay; Orsay; France
794,INRIA Saclay & Universite Paris Sud XI; Orsay; France
795,INRIA Saclay & West University of Timisoara; Orsay; France
796,Riga Technical University; Institute of Information Technology; Riga; Latvia#TAB#
797,Singapore Univ of Technology and Design; Singapore
798,Kharkiv National University of Radio Electronics; Computer Science faculty; Kharkiv; Ukraine
799,University of Applied Sciences; Erfurt; Germany#TAB#
800,University of Applied Sciences and Arts; Hannover; Germany#TAB#
801,LORIA; Vand$#339;uvre-lès-Nancy; France#TAB#
802,INIST-CNRS; Vand$#339;uvre-lès-Nancy; France#TAB#
803,Center of Data Engineering; IIIT Hyderabad; Hyderabad; Andhra Pradesh; India#TAB#
804,Department of Mathematics; Faculty of Science; Aleppo University; Aleppo; Syria
805,Centro de Bioplantas; Cuba#TAB#
806,Instituto Nacional de Astrofísica; Óptica y Electrónica; Puebla; México#TAB#
807,Institut des Sciences de l'Homme (ISH - USR 3385) Université de Lyon; Lyon; France#TAB#
808,Laboratoire ERIC; Université de Lyon; Bron Cedex; France
809,Otto-von-Guericke-Universität Magdeburg;
810,College of Information Engineering; Northwest A&F University; China#TAB#
811,School of Information Science and Technology; Northwest University; China
812,School of Information Technology and Electrical Engineering; The University of Queensland; Brisbane; Australia
813,Technische Universität München;
814,University of Milan – Bicocca
815,Technical University of; Denmark
816,Northwestern University
817,Massachusetts Institute of Technology; Cambridge; MA; USA#TAB#
818,Duke University; Durham; NC; USA.#TAB#
819,Masonic Cancer Center; University of Minnesota; Twin Cities#TAB#
820,Department of Computer Science and Engineering; University of Minnesota – Twin Cities
821,Institute of Informatics and Telecommunications of NCSR Demokritos; Greece#TAB#
822,Univ. of California San Diego; La jolla; CA; USA
823,University of California - Santa Cruz; Santa Cruz; CA; USA
824,University of Massachusetts; Amherst;; MA; USA
825,Models for the performance analysis and the control of networks
826,Laboratoire de l'Informatique du Parallélisme
827,Mathematics and Mechanics Faculty [St Petersbourg]
828,University of Illinois at Urbana Champaign;
829,SAMM; Université Paris 1; Paris; France#TAB#
830,SAMM; Université Paris 1; Paris; France and DICE; Université Catholique de Louvain; Louvain-la-Neuve; Belgium#TAB#
831,SNECMA Groupe SAFRAN; Moissy-Cramayel; France
832,Department of Computer Science and Engineering; University of Texas; Arlington; Texas#TAB#
833,Department of Computer Science and Engineering; The Hong Kong University of Science and Technology; Kowloon; Hong Kong; #TAB#
834,Chinese Academy of Chinese Medical Sciences; Guanganmen Hospital; Beijing; China#TAB#
835,EMC Labs China; Beijing; China#TAB#
836,(Norwegian University of Science and Technology)
837,Facebook; Inc; Menlo Park; CA; USA
838,Univ of Michigan; Ann Arbor; MI USA
839,Genome Institute of Singapore; Singapore Singapore
840,SAMM; Universit Paris 1 Panthon-Sorbonne; Paris; France#TAB#
841,Université Catholique de Louvain; Machine Learning Group; Louvain-La-Neuve; Belgium#TAB#
842,Snecma; Moissy-Cramayel Cedex; France
843,Free University of Bozen Bolzano Bolzano Italy
844,Universitat Politècnica de Catalunya--Barcelona; Spain#TAB#
845,Data Sciences & Knowledge Discovery Research Lab; Centre for Quantum Computation and Intelligent Systems; Faculty of Engineering & IT; University of Technology; Sydney; Australia#TAB#
846,China Agricultural University#TAB#
847,Microsoft Research; ; Redmond; WA ; USA
848,Kent State University; Kent; OH; USA
849,Chongqing university (China)
850,Dept. of Computer Science; Hong Kong Baptist University; Kowloon Tong; Kowloon; HK
851,Univ. of Texas at Dallas; Richardson; USA
852,Federation University
853,Federal University of São Carlos
854,DISCo; Università degli Studi di Milano-Bicocca; Milano; Italy#TAB#
855,DISCo; Università degli Studi di Milano-Bicocca; Milano; Italy and Consorzio Milano Ricerche; Milano; Italy#TAB#
856,Data Sci. & Cyber Analytics Dept.; Sandia Nat. Labs.; Livermore; CA; USA
857,Dept. of Comput. Sci.; Univ. of California Santa Cruz; Santa Cruz; CA; USA
858,Science and Technology on Blind Signal Processing Laboratory; China#TAB#
859,Southwest Electronics and Telecommunication Technology Research Institute; China#TAB#
860,Key Lab. of Intelligent Information Processing; Institute of Computing Technology; Chinese Academy of Sciences; Beijing; China#TAB#
861,Information Management Center; China Minsheng Banking Corp.; Ltd.; Beijing; China#TAB#
862,Dept. of Comput. Sci.; Univ. of Liverpool; Liverpool; UK
863,* Los Alamos National Laboratory; Los Alamos; New Mexico
864,Simula Research Laboratory Oslo Norway
865,Coventry University
866,Rensselaer Polytechnic Institute; Troy New York
867,Department of Computer Science & Engineering; Pohang University of Science & Technology; Korea
868,University of East Anglia
869,Fukuoka Dental College; Sawara; Fukuoka; Japan#TAB#
870,Sch. of Comput. Sci.; Univ. of Glasgow; Glasgow; UK
871,Department of Computer Science; Università di Torino; Torino; Italy#TAB#
872,Data Mining and User Modeling Group; Telefonica Research; Madrid; Spain#TAB#
873,Orange Labs; Lannion#TAB#
874,Ophthalmology Research Unit; School of Clinical Sciences; University of Liverpool; Liverpool; UK#TAB#
875,State Key Lab. for Novel Software and Technology; Nanjing University; Nanjing; China#TAB#
876,Department of Computer Science; Columbia University; New York#TAB#
877,Artificial Intelligence and Bioinformatics Group; Faculty of Computing; Universiti Teknologi Malaysia; Skudai; Malaysia#TAB#
878,JFWTC; Whitefield
879,Bidgely Technologies Pvt Ltd.
880,Sabre Airline Solutions#TAB#
881,Dept. of Electr. & Comput. Eng.; Northeastern Univ.; Boston; MA; USA#TAB#
882,Purdue University
883,university of Minnesota Minneapolis
884,CeDoSIA of TUM Graduate School; Technische Universität München; Germany;IT Security; Technische Universität München; Germany#TAB#
885,IT Security; Technische Universität München; Germany
886,School of Computer Engineering; Jiangsu University of Technology; Changzhou; China and Key Laboratory of Cloud Computing & Intelligent Information Processing of Changzhou City; Changzhou; China#TAB#
887,School of Mathematical Sciences and Computing Technology; Central South University; Changsha; China#TAB#
888,University of Ballarat; Australia#TAB#
889,Université de Technologie de Troyes; France#TAB#
890,University of Illinois at Urbana-Champaign; Urbana; IL;#N#USA
891,Information Systems and Machine Learning Lab; University of Hildesheim; Germany#TAB#
892,K.U. Leuven; Faculty of Business and Economics; Leuven; Belgium
893,K.U. Leuven; Faculty of Business and Economics; Leuven; Belgium and Universiteit van Amsterdam Business School; Amsterdam; The Netherlands#TAB#
894,Sint-Augustinus Hospital; Wilrijk; Belgium#TAB#
895,K. U. Leuven; Faculty of Business and Economics; Leuven; Belgium and Vlerick Leuven Gent Management School; Leuven; Belgium#TAB#
896,K. U. Leuven; Faculty of Business and Economics; Leuven; Belgium and OpenConnect Systems; Dallas; TX#TAB#
897,Institute of Computer Vision and applied Computer Sciences; IBaI; Leipzig; Germany#TAB#
898,Worcester Polytechnic Institute ;
899,Department of Computer Science; University of Illinois at Chicago ; Chicago; IL; USA
900,Drawbridge Inc
901,School of information technologies University of Sydney; Sydney; Australia
902,China Academy of Chinese Medical Sciences; Guananmen Hospital; Beijing; China#TAB#
903,DAI-Labor; Technical University Berlin; Berlin; Germany#TAB#
904,University of Koblenz-Landau Koblenz Germany
905,Cork Constraint Computation Centre; Cork; Ireland
906,Bioinformatics Research Centre; Aarhus; Denmark
907,Institute for Infocomm Research#TAB#
908,;Department of Computer Science; University of Vermont; United States#TAB#
909,Carnegie Mellon University; Pittsburgh Pa
910,Faculty of Medicine; University of Miyazaki and The University of Tokyo; Tokyo; Japan#TAB#
911,Little eArth Corporation Co.; Ltd; Tokyo; Japan#TAB#
912,Quanzhou Normal Univ.; Quanzhou; China
913,Fuzhou Univ. Fuzhou; China
914,Fujian Univ. of Technology Fuzhou (China)
915,University of Antwerp; Antwerpen (Belgium)#TAB#
916,Department of Information Technologies; Turku Centre for Computer Science; Åbo Akademi University; Turku; Finland
917,NTT Communication Science Labs
918,Dept of Computer Sci.; Univ of California Los Angeles; LA; CA#TAB#
919,Dept. of Computer Science; University of Vermont; Burlington; VT#TAB#
920,;QCIS Center; Eng & IT; Univ of Technology; Sydney; NSW; Australia
921,Illinois Institute of Technology;
922,Department of Electrical Engineering; National Taiwan University; Taipei Taiwan
923,Institute of Systems Engineering; Dalian University of Technology; China
924,Graduate School of IPS; Waseda University; Japan
925,Univ. of Massachusetts Boston; Dept. of Comp. Science; Boston; Massachusetts#TAB#
926,National Tsing Hua Univ.#TAB#
927,Cloud Computing Center for Mobile Applications; Industrial Technology Research Institute
928,National Chengchi University;
929,University of Chinese Academy of Sciences;;;;;
930,College of Information Science and Engineering Northeastern University; Shenyang China
931,Carnegie Mellon University - School of Computer Science
932,Data Engineering Laboratory (DEnLab); Department of Computer and Information Sciences; Temple University; Philadelphia; PA#TAB#
933,School of Computer Science Carnegie Mellon University Pittsburgh; PA
934,Department of Radiology; Temple University School of Medicine; Philadelphia; PA#TAB#
935,Univ of Hong Kong; Hong Kong; Hong Kong
936,Huawei Noah’s Ark Lab; Hong Kong; Hong Kong
937,Telecom-Paristech; Paris; France
938,Inst. of Comput. Tech.; CAS
939,John A. Paulson Sch. of Eng. & Appl. Sci.; Harvard Univ.; Cambridge; MA; USA
940,Renmin University of China; Beijing; China;
941,The Chinese Univ. of Hong Kong (Hong Kong; China)
942,Turn Inc.; Redwood City; CA; USA
943,Faculty of Science and Technology Queensland University of Technology Brisbane Australia
944,Department of Computer Science and Automation; #R##N#Indian Institute of Science; #R##N#Bangalore; #R##N#India
945,Aalto University Helsinki; Finland
946,HIIT; Helsinki; Finland
947,(Victoria University)
948,Victoria University
949,Nanjing University of Finance & Economics
950,EADS Innovation Works; Singapore#TAB#
951,New-York University > > > >
952,Ben-Gurion University
953,Department of Decision Sciences and Information Management; KU Leuven; Leuven; Belgium.
954,Department of Decision Sciences and Information Management; KU Leuven; Leuven; Belgium;School of Management; University of Southampton; Southampton; United Kingdom#TAB#
955,MOE KLINNS Lab and SKLMS Lab; Xi'an Jiaotong University; Xi'an; P.R.China#TAB#
956,School of Computer Science & Engineering; The University of New South Wales; Sydney; NSW; Australia
957,UNiv. Catholique de Louvain; Louvain-la-Neuve; Belgium#TAB#
958,Department of Computer Science; University of Colorado; Boulder; CO; USA.
959,Key Laboratory of Medical Image Computing of Ministery of Education; Northeastern University; China and Department of Computing Science; University of Alberta; Canada#TAB#
960,Key Laboratory of Medical Image Computing of Ministery of Education; Northeastern University; China#TAB#
961,Department of Computing Science; University of Alberta ; Canada
962,Curtin University; Australia;
963,University of Reading
964,Dept. of Computer Science; The University of Liverpool; Liverpool; UK and Ophthamology Research Unit; School of Clinical Science; The University of Liverpool; Liverpool; UK#TAB#
965,Ophthamology Research Unit; School of Clinical Science; The University of Liverpool; Liverpool; UK and St. Pauls Eye Unit; Royal Liverpool University Hospital; UK#TAB#
966,Dept. of Computer Science; The University of Liverpool; Liverpool; UK and St. Pauls Eye Unit; Royal Liverpool University Hospital; UK#TAB#
967,Institute of Artificial Intelligence; College of Computer Science; Zhejiang University; Hangzhou; China
968,College of Computer Science and Software Engineering; Shenzhen University; Shenzhen; China#TAB#
969,College of Science; Ningbo University of Technology; Ningbo; China
970,Centro de Informática e Tecnologias da Informação; Faculdade de Ciências e Tecnologia; Universidade Nova de Lisboa; Lisboa; Portugal#TAB#
971,Ochanomizu University Tokyo; Japan
972,Dept. of Comput. Sci.; Univ. of Central Arkansas; Conway; AR; USA#TAB#
973,Nanyang technological university; Singapore; Singapore
974,Institute for Infocomm Research; Singapore; Singapore
975,Institute of High Performance Computing; Singapore; Singapore
976,University of Manitoba; Winnipeg; MB Canada
977,Dept. of Inf.; Univ. of Oslo; Oslo; ; Norway
978,Stanford University; Stanford; CA; USA (
979,UCLA; Northrop; Grumman#TAB#
980,Inst. of Comput. Sci.; Warsaw; Poland
981,University of Sevilla; Sevilla; Spain
982,Binghamton University; Vestal; NY; USA
983,Binghamton University; Vestal; USA#TAB#
984,University of Illinois at Chicago; Chicago; USA;
985,Yahoo inc.; Sunnyvale; USA
986,Yahoo Labs; Sunnyvale; CA; USA
987,Yahoo; Sunnyvale; CA; USA
988,Kent State University ; Ohio ; USA
989,University of Technology Sydney; Sydney; Australia
990,Shenzhen University; Shenzhen; China;
991,The University of New South; Wales; Sydney; Australia
992,Freie Universität Berlin; Berlin; GERMANY
993,Neofonie GmbH; Berlin; Germany
994,Max‐Planck Institute for Informatics; Saarbrücken; Germany
995,University of Stuttgart - Stuttgart; Germany#TAB#
996,Max Planck Institute for Informatics and Saarland University; Saarbrücken; Germany
997,Florida State University Tallahassee ; FL; USA
998,Coll. of Transp. Manage.; Dalian Maritime Univ.; Dalian; China
999,Cyprus Univ. of Technol.; Limassol; Cyprus
1000,Department of Computer Science; KU Leuven; Leuven Belgium
1001,Dept. of Microbial & Mol. Syst.; KU Leuven; Leuven; Belgium
1002,Dept. of Plant Syst. Biol.; Ghent Univ.; Ghent; Belgium
1003,Leibniz Universität Hannover ; Hannover; Germany
1004,Norwegian University of Science and Technology; Trondheim; NORWAY#TAB#
1005,Max-Planck-Institut für Informatik; Saarbrücken; Germany;
1006,Yahoo! Res. Barcelona; Spain
1007,University of Maryland Baltimore County ; Baltimore ; MD ; USA
1008,University Of Maryland School Of Medicine; Baltimore; Md; Usa
1009,National Institute of Standards and Technology; Gaithersburg MD USA
1010,Florida International University Miami FL USA
1011,Lehrstuhl fur Kunstliche Intelligenz; Tech. Univ. Dortmund; Dortmund; Germany
1012,University of Melbourne; Melbourne; Australia.
1013,University of Maryland College Park; MD; USA
1014,RMIT University Melbourne; Australia
1015,H5; San Francisco; CA; USA
1016,Dept. of Computer Science; University of Manitoba; Winnipeg; MB; Canada
1017,; KU Leuven; Heverlee; Belgium
1018,LIAAD; Univ. do Porto Porto; Porto; Portugal
1019,University of Austin at Texas; Austin; TX; USA#TAB#
1020,Enigma; New York; NY; USA
1021,IBM Thomas J. Watson Research Center Yorktown Heights; NY; USA
1022,GiveDirectly; New York; NY; USA
1023,Max Planck-Institute for Informatics; Saarbruecken; Germany
1024,Saarland University Saarbruecken Germany
1025,Adobe Res.; Bangalore; India
1026,Indian Institute of Technology – Madras; Chennai; India
1027,Lawrence Livermore National Laboratory Livermore CA USA
1028,MONASH UNIVERSITY; CLAYTON; AUSTRALIA
1029,IIIT Hyderabad; Hyderabad; India#TAB#
1030,Stanford; Stanford; CA; USA
1031,Indian Institute of Technology Kharagpur ; Kharagpur; India
1032,David R. Cheriton Sch. of Comput. Sci.; Univ. of Waterloo; Waterloo; ON; Canada
1033,Dept. of Stat. & Actuarial Sci.; Univ. of Waterloo; Waterloo; ON; Canada
1034,Algoritmi Research Centre; University of Minho; Guimarães; Portugal#TAB#
1035,Fac. of Sci. & Technol.; New Univ. of Lisbon; Lisbon; Portugal
1036,Grad School of Information Sci. and Tech.; Univ of Tokyo; Tokyo; Japan
1037,LinkedIn; Mountain View; CA; USA#TAB#
1038,Rensselaer Polytechnic Institute; Troy NY; USA
1039,Coursera Inc; Mountain View; CA; USA
1040,Linkedin Corp.; Mountain View; CA; USA#TAB#
1041,University of Massachusetts: Amherst; Amherst; MA
1042,NLPR; Inst. of Autom.; Beijing; China
1043,OmniVision Technol.; Sunnyvale; CA; USA
1044,The Pennsylvania State University; University Park; PA; USA
1045,California Institute of Technology/Jet Propulsion Laboratory; Pasadena; CA; USA
1046,JET Propulsion Laboratory; Pasadena; CA; USA
1047,Dept. Comput. Sc. & Eng.; Univ. of Notre Dame; Notre Dame; IN; USA
1048,†University of Glasgow; Glasgow; United Kingdom
1049,(Hong Kong University of Science and Technology; Hong Kong; Hong Kong)
1050,Nagasaki University; Nagasaki Japan
1051,Chung‐Ang University Seoul South Korea
1052,Pohang University of Science & Technology (POSTECH); Pohang; South Korea
1053,Dept. of Comput. Sci. & Eng.; Univ. of Minnesota; Minneapolis; MN; USA
1054,University of Roma; Tor Vergata; Roma; Italy
1055,International Institute of Information Technology -Hyderabad; Hyderabad; India#TAB#
1056,National University of Kaohsiung; Kaohsiung City; Taiwan Roc
1057,King Abdullah University of Science and Technology; Thuwal; Saudi Arabia.
1058,; Texas A&M University; College Station; TX; USA
1059,Institute of Automation; Chinese Academy of Sciences; Beijing; China
1060,Department of Computer Science; Florida State University; Tallahassee ; FL; USA
1061,University of Artois; Lens; France
1062,Institute of Software;Chinese Academy of Sciences; Beijing; China
1063,University of Groningen; Groningen; Netherlands.
1064,(Arizona State University; Tempe; AZ; USA)
1065,IBM Res. Labs.; New Delhi; India
1066,Numenta and Grok; Redwood City; CA; USA
1067,Sch. of Electron. Eng.; Univ. of Electron. Sci. & Technol. of China; Chengdu; China
1068,;University of Science and Technology of China; Hefei; China#TAB#
1069,HP Labs. China; Beijing; China
1070,“Sapienza” Univ of Rome; Rome; Italy
1071,Brown University Providence RI USA
1072,Google; Mountain View; CA; USA.
1073,Google; New York; NY; USA
1074,NEC Labs China; Beijing; China
1075,Dipt. di Inf.; Univ. di Pisa; Pisa; Italy
1076,Dept. of Inf.; Kyushu Univ.; Fukuoka; Japan
1077,UC Santa Cruz; Santa Cruz; CA; USA
1078,Elance-oDesk; Mountain View; CA; USA
1079,KAIST; Daejeon ; South Korea
1080,University of Arizona; Tucson; AZ USA
1081,School of Computer Science and Engineering; South China University of Technology Guangzhou; China
1082,Dept. of Comput. Sci.; George Mason Univ.; Fairfax; VA; USA#TAB#
1083,School of Sci.; South China University of Technology; Guangzhou; China
1084,Coll. of Comput. & Inf. Sci; Southwest Univ.; Chongqing; China
1085,University of Adelaide ; Adelaide; Australia
1086,Victoria University; Melbournce; Australia#TAB#
1087,Singapore Management University; Singapore; Singapore#TAB#
1088,University of california; Santa Barbara; Goleta; CA; USA
1089,University of California Santa Barbara; Goleta; USA
1090,Fac. of Letters; Chiba Univ.; Chiba; Japan
1091,FEIT; University of Technology Sydney; NSW; Australia
1092,Dept. of Comput. & Electr. Eng.; Florida Atlantic Univ.; Boca Raton; FL; USA
1093,School of Comput. Sci.; Simon Fraser Univ.; Burnaby; BC; Canada
1094,Comput. Sci. Dept.; Univ. of California Davis; Davis; CA; USA
1095,UTS; Sydney; Australia
1096,Google Inc; Mountain View; CA; USA
1097,Microsoft; Bellevue; WA; USA#TAB#
1098,Peking University; ShenZhen Graduate School; Shenzhen; China
1099,School of Electr. & Electron. Eng.; Nanyang Technol. Univ.; Singapore; Singapore
1100,University of Athens; Athens/Greece
1101,Dept. of Informatics & Telecommunications; University of Athens; Greece
1102,Dipt. di Inf.; Univ. degli Studi di Verona; Verona; Italy
1103,DEIB; Politec. di Milano; Milan; Italy
1104,National University of Ireland Maynooth; Maynooth & IBM Research; Dublin; Ireland & Technische Universität Dresden; Dresden; Germany#TAB#
1105,IBM-Research; Dublin; Ireland#TAB#
1106,National University of Ireland Maynooth ; Maynooth; Ireland
1107,Durham University; Durham; United Kingdom
1108,IBM Research - India; Bangalore; India
1109,University College London London; United Kingdom
1110,King's College London London United Kingdom
1111,The University of Melbourne; Melbourne; Australia#TAB#
1112,University of Sheffield</br>Sheffield; United Kingdom
1113,Forschungszentrum L3S; Hannover; Germany
1114,Dept. of CS; Beijing Inst. of Technol.; Beijing; China
1115,Dept. of ECE; National University of Singapore; Singapore; Singapore#TAB#
1116,University of Massachusetts Amherst ; Amherst; MA; USA
1117,University of Texas at Arlington; Arlington TX; USA
1118,University of Sydney; Sydney; Australia
1119,Carnegie Mellon Software Engineering Institute; Pittsburgh; PA USA
1120,UC Berkeley; Berkeley CA; USA
1121,College of Information Science and Technology; University of Nebraska at Omaha; Omaha; NE; USA#TAB#
1122,Shandong University; Jinan; China
1123,Texas State University San Marcos TX USA
1124,Comput. Sci. Sch.; Beijing Inst. of Technol.; Beijing; China
1125,Baidu; Inc; Beijing; China
1126,Bejing Electron. Sci. & Technol. Inst.; Beijing; China
1127,Fondazione UGO Bordoni; Rome; Italy
1128,Almawave; Rome; Italy
1129,IASI-CNR; Rome; Italy
1130,Aarhus Univ.; Aarhus; Denmark
1131,University of British Columbia; Vancouver; BC; Canada
1132,Emory University; Atlanta GA USA
1133,Qatar Computing Research Institute Doha Qatar
1134,University of Potsdam; Potsdam --- Germany#TAB#
1135,School of Economics; Huazhong University of Science and Technology; Wuhan; China
1136,Technion; Israel Institute of Technology; Haifa Israel
1137,University of Kansas; Lawrence KS USA
1138,Simon Fraser University; Burnaby BC; Canada
1139,Microsoft Corporation Redmond WA. USA
1140,Tech. Univ. Bergakad. Freiberg; Freiberg; Germany
1141,Higher School of Economics National Research University; Moscow; Russia#TAB#
1142,Granada Lab. of Behavioral Econ. (GLOBE); Campus Univ. de La Cartuja; Granada; Spain
1143,Universidade Federal; de Minas Gerais; Belo Horizonte; Brazil
1144,Universidad Autónoma de Madrid; Madrid; Spain
1145,Middle East Technical University; Ankara; Turkey#TAB#
1146,Bilkent university;Ankara; Turkey
1147,IRD ESPACE DEV; Montpellier; France
1148,Dept. of Math. Sci.; New Jersey Inst. of Technol.; Newark; NJ; USA#TAB#
1149,AT&T Laboratories-Research; Bedminster; NJ; USA
1150,Universitat Pompeu; Fabra; Barcelona; Spain
1151,University of Michigan – Ann Arbor; USA
1152,Yahoo! Research; New York; USA
1153,Penn State University; State College; PA; USA#TAB#
1154,South China Univ. of Tech.; Guanzhou; China#TAB#
1155,Institute of Computing Technology; Chinese Academy of Sciences; BeiJing; China
1156,#N#The University of Edinburgh; Edinburgh; United Kingdom#N#
1157,University of New Mexico; Albuquerque; NM (USA)#TAB#
1158,University of Leipzig Leipzig Germany
1159,RWTH Aachen University Aachen Germany
1160,Grad. Inst. of Networking & Multimedia; Nat. Taiwan Univ.; Taipei; Taiwan#TAB#
1161,Department of Information Systems; University of Erlangen-Nuremberg; Nuremberg; Germany#TAB#
1162,National Taiwan University; Taipei; Taiwan ROC#TAB#
1163,National Taipei University; New Taipei City; Taiwan Roc
1164,University of Illinois at Chicago & Tsinghua University; Beijing; China; Chicago; IL; USA
1165,Ghent University - iMinds; Ghent; Belgium
1166,University of Twente ; Enschede ; Netherlands
1167,Université de Montréal; Montréal; Canadá
1168,Peking University; Bejing; China#TAB#
1169,George Washington University; Washington D.C; USA
1170,University of Texas at Arlington; Qatar Computing Research Institute; Arlington; USA
1171,Palo Alto Research Center; Palo Alto; USA
1172,Purdue Univ.; West Lafayette; USA
1173,University of L' Aquila; L' Aquila; Italy#TAB#
1174,Tor Vergata University; Rome; Italy
1175,Michigan State University; East Lansing MI USA
1176,The University of Tokyo Tokyo; Japan#TAB#
1177,Google; San Francisco Bay Area; CA; USA
1178,Facebook; california; USA#TAB#
1179,UC berkeley; Berkeley; USA#TAB#
1180,Univ. of Amsterdam; Amsterdam; Holland
1181,Carnegie Mellon University; Pittsburgh; USA
1182,; Baidu; Beijing; China
1183,University of Illinois at Chicago Chicago; Illinois; USA
1184,Linkedin; Mountain View; California; USA
1185,School of Computer Science and Information Engineering; Hefei University of Technology ; Hefei; China
1186,Dept. of Comput. & Electr.; Eng. & Comput. Sci.; Florida Atlantic Univ.; Boca Raton; FL; USA
1187,GE Global Res.; San Ramon; CA; USA
1188,Computational Science Center; Brookhaven National Laboratory; Upton; NY; USA
1189,Samsung Research America Mountain View CA USA
1190,FORTH; Heraklion; Greece
1191,University of Macedonia Thessaloniki Greece
1192,New York University; New York City; NY; USA
1193,CSIRO ICT Centre; Sydney AUSTRALIA
1194,CSIRO ICT Centre; Canberra; Australia
1195,TATA Consultancy Services; Kolkata; India#TAB#
1196,Korea University; Seoul; South Korea
1197,(Sharif University of Tech.)
1198,SAP; Cambridge; MA; USA
1199,Carnegie Mellon; Pittsburgh; PA; USA
1200,Yandex; Moscow; Russian Fed.
1201,Oak Ridge National Laboratory; Oak Ridge; TN; USA#TAB#
1202,Indiana University Bloomington; Bloomington; IN; USA#TAB#
1203,Tencent Company; Beijing; China
1204,Beijing University of Aeronautics and Astronautics Beijing; China
1205,Hewlett-Packard Research; Sunnyvale; CA; CA; USA#TAB#
1206,Fraunhofer; Institute FOKUS; Berlin; Germany
1207,MAS; Ecole Centrale Paris; Chatenay-Malabry; France#TAB#
1208,LIP6; Univ. Pierre et Marie Curie; Paris; France
1209,Technion ; Haifa; Israel
1210,Indian Institute of Technology; Kharagpur; India -- 721302; Kharagpur; India
1211,University of Nebraska; Omaha; Nebraska 68182; Nebraska Union; NE; USA
1212,University of Nebraska; Omaha; Nebraska 68182; Nebraska City; NE; USA
1213,University of Minnesota Minneapolis; MN USA
1214,Yahoo! Labs.; Yahoo! Inc.; Sunnyvale; CA; USA
1215,Nankai University; Tianjin; China
1216,Shandong University & York University; Jinan; China#TAB#
1217,Graduate University of Chinese Academy of Sciences; Beijing; China
1218,Institute of Computing Technology; Beijing; China
1219,Northeastern University; Boston; MA USA#TAB#
1220,University of California at Riverside; Riverside; CA; USA#TAB#
1221,University of Munich Munich; Germany
1222,Helmholtz Zentrum Munchen; Tech. Univ. Munchen; Munich; Germany
1223,Jozef Stefan Institute; Ljubljana; Slovenia
1224,Dept. of Electron. & Commun. Eng.; North China Electr. Power Univ.; Baoding; China
1225,Dept. of Economic Manage.; North China Electr. Power Univ.; Baoding; China
1226,École Centrale Paris; Châtenay-Malabry; France
1227,IBM Research; Yorktown Heights ; NY; USA#TAB#
1228,Yahoo! inc.; Sunnyvale; CA; USA#TAB#
1229,Bus. Analytics & Math. Sci.; IBM Thomas J. Watson Res. Center; Yorktown Heights; NY; USA
1230,The Chinese University of Hong Kong; New Territories; Hong Kong; Hong Kong
1231,Yahoo! Labs; Santa Clara; CA; USA#TAB#
1232,;Chinese Academy of Sciences; Beijing; China#TAB#
1233,Deakin University; Melbourne; Austria
1234,Hanyang University; Seoul; South Korea
1235,Dankook University; Jukjeon; South Korea#TAB#
1236,The University of Texas at Austin; AUSTIN; TX; USA
1237,Georgia Institute of Technology; Atlanta; GA; USA#TAB#
1238,Yandex; St.Petersburg; Russian Fed.#TAB#
1239,National Chung Hsing University; Taichung; Taiwan Roc#TAB#
1240,HTC Corporation; Taipei; Taiwan Roc#TAB#
1241,National ChengChi University; Taipei; Taiwan Roc
1242,Sch. of Comput. Sci. & IDIC; Univ. of Nottingham; Ningbo; China
1243,(Department of Computer Science; Aberystwyth University; Aberystwyth; UK)
1244,Manchester Interdiscipl. Biocentre; Univ. of Manchester; Manchester; UK
1245,UC DAVIS; DAVIS; CA; USA
1246,School of Information Technology; Murdoch University; Perth; WA; Australia
1247,Ind. Eng. Dept.; Ozyegin Univ.; Istanbul; Turkey
1248,Anal. CRM Dept.; DenizBank; Istanbul; Turkey
1249,IT Data Min. Dept.; DenizBank; Istanbul; Turkey
1250,Hewlett-Packard Lab.#TAB#
1251,Dept. of Comput. Sci.; Univ. of Tsukuba; Tsukuba; Japan#TAB#
1252,Syst. Eng. & Eng. Manage.; Chinese Univ. of Hong Kong; Hong Kong; China
1253,Computer Sciences Department; University of Wisconsin Madison; Madison; USA
1254,Moscow State University; Moscow; Russia;
1255,PWH; Belo Horizonte; Brazil
1256,Pasadena CA
1257,Case Western Reserve University Cleveland OH USA
1258,Chungbuk National Univ.; Cheongju; South Korea
1259,Inst. of Comput. Technol.; Beijing; China
1260,Department of Computer Science; Texas State University; San Marcos; TX USA
1261,Fac. of Eng. & IT; Univ. of Technol.; Sydney; NSW; Australia#TAB#
1262,Yahoo; Bangalore; India#TAB#
1263,University of Amsterdam; Amsterdam; Netherlands
1264,University of Utrecht; Utrecht; Netherlands.
1265,City University of Hong Kong; Hong Kong; Hong Kong;
1266,University of Southern California; Los Angeles; USA.
1267,Inst. for Infocomm Res.; Singapore; Singapore
1268,EADS Innovation Works; Singapore; Singapore
1269,Dept. of Inf. Manage.; Nat. Sun Yat-Sen Univ.; Kaohsiung; Taiwan#TAB#
1270,Worcester Polytechnic Institute; Worcester ; MA; USA
1271,Soochow University; Soochow; China
1272,University of Minnesota—Twin Cities Minneapolis MN USA
1273,University of Lugano – USI; Lugano; Switzerland
1274,The University of Queensland; Brisbane; Australia
1275,Soochow University; Suzhou; China
1276,Department of Computer Science; University of Victoria Victoria; BC - Canada
1277,; Southwest Jiaotong University; Chengdu; China#TAB#
1278,Wuhan University; Wuhan ;China
1279,Fudan University; ShangHai; China
1280,Dept. of Computer Science; Univ. of Texas at Austin; Austin; TX; USA
1281,Department of Computer Science; University of Illinois at Urbana Champaign; Urbana; IL; USA#TAB#
1282,Alexandria University; Alexandria; Egypt
1283,Cairo Microsoft Innovation Laboratory; Cairo; Egypt#TAB#
1284,School of Computer Science and Tech. University of Science and Tech. of China; Hefei; China
1285,Nat. Inst. of Inf.; Tokyo; Japan
1286,University of Tokyo; Tokyo; JAPAN#TAB#
1287,Kyoto University Kyoto Japan
1288,Univ. Utrecht; Utrecht; Netherlands
1289,Department of Mechanical Engineering; National University of Singapore; Singapore; Singapore.
1290,Sch. of Inf. Syst.; Singapore Manage. Univ.; Singapore; Singapore
1291,The University of Texas Health Science Center at Houston Houston; TX; USA
1292,Yonsei University; Seoul; South Korea
1293,Jiangsu University; Zhenjiang; China
1294,Jiangsu University; Zhenjiang; China & Ulster University; Newtownabbey; UK#TAB#
1295,Inst. of Sci. and Ind. Res.; Osaka University; Ibaraki; JAPAN
1296,Lehigh University Bethlehem; PA; USA
1297,L3S Research Center; Hannover; Germany
1298,Kaggle; San Francisco; CA; USA
1299,University of Tehran ; Tehran ; Iran
1300,The Chinese Univ of Hong Kong; Hong Kong; Hong Kong
1301,Dow Jones & Co.; Princeton; NJ; USA
1302,University of Pennsylvania; Philadelphia; Pa; USA
1303,UFMG; Brazil; Belo Horizonte; MG; Brazil
1304,Cornell University; Ithaca; NY; NY; USA
1305,Dept. of Comput. Sci.; Katholieke Univ. Leuven; Leuven; Belgium#TAB#
1306,Inst. fur Inf.; Albert-Ludwigs-Univ. Freiburg; Freiburg; Germany
1307,University of Illinois at Urbana Champaign; Urbana Champaign; IL; USA#TAB#
1308,Dept. of Electr. Engg. & Comput. Sci.; Northwestern Univ.; Evanston; IL; USA
1309,Dept. of Marine; Earth; & Atmos. Sci; North Carolina State Univ.; Raleigh; NC; USA
1310,CNRS / IRISA Rennes; Rennes; France#TAB#
1311,INRIA; IRISA Rennes; Rennes; France
1312,Inria Grenoble; Grenoble; France#TAB#
1313,Google Japan; Tokyo; Japan#TAB#
1314,Coll. of Inf. & Eng.; Henan Inst. of Sci. & Technol.; Xinxiang; China
1315,Gwangju Institute of Science & Technology; Gwangju; South Korea#TAB#
1316,Yonsei Univ Coll of Medicine; Seoul; South Korea.
1317,Korea Advanced Institute of Science and Technology; Daejeon; South Korea.
1318,Siemens Corporate Research; Princeton; USA#TAB#
1319,Temple University; Philadelphia; USA
1320,The Technion; Haifa/Israel
1321,Universita Di Pisa; Pisa; Italy;
1322,Università del Piemonte Orientale; Alessandria; Italy
1323,NEC Laboratories Europe; Heidelberg; Germany
1324,University of Pisa ; Pisa ; Italy
1325,LSIS; AIX-Marseille University; Marseille; France
1326,IBM Research China Beijing; China
1327,IBM T. J. Waston Research Center; Hawthorne; NY; USA
1328,Department of Economics; Cornell University; Ithaca; NY; USA
1329,Dept. of Stat. Sci.; Cornell Univ.; Ithaca; NY; USA
1330,National University of Singapore; Singapore; Singapore
1331,University of Tasmania Tasmania Australia
1332,University of Science and Technology of China; University of Birmingham; Hefei; China#TAB#
1333,University of Birmingham Birmingham United Kingdom
1334,State Key Laboratory of Software Development Environment; Beihang university; Beijing; China
1335,University of Science and Technology of China; Beijing; China#TAB#
1336,Hebrew University of Jerusalem; Jerusalem; Israel;
1337,Columbia University. New York; NY; USA
1338,; ; Israel
1339,Smart Technol. Res. Center; Bournemouth Univ.; Bournemouth; UK
1340,Process Technol. & Eng.; Evonik Ind.; Germany
1341,Data Min. Lab.; Kansai Univ.; Suita; Japan
1342,University of South Australia Mawson Lakes; Australia
1343,University of Southern; Queensland; Toowoomba; Australia#TAB#
1344,U. S. Army Corps of Engineers; Alexandria; VA; USA#TAB#
1345,George Mason University; fairfax; VA; USA#TAB#
1346,U.S. Army Corps of Engineers; Hanover; NH; USA
1347,Department of Computer Science and Engineering; University of Texas at Arlington; Arlington; TX USA
1348,Sch. of Software Technol.; Dalian Univ. of Technol.; Dalian; China
1349,National Taiwan University; Taipei; China
1350,Thoora Inc.; Toronto; ON; Canada
1351,National Chiao-Tung University; Hsinchu; Taiwan Roc#TAB#
1352,Academia; Sinica; Taipei; Taiwan Roc
1353,Coll. of Comput.; Georgia Tech; Atlanta; GA; USA
1354,T. J. Watson Res. Center; IBM; Yorktown Heights; NY; USA
1355,Comput. Sci. Dept.; City Coll. of New York; New York; NY; USA
1356,Comput. Sci. Dept.; KAIST; Daejeon; South Korea
1357,Princeton Univ.; Princeton; USA
1358,UNIVERSITY OF TORONTO; Toronto On; Canada
1359,Universite de Sherbrooke; Sherbrooke; PQ; Canada#TAB#
1360,Thomson Reuters; New York; NY; USA
1361,Thomson Reuters; Baar; Switzerland
1362,Univ. of California Berkeley; Berkeley; CA; USA
1363,Department of Computer Science and Information Engineering; National Cheng Kung University; Taiwan; ROC; Tainan; Taiwan Roc#TAB#
1364,Department of Computer Science; University of Illinois at Chicago; Chicago; Illinois; USA; Chicago; USA#TAB#
1365,Software School;Fudan University; Shanghai; China#TAB#
1366,UCSD / Google; San Diego; USA#TAB#
1367,UCSD; San Diego; USA
1368,Comput. Sci. & Eng. Div.; Oak Ridge Nat. Lab.; Oak Ridge; TN; USA#TAB#
1369,Department of Food Science; Faculty of Science; University of Copenhagen; Copenhagen; Denmark#TAB#
1370,Department of Human Nutrition; Faculty of Science; University of Copenhagen; Copenhagen; Denmark#TAB#
1371,Dept. of Math.; Univ. of Washington; Seattle; WA; USA
1372,Microsoft Res. Asia; Renmin Univ. of China; Beijing; China
1373,Div. of Nursing; Shimane Univ. Hosp.; Izumo; Japan
1374,Dept. of Med. Inf.; Shimane Univ.; Izumo; Japan
1375,University of Minnesota; Minneapolis; Minnesota; USA#TAB#
1376,University of Illinois at Urbana−Champaign; Urbana; USA
1377,Kodak Research Laboratories; Rochester; USA#TAB#
1378,University of Illinois- Urbana Champaign; Urbana; IL; USA
1379,University of Utah; Health Sciences Center Salt Lake City; UT; USA
1380,VA SLC Health Care; Salt Lake City; UT; USA
1381,Birkbeck University of London; London; United Kingdom
1382,Free University of Bozen-Bolzano; Bolzano (BZ); Italy#TAB#
1383,Microsoft; Melbourne; Australia#TAB#
1384,Microsoft Research; Mountain view; CA; USA
1385,Xerox Research Center Webster; Webster; NY; USA#TAB#
1386,Key Lab. of Network Data Sci. & Technol.; Inst. of Comput. Technol.; Beijing; China
1387,Department of Computer Science; Beijing Jiaotong University; Beijing; China#TAB#
1388,Purdue University West Lafayette IN USA
1389,Dept. of Math. & Comput. Sci.; Univ. of Catania; Catania; Italy
1390,Department of Computer Science; UC Santa Barbara; Santa Barbara; CA; USA
1391,Université de Lyon; CNRS; INSA-Lyon & LIRIS; Lyon; France#TAB#
1392,Econ. & Manage. Dept.; Jiyuan Vocational & Tech. Coll.; Jiyuan; China
1393,Indiana University; BLoomington; IN; USA
1394,TOKYO DENKI Univ.; Tokyo; Japan
1395,Faculty of Engineering; University of Tokushima; Tokushima; Japan#TAB#
1396,Narus; Inc.; Sunnyvale; CA; USA
1397,Temple University; Philadephia; USA
1398,Monash University; Melbourne; Australia
1399,(The Australian National University? Canberra; Australia
1400,NTU Athens & IMIS Intitute; ; Athens; Greece
1401,IMIS Intitute; ; Athens; Greece#TAB#
1402,IBM T.J. Watson Research Center; New York; USA#TAB#
1403,Max Planck Institute for Software Systems; Saarbruecken; Germany#TAB#
1404,IBM Research - Haifa; Israel
1405,IBM Korea; Seoul; South Korea#TAB#
1406,U.S. Naval Academy; Annapolis; MD; USA
1407,Naval Research Laboratory;Washington; DC;USA
1408,University of Texas at Dallas; Dullas; TX; USA#TAB#
1409,The University of Adelaide; Adelaide; Australia;
1410,Texas State University; TX 78666-4616; Texas; USA
1411,NHN Institute of The Next Network; Seoul; South Korea
1412,East China Normal University & Georgia Institute of Technology; Shanghai; China#TAB#
1413,Indiana University & Purdue University; Indianapolis; Indianapolis; IN; USA
1414,Ebay Inc.; San Jose; CA; USA
1415,*University of Gothenburg; Gothenburg. Sweden
1416,Dept. of Math.; Univ. of Queensland; Brisbane; QLD; Australia#TAB#
1417,YanShan University Qinhuangdao China
1418,University of New South Wales ; Kensington; Australia
1419,Chinese University of Hong Kong; Hong Kong; China;
1420,UC Riverside; RIVERSIDE; CA; USA
1421,Dept. of Comput. Sci.; Tech. Univ. Dortmund; Dortmund; Germany
1422,BIT; University of Bonn; Bonn; Germany#TAB#
1423,Xi'an Jiaotong University;;;Xi'an;;China
1424,Grad. Sch. of Inf. Sci. & Technol.; Hokkaido Univ.; Sapporo; Japan
1425,Grad. Sch. of Inf. Sci.; Nara Inst. of Sci. & Technol.; Nara; Japan#TAB#
1426,UIUC; Urbana; IL; USA
1427,Google research; Mountain View; USA
1428,Microsoft Redmond; USA
1429,Universidad de Múrcia ; Múrcia; Spain
1430,the University of Manchester; Manchester; United Kingdom
1431,IFIS TU Braunschweig; BRAUNSCHWEIG; Germany
1432,IBM Res. Tokyo; Tokyo; Japan
1433,Fac. of Sci. & Eng.; QUT; Brisbane; QLD; Australia
1434,.University of New South Wales;Sydney;Australia
1435,University of Surrey; Guildford; United Kingdom
1436,University of California; Berkeley; San Francisco; CA; USA
1437,LIG; Univ. of Grenoble; St. Martin d'Heres; France
1438,Harbin institute of technology; Harbin; China
1439,Dept. of Comput. Sci.; Tennessee Technol. Univ.; Cookeville; TN; USA
1440,Sch. of Electr. Eng.; & Comput. Sci.; Washington State Univ.; Pullman; WA; USA
1441,Fac. of Electron. Inf. & Electr. Eng.; Dalian Univ. of Technol.; Dalian; China
1442,Polytechnic Institute of Tomar & LIAAD -- INESC TEC & University of Beira Interior; Covilhã; Portugal
1443,University of Caen Basse-Normandie; France; Caen; France
1444,University of Porto & LIAAD -- INESC TEC ; Porto; Portugal
1445,University of Beira Interior; Covilhã (Portugal)
1446,Yahoo Labs; Haifa; Israel
1447,SKLSDE Lab; Beihang University; Beijing; China
1448,Microsoft; Oslo; Norway
1449,Department of Computer Science; Rice University Houston TX USA
1450,IBM Research--Almaden; San Jose; CA; USA#TAB#
1451,IBM-Research; New Delhi; India#TAB#
1452,Baidu Research Big Data Lab; Sunnyvale;; CA; USA
1453,Rutgers university; New Brunswick; NJ; USA#TAB#
1454,NYU Stern; New York; NY; USA
1455,Singapore Management University; Singapore; China#TAB#
1456,Tencent Inc; Shenzhen; China
1457,École Polytechnique; Palaiseau cedex; France
1458,Nat. & Kapodistrian Univ. of Athens; Athens; Greece#TAB#
1459,Athens University of Economics; Athens Greece
1460,Institut Mines Télécom; ParisTech; Paris; France
1461,Télécom ParisTech & The University of Hong Kong; Hong Kong; Paris; France#TAB#
1462,Telecom ParisTech; CNRS LTCI; Paris; France
1463,IBM research India; New Delhi; India#TAB#
1464,Versailles University; Versailles; France
1465,Indian Institute of Technology Delhi; New Delhi-; India
1466,Technische Universität Dresden; Dresden; Germany.
1467,SAP AG; Dresden; Germany
1468,The University of Texas; Austin; TX; USA
1469,Department of Computer Engineering; Sharif University Of Technology; Tehran; Iran#TAB#
1470,Grad. Sch. of Inf.; Kyoto Univ.; Kyoto; Japan
1471,School of Computer Science; Univ. of Birmingham; Birmingham; UK
1472,Cornell University; Ithaca; ny; USA;
1473,Yahoo! Research; Santa Clara ; CA; USA
1474,Jacobs University; Bremen ; Germany
1475,Comput. Network Inf. Center; Beijing; China
1476,City Coll. of New York; New York; NY; USA#TAB#
1477,HuaZhong University of Science and Technology; Wuhan; China#TAB#
1478,QCRI Doha; Qatar#TAB#
1479,Yahoo! Lab; Barcelona; Spain
1480,ISTI-CNR; Pisa; Italy#TAB#
1481,ISTI-CNR; University of Pisa; Pisa; Italy
1482,The Institute of Software Chinese Academy of Sciences
1483,Yahoo research; Haifa; Israel
1484,Sch. of Mech. & Automotive Eng.; South China Univ. of Technol.; Guangzhou; China
1485,Sch. of Mech. & Electr. Eng.; Zhongkai Univ. of Agric. & Eng.; Guangzhou; China
1486,Sch. of Mechatron. & Control Eng.; Shenzhen Univ.; Shenzhen; China
1487,Shenzhen Key Lab. of Mould Adv. Manuf.; Shenzhen Univ.; Shenzhen; China
1488,The University of Kansas; Lawrence; KS; USA#TAB#
1489,University of Utah; Salt Lake City; UT (USA)
1490,Dept. Computerwetenschappen; Katholieke Univ. Leuven; Leuven; Belgium
1491,Fac. of Comput. & Inf. Sci.; Univ. of Ljubljana; Ljubljana; Slovenia#TAB#
1492,Hefei University of Technology; Hefei city; China
1493,Microsoft Research Asia; Bei Jing; China
1494,University of Vermont; Vermont; USA
1495,Umeå University; Umeå. Sweden
1496,Universität Bayreuth Bayreuth Germany
1497,Xavier University of Louisiana
1498,Huawei Noah Ark's Lab
1499,Washington State University—Pullman
1500,University of Washington; Tacoma; WA;
1501,(Ghent University; Gent; Belgium)
1502,Microsoft Research; Redmond; WA
1503,Media6Degrees; New York; NY
1504,Kaggle; Millington; NJ
1505,Kaggle; San Francisco; CA
1506,KAIST & Bio-Synergy Research Center; Daejeon; South Korea
1507,IBM T.J.Watson; Hawthorne; NY; USA
1508,Dept. of Inf. & Commun.; DongGuk Univ.; Seoul; South Korea
1509,Dept of Computer and Information Science; University of Oregon; Eugene; OR; USA
1510,Alibaba Group; Beijing; China
1511,Univ. of California Santa Cruz; USA
1512,Microsoft Search Labs; Mountain View; CA; USA#TAB#
1513,IBM India Research Laboratory New Delhi; India
1514,National University of Singapore; Sinagpore; Singapore#TAB#
1515,Dublin City Univ.; Dublin; ; Ireland
1516,Dept. of Manage. Inf. Syst.; Saarland Univ.; Saarbrücken; Germany
1517,Dept. of Comput. Sci.; UIUC; Urbana; IL; USA
1518,Microsoft Research; SEATTLE; WA; USA#TAB#
1519,Beijing University of Posts and Telecommunications; The Chinese University of Hong Kong; Beijing & Hong Kong; China#TAB#
1520,The University of Texas at Dallas; Texas; USA
1521,Beijing University of Posts and Telecommunications; Beijing; China
1522,Rutgers Univ.;Piscataway; NJ#TAB#
1523,IBM Rsearch; Yorktown Heights; NY; USA#TAB#
1524,UNICEF Uganda; Kampala; Uganda#TAB#
1525,US Fund for UNICEF; New York; USA#TAB#
1526,IBM Res.; Yorktown Heights; USA
1527,Aristotle University of Thessaloniki ; Thessaloniki ; Greece
1528,Institute Mines Télécom; Télécom ParisTech; CNRS; Paris; France#TAB#
1529,Hasso-Plattner Institute; Potsdam; Germany
1530,SAP AG; Walldorf; Germany
1531,IBM TJ Watson Research Center; Hawthorne; USA
1532,Comput. Sci. & Eng. Dept.; Univ. of Texas at Arlington; Arlington; TX; USA
1533,LIRMM; Montpellier; France
1534,IRSTEA; Montpellier; France
1535,University of Ottawa; Ottawa ON Canada
1536,Comput. Sci. Sch.; Univ. Pontificia of Salamanca; Salamanca; Spain
1537,Standford Universtiy; San Francisco; CA; USA
1538,U.S. Military Academy; West Point; NY; USA#TAB#
1539,Chicago Police Department; Chicago; IL; USA#TAB#
1540,Big Data Research Center; University of Electronic Science and Technology of China; Chengdu; China#TAB#
1541,KAIST; Deajeon; South Korea
1542,Vanderbilt University; Nashville USA
1543,University of Manchester; Manchester; United Kingdom
1544,The University of Electro-Communication; Tokyo; Japan
1545,The University of Electro-Communication; JST PRESTO; Tokyo; Japan
1546,University of Tsukuba;; Tsukuba; Japan
1547,Griffith Univ.; Brisbane; Australia
1548,Guangdong University of Foreign Studies; Guangzhou ; China
1549,Dalian University of Technology; Dalian China
1550,TU Dresden; Dresden; Germany
1551,QCIS Center; & University of Technology; Sydney; Sydney; Australia
1552,Southeastern Louisiana University; Hammond; LA
1553,SKLCS; Inst. of Software; Beijing; China
1554,Dept. of Comput. Sci.; Arizona State Univ.; Phoenix; AZ; USA
1555,Pohang University of Science and Technology Pohang South Korea
1556,Australian National Univ; Canberra; Australia#TAB#
1557,Comput. Sci. & Eng; Oak Ridge Nat. Lab.; Oak Ridge; TN; USA
1558,Twitter; Inc.; San Francisco; CA; USA
1559,Shenzhen Inst. of Adv. Technol.; Shenzhen; China
1560,Huawei Noah?s Ark Lab; Hong Kong; China
1561,Harvard University; Boston; MA; USA
1562,University of Illinois Urbana-Champaign ; Urbana; Illinois; USA
1563,Adobe Research; San Jose; California; USA#TAB#
1564,University of North Carolina at Chapel Hill; Chapel Hill; NC USA;
1565,Queen Mary University of London London; UK
1566,The University of Georgia Athens; GA; USA
1567,University of Florida; Gainesville; Florida;USA
1568,University Of Florida; Gainesville; FL; USA
1569,Greenplum/EMC; San Mateo; CA; USA
1570,Georgia Institute of Technology; Atlanta; USA;
1571,University of Texas; Austin; Austin; USA#TAB#
1572,Northwestern University ; Evanston; USA
1573,Shizuoka University; Shizuoka; Japan
1574,Yandex & ISLA; University of Amsterdam; Moscow; Russian Fed.
1575,ISLA Univ. of Amsterdam; Amsterdam; Netherlands
1576,ASTRI; Hong Kong; Hong Kong
1577,NTT Communication Science Laboratories; Kyoto; JAPAN
1578,University of Melbourne; Melbourne; Vic. Australia
1579,University of Konstanz; Konstanz Germany
1580,LIRIS; Univ. de Lyon; Lyon; France
1581,LIRIS; Univ. Lyon 1; Lyon; France
1582,The Open University; Milton Keynes ; United Kingdom
1583,Stony Brook University
1584,Brookhaven National Laboratory
1585,IBM T.J. Watson Research; Center Yorktown Heights; NY; USA
1586,Bloomberg L.P. New York NY USA
1587,Massachusetts General Hospital; Boston; MA; USA.
1588,Brigham and Women's Hospital; Boston; MA; USA
1589,Dept. of Comput. Sci.; Univ. of Leipzig; Leipzig; Germany
1590,Inst. of Inf. Eng.; Beijing; China
1591,QCIS; Univ. of Technol. Sydney; Sydney; NSW; Australia
1592,Massachusetts Institute of Technology; Cambridge; MA and Peking University; Beijing; P.R. China#TAB#
1593,Massachusetts Institute of Technology; Cambridge; MA;
1594,Peking University; Beijing; P.R.China#TAB#
1595,HONG KONG BAPTIST UNIVERSITY Hong Kong China
1596,Department of Computer Science; George Washington University; Washington; DC; USA
1597,Department of Computer Science; Hofstra University; Hempstead; NY; USA
1598,Athena Research Center; Marousi; Greece
1599,College of Computer & Information Science; Northeastern University; Boston MA; USA
1600,NTNU; Trondheim; Norway
1601,AUEB; Athens; Greece
1602,CSIRO; Canberra; Australia > > > >
1603,Microsoft; Canberra ; Australia#TAB#
1604,The George Washington University; Washington DC; USA
1605,The University of Texas at Arlington; Arlington TX USA
1606,State-Key Lab. of Software Eng.; Wuhan Univ.; WuHan; China
1607,Software engineering institute; East China Normal University; Shanghai; China
1608,Consulting Mathematical Methods (CMM); Bonn; Germany
1609,University of Houston; Houston; TX; USA.
1610,Drexel University; Philadelphia; PA (USA)
1611,The Hong Kong University of Science and Technology; Hong Kong ; Hong Kong
1612,University of North Carolina; Chapel Hill; N. Carolina; USA#TAB#
1613,TCL Research American; San Jose; CA; USA#TAB#
1614,Central China Normal University; Wuhan; CHINA
1615,Noah's Ark Lab; Huawei; Hong Kong; Hong Kong
1616,if(we) Inc.; San Francisco; CA; USA
1617,Yahoo! Research; Sunnyvale; CA; USA#TAB#
1618,University of Delaware; Newark; DE; USA
1619,Dept. of Comput. Sci.; Univ. of Alberta; Edmonton; AB; Canada#TAB#
1620,(University of Rome; Rome; Italy)
1621,Xerox India Innovation Hub; Chennai; India
1622,New Jersey Inst. of Tech.; Newark; NJ; USA
1623,Forbes Media; Jersey City; NJ; USA
1624,York University; Toronto; ON Canada
1625,Alibaba Group; Hangzhou; Zhejiang Province; China
1626,Inst. for Interdiscipl. Inf. Sci.; Tsinghua Univ.; Beijing; China
1627,HONG KONG UNIVERSITY OF SCIENCE AND TECHNOLOGY Hong Kong; China
1628,Saarland Univ.; Saarbrucken; Germany
1629,Schloss Birlinghoven; Fraunhofer IAIS; St. Augustin; Germany
1630,Google Inc.; San Bruno; USA#TAB#
1631,Fusion Consulting Inc; Irving; TX; USA
1632,The University of Texas at Dallas Richardson TX USA
1633,University of Hildesheim ; Hildesheim; Germany
1634,Key Lab. of Symbolic Comput. & Knowledge Eng. attached to the Minist. of Educ.; Jilin Univ.; Changchun; China
1635,HP-Autonomy Res.; Sunnyvale; CA; USA
1636,Tel Aviv University Tel Aviv; Israel
1637,UNSW ; Sydney; Australia
1638,CSE; Sydney; Australia
1639,CREATE-NET; Trento; Italy
1640,Fac. of Inf. Technol.; Monash Univ.; Melbourne; VIC; Australia
1641,Dept. of Microbiol.; Monash Univ.; Melbourne; VIC; Australia
1642,Department of Chem. Engg; Indian Institute of Technology Bombay; Mumbai; India
1643,University of Texas at Austin; Austin; TX; USA#TAB#
1644,Dept. of Comput.; Curtin Univ.; Perth; WA; Australia
1645,School of Information Technology; Deakin University; Melbourne; Vic; Australia
1646,Beijing Univ. Of Posts & Telecommun.; Beijing; China#TAB#
1647,Key Lab. of Intell. Inf. Process. (CAS); Inst. of Comput. Tech.; Beijing; China
1648,Heinz College Carnegie Mellon University Pittsburgh PA USA
1649,University of Chinese Academy of Science; Beijing China
1650,NICTA and UNSW Sydney; Australia
1651,NICTA Sydney; Australia
1652,Conservatoire National des Arts et Métiers Paris France
1653,Univ. Pierre et Marie Curie; Paris; France
1654,NLPR/LIAMA; Inst. of Autom.; Beijing; China
1655,Fac. of Math. & Comput.; Hebei Univ.; Baoding; China
1656,Advanced Analytics Institute; FEIT; University of Technology Sydney; Sydney; Australia
1657,Pennsylvania State University; State College; PA; USA;
1658,Hewlett Packard Labs. China; Beijing; China
1659,NHN Corporation; Seongnam; South Korea#TAB#
1660,ETH Zürich Zürich; Switzerland
1661,Amadeus IT group SA; Nice; France
1662,NICTA / UNSW; Sydney; Australia
1663,Beedie School of Business; Simon Fraser University; Burnaby; BC; Canada#TAB#
1664,Information Retrieval Facility; Vienna; Austria#TAB#
1665,The University of Iowa; Iowa City IA USA
1666,University of California – Riverside; Riverside; USA
1667,Universidade de São Paulo (USP; São Paulo; Brazil.
1668,Dept. of Electr. Eng; Columbia Univ.; New York; NY; USA
1669,Tata Consultancy Services Pune; INDIA
1670,Dept. of Stat.; Xi'an Jiatong Univ.; Xi'an; China
1671,Dept. of Comput. Sci.; Old Dominion Univ.; Norfolk; VA; USA#TAB#
1672,University of Victoria; Victoria; BC (Canada)
1673,IBM Canada Ltd; Markham; ON; Canada#TAB#
1674,Dept. of EECS; Northwestern University; Evanston; IL; USA#TAB#
1675,Siemens Medical Solutions; Malvern; PA; USA#TAB#
1676,Tencent; Shenzhen; China#TAB#
1677,(Northwestern University; Evanston; Illinois; USA)
1678,Ancestry.com; Provo; UT; USA
1679,Church and Duncan Group Inc.; San Francisco; CA; USA
1680,Fraunhofer IAIS and University of Bonn; Sankt Augustin; Germany#TAB#
1681,I.S.T.I.-C.N.R. Pisa ; Pisa; Italy
1682,IBM; Yorktown; NY; USA#TAB#
1683,St. John's Univ.; New York; NY; USA
1684,IBM T. J Watson Research; Hawthorne; NY; USA
1685,Univ. of California Davis; Davis; CA; USA
1686,King Abdullah university of science and technology (Kaust); Thuwal; Saudi Arabia
1687,Lahore Univ. of Manage. Sci.; Lahore; Pakistan
1688,University Of Lugano; Lugano; Switzerland
1689,University of Strathclyde; Glasgow; United Kingdom
1690,Harbin Institute of Technology Shenzhen China
1691,Hong Kong Polytechnic University; Hong Kong; Hong Kong.
1692,Institute of Information engineering; Chinese Academy of Sciences & Alibaba Group; Beijing; China#TAB#
1693,QCIS; University of Technology Sydney; Sydney; Australia#TAB#
1694,; Institute of Information Engineering; Chinese Academy of Sciences; Beijing; China
1695,Alibaba Group Hangzhou; China
1696,UNICAMP; Campinas; Brazil;
1697,UFMG; Minas Gerais; Brazil
1698,State Key Lab. of Comput. Sci.; Inst. of Software; Beijing; China
1699,Univ. of Chicago; Chicago; IL; USA
1700,The Ohio State University; Columbus; OH; USA;
1701,Toyota Technological Institute at Chicago ; Chicago; IL; USA
1702,IBM Watson Research Center; Yorktown Heights; NY USA
1703,Coll. of Comput. Sci. & Technol.; Nanjing Univ. of Aeronaut. & Astronaut.; Nanjing; China
1704,The University of Hong Kong; Hong Kong; HONG KONG
1705,Microsoft Research Cambridge United Kingdom
1706,IBM Almaden Research Center; San Jose; CA (USA)
1707,Imperial College London London; United Kingdom#TAB#
1708,WASEDA University; Tokyo; Japan
1709,Pinterest; San Francisco; CA; USA
1710,Google Res.; Mountain View; CA; USA
1711,University of Virginia Charlottesville VA USA
1712,ABB Research; Zurich; Zurich; Switzerland#TAB#
1713,IBM Research --- Zurich; Zurich; Switzerland#TAB#
1714,University of Tsukuba
1715,Dept. of Bioinf. & Inf. Min.; Univ. of Konstanz; Konstanz; Germany
1716,University of Rochester; Rochester; NY; USA
1717,IBM Research; Hawthorne; NY; USA
1718,Department of Computer and Information Science; Temple University; Philadelphia; PA; USA
1719,Utah State University; logan; UT; USA#TAB#
1720,TU Wien Vienna Austria
1721,ZheJiang Normal University; JinHua; China
1722,Appl. AI Syst. LLC; Seattle; WA; USA
1723,University of Massachussets Boston; Boston; MA; USA
1724,Hefei University of Technology; China; Hefei; China#TAB#
1725,University of Vermont; Burlington; VT; USA
1726,University of Houston-Downtown Houston TX USA
1727,Tufts University; Boston MA; USA
1728,Exalead; Paris; France
1729,University of California San Diego; San Diego; CA; USA;
1730,Dept. of Mech. Eng.; Chung Yuan Christian Univ.; Chungli; Taiwan
1731,Dept. of Inf. & Comput. Eng.; Chung Yuan Christian Univ.; Chungli; Taiwan
1732,Ecole Polytéchnique; Palaiseau; France
1733,Athens University of Economics and Business & École Polytechnique & Télécom ParisTech; Athens; Greece
1734,Turku Centre for Comput. Sci.; Univ. of Turku; Turku; Finland
1735,Comput. Sci. Dept.; Carl von Ossietzky Univ. Oldenburg; Oldenburg; Germany
1736,Microsoft; Palo Alto; USA#TAB#
1737,SICS; Stockholm; Sweden
1738,Univ. of Mannheim; Mannheim; Germany#TAB#
1739,UCL; London; United Kingdom
1740,Sandia National Labs.; Livermore; CA (USA)
1741,University of Toronto Toronto Canada
1742,School of Computer Science; Shanghai Key Laboratory of Data Science Fudan University; Shanghai; China
1743,Nanjing University of Science & Technology; Nanjing; China
1744,University of freiburg; Freiburg; Germany
1745,Dept. of Comput. Sci. & Eng.; Univ. of California Riverside; Riverside; CA; USA
1746,Santa Fe Institute; Santa Fe; NM; USA
1747,WalmartLabs; San Bruno; CA; USA
1748,Mech. & Electr. Control; M & EC; Jiangxi Univ. of Sci. & Technol.; Ganzhou; China
1749,Fac. of Foreign Studies Foreign Studies & Mech.; FS & M; Jiangxi Univ. of Sci. & Technol.; Ganzhou; China
1750,Toyohashi Univ. of Technology; Toyohashi; Japan
1751,Nat. Inst. of Inf.; SOKENDAI; Tokyo; Japan
1752,Free University of Bozen; Bolzano-Bozen; Italy
1753,Rutgers University Newark NJ USA
1754,INRIA Nancy-Grand Est; France
1755,Stanford University; Palo Alto; CA; USA#TAB#
1756,Samsung Res. America; San Jose; CA; USA
1757,Graz; University of Technology; Graz; Austria#TAB#
1758,GESIS--Leibniz Institute for the Social Sciences; Cologne; Germany#TAB#
1759,GESIS & Univ. of Koblenz; Cologne & Koblenz; Germany
1760,University Of California; Santa Barbara; Santa Barbara; CA; USA#TAB#
1761,Sch. of Comput. Sci. & Eng.; Univ. of Electron. Sci. & Technol. of China; Chengdu; China
1762,Univ. of Patras; Patras; Greece
1763,Ionian University Corfu; Greece
1764,Technological Educational Institute of Western Greece; Nafpaktos; Greece#TAB#
1765,California Institute of Technology
1766,(Disney Research)
1767,Queensland University of Technology#TAB#
1768,Sch. of Electr. Eng. & Comput. Sci.; Univ. of Ottawa; Ottawa; ON; Canada
1769,Department of Computer Science; Baylor University; Waco; TX; USA
1770,Open Data Group; River Forest; IL; USA
1771,Mechatron. T&R Inst.; Lanzhou Jiaotong Univ.; Lanzhou; China
1772,Ind. Adm. Office; Lanzhou Jiaotong Univ.; Lanzhou; China
1773,Lab. of PT&IC; Lanzhou Jiaotong Univ.; Lanzhou; China
1774,Agilex Technologies Inc.; Chantilly; VA; USA
1775,Sch. of Traffic & Transp.; Beijing Jiaotong Univ.; Beijing; China
1776,School of Information Engineering; Capital Normal University ; Beijing; China
1777,Inria Nancy; France#TAB#
1778,Simon Fraser University; Vancouver BC Canada
1779,Tianjin University; Tianjin China
1780,The Hong Kong polytechnic University; Hong Kong; Hong Kong#TAB#
1781,Microsoft Research india; Bangalore; India
1782,American Express; Bangalore; India
1783,ReDCAD Lab-Sfax University; Sfax; Tunisia
1784,IRLab Lab; York University; Toronto; Canada
1785,Joseph Fourier Univ.; Grenoble; France.
1786,Department of Computer Science; City University of Hong Kong; Kowloon; China#TAB#
1787,Dept. of Marketing; City Univ. of Hong Kong; Kowloon; China
1788,State University of New York at Buffalo; Buffalo NY; USA
1789,Key Lab. of Syst. Control & Inf. Process.; Shanghai Jiao Tong Univ.; Shanghai; China
1790,INRIA-Paris; France
1791,University of Cambridge; Cambridge; United Kingdom;
1792,Rutgers Bus. Sch.; Rutgers Univ.; Newark; NJ; USA
1793,Dept. of Comput.; Univ. of Eastern Finland; Joensuu; Finland
1794,Voxsup; Inc; Chicago; IL; USA
1795,Northwestern University; Evanston; IL; USA
1796,Northwestern Univertsity; Evanston; IL; USA
1797,Sch. of Econ. & Manage.; Zhejiang Univ. of Sci. & Technol.; Hangzhou; China
1798,University of Southern California; Los Angeles; California; USA;
1799,Carnegie-Mellon Univ. Pittsburgh; Pennsylvania; USA
1800,University of Montreal; Montreal Canada
1801,Cisco San Jose CA USA
1802,Statistics Netherlands
1803,Dept. of Methodology; Stat. Netherlands; Heerlen; Netherlands
1804,Institut Mines Telecom; Paris; France#TAB#
1805,Nat. Center for Sci. Res. (NCSR) “Demokritos” Athens; Inst. of Inf. & Telecommun.; Athens; Greece
1806,HKUST; Hong Kong ; Hong Kong#TAB#
1807,NativeX and UC Berkeley; San Francisco; CA; USA
1808,NativeX; San Francisco; CA; USA
1809,Osaka University The Institute of Scientific and Industrial Research Ibaraki Japan
1810,Kyushu University Graduate School of Information Science and Electrical Engineering Fukuoka Japan
1811,Monash University; Gippsland School of Information Technology; Melbourne; Australia#TAB#
1812,University of Liège; Liège; Belgium.
1813,NTT Corporation; Atsugi; Japan
1814,NTT Corporation; Keihanna; Japan#TAB#
1815,Nanyang Technological Univeristy; Singapore; Singapore
1816,Nanyang Technological Univesity; Singapore; Singapore
1817,Fac. of Comput. Sci.; Dalhousie Univ.; Halifax; NS; Canada
1818,; Chinese Academy of Engineering; Beijing; China
1819,Dept. of Electr. Eng.; Univ. of Kurdistan; Sanandaj; Iran
1820,Department of Computer Science; Stony Brook University (SUNY); Stony Brook; NY; USA
1821,Comput. Sci. Center; Brookhaven Nat. Lab.; Upton; NY; USA
1822,Indian Institute of Technology Kanpur ; Kanpur ; India
1823,Dept. of Comput. Sci.; Hefei Univ. of Technol.; Hefei; China
1824,Dept. of Comput. Sci.; Univ. of Massachusetts - Boston; Boston; MA; USA
1825,University of California - Riverside; Riverside; CA; USA
1826,IMT; Lucca & ISTI-CNR; Pisa; Italy
1827,Dept. Computer Science; Palacky University; Olomouc; Czech Republic
1828,Eastern Normal University; Shanghai; China
1829,Peter Kiewit Inst.; Univ. of Nebraska; Omaha; NE; USA
1830,Australian Taxation Office Australia
1831,Shandong University of Finance and Economics; Jinan; China#TAB#
1832,Sch. of Econ. & Manage.; Beijing jiaotong Univ.; Beijing; China
1833,Bauhaus-Univ. Weimar; Weimar Germany
1834,Church & Duncan Group; Inc.; San Francisco; CA; USA
1835,College of Computer and Control Engineering; Nankai University; Tianjin China
1836,Inf. Technol. Res. Base of Civil Aviation Adm. of China; Civil Aviation Univ. of China; Tianjin; China
1837,Adap.tv; Seattle; WA; USA
1838,Electron. Inf. Eng.; Univ. Baoding; Baoding; China
1839,Tsinghua University & Microsoft Research Asia; Beijing; China#TAB#
1840,Microsoft Research; Silicon Valley; Mountain View; CA; USA
1841,Department of Computer Science; University of Geneva; Geneva; Switzerland
1842,Dept. of Bus. Inf.; Univ. of Appl. Sci. Western; Switzerland
1843,Dept. of Math. Inf.; Univ. of Tokyo; Tokyo; Japan
1844,Toyota Technol. Inst. at Chicago; Chicago; IL; USA
1845,Dept of Ophthalmology; University of Tokyo; Tokyo; Japan
1846,National University of Defense Technology;Hunan;China
1847,National Research University Higher School of Economics
1848,Kathoelieke Univ. Leuven; Leuven; Belgium
1849,University of Illinois at Urbana Champaign; Champaign; IL; USA
1850,University of Waterloo; Waterloo; ON; Canada#TAB#
1851,WPI; Worcester; MA; USA
1852,Yunnan University; Kunming; China
1853,Swinburne University of Technology; Melbourne ; Australia
1854,Rakuten Institute of Technology; Tokyo; Japan
1855,IBM Research - Tokyo; Toyosu; Japan#TAB#
1856,Max-Planck-Institut fur Informatik; Saarbruecken; Germany
1857,Univ. of Vermont#TAB#
1858,IBM China Research Laboratory; Shang Hai; China
1859,IBM China Research Laboratory; Bei Jing; China
1860,IBM Informix Product Team; San Francisco; CA; USA
1861,IBM Informix Product Team; Tronto; Canada
1862,Inst. for Syst. Program.; Fed. Agency of Sci. Organizations; Moscow; Russia
1863,Samsung Electron.; Co.; Ltd.; Suwon; South Korea
1864,Nat. Lab. of Pattern Recognition; Inst. of Autom.; Beijing; China
1865,Coll. of Bus. Adm.; Univ. of Illinois; Chicago; IL; USA
1866,IT Univ.; Copenhagen; Denmark
1867,University of Greenwich; London; United Kingdom#TAB#
1868,Groupon; Inc.; Palo Alto; CA; USA
1869,ICAR-CNR and University of Calabria; Rende; Cosenza; Italy#TAB#
1870,Inst. of Comput. Sci.; Univ. of Tartu; Tartu; Estonia#TAB#
1871,Dept. of Comput. Sci.; Virginia Tech.; Falls Church; VA; USA
1872,; AT&T Labs Research; Florham Park; NJ; USA
1873,IBM TJ Watson Research Center;New York; USA.#TAB#
1874,Max-Planck Inst. for Inf.; Saarbrücken; Germany
1875,School of Computer and information; HeFei University of Technology; Hefei; China
1876,A9.com; Palo Alto; CA; USA
1877,Key Laboratory of Intelligent Information Processing; Institute of Computing; Technology; Chinese Academy of Sciences; Beijing; China
1878,Hewlett Packard Labs; Beijing; China
1879,Management Science and Information Systems Department; Rutgers Business School; Rutgers University; Newark; NJ; USA#TAB#
1880,Kumamoto University - Kumamoto; Japan
1881,Kumamoto University; Kumamoto University; Japan#TAB#
1882,University of Pittsburgh; Pittsburgh; Pa; USA
1883,Facebook; Menlo Park; CA; USA
1884,University of Washington; Seattle WA USA
1885,University of Ioannina; Ioannina; Greece
1886,Heinrich Heine University Düsseldorf Germany
1887,CSIRO; Sydney; Australia
1888,Florida Atlantic University ; Boca Raton ; Florida ; USA
1889,Dept. of Computer Science and Engineering; The Chinese University of Hong Kong; Hong Kong; Hong Kong
1890,Department of Systems Engineering and Engineering Management; The Chinese University of Hong Kong; Hong Kong; Hong Kong#TAB#
1891,IBM Haifa Research Labs; Haifa; Israel#TAB#
1892,The Hebrew University; Jerusalem; Jerusalem; Israel#TAB#
1893,Sch. of Comput. Eng.; Nanyang Technol. Univ.; Singapore; Singapore
1894,Institute of Computing Technology; CAS Beijing ; China#TAB#
1895,Dept. Empirical Inference; Max Planck Inst. for Intell. Syst.; Tubingen; Germany
1896,Tencent; Beijing; China
1897,Institute for Health Research and Policy; University of Illinois at Chicago; Chicago IL USA
1898,Personalization Sciences; Yahoo Labs; Sunnyvale; USA#TAB#
1899,Technische Universitat Berlin; Berlin; GERMANY
1900,University of Applied Science Potsdam; Potsdam; Germany
1901,National University of Ireland; (Galway); Ireland#TAB#
1902,Institute of Computer Science Masaryk University Brno; Czech Republic
1903,BIBS; Brno; Czech Republic
1904,University of Basel; Basel Switzerland
1905,University of Illinois at Chicago; Chicago; IL; China
1906,Bauhaus Universität Weimar; Weimar; Germany
1907,Universiteit Antwerpen; Belgium; Antwerp; Belgium
1908,Rochester Institute of Technology; Rochester; NY;USA
1909,Comput. Eng. Dept.; Inst. Tecnol. Autonomo de Mexico (ITAM); Mexico City; Mexico
1910,Sch. of Comput. Eng.; Nanyang Tech. Univ. (NTU); Singapore; Singapore
1911,Dept. de Tecnol. de la Informacion; Univ. Autonoma Metropolitana (UAM); Mexico City; Mexico
1912,Microsoft Research Asia; University of Oxford; Beijing; China
1913,Renmin University of China; Microsoft Research Asia; Beijing; China
1914,The George Washington University; Washington D.C; USA
1915,University of North Carolina at Charlotte; Charlotte NC; USA
1916,NEC Labs.; America; Princeton; NJ; USA
1917,Anhui Polytech. Univ.; Wuhu; China
1918,University of Shizuoka ; Shizuoka; Japan
1919,Akamai Technologies; Cambridge; MA; USA#TAB#
1920,NDSSL; Virginia Bioinformatics Institute; Virginia Tech.; Blacksburg; Virginia; USA#TAB#
1921,Beijing Institute of Technology Beijing ;China)
1922,KIT;#N#Karlsruhe; Germany
1923,‡Osaka University; Osaka; Japan;
1924,Istanbul Sehir University Istanbul Turkey
1925,University of Orleans; Orleans; France
1926,Universidade da Beira Interior; Covilha; Portugal
1927,Universita degli Studi di Milano Milano; Italy#TAB#
1928,School of Computing; Informatics; Decision Systems Engineering; Arizona State University; Tempe; AZ; USA#TAB#
1929,Iowa State University Ames; IA; USA
1930,Siemens Healthcare; Malvern; PA; USA#TAB#
1931,University of Wisconsin -- Madison; Madison; WI; USA
1932,University of Vienna Vienna; Austria#TAB#
1933,IBM Waston; New York; USA
1934,Deloitte Financial Advisory Services LLP; Washington; USA#TAB#
1935,m6d Research; New York; NY; USA
1936,NYU/Stern School and m6d Research; New York; NY; USA
1937,University of California Irvine; Irvine; CA; USA.
1938,Sch. of Econ. & Manage.; Tsinghua Univ.; Beijing; China
1939,Rutgers Bus. Sch.; Rutgers Univ.; New Brunswick; NJ; USA
1940,Microsoft; Beijing; China
1941,INRIA; Univ. Paris-Sud; Orsay; France
1942,Dept. Comput. Sci.; Gunma Univ.; Maebashi; Japan
1943,Cornell University; ithaca; New York; USA#TAB#
1944,Texas State University - San Marcos; SAN MARCOS; TX; China#TAB#
1945,University of Technology; Sydney; Sydney; China
1946,Comput. Sci. & Eng; Univ. of Minnesota; Minneapolis; MN; USA
1947,Helsinki Institute for Information Technology HIITDepartment of Computer Science; University of Helsinki; Helsinki; Finland#TAB#
1948,Institute for Computer Science; University of Munich; Munich; Germany#TAB#
1949,Dept. of Sci. Comput.; Florida State Univ.; Tallahassee; FL; USA
1950,School of Engineering University of Edinburgh; Edinburgh; UK
1951,New York University; New York ; NY; USA#TAB#
1952,Facebook AI Research; New York; NY; USA#TAB#
1953,Key Laboratory of Data Engineering and Knowledge Engineering (Renmin University of China); MOE; China; Beijing; China
1954,Sch. of Inf.; Renmin Univ. of China; Beijing; China
1955,University of Queensland; Brisbane; Austrália
1956,POSTECH; Pohang;South Korea
1957,DGIST; Deagu; South Korea
1958,University of Geneva; Geneva; Switzerland.#TAB#
1959,National Technical University of Athens Athens Greece
1960,University of Southern California;Los Angeles;CA;USA
1961,#N# University of Georgia; Athens; GA; USA#N#
1962,Acad. Sinica; Res. Center for Inf. Technol. Innovation; Taipei; Taiwan
1963,Sorbonne Universites; UPMC Univ Paris 06; UMR 7606; LIP6; Paris; France
1964,King Mongkut's Institute of Technology Ladkrabang; Bangkok; Thailand#TAB#
1965,Australian e-Health Research Centre; CSIRO; Herston; Australia
1966,The University Of Glasgow; Glasgow; United Kingdom
1967,Mayo Clinic; Rochester; MN; USA
1968,Hefei University of Technology; Hefei; China & University of Vermont; Burlington; VT; USA
1969,Key Lab. of Complex Syst. & Intell. Sci.; Chinese Acad. of Sci.; Beijing; China#TAB#
1970,Res. Center on Fictitious Econ. & Data Sci.; Beijing; China
1971,Karlsruhe Institute of Technology - KIT; Karlsruhe; Germany
1972,Rutgers University; PISCATAWAY; NJ; USA#TAB#
1973,EECS; Univ. of California; Merced; CA; USA
1974,Rutgers; the State University of New Jersey ; New Brunswick; NJ; USA
1975,Res. Center for IT Innovation; Accidentia Sinica; Taipei; Taiwan
1976,Dept. of Electr. Eng. Nat. Taiwan Univ. Taipei; Taiwan
1977,Bournemouth University ; Bournemouth; UK
1978,Tech. Univ. Eindhoven; Eindhoven; Netherlands
1979,University of Tor Vergata; Roma; Italy
1980,Univ. of Trento; Povo; Italy
1981,Henry Ford Health Syst.; Detroit; MI; USA
1982,Dept. of Electr. Eng. & Comput. Sci.; Univ. of Michigan; Ann Arbor; MI; USA
1983,University of Glasgow; Glasgow; Scotland; UK;
1984,MIT; CSAIL
1985,University of Washington;
1986,Bryn Mawr College; Bryn Mawr; PA; USA
1987,Lockheed Martin Advanced Technology Laboratories; Cherry Hill; NJ; USA#TAB#
1988,Univ. of Chinese Academy of Sciences; Beijing; China#TAB#
1989,Dept. of Electr. & Comput. Eng.; AUB; Beirut; Lebanon
1990,Dept. of Comput. Sci.; AUB; Beirut; Lebanon
1991,University of South Florida. Tampa; FL; USA
1992,Microsoft; Redmond; WA; USA.
1993,Microsoft Res.; Bangalore; India
1994,Institute of Computer Science Heidelberg University Heidelberg Germany
1995,University of Texas Pan – American; Edinburg; USA
1996,Netezza (an IBM COmpany); Marlborough; MA; USA
1997,IBM T.J. Watson Research Center; Hawthorne NY; USA
1998,Comput. Sci. & Inf. Eng; Nat. Taiwan Univ. of Sci. & Technol.; Taipei; Taiwan
1999,Ithaca College;Ithaca; NY; USA
2000,Tsinghua University; Bei Jing; China
2001,ExB Research&Development GmbH; Leipzig; Germany
2002,ExB Group GmbH; Munich; Germany
2003,Fac. of IT; Monash Univ.; Melbourne; VIC; Australia
2004,MIPS; Univ. de Haute Alsace; Mulhouse; France
2005,Comput. Sci. & Eng. Dept.; Univ. of California; Riverside; Riverside; CA; USA
2006,University of Warsaw & Infobright Inc.; Warsaw; Poland
2007,Infobright Inc.; Toronto; Canada
2008,Seoul St. Mary's Hospital; Seoul South Korea
2009,The Catholic University of Korea; Seoul South Korea
2010,School of Computer Science; University of Windsor; Windsor ON; Canada
2011,School of Information; University of Michigan; Ann Arbor MI USA
2012,Nagoya Institute of Technology; Nagoya; Japan
2013,Nat. Eng. Lab. for Inf. Security Technol.; Inst. of Inf. Eng.; Beijing; China
2014,University of Cincinnati; Cincinnati; OH; USA
2015,The Hong Kong Institute of Education; Hong Kong; Hong Kong
2016,Cavendish Laboratories; University of Cambridge; Cambridge; UK
2017,Girih; Ottawa; ON; Canada
2018,Comput. Sci.; Univ. of Ottawa; Ottawa; ON; Canada
2019,Mission Critical Technologies Inc.; NASA Ames Research Center; Moffett Field; CA; USA
2020,Stinger Ghaffarian Technologies | NASA Ames Research Center; Moffett Field; CA; USA
2021,The MITRE Corp. 300 Sentinel Dr.; Suite 600; Annapolis Junction; MD; USA
2022,Thomson Reuters; Rochester; NY; USA#TAB#
2023,Thomson Reuters; Saint Paul; MN; USA
2024,Mechanisms & Design Lab. HPLabs; Palo Alto; CA; USA
2025,University of Campinas Campinas Brazil
2026,Dublin Institute of Technology;Dublin;Ireland
2027,National Centre for Geocomputation; NUI Maynooth; Maynooth; Co. Kildare; Ireland#TAB#
2028,University of California Berkeley; CA#TAB#
2029,Dept. of Telecommun.; Budapest Univ. of Technol. & Econ.; Budapest; Hungary#TAB#
2030,Pontifical Catholic Univ. of Rio de Janeiro; Rio de Janeiro; Brazil
2031,IBM Research – Brazil; Rio de Janeiro; Brazil
2032,Microsoft Research Cambridge; Cambridge; United Kingdom
2033,; Microsoft; Sunnyvale; CA; USA
2034,IBM Research Haifa; Haifa; Israel#TAB#
2035,Arad Technologies; Yokneam Elite; Israel
2036,Yahoo! Labs; Sunnyvale; USA
2037,KDDLab; ISTI - CNR; Pisa; Italy#TAB#
2038,Pontificia Univ. Catolica de Valparaiso; Valparaiso; Chile
2039,University of Trento - Trento (Italy);
2040,Paris-Descartes University; Paris; France
2041,Microsoft Corp.; Seattle; WA; USA
2042,IBM Reseach India; New Delhi; India#TAB#
2043,SUNY Buffalo; Buffalo; NY; USA
2044,Helmholtz Zentrum Mυnchen; Tech. Univ. Mυnchen; Munich; Germany
2045,UOIT; Oshawa; ON; Canada
2046,Appl. Inf. IV; Univ. of Bayreuth; Bayreuth; Germany
2047,Sprint; Kansas City; MO; USA
2048,Khosla Ventures; Menlo Park; CA; USA
2049,IBM Research - Haifa lab; Haifa; Israel#TAB#
2050,Dept. of Electr. & Comput. Eng.; Univ. of Illinois at Urbana-Champaign; Urbana; IL; USA
2051,MOE Key Lab. of Comput. Linguistics; Peking Univ.; Beijing; China
2052,Ewha Womans University; Seoul; South Korea#TAB#
2053,U.S. Army Research Lab; Adephi; MD; USA#TAB#
2054,CISE; Univ. of Florida; Gainesville; FL; USA#TAB#
2055,Deutsche Telekom Lab.; Berlin; Germany
2056,The Chinese University of Hong Kong; Shenzhen & Hong Kong; Hong Kong#TAB#
2057,University of Califrnia San Diego; La Jolla; CA; USA
2058,La SAPIENZA; University of Rome; Rome; Italy
2059,University of Massachusetts; Lowell; Lowell; MA; USA#TAB#
2060,Gachon University; Seongnam-si; South Korea
2061,School of Computer Science Carnegie Mellon University; Pittsburgh; PA; USA
2062,Dept. of Comput. Sci. & Eng.; Northwestern Polytech. Univ.; Xi'an; China
2063,Center for High Performance Comput.; Northwestern Polytech. Univ.; Xi'an; China
2064,Dept. of EEE; Xi'an Jiaotong-Liverpool Univ.; Suzhou; China
2065,Information Sciences Institute;
2066,University of Massahusetts Amherst; Amherst; MA; USA
2067,Brandenburg University of Technology Cottbus; Cottbus; Germany#TAB#
2068,Yahoo! Incorporated; Santa Clara; CA; USA#TAB#
2069,Povo; Italy
2070,Coll. of Inf. Syst. & Manage.; Nat. Univ. of Defense Technol.; Changsha; China
2071,uc; san diego; san diego; CA; USA
2072,Inst. Super. de Contabilidade e Administracao do Porto; Univ. do Porto; Porto; Portugal
2073,DEI; Univ. do Porto; Porto; Portugal
2074,Huawei Technologies Co.; Ltd.; Hong Kong; Hong Kong#TAB#
2075,Computer Science Department; Dartmouth College;Hanover; NH; USA
2076,Dept. of Comput. Sci.; Univ. of California Irvine; Irvine; CA; USA
2077,Sch. of Electr. Eng. & Comput. Sci.; Shiraz Univ.; Shiraz; Iran
2078,Center for Research on Intelligent Perception and Computing; Institute of Automation; Chinese Academy of Sciences; Beijing; China
2079,Pierre et Marie Curie Univ.; Paris; France#TAB#
2080,R&I Center; Technicolor; Paris; France
2081,Kobe University; Kobe City; Japan
2082,Politecnico Di Torino; Torino; Italy#TAB#
2083,#N# #N# Georgetown University; Washington; DC; USA
2084,Cornell University; New York; NY; USA.
2085,Yahoo! Research Barcelona Barcelona Spain
2086,Groupon; Palo Alto; CA; USA
2087,University of Massachusetts Lowell ; Lowell; Massachusetts ; USA ;
2088,Helmholtz Zentrum München; Technische Universität München; Munich; Germany
2089,University at Buffalo
2090,Zalando; Berlin; Germany
2091,MIT Media Lab; Cambridge ; MA; USA
2092,Amazon; Berlin; Germany
2093,HUAWEI; Hong Kong; Hong Kong
2094,Bell Labs.; Alcatel-Lucent; Dublin; Ireland
2095,Sch. of Comput.; DePaul Univ.; Chicago; IL; USA
2096,Northeastern University China; Shenyang; China#TAB#
2097,The Hong Kong University of Science and Technology;Hong Kong;China)
2098,Charles University Prague; Czech Rep.#TAB#
2099,Ulm University Ulm Germany
2100,Department of Computer Science; Hong Kong Baptist University; Hong Kong; China
2101,Sch. of Electr. & Electron. Eng.; Yonsei Univ.; Seoul; South Korea
2102,Rutgers University-Newark; USA
2103,UNC- Charlotte; Charlotte; USA
2104,Baidu Research; Beijing; China#TAB#
2105,Microsoft Corp.; Mountain View; CA; USA#TAB#
2106,TU Delft Delft; Netherlands
2107,Telefonica Research; Barcelona; Spain
2108,Pennsylvania State University; University Park; Pa.; USA
2109,IBM Res. Zurich; Rueschlikon; Switzerland
2110,Poznan University; Poznan; Poland
2111,Comput. Sci. & Electr. Eng. Dept.; Univ. of Maryland; Baltimore; MD; USA#TAB#
2112,Math. & Comput. Sci. Dept.; Wheaton Coll.; Norton; MA; USA
2113,Sch. of Med.; Pediatric Anesthesiology & Critical Care; Johns Hopkins Univ.; Baltimore; MD; USA
2114,IIIT Delhi; New Delhi; India#TAB#
2115,FICO; San Diego; CA
2116,Hellenic Open University Patras; Greece
2117,Lab. LIG; AMA Team; Univ. Joseph Fourier Grenoble 1; Gieres; France
2118,Bell Laboratories – Alcatel-Lucent; Murray Hill; NJ; USA
2119,Rutgers; the State University of New Jersey; Piscataway; NJ; USA
2120,Dept. of Stat.; Carnegie Mellon Univ.; Pittsburgh; PA; USA
2121,Dept. of Stat.; Pennsylvania State Univ.; University Park; PA; USA
2122,Inst. for Math. & Its Applic.; Univ. of Minnesota; Minneapolis; MN; USA
2123,IBM Research; Bengaluru; India#TAB#
2124,Sch. of Inf. Technol. & Math. Sci.; Univ. of South Australia; Mawson Lakes; SA; Australia
2125,Inst. of Intell. Machines; Hefei; China
2126,HASLab; INESC TEC & Universidade do Minho; Braga; Portugal#TAB#
2127,HASLab-INESC TEC & Instituto Superior da Maia; Maia; Portugal
2128,Fraunhofer IPSI; Darmstadt; Germany
2129,Inst. fur Inf./112; Tech. Univ. Munchen; Garching; Germany
2130,University of KwaZulu-Natal UKZN/CSIR-Meraka Centre for Artificial Intelligence Research; Durban; South Africa#TAB#
2131,Fondazione Bruno Kessler; Trento; Italy
2132,Inf. Technol. Center; Univ. of Tokyo; Tokyo; Japan
2133,Yahoo! Research; Bangalore; India#TAB#
2134,Inf. Sci. Inst. Univ. of Southern California; Marina del Rey; CA; USA
2135,Ming-Hsieh Dept. of Electr. Eng.; Univ. of Southern California; Los Angeles; CA; USA
2136,Chevron Corporation; Houston; TX; USA
2137,Korea Institute of Science and Technology Information; Daejeon; South Korea#TAB#
2138,; Electronics and Telecommunications Research Institute; Daejeon; South Korea
2139,California State University Fullerton CA USA
2140,Université de Montréal; Montreal; PQ; Canada
2141,University of Copenhagen ; Copenhagen ; Denmark.
2142,Inria; Montbonnot; France#TAB#
2143,Shanghai Key Lab. of Multimedia Process. & Transmissions; Shanghai Jiao Tong Univ.; Shanghai; China
2144,Comput. Sci. & Technol. Coll.; Chongqing Univ.; Chongqing; China
2145,Centre for Quantum Comput. & Intell. Syst.; Univ. of Technol. Sydney; Sydney; NSW; Australia
2146,Eindhoven Univ. of Technol.; Eindhoven; Netherlands#TAB#
2147,Facebook; New York; NY; USA#TAB#
2148,University of Valladolid; Valladolid; Spain
2149,Dept. of Comput. Sci.; Univ. Hosp. of Valladolid; Valladolid; Spain
2150,Dept. of Comput. Eng.; METU Inonu Bulvari; Ankara; Turkey
2151,IBM T J Watson Research Center; Yorktown; NY; USA
2152,(Hong Kong Baptist University; Hong Kong; Hong Kong)
2153,Sch. of Comput. Sci. & Technol.; ShanDong Univ.; Jinan; China
2154,Washington University in St Louis; St Louis; MO; USA.
2155,Sch. of Manage. & Econ.; North China Univ. of Water Conservancy & Electr. Power; Zhengzhou; China
2156,Philipps Universität Marburg; Marburg; Germany
2157,IIT bombay; Mumbai; India
2158,IITB-Monash Research Academy; IIT Bombay; Mumbai; India.
2159,University of Bologna Cesena Italy
2160,Inria paris-rocquencourt; le chesnay; france#TAB#
2161,INRIA Sophia-Antipolis; Montpellier; France
2162,Univ. Fed. de Minas Gerais; Belo Horizonte; Brazil
2163,Indraprastha Inst. of Inf. Technol.; India
2164,Chinese Academy of Sciences; Huawei Technologies; Beijing; China#TAB#
2165,Key Lab. of Data Eng. & Knowledge Eng.; Renmin Univ. of China; Beijing; China
2166,School of Computer Science; Beijing Institute of Technology; Beijing; China#TAB#
2167,Key Lab. of Comput. Network & Inf. Integration; Southeast Univ.; Nanjing; China
2168,Nat. Key Lab. for Novel Software Technol.; Nanjing Univ.; Nanjing; China
2169,UNC Charlotte; Charlotte; NC; USA
2170,Fudan University; Shianghai; China
2171,Arizona State University; Phoenix USA
2172,Microsoft Research; Herzliya Israel
2173,Google; Haifa; Israel
2174,CNRS-UMR5800; University of Bordeaux; France
2175,School of Systems Engineering; University of Reading; Reading; UK
2176,College of Economics & Management; Heilongjiang August 1'st Land Reclamation University Daqing; Heilongjiang 163319 China P.R
2177,Dept. of Comput. Sci.; Beijing Univ. of Chem. Technol.; Beijing; China
2178,Dept. of Comput. Sci. & Eng; Korea Univ.; Seoul; South Korea
2179,Tecnologico de Monterrey; Monterrey; Mexico.#TAB#
2180,Stanford University; Stanford; USA
2181,Oracle Health Sciences; Burlington; MA; USA
2182,National Research Council; Pisa; Italy
2183,Dept. of Comput. Sci. & Eng.; Michigan State Univ.; East Lansing; MI; USA
2184,Dept. of Geogr.; Michigan State Univ.; East Lansing; MI; USA
2185,University of California ; Santa Cruz; CA; USA
2186,if(we); San Francisco; CA; USA
2187,Department of Computer Science; Montana State University; Bozeman; MT; USA
2188,University of Bonn; Bonn; Germany
2189,German National Library of Science and Technology Hannover; Hannover; Germany#TAB#
2190,Yahoo! Labs; Sunnycale; CA; USA
2191,Graduate School of Science and Technology (Engineering)
2192,Nippon Telegraph & Telephone
2193,Sch. of Inf. & Commun. Eng.; Beijing Univ. of Posts & Telecommun.; Beijing; China#TAB#
2194,Department of Information Systems Engineering; Ben-Gurion University of the Negev; Beer Sheva; Israel#TAB#
2195,Otto-von-Guericke Univ. Magdeburg; Germany#TAB#
2196,Leibniz Institute of Plant Genetics and Crop Plant Research (IPK) Gatersleben; Germany
2197,eBay Res. Labs.; Shanghai; China
2198,Ebay Res. Labs.; San Jose; CA; USA
2199,Applied Research Laboratories; University of Texas at Austin; Austin; TX; USA
2200,Div. of Stat. & Sci. Comput.; Univ. of Texas at Austin; Austin; TX; USA
2201,Dept. of Electr. &; Comput. Eng.; Univ. of Texas at Austin; Austin; TX; USA
2202,Microsoft; New York; NY; USA
2203,Advanced Technology and Research
2204,Kanazawa Institute of Technology
2205,Department of Computer Science University of Massachusetts; Boston; MA; USA
2206,Dept. of Computer Science; University of Vermont; Burlington; VT; USA
2207,IBM Research; Delhi; India
2208,IBM–Research; Bangalore; India
2209,DTE Energy; Detroit; USA
2210,Dept. of Information Engineering and Computer Science; University of Trento; Trento; Italy#TAB#
2211,Oregon State University; Corvallis OR; USA
2212,University of Antwerp ; Antwerp; Belgium
2213,Integrated Data Syst.; Siemens Corp. Res.; Princeton; NJ; USA
2214,Indian Institute of Technology Bombay
2215,Laboratoire d'informatique de Paris 6 University Pierre et Marie Curie; Paris; France
2216,VNU Univ. of Eng. & Technol.; Hanoi; Vietnam
2217,SAIC; Arlington; VA; USA
2218,BrainSins; Madrid; Spain
2219,Universidad de Sevilla ; Seville; Spain
2220,Universidad Politécnica de Valencia Valencia; Spain#TAB#
2221,Johannes Kepler University Linz AUSTRIA
2222,Key Laboratory of Computational Linguistics; Ministry of Education; EECS; Peking University; Beijing; China
2223,Palacky Univ. Olomouc (Czech Republic)
2224,Politecnico di Milano; Milano - Italy#TAB#
2225,The Smarter Cities Technology Center; IBM Ireland Research Lab; Dublin; Ireland
2226,Department of Computer Science; Vrije Universiteit Amsterdam; Amsterdam; Netherlands#TAB#
2227,Sharif University of Technology; Tehran; IRAN#TAB#
2228,GeoEye Analytics; McLean; VA; USA
2229,Google inc; Pittsburgh; USA#TAB#
2230,Wenzhou University; Wenzhou China
2231,Victoria University; Victoria; Australia
2232,Aalborg University; Aalborg ; Denmark
2233,IAFSE-CIDSE: Computer Science and Engineering
2234,Eli Lilly
2235,Institute of Technology Tallaght Dublin; Dublin; Ireland#TAB#
2236,Benemérita Universidad Autónoma de Puebla; Puebla. México
2237,Universidad Politécnica de Valencia; Valenci; Spain
2238,Northeastern University; Shenyang Jianzhu University; Shenyang; China#TAB#
2239,Northeastern University Shenyang China
2240,Shenyang Jianzhu University; Shenyang; China
2241,e-Business Department; Korea Polytechnic University; 2121 Jeongwangdong; Siheung city; Korea
2242,Dept. of Comput. & Inf. Eng.; Wuhan Polytech. Univ.; Wuhan; China
2243,Groupon; San Francisco; CA; USA
2244,INRIA Saclay & Université Paris Sud; Orsay; France
2245,Trucks; Sales & Marketing; APAC & JVs Strategy; Bus. Intell.; Volvo Group; Ageo; Japan
2246,Trucks; Technol.; Adv. Technol. & Res.; Volvo Group; Tokyo; Japan
2247,NewYork-Presbyterian Hospital; New York City; NY; USA
2248,Columbia University; New York City; NY; USA#TAB#
2249,Japan Science and Technology Agency; Kawaguchi; Japan
2250,IBM; Dublin; Ireland#TAB#
2251,Kyoto University; Uji; Japan#TAB#
2252,Kyushu University; Fukuoka; Japan
2253,Penn State University University Park PA USA
2254,University of Illinois at Chicago; Tsinghua University; Chicago; Beijing; USA
2255,Microsoft Research; Redmond ; USA
2256,Federal University of MInas Gerais; Belo Horizonte; Brazil#TAB#
2257,ASPIRING MINDS; GURGAON; India
2258,Department of Computer Science ; University of New Mexico ; Albuquerque; NM; USA
2259,Universite Paris-Sud & INRIA Saclay; Orsay; France
2260,Rice University ; Houston ; TX ; USA
2261,Sch. of Comput.; China Univ. of Geosci.; Wuhan; China
2262,Fac. of Math. & Comput. Sci.; Xiangfan Univ.; Xiangfan; China
2263,Yahoo!; Santa Clara; CA; USA#TAB#
2264,ThinkersR.Us; Sunnyvale; CA; USA
2265,33Across; Sunnyvale; CA; USA
2266,Universität Passau; Passau; Germany
2267,Polish-Japanese Institute of Information Technology & Institute of Computer Science; Polish Academy of Sciences; Warsaw; Poland#TAB#
2268,INRIA; Nancy; Nancy; France#TAB#
2269,KAUST; Thuwal; Saudi Arabia#TAB#
2270,Univ of Tampere; Tampere; Finland
2271,College of Information Sciences and Technology;
2272,School of Electrical Engineering and Computer Science
2273,University Carlos III of Madrid; Leganés; Spain#TAB#
2274,University of Victoria; Victoria; BC; Canada & National University of Defense Technology; Changsha; Hunan; China
2275,University of Victoria; Victoria; BC; Canada & Shanghai University of Electric Power; Shanghai; China
2276,National University of Defense Technology Changsha; China
2277,Shanghai University of Electric Power Shanghai; China
2278,Politecnico di Bari; Bari; Italy
2279,Kno.e.sis Research Center; Wright State University; Dayton; OH; USA#TAB#
2280,ezDI Inc; Louisville; KY; USA
2281,Computer Science Dept.; Carnegie-Mellon University; Pittsburgh; USA
2282,Yahoo! Research; Santa-Clara; USA
2283,Dept. of Math.; Chulalongkorn Univ.; Bangkok; Thailand
2284,Qatar Computing Research Institute; Qatar ; Qatar
2285,University of Aberdeen Aberdeen; United Kingdom
2286,EPFL; Lausanne; SWITZERLAND
2287,Fac. of Econ. & Bus. Adm.; Ghent Univ.; Ghent; Belgium
2288,Fac. of Appl. Econ.; Univ. of Antwerp; Antwerp; Belgium
2289,Wright State University ; Dayton; OH; USA
2290,Guilin Univ. of Electron. Technol.; Guilin; China
2291,Computer Science and Engineering Arizona State University Tempe AZ USA
2292,Karlsruhe Institute of Technology; Karlsruhe Germany
2293,Inst. of Autom. Control Eng.; Tech. Univ. Munchen (TUM); Munich; Germany
2294,Inst. of Inf.; Ludwig-Maximilians Univ. of Munich (LMU); Munich; Germany
2295,Div. of Signals; Control & Robot.; Nat. Tech. Univ. of Athens (NTUA); Athens; Greece
2296,Yandex & University of Glasgow; Moscow; Russian Fed.#TAB#
2297,Sch. of Econ.; Tianjin Polytech. Univ.; Tianjin; China
2298,Dept. of Technol. & Equip.; Tianjin Port Holdings Ltd.; Tianjin; China
2299,University of Missouri—Columbia; Columbia; MO; USA
2300,City Univ. of New York; Staten Island; NY; USA#TAB#
2301,Dept. of Comput. Sci.; Univ. degli Studi di Bari; Aldo Moro; Italy
2302,University of Central Florida Orlando FL USA
2303,ConocoPhillips; Houston; TX; USA
2304,University of Oregon; Eugene; OR; USA;
2305,PeaceHealth Laboratories; Vancouver; WA; USA
2306,HealthMantic Inc; Los Altos; CA; USA
2307,Oak Ridge Nat. Lab.; Oak Ridge; TN; USA#TAB#
2308,Microsoft; Seattle; WA; USA
2309,Tokyo Institute of Technology; Tokyo Japan
2310,Johnson & Johnson Pharmaceutical Research & Development; LLC; Titusville; NJ; USA
2311,Hasso-Plattner-Institut; Potsdam; Germany
2312,University of Wollongong; Wollongong Australia
2313,JRC; Ispra; Italy
2314,Microsoft Corporation Redmond USA
2315,Virginia Tech; Blacksburg VA USA
2316,Eastern Michigan Univ.; Ypsilanti; MI; USA
2317,L3S Research Center; Leibniz University Hannover; Hannover; Germany
2318,Commonwealth Scientific and Industrial</br>Research Organisation</br>Canberra; Australia
2319,Rutgers-The State University of New Jersey; Newark; NJ; USA
2320,NEC Laboratories America; Inc.; Princeton; NJ USA#TAB#
2321,Hong Kong Univ. of Science and Technology; Kowloon; Hong Kong
2322,LIRIS; Univ. Claude Bernard Lyon 1; Villeurbanne; France
2323,CRIL; Univ. Lille-Nord de France; Villeneuve-d'Ascq; France
2324,Computer Science Department; Purdue University; West Lafayette; IN; USA#TAB#
2325,Comput. Sci. & Stat. Depts.; Purdue Univ.; West Lafayette; IN; USA
2326,University of Colorado; Denver Denver CO USA
2327,AOL Research; Palo Alto; CA; USA
2328,Yantai Univ.; Yantai; China
2329,University of Science and Technology Beijing ; Beijing; China
2330,Pivotal Software; Inc.; Palo Alto; CA; USA
2331,Visa; Inc.; Foster City; CA; USA
2332,University of Modena and Reggio Emilia; Modena; italy
2333,Università di Torino Torino Italy
2334,Komli Labs; Bangalore; India
2335,Department of Computer Engineering; Chulalongkorn University; Bangkok; Thailand.
2336,Kasetsart University; Bangkok Thailand
2337,University of Koblenz-Landau; 56070 Koblenz; Germany
2338,L3S Research Center; 30167 Hannover; Germany
2339,Karlsruhe Institute of Technology; 76133 Karlsruhe; Germany
2340,SMILES LAB; Xi'an Jiaotong University; Xi'an; China#TAB#
2341,SMILES LAB; Xi'an Jiaotong Univeristy; Xi'an; China
2342,Fraunhofer IAIS; St. Augustin; Germany
2343,Sch. of Inf. Technol.; Univ. of Sydney; Sydney; NSW; Australia#TAB#
2344,Inst. of Software; Beijing; China
2345,Adv. Technol. & Res.; Volvo Group Trucks & Technol.; Tokyo; Japan
2346,Trucks; Sales & Marketing; JVs & APAC Strategy; Volvo Group; Ageo; Japan
2347,Virginia Tech; Blackburg; VA; USA
2348,Department of Computer Science; University at Albany -- State ; NY; USA#TAB#
2349,University of Maryland; MD; USA
2350,Univ. of California at Santa Cruz; Santa Cruz; CA; USA
2351,CACI Inc.; Lanham; MD; USA
2352,BASIS Technology; Herndon; VA; USA
2353,San Diego State University; San Diego; CA; USA#TAB#
2354,University of California at San Diego; San Diego; CA; USA
2355,Yahoo! Global R&D Center; Beijing; Beijing; China#TAB#
2356,Yahoo Labs; Beijing; China
2357,Computer Science and Engineering; Pennsylvania State University; State College; PA; USA
2358,Information Sciences & Technology; Pennsylvania State University; State College; USA
2359,National Institute of Japanese Literature; Tachikawa; Japan#TAB#
2360,DEI; Politec. di Milano; Milan; Italy
2361,Stanford University / MPI for Biological Cybernetics; Stanford; CA; USA
2362,California Institute of Technology; Pasadena; CA;#N#USA
2363,Bus. Analytics & Math. Sci. Dept.; IBM Thomas J. Watson Res. Center; Yorktown Heights; NY; USA
2364,Sch. of Bus.; Sias Int. Univ.; Xinzheng; China
2365,Gippsland School of Information Technology; Monash University; Churchill; VIC; Australia
2366,Leiden University; Leiden ; Netherlands#TAB#
2367,Utrecht University ; Utrecht; Netherlands
2368,Chinese Academy of Sciences; Shenzhen; China
2369,University Of Calgary; Canada
2370,NICTA & University of New South Wales; Sydney; NSW; Australia#TAB#
2371,NICTA; Alexandria; NSW; Australia
2372,Linkoping University; Linkoping; Sweden.#TAB#
2373,University of Saskatchewan; Saskatoon; SK;#R# Canada
2374,Bangladesh University of Engineering & Technology ; Dhaka ; Bangladesh
2375,(Southeast University; Nanjing; China)
2376,Sch. Of Mater. Sci. & Eng.; Shijiazhuang Railway Inst.; Shijiazhuang; China
2377,Coll. of Electr. & Electron. Eng.; Shijiazhuang Railway Inst.; Shijiazhuang; China
2378,Coll. of Econ. & Manage.; Shijiazhuang Railway Inst.; Shijiazhuang; China
2379,Dept. of Syst. Eng. & Eng. Manage.; City Univ. of Hong Kong; Kowloon; China
2380,Dept. of Ind. & Manuf. Eng.; Florida State Univ.; Tallahassee; FL; USA
2381,Grad. Sch. of Inf. Sci. & Eng.; Univ. of Tokyo; Tokyo; Japan
2382,School of Computer; Science and Technology; Harbin Institute of Technology; Harbin; China
2383,Sch. of Inf. Sci. & Tech.; Sun Yat-sen Univ.; Guangzhou; China
2384,Grad. Sch. of Appl. Inf.; Univ. of Hyogo; Kobe; Japan
2385,#N##TAB##TAB##TAB##TAB# Kyushu University#N##TAB##TAB##TAB#
2386,GetJar Inc.; San Mateo; CA; USA
2387,Laboratoire d'Informatique Fondamentale et Appliquée de Tours
2388,Equipe CODAG - Laboratoire GREYC - UMR6072
2389,Data Mining and Machine Learning
2390,The Graduate Center; CUNY; New York; NY; USA#TAB#
2391,Baidu USA; Sunnyvale; CA; USA
2392,University at Buffalo; SUNY; Buffalo; NY; USA
2393,HP Labs; Palo Alto; CA; USA
2394,The Pennsylvania State University;Pennsylvania;USA.
2395,Toshiba Corp. Kawasaki; Japan
2396,CNRS CRIsTAL UMR 9189; Paris; France
2397,#N# Heidelberg University; Heidelberg; Germany;
2398,Inst. for Infocomm Res. (IR); A*STAR; Singapore; Singapore
2399,University of Science and Technology of China; Heifei; China#TAB#
2400,Princeton University; Princeton; NJ; USA
2401,IBM Watson; Hawthorne; NY; USA#TAB#
2402,Univ. of Hannover; Hannover; Germany
2403,University of Antwep; Antwerp; Belgium
2404,University of Geneva; Carouge; Switzerland#TAB#
2405,University Of Applied Sciences; Carouge; Switzerland
2406,Ecole polytechnique; Paris; France
2407,Chinese Acad. of Sci.; Grad. Univ.; Beijing; China
2408,Dept. of Comput. Eng.; MNIT Jaipur; Jaipur; India
2409,Temasek Labs.; Nat. Univ. of Singapore; Singapore; Singapore
2410,Arizona State University; Tempe USA
2411,IBM Research; Zuerich; Switzerland#TAB#
2412,Georgia Gwinnett College; Lawrenceville; GA; USA#TAB#
2413,Stinger & Ghaffarian Technologies Inc.; Greenbelt; MD; USA
2414,Northeastern University Boston Massachusetts USA
2415,Nile Innovations; Cairo; Egypt
2416,Thomson Reuters; Minneapolis; USA#TAB#
2417,Queensland University of Technology Brisbane Australia
2418,Disney Research Pittsburgh; Pittsburgh; PA; USA.
2419,Australian Institute of Sport; Canberra; Australia#TAB#
2420,Tennis Australia; Melbourne; Australia
2421,Department of Information and Computer Science; Aalto University; Espoo; Finland#TAB#
2422,Brigham Young University; Provo; UT; USA
2423,Peking University Peking China
2424,Yahoo! Labs; London; United Kingdom
2425,Netherlands Organ. for Appl. Sci. Res. TNO; Netherlands
2426,Facebook; Seattle; USA
2427,Sch. of Inf. Technol. & Electr. Eng.; Univ. of Queensland; Brisbane; QLD; Australia
2428,Dept. of Educ. & Res.; Taipei City Hosp.; Taipei; Taiwan
2429,Inst. of Hosp. & Health Care Adm.; Nat. Yang-Ming Univ.; Taipei; Taiwan
2430,School of Computer Science; University of Adelaide; Adelaide SA Australia
2431,Athens University of Economics and Business & École Polytechnique; Athens; Greece#TAB#
2432,Key Laboratory of Medical Image Computing (NEU) Ministry of Education; China & College of ISE; Northeastern University; ShenYang; China#TAB#
2433,University of Texas at Arlington; Arlington; USA#TAB#
2434,Dept. of Computer Science and Engineering; Arlington; USA
2435,Datasalt Syst. S.L.; Barcelona; Spain
2436,Department of Electrical Engineering
2437,統計學系
2438,Simon Fraser University; Burnaby; USA
2439,Erasmus University Rotterdam; Rotterdam; Netherlands
2440,Warsaw University; Warsaw; Poland#TAB#
2441,Temple University ; Philadelphia; PA; USA#TAB#
2442,Yale University; NEW HAVEN; CT; USA
2443,University of Texas Health Science Center at Houston; Houston; TX;USA
2444,Sch. of Electromech. Eng.; Xidian Univ.; Xi'an; China
2445,Department of Computer Science and Engineering; Washington University in St. Louis; St. Louis; MO USA
2446,Sch. of Med.; Dept. of Med.; Washington Univ.; St. Louis; MO; USA
2447,Sch. of Comput. Sci. & Eng.; Beihang Univ. Beijing; Beijing; China
2448,KT; Seoul; South Korea
2449,Inf. Div.; Tsinghua Univ.; Shenzhen; China
2450,PrecisionDemand; Seattle; WA; USA
2451,Dept. of Comput. Eng.; Antalya Int. Univ.; Antalya; Turkey
2452,Pfizer; La Jolla; CA; USA
2453,Graduate School at Shenzhen; Tsinghua University Shenzhen; China
2454,Yandex LLC; Moscow; Russian Fed.
2455,Sch. of Inf. Manage. & Eng.; Shanghai Univ. of Finance & Econ.; Shanghai; China
2456,Adobe Research India Labs; Bangalore; India
2457,Indian Inst of Tech; Madras (India)
2458,Virginia Bioinf. Inst.; Blacksburg; VA; USA
2459,Dept. of Comput. Sci.; Univ. at Albany-SUNY Albany; Albany; NY; USA
2460,Search Labs; Microsoft Research; Mountain View; CA; USA
2461,Los Alamos Nat. Lab.; Los Alamos; NM; ; USA
2462,GOOGLE; INC
2463,The University of Notre Dame; South Bend; IN; USA#TAB#
2464,Grad. Sch. of Inf. Sci.; Hiroshima City Univ.; Hiroshima; Japan
2465,Siemens Energy; Karlsruhe; Germany
2466,Siemens Energy; Offenbach am Main; Germany
2467,University of Haifa; Haifa; Israel;
2468,The Open University ; Ra'anana; Israel
2469,German Institute for International Educational Research; Frankfurt; Germany
2470,Technische Universität Darmstadt; Darmstadt Germany
2471,Indian Institute Of Science; Bengaluru; Índia
2472,Yahoo Labs Bangalore; Bengaluru; India
2473,Fraunhofer-Institute for Applied Information Technology (FIT); Sankt Augustin; Germany
2474,University of California Los Angeles; Los Angeles; CA; USA;
2475,; University of Colorado at Boulder; Boulder; CO; USA
2476,UFO; Univ. of Orleans; Orleans; France
2477,*University of Torino; Torino; Italy
2478,shak@asu.edu; Tempe; AZ; USA
2479,Key Lab. of Marine Spill Oil Identification & Damage Assessment Technol.; North China Sea Environ. Monitoring Center; Qingdao; China
2480,Department of Computer Science and Technology; Ocean University of China; Qingdao; China
2481,University of A Coruña; A Coruña. Spain#TAB#
2482,National Research Council of Italy; Pisa; Italy
2483,Department of Computer Science; University of Hong Kong Hong Kong; China#TAB#
2484,Key Lab. for Health Inf.; Shenzhen Inst. of Adv. Technol.; Shenzhen; China
2485,Dept. of Computer Science and Information Engineering; National Central University; Jhongli; Taiwan
2486,State key Lab of Software Development Environment; Beihang University; Beijing; China
2487,<org_name>Sogang University; Seoul; South Korea</org_name>
2488,Enterprise on Demand; IBM CHQ; Armonk; NY; USA
2489,UC; San Diego; La Jolla ; CA; USA#TAB#
2490,SHARP Electronics (Shanghai) Co. Ltd; Shanghai; China
2491,Concordia University; Montreal; Canada
2492,Trinity Coll. Dublin; Dublin; Ireland
2493,Suny At Buffalo; Buffalo; NY USA
2494,Katholieke Universiteit Leuven </br>Leuven; Belgium
2495,Salford Systems; San Diego; CA; USA#TAB#
2496,Interfe; Sao Paulo; Brazil
2497,UG/LIG; Grenoble; France
2498,ISIR; Osaka; Japan
2499,ST; Grenoble; France
2500,Pivotal Software Inc.; Palo Alto; CA; USA
2501,Drexel University; Philadelphia; (USA)
2502,University of Connecticut ; Storrs; USA
2503,IBM T.J. Watson Research Center; Yorktown Heights; USA#TAB#
2504,Johannes-Gutenberg-Universität Mainz; Mainz; Germany
2505,Max Planck Institut für Chemie; Mainz; Germany
2506,LMU Munich; Germany;
2507,Sch. of Comput.; Wuhan Univ.; Wuhan; China
2508,State Key Lab of Software Engineering School of Computer; Wuhan University; Wuhan; China
2509,School of Information Management; Wuhan University; Wuhan; China#TAB#
2510,Centre for Applied Informatics; Victoria University; Melbourne; Australia#TAB#
2511,University of Stavanger; Stavanger; Norway
2512,University of Regensburg Regensburg; Germany
2513,; Google; Zurich; Switzerland
2514,University of Waterloo; Waterloo; Canadá
2515,Department of Computer Science; University of Texas at Dallas; Dallas; TX; USA
2516,NSF Center for Res. on Complex Networks; Texas Southern Univ.; Houston; TX; USA
2517,Dept. of Math.; Zhejiang Sci-Tech Univ.; Hangzhou; China
2518,Faculty of Informatics; Lugano; Switzerland
2519,Center for Intelligent Information Retrieval; Amherst; MA; USA
2520,The State University of New York at Buffalo ; Buffalo; NY; USA
2521,North Carolina State Univ.; Raleigh NC USA
2522,Dept. of Comput. Sci. & Eng.; HongKong Univ. of Sci. & Technol.; Hong Kong; China
2523,Aalto University; Espo; Finland#TAB#
2524,Carnegie Mellon University; Moffett Field ; CA; USA#TAB#
2525,University of Michigan-Ann Arbor; Ann Arbor; MI; USA
2526,Virginia Tech.; Arlington; VA; USA#TAB#
2527,Boston Children's Hospital; Boston; MA; USA#TAB#
2528,Dept. of Computer Science and Information Engineering; Tamkang University; Taipei; Taiwan
2529,Dept of Computer Science; National Chiao Tung University; Hsinchu; Taiwan
2530,Dept. of Comput. Sci. & Eng.; Pennsylvania State Univ.; University Park; PA; USA
2531,Dept. of Forest Resources; Univ. of Minnesota; St. Paul; MN; USA
2532,University Joseph Fourier; Grenoble; France
2533,Sorbonne University; Paris; France
2534,NCSR Demokritos; Athens; Greece
2535,University of Tennessee; Knoxville; TN; USA;
2536,University of California; Davis; AZ; USA#TAB#
2537,University of Colorado at Boulder; Boulder; USA
2538,Ohio State University Columbus USA
2539,McGill University; Montreal; Canada;
2540,McGill University; Montreal; USA#TAB#
2541,Fac. of Comput Sci. & Syst. Eng.; Kyushu Inst. of Technol.; Fukuoka; Japan
2542,Nagase Techno-Eng. Co.; Ltd.; Yokohama; Japan
2543,; University of Udine; Udine; Italy
2544,Siemens Ag; Corporate Technology; Munich; Germany
2545,; Technische Universität München; Munich; Germany
2546,Virginia Tech; Blacksburg ; Virginia ; USA
2547,University of Massachusetts Boston Boston MA USA
2548,University of Michigan-School of Public Health; Ann Arbor; Ann Arbor; MI; USA#TAB#
2549,University of North Carolina Chapel Hill; Chapel Hill; NC; USA;
2550,Dept. of Electr. Eng.; Indian Inst. of Technol.; Kanpur; India#TAB#
2551,Dept. of Math.; Indian Inst. of Technol.; Delhi; India
2552,Inst. of Inf.; Tech. Univ. Munchen; Munich; Germany
2553,Indian Institute of Technology; Kharagpur; India; Kharagpur; India
2554,Indian Institute of Technology -Bombay; India; Mumbai; India#TAB#
2555,Sch. of Comput. & Inf. Sci.; Florida Int. Univ.; Miami; FL; USA
2556,Adobe Systems Inc; San Jose; CA; USA#TAB#
2557,Hefei University of Technology; Hefei; China;
2558,University of Vermont; Burlington USA
2559,Dept. of Comput. & Inf. Sci.; Univ. of Macau; Macau; China
2560,Nat. ICT Australia; Univ. of New South Wales; Sydney; NSW; Australia#TAB#
2561,School of Science and Technology; MiddleSex University; London; UK
2562,Harvard University ; Cambridge; MA; USA
2563,Eastman Kodak Company; Rochester; NY; USA#TAB#
2564,Eastman Kodak Company; San Jose; CA; USA#TAB#
2565,Fac. of Inf. Technol.; Monash Univ.; Monash; VIC; Australia
2566,Artificial Intell. Res. Inst.; Bellaterra; Spain
2567,Data Manage. & Data Exploration Group; RWTH Aachen Univ.; Aachen; Germany
2568,Department of Computer Science; University of California—Davis; Davis; CA; USA
2569,University of Southern California Information Sciences Institute; Marina del Rey; CA; USA#TAB#
2570,University of Luxembourg > Faculty of Science; Technology and Communication (FSTC) > Computer Science and Communications Research Unit (CSC)
2571,Arizona State University; Sunnyvalue; USA#TAB#
2572,School of Computing Science University of Glasgow Glasgow United Kingdom
2573,Catalyst Repository Systems; Palo Alto; USA
2574,Université de Toulouse UPS IRIT; Toulouse; France#TAB#
2575,Dept. de Inf. e Estatistica; Univ. Fed. de Santa Catarina; Florianópolis; Brazil
2576,Dept. of Comput. Sci.; Univ. of Minnesota; Mineapolis; MN; USA
2577,Yahoo! Research; New York; NY; USA
2578,Imaging Research Center; University of Texas at Austin; Austin; TX; USA
2579,Biomed. Eng. Dept.; Univ. of Texas at Austin; Austin; TX; USA
2580,ECE Department; Univ. of Texas at Austin; Austin; TX; USA
2581,Inf. Syst. Dept.; Univ. of Haifa; Haifa; Israel
2582,Dept. of Math & Comput. Sci.; Emory Univ.; Atlanta; GA; USA
2583,Knowledge Manage. & Discovery Group; Otto-von-Guericke Univ. Magdeburg; Magdeburg; Germany
2584,Dept. of Stat. & Oper. Res.; Univ. of Graz; Graz; Austria
2585,Key Lab. of Machine Perception(Minist. of Educ.); Peking Univ.; Beijing; China
2586,Boston University Boston MA USA
2587,University of Illinois at Chicago; University of Illinois at Chic; IL; USA#TAB#
2588,NII; Tokyo; Japan
2589,University of Tsukuba; Ibaraki; Japan
2590,Shirayuri College; Tokyo; Japan
2591,MSRA; Beijing; China#TAB#
2592,Waseda University Shinjuku Japan
2593,Department of Computer Science and Information Engineering; National Taiwan University; Taiwan; Taipei; Taiwan Roc
2594,Department of Computer Science; Georgia State University; Atlanta GA USA
2595,Emory University; Atlanta; USA
2596,Microsoft; Bellevue; USA#TAB#
2597,The Chinese University of Hong Kong; AT&T Labs Research; Hong Kong; San Francisco; China#TAB#
2598,Dept. of CSE; IIT Madras; Chennai; India
2599,Arizona State University; Tempe; Arizona. USA
2600,Texas State University--San Marcos; San Marcos; TX; USA#TAB#
2601,University of Central Arkansas; Conway; USA#TAB#
2602,Yahoo! Inc; New York; NY; USA
2603,Department of Computer Science; National Chengchi University; Chengchi; Taiwan
2604,Research Center for Information Technology Innovation; Taipei Taiwan#TAB#
2605,University of California; Los Angeles; Los angeles; USA
2606,Smarter Cities Technol. Center; IBM Res.; Dublin; Ireland
2607,Department of Computer Science; VU University Amsterdam; Amsterdam; Netherlands#TAB#
2608,Ca’ Foscari University of Venice Venice Italy
2609,Sch. of Comput.; Teesside Univ.; Middlesbrough; UK
2610,Google Research; San Francisco; USA
2611,University of La Rochelle; La Rochelle; France#TAB#
2612,Manage. Sch.; Grad. Univ. of Chinese Acad. of Sci.; Beijing; China
2613,Guanghua Sch. of Manage.; Peking Univ.; Beijing; China
2614,Res. Centre on Fictitious Econ. & Data Sci.; Beijing; China
2615,DePaul Univ.; Chicago; IL; USA
2616,Sch. of Electr. Eng. & Comput. Sci; Oregon State Univ.; Corvallis; OR; USA
2617,Monash University; Churchill; Australia
2618,The Australian National University ; Canberra ; ACT ; Australia
2619,Dept. of Comput. Sci. and Inf. Eng.; Nat. Chung Cheng Univ.; Chiayi; Taiwan
2620,LinkedIn; Mountain View; USA#TAB#
2621,(Rutgers University; Newark; New Jersey; USA)
2622,Comput. Sci. & Eng. Dept.; York Univ.; Toronto; ON; Canada
2623,City University of Hong Kong Kowloon Hong Kong
2624,Chinese University of Hong Kong Shatin Hong Kong
2625,Chinese Academy of Sciences / China Data Technology; Beijing; China#TAB#
2626,Dept. of Stat.; Korea Univ.; Seoul; South Korea
2627,Math.; Inf. & Stat.; CSIRO; Canberra; ACT; Australia
2628,LIPADE; Univ. Paris Descartes; Paris; France
2629,Northeastern Univeristy; Boston; MA; USA
2630,Palantir; Palo Alto; USA
2631,Chalmers Univ. of Tech.; Gothenburg; Sweden
2632,Findwise AB; Gothenburg; Sweden
2633,South China University of Technology; Guangzhou China
2634,‡University of Edinburgh; Edinburgh; United Kingdom
2635,IMT; Institute for Advanced Studies Lucca; Lucca; Italy
2636,CEE; Rensselaer Polytechnic Institute; Troy; NY#TAB#
2637,WINLAB; Rutgers University; North Brunswick NJ
2638,‡University of Padova; Padova; Italy
2639,It university of copenhagen; copenhagen; denmark#TAB#
2640,UIC; Chicago; USA
2641,Electr. Eng. & Comput. Sci.; Seoul Nat. Univ.; Seoul; South Korea
2642,Civil & Environ. Eng.; Yonsei Univ.; Seoul; South Korea
2643,Seoul National University ; Seoul ; South Korea
2644,University of Seoul Seoul South Korea
2645,Johannes-Gutenberg University Mainz; Mainz; Germany;
2646,Department of Computer Science; University of Waikato; Hamilton; New Zealand
2647,Dept. of Electr. Eng.; Eindhoven Univ. of Technol.; Eindhoven; Netherlands
2648,INCAS3; Assen; Netherlands
2649,Zhejiang Gongshang University; Hangzhou; China
2650,DataSpark; Singtel; Singapore; Singapore
2651,-; Singapore; Singapore
2652,Inst. of Econ. & Manage.; Hebei Univ. of Eng.; Handan; China
2653,Logistics Manage. Div.; Hebei Univ. of Eng.; Handan; China
2654,University of Alberta; Edmonton AB; Canada
2655,Inf. Center; Nat. Sci. Found. of China; Beijing; China
2656,School of Information Science and Engineering ; Ningbo University; Ningbo; China
2657,University of California Riverside ; CA ; USA
2658,University of California; Rverside; CA; USA
2659,Sch. of Comput. Sci.; Beijing Univ. of Posts & Telecommun.; Beijing; China#TAB#
2660,Xiamen University; Xiamen; China;
2661,Sch. of Comput. Sci. & Technol.; Beijing Univ. of Aeronaut. & Astronaut.; Beijing; China
2662,Dept. of Marketing; Ghent University; Ghent; Belgium
2663,RWTH Aachen University; Hamilton; Germany#TAB#
2664,University of Waikato; Hamilton; Hamilton; New Zealand
2665,College of Engineering; Northeastern University; Boston MA USA
2666,Pennsylvania State University; College Station; PA; USA#TAB#
2667,Google Research; Mountain View; IL; USA#TAB#
2668,University of Illinois at Urbana-Champaign; Urbana; CA; USA
2669,#N# †University of California at Berkeley; Berkeley; CA; USA
2670,Stanford Univ.; Menlo Park; CA; USA
2671,Xi’An Jiaotong-Liverpool University; Suzhou; China
2672,SZRI; Chinese University of Hong Kong; Shenzhen/ Hong Kong; China
2673,National Institute of Information and Communications Technology; Japan and University of Tokyo; Japan; Tokyo; Japan#TAB#
2674,National University of Defense Technology; China; Changsha; China#TAB#
2675,National Institute of Informatics; Japan and University of Tokyo; Japan; Tokyo; Japan
2676,Dept.of Computer Science; Tokyo Institute of Technology; Tokyo; Japan
2677,Sch. of Traffic & Transp.; Beijing Jiaotong Univ. Beijing; Beijing; China
2678,Cedric-CNAM & Multiposting.fr; Paris; France#TAB#
2679,Cedric-CNAM; Paris; France#TAB#
2680,School of Computer Science; Simon Fraser University; Vancouver; BC; Canada#TAB#
2681,Lawrence Livermore Lab.; Livermore; CA USA
2682,University of Warwick Coventry ; United Kingdom
2683,Living Analytics Res. Centre; Singapore Manage. Univ.; Singapore; Singapore
2684,Ludwig-Maximilians-Universität ; Munich; Germany
2685,Sch. of Comput. Sci. & Technol.; SooChow Univ.; Suzhou; China
2686,Sch. of Comput.; Northwestern Polytech. Univ.; Xi'an; China
2687,Dept. of Phys. & Electron. Inf. Eng.; Wenzhou Univ.; Wenzhou; China
2688,Inf. Syst. & Adv. Comput. Lab.; MIRACL-Sfax Univ.; Sfax; Tunisia
2689,Institute of Mathematics and Computer Science - University of São Paulo; São Carlos; Brasil
2690,Dept. of Computer Science; Stevens Institute of Technology; Hoboken; NJ; USA
2691,Ancestry.com; San Francisco; CA; USA
2692,Sch. of Hotel & Tourism Manage.; Hong Kong Polytech. Univ.; Hong Kong; China
2693,University of Chicago
2694,Nat. Centre for Biol. Sci. (TIFR); Bangalore; India
2695,Int. Inst. of Inf. Technol.-Hyderabad; Hyderabad; India
2696,McGill University; Montréal; PQ; CANADA
2697,University of Colorado at Boul; Boulder; CO; USA
2698,Div. of Inf.; Tsinghua Univ.; Shenzhen; China
2699,#N# University of Rochester; Rochester; USA
2700,Dept. of Electr. Eng.; Chinese Naval Acad.; Kaohsiung; Taiwan#TAB#
2701,TU Delft; Delft; Holland
2702,Sch. of Knowledge Sci.; Japan Adv. Inst. of Sci. & Technol.; Ishikawa; Japan
2703,Department of Psychological & Brain Science; Indiana University; Bloomington; IN; USA
2704,Key Lab. of Intell. Inf. Process.; Inst. of Comput. Technol.; Beijing; China
2705,The Pennsylvania State University; State College ; PA; USA
2706,Tsinghua University; Beiing; China
2707,Yahoo! Labs; Sunnyale; CA; USA
2708,Smart Technology Research Centre; Bournemouth University; Bournemouth; UK
2709,Sinnia; Mexico City; Mexico
2710,Oracle Corp.; Redwood Shores; CA; USA#TAB#
2711,The Boeing Company; Bellevue; WA; USA
2712,The New Yorker Magazine; New York; NY; USA
2713,A9.com at Amazon; Beijing; China
2714,Chalmers University of Technology; Göteborg; Sweden.
2715,Dept. of Computer Science; Pohang University of Science and Technology; Pohang; South Korea
2716,Amazon; Bangalore; India#TAB#
2717,Microsoft Research; NEW YORK; NY; USA
2718,Baidu Big Data Lab.; Sunnyvale; CA; USA
2719,University Of Illinois; Urbana; IL USA
2720,University of Patras & Computer Technology Institute and Press Diophantus; Patra; Greece#TAB#
2721,Department of Computer Science; University of Texas at Dallas; Richardson; TX USA
2722,Dept. of Comput. Sci. & Eng.; Univ. of Texas; Arlington; TX; USA
2723,Dept. of Electr. Eng. & Comput. Sci.; Colorado Sch. of Mines; Golden; CO; USA
2724,Department of Computer Science; University of Helsinki; Helsinki; Finland#TAB#
2725,Inst. of Intell. Syst. & Decision; Wenzhou Univ.; Wenzhou; China
2726,Inst. of Autom.; Beijing; China
2727,Inst. of Appl. Math.; AMSS; Beijing; China
2728,IUPUI Indianapolis IN USA
2729,ETH Zürich; Basel; Switzerland#TAB#
2730,Sch. of Econ. & Trade; Zhengzhou Inst. of Aeronaut. Ind. Manage.; Zhengzhou; China
2731,Ben-Gurion University of the Negev and Deutsche Telekom Laboratories; Beer-Sheva; Israel
2732,Haverford College; Haverford; PA; USA#TAB#
2733,Computer Science And Automation; Indian Institute of Science; Bangalore; India#TAB#
2734,E-Com Res. Lab.; Infosys Ltd.; Bangalore; India
2735,IBM Research Lab.; Delhi; India
2736,Indiana University - Purdue University Indianapolis; indianapolis; IN; USA
2737,Xiamen University of Technology; Xiamen; CHINA
2738,Department of Machine Intelligence; Peking University; Beijing; China#TAB#
2739,Department of Computer Science; Cal Poly; San Luis Obispo; CA; USA
2740,Dept. of Biol.; Cal Poly; San Luis Obispo; CA; USA
2741,Dept. of Chem.; Cal Poly; San Luis Obispo; CA; USA
2742,Chinese University of Hong Kong; Shatin; China;
2743,University of Chicago / Edgeflip; Chicago; USA
2744,SweetIM; Ra'anana; Israel
2745,Dept. of Stat.; Tel Aviv Univ.; Tel Aviv; Israel
2746,Shandong University & Shandong Provincial Key Laboratory of Software Engineering; Jinan; China
2747,Shandong Province Post Company; Jinan; China
2748,Coll. of Inf. Eng.; Inner Mongolia Univ. of Technol.; Hohhot; China
2749,The University of Texas at Austin; Austin; USA
2750,Visa Inc.; Foster City; CA; USA
2751,Stevens Institute of Technology; Hoboken; NJ; USA;
2752,Columbia University; Columbia; NY; USA
2753,NOKIA Research Center; Beijing; CHINA
2754,Sch. of Software; Ludong Univ.; Ludong; China
2755,Inst. of Network & Technol.; ICT; Yantai; China
2756,Dept. of Studio; HTC Corp.; Taipei; Taiwan
2757,IIT Kharagpur; Kharagpur India#TAB#
2758,IBM Corporate Headquarters; Armonk; NY; USA
2759,Microsoft Research Asia; Beijing; USA#TAB#
2760,Inst. of Autom.; NLPR; Beijing; China
2761,Turgut Ozal University; Ankara; Turkey
2762,Department of Process Engineering; University of Pannonia; Veszprém; Hungary
2763,Turku Centre for Biotechnol.; Univ. of Turku; Turku; Finland
2764,Univ. of Melbourne;Parkville;Australia
2765,Concordia University; Montréal; PQ; Canada#TAB#
2766,Societe de transport de Montreal; Montreal; PQ; Canada
2767,Dept. of Comput. Sci. & Eng.; Chinese Univ. of Hong Kong; Hong Kong; China
2768,Max Planck Inst. for Intell. Syst.; Tubingen; Germany
2769,University Erlangen-Nuremberg and CERN; Erlangen; Germany#TAB#
2770,University Erlangen-Nuremberg; Erlangen; Germany
2771,Cern Geneva; Switzerland
2772,Infosys Technologies Limited.; Bangalore; India
2773,Infosys Technologies Limited; Hyderabad; India
2774,Army Research Laboratory; Adelphi; MD (USA)
2775,Dept. of Comput. Sci.; UCLA; Los Angeles; CA; USA
2776,Department of Computer Science; University of Sheffield; Sheffield; UK.
2777,National ICT Australia; Parkville; Australia
2778,Dept. of Neuroradiology; Tech. Univ. of Munich; Munich; Germany
2779,Institute for Computer Science; University of Mainz; Mainz; Germany
2780,Sch. of Comput. Sci.; Zhongyuan Univ. of Technol.; Zhengzhou; China
2781,Dalian Maritime University; Dalian; CHINA
2782,Dong-A University; Busan; South Korea
2783,Stanford Center for Biomed. Inf. Res.; Stanford Univ.; Stanford; CA; USA
2784,Comput. Sci. Dept.; Kent State Univ.; Kent; OH; USA
2785,University of Washington; Tacoma; Tacoma; USA#TAB#
2786,Multicare Health Systems; Tacoma; USA
2787,Syracuse Univ.; Syracuse; NY; USA
2788,School of Computer Science; University of Nottingham; Nottingham; UK;
2789,Kyushu University Hospital; Fukuoka Japan
2790,Grameen Communications; Dhaka; Bangladesh
2791,National Institute of Information; and Communications Technology; Tokyo; Japan
2792,Kyushu Institute of Technology Kitakyushu; Japan
2793,Hamamatsu Univ Sch of Medicine; Hamamatsu; Japan
2794,Fukuoka University Chikushi Hospital; Chikushino; Japan#TAB#
2795,Dept. of Comput. Sc. & Eng.; All Saints Coll. of Technol.; Bhopal; India
2796,Bansal Inst. of Sci. & Technol.; Bhopal; India
2797,(RGPV; Bhopal; India)
2798,Sch. of Comput.; Inf. & Decision Syst. Eng.; Arizona State Univ.; Tempe; AZ; USA
2799,UIUC; Urbana Champaign; IL; USA
2800,MPI; Saarbrucken; Germany
2801,eXascale Infolab; University of Fribourg; Fribourg; Switzerland
2802,Center for Adv. Comput. Studies; Univ. of Louisiana at Lafayette; Lafayette; LA; USA
2803,Comput. & Inf. Sci.; Univ. of South Alabama; Mobile; AL; USA
2804,Tokyo Denki University; Chiba; Japan#TAB#
2805,Department of Computer and Information Science; Indiana University Purdue University Indianapolis IN; USA
2806,Department of Electrical Engineering and Computer Science; University of Kansas; Lawrence KS USA
2807,Indiana University School of Informatics; Indiana University--Purdue University; Indianapolis; IN; USA#TAB#
2808,Dept. of Comput. Sci.; Rensselaer Polytechnic Inst.; Troy; NY; USA
2809,Università Ca’ Foscari Venezia; Venice; Italy
2810,I.S.T.I. A. Faedo; CNR; Pisa; Pisa; Italy
2811,Hong Kong University of Science and Technology; Kowloon; China
2812,UNIVERSITY OF BRITISH COLUMBIA Vancouver; Canada
2813,Dalhousie Univ.; Halifax; Canada
2814,Computer Science Dept.; Stony Brook University; Stony Brook; NY; USA
2815,CEA LIST; Fontenay-aux-Roses; France
2816,LIMSI-CNRS Orsay; France
2817,IBM Research Ireland; Dublin; Ireland#TAB#
2818,Adv. Analytics Inst.; Univ. of Technol.; Sydney; NSW; Australia
2819,Ohio State University; Columbus; OH USA
2820,University of Sherbrooke; Sherbrooke; PQ; Canada#TAB#
2821,Univ of Miami; Miami; FL; USA
2822,Georgia State University; Atlanta; GA;#R# USA
2823,Department of Computer Science / University of Calgary / Calgary / AB / Canada
2824,Dept. of Phys. & Astron.; Univ. of Calgary; Calgary; AB; Canada
2825,IIIT; Hyderabad; India
2826,Microsoft; Hyderabad; India#TAB#
2827,Nanjing Univ.;Nanjing;China
2828,Arizona State University ; Phoenix ; AZ ; USA
2829,CEA; LIST; Vision & Content Engineering Laboratory; Gif-sur-Yvettes; France
2830,University of Maryland; Baltimore; USA;
2831,University Porto; Porto; Portugal
2832,IBM T.J Watson Research; New York; USA
2833,Indian Inst. of Technol. Mandi; Mandi; India
2834,Computing Science
2835,Johns-Hopkins university; Baltimore; USA
2836,Tsinghua National Laboratory for Information Science and Technology; Tsinghua Univ; Beijing; China
2837,School of Engineering; University of Connecticut; Storrs; USA
2838,Data Science; Alibaba Group; Seattle; USA#TAB#
2839,Boston University; Boston; Massachusetts; USA#TAB#
2840,Raytheon BBN Technologies; Cambridge; Massachusetts; USA
2841,Fraunhofer IAIS; Sankt Augustin; Germany
2842,Ludwig-Maximilians-Universität Munchen; Múnich; Germany
2843,Otto-von-Guericke-Univ. Magdeburg; Magdeburg; Germany#TAB#
2844,University of Porto Porto; Portugal#TAB#
2845,Polytechnic University Madrid; Madrid; Spain
2846,IBM T.J. Watson Research Center; Yorktown Heights; CA; USA
2847,Yahoo! Labs; Bengaluru; India#TAB#
2848,Indraprastha Institute of Information Technology; New Delhi; India#TAB#
2849,Dept. of Comput. Sci.; Univ. of Notre-Dame; Notre Dame; IN; USA
2850,College of William and Mary; Williamsburg; VA; USA;
2851,Universität Salzburg; Salzburg; Austria
2852,ICS/FORTH & University of Crete; Heraklion; Greece#TAB#
2853,University of Notre Dame; Notre Dame IN; USA
2854,University of Minnesota; Minneapoli; MN; USA#TAB#
2855,Loyola University Chicago; Chicago IL USA
2856,Ludwig Maximilians Universität; München; München; Germany
2857,University of Central Arkansas Conway AR USA
2858,University of Central Arkansas; University of Central Arkansas; AR; USA#TAB#
2859,CEUNES; Fed. Univ. of Espirito Santo; Sao Mateus; Brazil
2860,Fed. Univ. of Sao Carlos; Sao Carlos; Brazil
2861,ExxonMobil Research and Engineering Company; Annandale; NJ; USA
2862,Samsung Information System of America; San Jose; CA; USA#TAB#
2863,IBM T J Watson Res. Center; New York; NY; USA
2864,IBM Bangalore; India#TAB#
2865,IBM; Hyderabad; India
2866,Amazon SDC; Bangalore; India
2867,SRI International; Menlo Park CA; USA
2868,Tsinghua National Laboratory for Information Science and Technology; Tsinghua University; and Capital Medical University; Beijing; China#TAB#
2869,Tsinghua National Laboratory for Information Science and Technology and Tsinghua University; Beijing; China#TAB#
2870,Oracle Corporation; Nashua; NH; USA#TAB#
2871,Department of Computer Science and Engineering Southern Methodist University Dallas; TX; USA
2872,Hewlett-Packard Research; Sunnyvale; CA; USA
2873,School of Computer Science; Bangor University; Bangor; UK;
2874,Institute of Life Science Swansea University Swansea UK
2875,Welsh Centre for Printing and Coating; Swansea University; Swansea; UK
2876,King Mongkut's Institute of Technology/Ladkrabang (Thailand)
2877,State key Lab. of software Dev. Environ.; Beihang Univ.; Beijing; China
2878,Nat. Digital Switching Syst. Eng. & Technol. Res. Center; Beijing; China
2879,MPI for Software Systems; Kaiserslautern; Germany
2880,Johns Hopkins University; Baltimore; MD; USA
2881,University of North Carolina at Chapel Hill; CARRBORO; N. Carolina; USA#TAB#
2882,(Case Western Reserve University; Cleveland; USA)
2883,University of North Carolina at Chapel Hill; Chapel Hill; N. Carolina; USA#TAB#
2884,University of California at Los Angeles ; Los Angeles; USA
2885,Computer Science Department; American University of Beirut; Beirut; Lebanon.#TAB#
2886,Electr. & Comput. Eng.; American Univ. of Beirut; Beirut; Lebanon
2887,Arizona State University; Arizona USA
2888,Google Research; California; USA#TAB#
2889,School of Computer Science; Shanghai Key Laboratory of Data Science; Shanghai; China
2890,HIIT and Aalto University; Helsinki; Finland#TAB#
2891,University of Pittsburgh; Pittsburgh; USA
2892,Boston University ; Boston; USA
2893,Tsinhua University; Beijing; China and Xi'an Communication Institute; Xi'an; China
2894,Tsinhua University; Beijing; China and Chinese Institute of Electronic System Engineering; Beijing; China
2895,Tsinhua University; Beijing; China
2896,Chinese Institute of Electronic System Engineering; Beijing; China
2897,East China Normal University; Shanghai; China.
2898,LIP - UPMC; Paris; France#TAB#
2899,Fac. of Eng. & Natural Sci.; Sabanci Univ.; Istanbul; Turkey
2900,Inst. of Inf. Sci.; Acad. Sinica; Taipei; Taiwan
2901,Capgemini Deutschland GmbH; Hannover; Germany#TAB#
2902,Internet Commerce Security Lab.; Univ. of Ballarat; Ballarat; VIC; Australia
2903,National Singapore University; Singapore; Singapore
2904,(university of pittsburgh)
2905,Stevens Institute of Technology;
2906,University of Glasgow; Glasgow; Gt Britain
2907,the University of Melbourne; Parkville; Australia
2908,University of Washington Tacoma Tacoma WA USA
2909,Ghent University; Ghent; Netherlands
2910,Huawei Noah’s Ark Lab; Shenzhen; China
2911,Integrated Media Syst. Center; Univ. of Southern California; Los Angeles; CA; USA
2912,Hewlett Packard Labs.; Palo Alto; CA; USA#TAB#
2913,Qatar Computing Research Institute (QCRI); Doha; Qatar
2914,Intel Corporation; Beijing; China
2915,Intel Corporation; Chandler; AZ; USA
2916,Intel Corporation; Bangalore; India
2917,Intel Corporation; Markham; Canada
2918,NICTA Victoria Laboratory; The University of Melbourne; Melbourne; Australia
2919,NICTA ATP Laboratory; The University of Melbourne; Melbourne; Australia#TAB#
2920,Telefonica Research; ; Madrid; Spain
2921,MIT; Boston; MA; USA#TAB#
2922,Department of Computer Science; Stony Brook University; Stony Brook; NY; USA
2923,Comodo Security Solutions; Inc;; Beijing; China
2924,NEC Laboratories America; Cupertino; CA; USA
2925,Comodo Security Solutions; Inc; New Jersey; NJ; USA
2926,Université Grenoble Alpes; LIG; CNRS; Grenoble; France
2927,Dept. of Signal Theor. & Commun.; Univ. Carlos III de Madrid.; Leganés; Spain
2928,Georgia Tech; Atlanta; GA.; USA#TAB#
2929,Univ. of Int. Bus. & Econ.; Beijing; China
2930,Renmin University of China & Microsoft Research China; Beijing; China
2931,Universita' Roma Tre; Rome; Italy
2932,Free University of Bozen- Bolzano; Bozen-Bolzano; Italy
2933,University of Zürich</br>Zürich; Switzerland
2934,Centro Univ. UAEM Zumpango; Univ. Autonoma del Estado de Mexico Zumpango Estado de Mexico; Zumpango; Mexico
2935,Computer Science Department; CINVESTAV-IPN; Mexico City; México
2936,Nat. Inst. of Adv. Ind. Sci. & Technol.; Tsukuba; Japan
2937,Sch. of Med.; Wake Forest Univ.; Wake Forest; NC; USA
2938,Tsinghua University Library; Tsinghua University; Beijing; China#TAB#
2939,Renmin University; Beijing; China#TAB#
2940,Criteo; Palo Alto; CA; USA
2941,ICT Sch.; R. Institue of Technol. (KTH); Stockholm; Sweden
2942,School of Computing; Informatics; and Decision Systems Engineering; ASU; Tempe; USA
2943,KAIST Institute; Daejeon; South Korea
2944,SUNY Korea & Stony brook University; Incheon; South Korea#TAB#
2945,Dept..of Electr. Eng. & Comput. Sci.; Univ. of Kansas; Lawrence; KS; USA
2946,IBM; Haifa; Israel#TAB#
2947,Knowledge Media Institute; Milton Keynes; United Kingdom
2948,Peking University & Singapore Management University; Beijing; China#TAB#
2949,UC; Santa Cruz; Santa Cruz; USA#TAB#
2950,Dept. of Biomed. Eng.; Tsinghua Univ.; Beijing; China
2951,Department of Automation; Tsinghua University; Beijing ; China
2952,Sch. of Comput. Sci. & Eng.; Southeast Univ.; Nanjing; China
2953,New York University Brooklyn NY USA
2954,independent; seattle; WA; USA
2955,Gavagai Stockholm; Stockholm; Sweden
2956,Dept. of Computer Science; University of Maryland; College Park; MD; USA
2957,Yahoo; Sunnyvale; USA#TAB#
2958,Univ. de Lyon; Lyon; France
2959,Dept. of Comput. Sci.; Gunma Univ. Kiryu; Kiryu; Japan
2960,Clayton School of Information Technology; Monash University ; Melbourne; Vic.; Australia
2961,Sch. of Eng. & Inf. Technol.; Federation Univ.; Mount Helen; VIC; Australia
2962,Saint Petersburg State University; Saint Petersburg; Russian Fed.
2963,Florida Atlantic University; Boca Raton; FL; USA
2964,Yahoo! Reseaarch; Santa Clara; CA; USA
2965,North Dakota State University; Fargo; USA
2966,Dept. of Comput. Sci. & Inf. Eng.; Kainan Univ.; Luchu; Taiwan
2967,University of Southern California; LA; CA; USA
2968,Dept. of Biomed. Eng.; Shenzhen Univ.; Shenzhen; China
2969,Dept. of Infectious Diseases; Affiliated Shenzhen Nanshan Hosp. of Guangdong Med. Coll.; Shenzhen; China
2970,L3i; University of La Rochelle; La Rochelle; France; France
2971,IUMW; Kuala Lumpur; Malaysia; Malaysia
2972,LTSIRS; University of Tunis; Tunis; Tunsia; Tunisia#TAB#
2973,Sch. of Comput. Sci.; Univ. of British Columbia; Vancouver; BC; Canada
2974,Sch. of Inf. & Commun. Technol; KTH R. Inst. of Technol.; Stockholm; Sweden
2975,Fraunhofer Res. Instn. for Appl. & Integrated Security; Munich; Germany
2976,IBM Watson Research Center; Yorktown Heights; New York; USA#TAB#
2977,AUEB and CERTH; Athens; Greece
2978,Univ. of Piraeus; Athens; Greece
2979,Microsoft Bing; Munich; Germany
2980,Inst. of Built Environ. & Control; Zhongkai Univ. of Agric. & Eng.; Guangzhou; China
2981,24/7 Customer Innovation Labs; Bangalore; India
2982,24/7 Customer; Campbell; CA; USA
2983,Montreal Heart Inst.; Univ. de Montreal; Montreal; QC; Canada
2984,INRIA Nancy - Grand Est; Villers-l`es-Nancy; France
2985,LIRIS; INSA Lyon; Villeurbanne; France
2986,Hong Kong University of Science and Technology & Huawei Noah's Ark Lab; Hong Kong; Hong Kong#TAB#
2987,Catalyst Repository Systems; Denver; CO; USA
2988,CRP Henri Tudor & University of Paris-Sud XI; Luxembourg; Luxembourg
2989,CRP Henri Tudor; Luxembourg; Luxembourg
2990,University of Paris-Sud XI; Orsay France#TAB#
2991,Laboratoire dInformatique de Grenoble - UJF; Grenoble; France
2992,Laboratoire dInformatique de Grenoble - CNRS; Grenoble; France
2993,George Washington University; Washington DC; USA
2994,CRACS; Univ. do Porto; Porto; Portugal
2995,Salesforce.com; San Francisco; USA
2996,Leonard N. Stern School of Business; New York University; New York NY USA
2997,KunMing Univ. Of Sci. & Technol.; Kunming; China
2998,Pennsylvania State University; University Park; USA
2999,IBM Research; San Jose; USA#TAB#
3000,Dept. of Computer Science; National Taiwan University; Taipei; Taiwan#TAB#
3001,Inst. of Inf. Sci.; Taipei; Taiwan
3002,USC Inf. Sci. Inst.; Marina; CA; USA
3003,Institute of Scientific and Technical Information of China; Beijng; China
3004,Institute of Scientific and Technical Information of China; Beijing; China
3005,Grad. Sch. of Inf. Sci. & Tech.; Osaka Univ.; Suita; Japan
3006,University of Birmingham; Edgbaston; United Kingdom
3007,TheFind; Inc; Mountain View; CA; USA
3008,Binghamton University; Binghamton ; NY; USA
3009,Dept of computer Science & Eng; University of Minnesota; Minneapolis; USA
3010,University of Waikato; Waikato New Zealand
3011,SAP Innovation Center Network; Brisbane; Australia
3012,Tencent Inc; Beijing; China#TAB#
3013,IMT-Inst. for Adv. Studies; Lucca; Italy
3014,Queen Mary University of London; London; United Kingdom;
3015,Caulfield Sch. of Inf. Technol.; Monash Univ.; Clayton; Vic.; Australia
3016,Yandex Data Factory; Moscow; Russian Fed.
3017,Roadway Engineering Consultant; Brisbane; Australia
3018,Adobe; San Jose; CA; USA
3019,U. S. Army Research Laboratory Adelphi MD USA
3020,Dept. of Comput. Eng. & Math.; Univ. Rovira i Virgili; Tarragona; Spain
3021,Boire Filler Group; Pickering; ON; Canada
3022,ETRI Daejeon; South Korea
3023,Universidad Nacional de Córdoba; Cordoba; ARGENTINA
3024,University of Fribourg; Fribourg; Switzerland.
3025,Born Informatik AG; Bern; Switzerland
3026,Chinese Academy of Sciences; Beijing; Australia
3027,Oxford Brookes University; Oxford; United Kingdom
3028,University of Oxford; Oxford; United Kingdom
3029,Signalfire; San Francisco; CA; USA
3030,Institute for Infocomm Research; A*STAR Singapore Singapore
3031,Fac. of Inf. Sci. & Eng.; Univ. of Canberra; Canberra; ACT; Australia
3032,The University of Technology; Sydney; Sydney; Australia#TAB#
3033,coll. of Comput.; Georgia Inst. of Technol.; Atlanta; GA; USA
3034,Georgia Tech. Res. Inst.; Atlanta; GA USA#TAB#
3035,Dept. of Biol.; Georgia Inst. of Technol.; Atlanta; GA; USA
3036,AT&T Laboratories—Research; New Jersey; USA
3037,Center for Intell. Inf. Retrieval; Univ. of Massachusetts Amherst; Amherst; MA; USA
3038,University of Houston / EMC Greenplum; Houston; TX; USA
3039,The University of Texas M. D. Anderson Cancer Center; Houston; TX; USA#TAB#
3040,Los Alamos National Laboratory Los Alamos NM USA
3041,Howard Hughes Medical Institute; Ashburn; VA; USA#TAB#
3042,Google Research; New York; NY; USA
3043,Department of Information Technology; Åbo Akademi University; Turku; Finland
3044,NIST; Gaithersburg; MD; USA
3045,Facebook Inc.; Palo Alto; CA; USA
3046,Dept. of Biochem. & Cell Biol.; Stony Brook Univ.; Stony Brook; NY; USA#TAB#
3047,Computatational Sci. Center; Brookhaven Nat. Lab.; Upton; NY; USA
3048,LIPADE; Paris-Descartes University; Paris; France
3049,Department of Computer Science and Engineering; SUNY at Buffalo; Buffalo; NY USA
3050,Foursquare; New York; NY; USA
3051,National Electronics and Computer Technology Center Thailand; Pathumthani; Thailand
3052,USC/Information Sciences Institute; Marina del Rey; CA; USA#TAB#
3053,University of Maryland; College Park; College Park; MD; USA.
3054,Cornell Tech; New York; NY; USA
3055,NTT Software Innovation Center; Tokyo; Japan
3056,NTT Service Evolution Labs.; Kanagawa; Japan#TAB#
3057,Univ. of São Paulo; São Carlos; Brazil
3058,Yahoo! Research; Silicon Valley; CA; USA
3059,“Higher School of Economics” National Research University; Nizhny Novgorod; Russia
3060,Martin Luther University Halle-Wittenberg ; Halle; Germany
3061,Dept. of Comput. Sci.; Kent State Univ.; Kent; OH; USA
3062,Computer & Information Science; University of Oregon; Eugene; OR; USA
3063,National Institutes of Health; Bethesda ; USA
3064,PeaceHealth Laboratories; Springfield; USA
3065,HealthMantic Inc; Austin; USA
3066,Electr. Eng. & Comput. Sci.; Univ. of Michigan; Ann Arbor; MI; USA
3067,School of Science ; Minzu University of China ; Beijing; China
3068,Language Technol. Inst.; Carnegie Mellon Univ.; Pittsburgh; PA; USA
3069,Machine Learning Dept.; Carnegie Mellon Univ.; Pittsburgh; PA; USA#TAB#
3070,Dept. of Electron. Eng.; South China Agric. Univ.; Guangzhou; China
3071,Sch. of Electron. & Information Eng.; South China Univ. of Technol.; Guangzhou; China
3072,Inf. & Comput. Sci. Dept.; Univ. of Hawaii at Manoa; Honolulu; HI; USA
3073,MPI-SWS; Saarbrücken ; Germany
3074,EURECOM; Sophia Antipolis; France#TAB#
3075,ICSI/LBNL; Berkeley; USA
3076,Key Lab. of Intell. Perception & Image Understanding of Minist. of Educ. of China; Xidian Univ.; Xi'an; China
3077,T.J. Watson Res. Center; Healthcare Transformation Group; IBM; Hawthorne; NY; USA#TAB#
3078,Vanderbilt University; Nashville; TN; USA & Second Military Medical University; Shanghai; China#TAB#
3079,Data Insights Laboratories; San Jose; CA; USA
3080,University of Queensland; Brisbane/QLD/AUSTRALIA
3081,Queensland Res. Lab.; Nat. ICT Australia (NICTA); Brisbane; QLD; Australia
3082,LigaData; Palo Alto; CA; USA
3083,Centre for Quantum Comput. & Intell. Syst.; Univ. of Technol.; Sydney; NSW; Australia
3084,Dept. of Comput. Sci.; China Univ. of Geosci.; Wuhan; China
3085,Web Sci. Center; Univ. of Electron. Sci. & Technol. of China; Chengdu; China
3086,REGIM: Res. Group on Intell. Machines; Univ. of Sfax; Sfax; Tunisia#TAB#
3087,SomaLogic; Inc.; Boulder; CO; USA
3088,Grad. Sch. of Sci. & Technol.; Sophia Univ.; Tokyo; Japan
3089,Dept. of Computer Science; University of Houston; Houston; TX; USA
3090,Dept. of Chem. Eng.; Lamar Univ.; Beaumont; TX; USA
3091,Naval Medical Research Center; Corpus Christi; TX; USA#TAB#
3092,Indian Institute of Technology; Kharagpur (India)#TAB#
3093,MPI-SWS; Kaiserlautern-Saarbruecken; Germany
3094,Manage. Sch.; Shanghai Inst. of Foreign Trade; Shanghai; China
3095,School of Computing; National University of Singapore; Singapore; Singapore#TAB#
3096,Turn; Inc.; Redwood City; CA; USA
3097,QCIS Centre; Faculty of Eng. & Info. Tech.; University of Technology; Sydney; Sydney; Australia#TAB#
3098,Hanyang University; Ansan South Korea
3099,Computer Science and Engineering University of Notre Dame Notre Dame IN USA
3100,Jobaline Inc.; Kirkland; WA; USA
3101,University of South Carolina;Columbia SC;USA
3102,Netflix; Los Gatos; CA; USA#TAB#
3103,DePaul Universtity; Chicago; IL; USA
3104,Univ. of Texas at San Antonio#TAB#
3105,AL Phahelix Biometrics; Inc.
3106,SouthWest Clinical Laboratory Consultants
3107,CFPAL Biomedical Consultants
3108,University of Texas Health Science Center; at San Antonio
3109,Case Western Reserve University
3110,University of Texas at San Antonio
3111,Illinois Institute of Technology; Chicago; IL; USA#TAB#
3112,Heidelberg University; Germany; Heidelberg; Germany
3113,Pacific Northwest National Laboratory ; Richland; WA
3114,Aston University ; Birmingham ; United Kingdom
3115,wuyuexin@gmail.com; wuyuexin@gmail.com; China
3116,IBM Research -- Australia; Melbourne; Australia#TAB#
3117,Tehran Univ. of Med. Sci.; Tehran; Iran
3118,Stony Brook University; Stony Brook; NY; USA
3119,Simon Fraser University ; Vancouver; Canada
3120,Department of Computer Science and Information Engineering; National Taipei University; New Taipei; Taiwan
3121,Universidade Federal de Minas Gerais-UFMG; Belo Horizonte - MG; Brazil
3122,m6d Research; New York; USA
3123,New York University New York USA
3124,LMU München; Munich; Germany
3125,IMIM; Barcelona; Spain
3126,Siemens AG; Munich; Germany.
3127,School of Information Technology and Management; University of International Business and Economics; Beijing; China;
3128,The University of Mississippi; University; MS; USA
3129,Saarland University & Max Planck Institute for Informatics; Saarbrücken; Germany
3130,Comput. Lab.; Univ. of Cambridge; Cambridge; UK
3131,Tata Res. Dev. & Design Centre; Pune; India
3132,Teradata Cooporation; El Segundo; CA; USA
3133,Shanghai Jiaotong University;Shanghai;China)
3134,Dept. of Inf. Technol.; Tshwane Univ. of Technol.; Tshwane; South Africa
3135,Department of Information Technology; Durban University of Technology; Durban; South Africa
3136,Fac. of Inf. & Commun. Technol.; Tshwane Univ. of Technol.; Tshwane; South Africa
3137,MITRE Corp; McLean; VA; USA
3138,Department of Computer Science; National Taiwan University; Taipei; Taiwan; ROC
3139,Universidad del Valle; Cali; Colombia
3140,Comput. Inf.; CSIRO; Herston; QLD; Australia
3141,Center for Comput. Sci.; IDA; Bowie; MD; USA
3142,Fac. of Inf. & Commun. Technol.; Univ. Teknikal Malaysia Melaka; Ayer Keroh; Malaysia
3143,Fac. of Sci. & Technol; Queensland Univ. of Technol.; Brisbane; QLD; Australia
3144,INESC-ID / Instituto Superior Tecnico; Universidade de Lisboa; Lisboa; Portugal
3145,Two Sigma Investments LP; New York; USA
3146,Eurecat; Barcelona; Spain
3147,ISI Foundation Turin Italy
3148,Harvard; Boston; MA; USA
3149,Department of Computer Science; Montclair State University; Montclair; NJ; USA#TAB#
3150,LUMS School of Science and Engineering Lahore; Pakistan
3151,University of Patras Patra Greece
3152,University of Warwick; Warwick; United Kingdom
3153,NASA Goddard Space Flight Center; Gravitational Astrophys. Lab.; Greenbelt; MD; USA
3154,Astrophys. Group; Cavendish Lab.; Cambridge; UK
3155,Kavli Inst. for Cosmol.; Cambridge; UK
3156,Dept. of Comput. Sci. & Eng.; Hong Kong Univ. of Sci. & Technol.; Kowloon; China#TAB#
3157,Kazan Federal University; Kazan; Russian Fed.#TAB#
3158,Comput. & Inf. Sci. Dept.; IUPUI; Indianapolis; IN; USA
3159,Google; Inc.; Pittsburgh; PA; USA#TAB#
3160,TappingStone Inc.; San Francisco; CA; USA
3161,Comput. Eng. Dept.; Middle East Tech. Univ. (METU); Ankara; Turkey
3162,Universidade Federal de Pernambuco; Recife; Brazil
3163,City University of Hong Kong & Shanghai Jiao Tong University; Hong Kong; Hong Kong#TAB#
3164,Shanghai University of Finance and Economics & Shanghai Jiao Tong University; Shanghai; China
3165,Nanjing Agricultural University; Nanjing; China;
3166,Technische Universität; München; Garching; Germany
3167,KDD Lab.; ISTI; Pisa; Italy
3168,KDD Lab.; Univ. of Pisa; Pisa; Italy
3169,BadrIT; Alexandria; Egypt
3170,Shanghai Jianqiao College; Shanghai; China
3171,; Credit Suisse AG; Zurich; Switzerland
3172,Department of Computer Science; Wayne State University; Detroit; MI USA
3173,Dept. of Radiol.; Henry Ford Health Syst.; Detroit; MI; USA
3174,Dept. of Neurosurg.; Henry Ford Health Syst.; Detroit; MI; USA
3175,David R. Cheriton School of Computer Science; University of Waterloo; Waterloo Canada
3176,Deakin University ; Geelong ; Victoria ; Australia
3177,Barwon Health; Geelong; Victoria; Australia
3178,Uniersity of Illinois at Urbana-Champaign; Champaign; Illinois; USA
3179,BBN Technology; Boston; Massachusetts; USA
3180,Pennsylvania State University; University Park; Pennsylvania; USA
3181,National University of Ireland Galway; Galway; Ireland.
3182,NPario Inc
3183,IRIT University of Toulouse Toulouse; France
3184,Pivotal; San Mateo; CA; USA
3185,University of California Santa Cruz ; Santa Cruz; USA
3186,Univ. of Electronic Science and Technology of China; Chengdu; China#TAB#
3187,Dept. of Math.; Imperial Coll. London; London; UK
3188,Department of Engineering Science; University of Oxford; Oxford; UK
3189,University of Texas at Dallas Richardson TX USA
3190,Comput. & Inf. Sci. Dept.; Towson Univ.; Towson; MD; USA
3191,CSIRO; Brisbane; Australia;
3192,The Biodesign Institute; Arizona State University; Tempe AZ USA
3193,Ghent University; Ghent; Belgium
3194,Cardiff University; Cardiff; United Kingdom
3195,Vrije Universiteit Brussel; Brussels Belgium
3196,University of Lyon; INSA-Lyon; Lyon; France
3197,Southeast University; Nanjing; P.R. China#TAB#
3198,IBM Res. Lab; Haifa; Israel
3199,States Information Center; Beijing; China
3200,Shannon Lab; Huawei Technologies Co. LTD; Beijing; China
3201,Korea Adv. Institue of Sci. & Technol.; Daejeon; South Korea
3202,Universidade de Santiago de Compostela; Santiago de Compostela Spain
3203,Nanjing University; National Key Laboratory for Novel Software Technology; 210093; Nanjing; China#TAB#
3204,UMass; Amherst; MA; USA#TAB#
3205,Tongji University; shanghai; China
3206,Institute for Defense Analyses; Alexandria; VA; USA
3207,Computer Science Department; University of Southern California; Los Angeles; CA; USA
3208,ExxonMobil Corp. Strategic Res.; Annandale; NJ; USA
3209,Dept of Comput.; Macquarie Univ.; Sydney; NSW; Australia
3210,Dept. of Comput. Sci. & Eng.; Washington Univ.; St. Louis; MO; USA
3211,Dept. of Space Sci. & Technol.; Xidian Univ.; Xi'an; China
3212,Department of Computer Science; University of Nebraska–Omaha; Omaha; NE; USA
3213,Tianjin University; Tianjin; China & The Open University; United Kingdom
3214,Lanzhou University; Lanzhou; China
3215,Univeristy of Pittsburgh; Pittsburgh; PA; USA#TAB#
3216,Horizon Digital Econ. Res.; Univ. of Nottingham; Nottingham; UK
3217,Technische Universitaet Berlin Berlin Germany
3218,Nursing Dept.; Matsue Red Cross Hosp.; Matsue; Japan
3219,Sch. of Comput. & Commun. Sci.; Swiss Fed. Inst. of Technol. (EPFL); Lausanne; Switzerland
3220,University of Yamanashi Kofu Japan#TAB#
3221,Department of Automation; University of Science and Technology of China; Hefei ; China
3222,Microsoft; Redmond; CA; USA#TAB#
3223,Microsoft Research; Redmond; CA; USA#TAB#
3224,Indian Institute of Technology; Guwahati India
3225,IBM Zürich Res. Lab.; Rüschlikon; Switzerland
3226,Courant Institute of Mathematical Sciences; Google Research; New York; NY; USA#TAB#
3227,Courant Institute of Mathematical Sciences; New York NY; USA
3228,The Hong Kong Univ. of Science and Technology; Kowloon; Hong Kong#TAB#
3229,Toyohashi Univ. of Technology
3230,SAP Innovation Center; Singapore; Singapore
3231,University of North Carolina; Chapel Hill; NC; USA
3232,Zhejiang Provincial Key Lab. of Service Robot; Zhejiang Univ.; Hangzhou; China
3233,ZHengzhou University; ZHengzhou ; China
3234,Normandy University; Caen; France
3235,Universite de La Rochelle; La Rochelle; France#TAB#
3236,Victoria University; Melbourne; Australia;
3237,Sch. of Inf. & Comput.; Indiana Univ. Bloomington; Bloomington; IN; USA
3238,Department of Computer Science; University of Wisconsin–Madison; Madison; WI; USA
3239,Dept. of Knowledge Discovery; Tech. Univ. of Dortmund; Dortmund; Germany
3240,Dept. of Electr. & Comput. Eng.; Duke Univ.; Durham; NC; USA#TAB#
3241,Key Lab. of Machine Perception (MoE); Peking Univ.; Beijing; China#TAB#
3242,; State University of New York; Binghamton; NY; USA
3243,Dept. of Comput. Sci.; Zhejiang Univ.; Hangzhou; China
3244,GE GLobal Research
3245,david.fanwei; Hong Kong; Hong Kong
3246,Bus. Analytics & Math. Sci.; IBM Res.; Yorktown Heights; NY; USA
3247,Department of Computer Science and Engineering; University of Minnesota - Twin Cities; Minneapolis; MN; USA
3248,SUNY-Buffalo; Buffalo; USA
3249,University of Illinois-Urbana-Champaign; Urbana-Champaign; USA
3250,Rensselaer Polytechnic Institute; Troy; USA#TAB#
3251,Inst. of Inf.; Wroclaw Univ. of Technol.; Wrocław; Poland
3252,Sch. of Econ. & Manage.; BeiHang Univ.; Beijing; China
3253,Beijing Inst. of Syst. Eng.; Beijing; China
3254,Nanjing University of Finance and Economics; Nanjing; China
3255,Nat. Comput. network Emergency Response Tech. Team/Coordination Center of China; China
3256,New Scientist; San Francisco; USA
3257,New Scientist; Waltham; USA
3258,UIUC; Champaign; IL; USA#TAB#
3259,UIUC; Champaign; USA
3260,Fac. of Health Sci.; Univ. of Maribor; Maribor; Slovenia
3261,Southern Illinois University; Carbondale; IL; USA.
3262,Jilin University; Chang Chun; China
3263,School of Science; Department of Information and Computer Science; Aalto University; Aalto; Finland
3264,Wuhan University (Wuhan) Hubei China
3265,Inst. of Sci. & Ind. Res. (ISIR); Osaka Univ.; Ibaraki; Japan
3266,University of Glasogw; Glasgow; United Kingdom
3267,The Chinese University of Hong Kong; Shatin; Hong Kong;#TAB#
3268,Helmholtz Zentrum München; Munich; Germany
3269,Michigan State University & Alibaba Group; East Lansing; MI; USA#TAB#
3270,Intell. Syst. Lab.; Univ. of Bristol; Bristol; UK
3271,IIT Madras; Chennai; India
3272,Dongduk Women's University; Seoul; South Korea
3273,ExxonMobil Research and Engineering Co; Annandale; NJ; USA
3274,Sapienza University; Rome Italy
3275,Trooly Inc.; Mountain View; USA
3276,Google; Inc.; Mountain View; USA
3277,IBM Almaden Research; San Jose; CA - USA
3278,Baylor College of medicine; Houston; TX; USA;
3279,The University of Texas MD Anderson Cancer Center; Houston TX USA
3280,The State University of New York; Korea; Incheon; South Korea
3281,Inst. of Syst. Sci.; GUCAS; Beijing; China
3282,Fac. of Inf. Technol.; King Mongkut's Univ. of Technol. North Bangkok; Bangkok; Thailand
3283,Fac. of Tech. Educ.; King Mongkut's Univ. of Technol. North Bangkok; Bangkok; Thailand
3284,Nat. Electrics & Comput. Technol. Centre; Human Language Technol. Lab.; Pathumthani; Thailand
3285,Institute Jošef Stefan; Ljubljana; Slovenia
3286,Department of Mathematics and Informatics; Novi Sad; Serbia
3287,Institute Jo~ef Stefan; Ljubljana; Slovenia
3288,Sch. of Comput.; Univ. Of Utah; Salt Lake City; UT; USA
3289,IBM TJ Watson Research Center Yorktown Heights NY USA
3290,Wayne State University; Detroit; MI; USA
3291,Korea Advanced Institute of Science and Technology; Yuseong-gu; South Korea#TAB#
3292,Simon Fraser University; Burnaby; Canada
3293,EMC India Center of Excellence; Bangalore; India
3294,University of Cincinnati; Cincinatti; OH; USA
3295,Chicago Department of Public Health; Chicago; IL; USA
3296,Tech. Univ. Muenchen; Garching; Germany
3297,(University of Eastern Finland; Kuopio; Finland)
3298,National Taiwan University; Taipei; UNK; Taiwan Roc
3299,Arizona State University
3300,Joéf Stefan Institute; Ljubljana; Slovenia
3301,Research Consultant; Mountain View; California; USA
3302,eBay; Inc.; San Jose; California; USA#TAB#
3303,chris.de.vries@celeraone.com; Berlin; Germany
3304,Lucid Commerce; Seattle; WA; USA
3305,Institut für Informationsverarbeitung (TNT); Hannover; Germany
3306,LinkedIn Inc; Mountain View; CA; USA#TAB#
3307,Dept. of Comput.; Univ. of Tabriz; Tabriz; Iran
3308,Dept. of Comput.; Islamic Azad Univ.; Tabriz; Iran
3309,Ind. Manage.; Instiyute Azerbayjan; Tabriz; Iran
3310,Dept. of Comput. Eng.; Islamic Azad Univ.; Tabriz; Iran
3311,Dept. of Comput. Sci.; Univ. of Texas at Dallas Richardson; Dallas; TX; USA
3312,Tufts University ; Medford ; MA ; USA
3313,Tufts Medical Center; Boston; MA; USA
3314,Dept. of Inf. Manage.; Nat. Taichung Inst. of Technol.; Taichung; Taiwan
3315,Dept. of Information Manage.; Chung Hua Univ.; Hsinchu; Taiwan
3316,National Cheng Kung University Tainan; Taiwan; ROC
3317,National Taiwan University and Academia Sinica; Taipei; Taiwan Roc#TAB#
3318,National Institute of Health; Bethesda; MD; USA
3319,Leipzig University Leipzig; Germany
3320,R&D; Unister GmbH; Leipzig; Germany
3321,Martin-Luther-University Halle-Wittenberg; Halle-Wittenberg; Germany
3322,United States Navy
3323,Dept. of Neurology; Univ. of California; Davis; Davis; CA; USA
3324,LIACS; Leiden Univ.; Leiden; Netherlands#TAB#
3325,Department of Computer Science and Engineering; Pohang University of Science and Technology; Pohang; South Korea#TAB#
3326,Dept. of Comput. & Inf. Sci. & Eng.; Univ. of Florida; Gainesville; FL; USA
3327,Dept. of Computer Science; Virginia Commonwealth University; Richmond; VA; USA#TAB#
3328,ZTE Corporation; Nanjing; China
3329,Cxense ASA; Oslo; Norway
3330,Dept. of Epidemiology & Biostat.; Imperial Coll. London; London; UK
3331,Universitat Stuttgart; Stuttgart; Germany
3332,Facebook Incorporation; Menlo Park; CA; USA#TAB#
3333,Adobe Research; San Jose; CA; USA
3334,University of Hanover; Hanover; Germany#TAB#
3335,Yahoo Japan Corporation; Tokyo; Japan#TAB#
3336,State University of New York at Albany ; Albany; NY; USA
3337,National Yang Ming University; Taipei; Taiwan Roc#TAB#
3338,Dept. of Comput. Sci. & Articial Intell.; Univ. of Granada; Granada; Spain
3339,IBM TJ Watson; Yorktown Heights; USA#TAB#
3340,MSIS Dept.; Rutgers Univ.; Newark; NJ; USA
3341,Microsoft; San Francisco; CA; USA#TAB#
3342,Yahoo! Inc.; Taipei; Taiwan Roc
3343,Chinese Naval Academy; Kaohsiung; Taiwan Roc#TAB#
3344,ESPN; Bristol; CT; USA
3345,Universidade Federal do Amazonas; Manaus; Brazil.
3346,Fac. of Sci. & Tech.; Tokyo Univ. of Sci.; Noda; Japan
3347,Drexel University / NEC Labs America; Philadelphia; PA; USA
3348,KAIST; Korea Advanced Institute of Science and Technology; Daejeon; South Korea#TAB#
3349,Dipt. di Inf.; Univ. degli Studi di Bari “Aldo Moro”; Bari; Italy
3350,UMR Tetis; IRSTEA; Aubiere; France
3351,LIRMM; Univ. de Montpellier 2; Montpellier; France
3352,Dalian University of Technolog; DaLian; China
3353,Media6Degrees; New York; USA
3354,Stern School of Business New York USA
3355,Minist. of Security & Justice; Netherlands Radboud Univ.; Nijmegen; Netherlands
3356,Stat. Netherlands; Heerlen; Netherlands
3357,Kyoto-Sangyo University; Kyoto; Japan
3358,Google Research; Mountainview; CA; USA
3359,University of Texas; Houston; TX; USA
3360,Alion Sci. & Technol.; Vienna; VA; USA
3361,David D. Lewis Consulting; Chicago; IL; USA
3362,National Chiao Tung Univ; Hsinchu; Taiwan
3363,Dept. de Bioquimica i Biol. Mol.; Univ. Autonoma de Barcelona; Cerdanyola del Valles; Spain
3364,Dept. of Math. & Stat.; Liverpool John Moores Univ.; Liverpool; UK
3365,Dept. of Comput. Languages & Syst.; Univ. Politec. de Catalunya; Barcelona; Spain
3366,Dept. of Med. Phys.; Memorial Sloan-Kettering Cancer Center; New York; NY; USA
3367,Centro de Investig. Biomed. en Red en Bioing.; Biomater. y Nanomed. (CIBER-BBN); Barcelona; Spain
3368,University of Insubria; Varese; Italy
3369,IBM Haifa Research Lab and The Hebrew University; Haifa; Israel#TAB#
3370,The Hebrew University Jerusalem Israel
3371,Access Integrity; Albuquerque; NM; USA
3372,LinkedIn Incorporation; Mountain View; USA
3373,University at Albany—SUNY; Albany; USA
3374,NEC Labs. China; Beijing; China
3375,Adv. Analytics Inst.; Univ. of Technol.; Sydney; Sydney; NSW; Australia
3376,AIST Tsukuba Central 2; Nat. Inst. of Adv. Ind. Sci. & Technol. (AIST); Tsukuba; Japan
3377,Microsoft; Washington; WA; USA#TAB#
3378,University of Texas ; Austin; TX; USA
3379,The Hong Kong Polytechnic University; Hung Hom Kowloon; Hong Kong#TAB#
3380,Università di Bologna; DEIS; Alma Mater Studiorum; Bologna; Italy#TAB#
3381,Johnson and Johnson; Titusville; NJ; USA
3382,IBM Res. Collaboratory Singapore; Singapore; Singapore
3383,Sch. of Sci.; Central Univ. for Nat.; Beijing; China
3384,University of Nottingham School of Computer Science
3385,University of Nottingham Ningbo
3386,Econ. & Manage. Dept.; North China Electr. Power Univ.; Baoding; China
3387,College of Staten Island; City University of New York; Staten Island; NY; USA
3388,Center for Data Anal. & Biomed. Inf.; Temple Univ.; Philadelphia; PA; USA
3389,Chonbuk National University Jeonju; South Korea
3390,Key Lab. of Intell. Inf. Process. of Chinese Acad. of Sci. (CAS); Inst. of Comput. Technol.; Beijing; China
3391,American University of Beirut; Beirut; Lebanon#TAB#
3392,Qatar University; Doha; QATAR
3393,IRIT ; Toulouse; France
3394,Hokkaido Univ. Hokkaido Japan
3395,Dept. of Comput. Sci. & Inf. Eng.; Nat. ChengKung Univ.; Chengkung; Taiwan
3396,Yahoo! Labs; Barcelona; CA; USA#TAB#
3397,Quantcast; San Francisco; CA; USA
3398,Stony Brook University; New York; USA#TAB#
3399,Awarepoint Corporation; San Diego; USA
3400,Dept. of Comp. Sci. & Eng.; Univ. of Texas; Arlington; TX; USA
3401,Central South University;Changsha;China)
3402,Information Security Group; University of London; Egham; UK#TAB#
3403,Univ. of North Carolina
3404,Dept. of Electr. Eng. & Comput. Sci.;; Case Western Reserve Univ.; Cleveland; OH; USA
3405,Dept. of Comput. Sci.; Univ. of North Carolina at Chapel Hill; Chapel Hill; NC; USA
3406,University of California at Los Angeles
3407,Virginia Tech.; Falls Church; VA; USA
3408,Watson Research Center; IBM; Hawthorne; NY; USA
3409,Facebook; Palo Alto; CA.; USA#TAB#
3410,University of Arizona ; Tucson; USA
3411,National Science Foundation; DC; USA
3412,Universita' degli Studi di Verona; Verona; Italy
3413,Queens College and Graduate Center; City University of New York; New York City; NY; USA
3414,Dept. of Computer Science; Univ. of Minnesota; Minneapolis; MN; USA
3415,Nat. Geospatial-Intell. Agency; USA
3416,Department of Spatial Science; Curtin University; Perth; WA; Australia#TAB#
3417,Dalhousie University; Halifax; NS; Canada#TAB#
3418,Toyota Info Technology Center; Tokyo; Japan
3419,Toyota Motor Corp.; Tokyo; Japan
3420,Toyota InfoTechnology Center; Tokyo; Japan#TAB#
3421,(IIT Delhi; New Delhi; India)
3422,IBM; IRL; New Delhi; India#TAB#
3423,The University of Sheffield; Sheffield; United Kingdom;
3424,Cybermedia Center; Osaka Univ.; Toyonaka; Japan
3425,Taizhou Teacher Coll.; Taizhou; China
3426,Université Jean Monnet-Saint-Etienne; France
3427,Graphinium - ESSEC VENTURES; Paris - La Défense; Fr Polynesia
3428,Graphinium - ESSEC VENTURES; Paris - La Défense; France
3429,Dept. de Electron.; Telecomun. e Inf.; Univ. de Aveiro; Aveiro; Portugal
3430,EEUM - Escola de Eng.; Univ. do Minho; Guimaraes; Portugal
3431,Polytechnic Institute of NYU; New York; USA
3432,Rangespan Ltd.; London; United Kingdom
3433,Microsoft Corp.; Bellevue; WA; USA#TAB#
3434,Dept. of Comput. & Inf. Syst.; Univ. of Melbourne; Melbourne; VIC; Australia#TAB#
3435,Department of Computer Science; Indiana University; Bloomington; IN; USA
3436,IFISC (CSIC-UIB); Palma de Mallorca; Spain#TAB#
3437,Dept. of Computer Engineering; Anadolu University; Eskisehir; Turkey#TAB#
3438,KDDI R&D Labs.; Fujimino; Japan
3439,Corps of Eng.; U.S. Army; Alexandria; VA; USA
3440,Sch. of Phys.; Univ. of Sydney NSW; Sydney; NSW; Australia
3441,Jet Propulsion Lab.; California Inst. of Technology; Pasadena; CA USA
3442,Dept. of Comput. Sci.; Int. Islamic Univ.; Kuala Lumpur; Malaysia
3443,SUNY at Buffalo Buffalo; New York; USA
3444,Dept. of HSPP; Brown Univ.; Providence; RI; USA
3445,Brown University
3446,Huazhong University of Science and Technology; Wuhan; China & University of Southern Denmark; Odense; Denmark
3447,University of Southern Denmark; Odense; Denmark
3448,Peking University; Bei Jing; China
3449,Technicolor; Princeton; NJ; USA#TAB#
3450,Statistics (Twin Cities)
3451,Waseda University; Okubo; Shinjuku; Tokyo; Japan#TAB#
3452,School of Software; Tsinghua University ; Beijing; China
3453,Baidu Corporation; Beijing; China#TAB#
3454,Clemson University Clemson; SC; USA
3455,New York State Museum; New York; NY; USA
3456,New York State Department of Environmental Conservation; New York; NY; USA
3457,Dept. of Comp. Sci. & Eng.; Oakland Univ.; Rochester; MI; USA
3458,Dept. of Math. & Stat.; Oakland Univ.; Rochester; MI; USA
3459,Radiat. Oncology Dept.; Beaumont Health Syst.; Royal Oak; MI; USA
3460,Universität Zürich; Zürich; Switzerland#TAB#
3461,ETH Zurich; Zurich; Swaziland#TAB#
3462,ChangHong Hongxin Software Co.; Ltd; Mianyang; Sichuan; China
3463,ICAR-CNR; Rende(CS); Italy
3464,NTT Corporation; Yokosuka; Japan
3465,Graduate Center City University of New York New York; NY; USA
3466,Deakin University</br>Melbourne; Australia
3467,Kingsoft Corporation; Zhuhai; China
3468,Université Cheikh Anta Diop; Dakar; Senegal
3469,Sch. of Comput. Sci. & Eng.; Georgia Inst. of Technol.; Atlanta; GA; USA
3470,College of Science; Tianjin University of Science and Technology; Tianjin; China
3471,College of Marine Science & Engineering Tianjin University of Science & Technology Tianjin China
3472,Pompeu Fabra University ; Barcelona ; Spain
3473,Guangdong University of Technology;
3474,Dept. of Radiol.; Northwestern Univ.; Chicago; IL; USA
3475,Media6Degrees; New York; NY; USA
3476,Department of computer science; University of California; Davis; CA; USA
3477,opTomax Solutions; Sunnyvale; CA; USA
3478,King Mongkut's Univ. of Technol.; Bangkok; Thailand
3479,Department of Computer Science; Purdue University; West Lafayette; IN USA
3480,Depts. of Comput. Sci. & Stat.; Purdue Univ.; West Lafayette; IN; USA
3481,Dept. of Comput. Sci. & Eng.; Wright State Univ.; Dayton; OH; USA#TAB#
3482,Microsoft China Lt.; Beijing; China
3483,Gunma University; Kiryu; Japan#TAB#
3484,Babcock Marine & Technol. Div.; Devonport R. Dockyard; Plymouth; UK
3485,Indian Institute of Technology Hyderabad; India
3486,ISEA-ENSMA; Futuroscope; France
3487,ICAR-CNR and University of Calabria; Calabria; Italy
3488,Drexel University; Philadelphia; UNK; USA#TAB#
3489,Mayo Clinic Rochester MN
3490,L3S Research Center; Leibniz Universität Hannover; Hannover; Germany
3491,Federico II University; Naples; Italy
3492,Bus. Sch.; MSIS Dept.; Rutgers Univ.; Newark; NJ; USA
3493,(Universidad de Almería; Almería; Spain)
3494,Comput. Sci. Lab.; Nantes Univ.; Nantes; France
3495,Sch. of Inf. & Manage.; Nat. Univ. of Defense & Technol.; Changsha; China
3496,Department of Computer Science; Xi’an Jiaotong University; Xi’an; China
3497,Ludwig Maximilians Univ Munchen; Munich; Germany
3498,the University of Tokushima; Tokushima; Japan#TAB#
3499,Masaryk university; Brno; Czech Rep#TAB#
3500,Beckman Institute University of Illinois at Urbana-Champaign; Urbana; IL; USA;
3501,School of Computer Science; Nanjing Univ. of Science and Technology; Nanjing; China#TAB#
3502,Department of Computer Science; University of Texas at San Antonio; San Antonio; TX; USA#TAB#
3503,Università della Basilicata; Potenza; Italy
3504,U.S. Army Corps of Engineers; Engineer Research and Development Center; Virginia; USA
3505,(George Mason University; Fairfax; Virginia; USA)
3506,University of Hawaii at Manoa; Manoa; Hawaii; USA
3507,Fondazione “Ugo Bordoni”; Roma; Italy
3508,University of Calabria; Rende CS; Italy#TAB#
3509,Tokyo Institute of technology; Yokohama; Japan#TAB#
3510,Mount Sinai: School of Medicine; New York; NY; USA
3511,Tamkang University; New Taipei City; Taiwan ROC
3512,Department of Information Systems; University of Malaya; Kuala Lumpur; Malaysia#TAB#
3513,Bell Labs Bangalore; India#TAB#
3514,Walmart Labs; Bangalore; India
3515,Ural Federal University; Yekaterinburg; Russian Fed.#TAB#
3516,School of Informatics & Computing; Indiana University; Bloomington; IN; USA
3517,Department of Library Information Science; Yonsei University; Seoul; South Korea#TAB#
3518,Tokyo Metropolitan Coll. of Ind. Technol.; Tokyo; Japan
3519,Dept. of Eng.; Osaka Prefecture Univ.; Sakai; Japan
3520,Italian National Research Council; Rende; Italy#TAB#
3521,Stevens Institute of Technology Hoboken USA
3522,NTT Communication Science Labs. NTT Corporation; Kyoto; Japan
3523,Land Transport Authority Singapore; Singapore
3524,CDISC; Austin; TX; USA
3525,Intermountain Healthcare; Murray; UT; USA
3526,Pinterest; Inc.; San Francisco; CA; USA
3527,Microsoft Research; Redmond; Washington USA
3528,University of Malaya; Kuala Lumpur; #N#Malaysia
3529,COMSATS Institute of Information Technology Islamabad - Pakistan#TAB#
3530,Comput.; Electr. & Math. Sci.; King Abdullah Univ. of Sci. & Technol. (KAUST); Thuwal; Saudi Arabia
3531,Biol. & Environ. Sci. & Eng. Div.; King Abdullah Univ. of Sci. & Technol. (KAUST); Thuwal; Saudi Arabia
3532,IBM; New York; USA
3533,Consiglio Nazionale delle Ricerche; Pisa; Italy
3534,NTT Corporation; Yokosuka-Shi Kanagawa; Japan
3535,NTT Communications; Minato-Ku; Tokyo; Japan
3536,NTT Corporation; Musashino-shi; Tokyo; Japan
3537,NTT Resonant Incorporated; Minato-Ku; Tokyo; Japan
3538,China Disabled Persons' Federation Information Center; Beijing; China
3539,Nanyang Technological University; Singapore 639798; Singapore
3540,Comput. Software & Theor. Coll.; Northwest Univ.; Xi'an; China
3541,Microsoft Research and Technion; Haifa; Israel#TAB#
3542,Beijing University of Posts and Telecommunications; Bejing; China#TAB#
3543,Tencent Corporation; Beijing; China#TAB#
3544,Microsoft adCenter; Bangalore; India
3545,Indian Institute of Science (IISc); Bangalore; India
3546,Chemnitz University of Technology & Unister GmbH; Chemnitz; Germany
3547,Unister GmbH; Leipzig; Germany
3548,Chemnitz University of Technology ; Chemnitz; Germany
3549,Dept. of Info. Technol.; POSTECH; Pohang; South Korea
3550,Dept. of EEE; POSTECH; Pohang; South Korea
3551,Antai Coll. of Econ. & Manage; Shanghai Jiao Tong Univ.; Shanghai; China
3552,City University of New York; New York City; NY; USA#TAB#
3553,University of Applied Sciences HTW Chur; Chur; Switzerland
3554,MODUL University-Vienna; Vienna; Austria
3555,IBM T. J. Watson Res. Center; Hawthorn; NY; USA
3556,Xerox Research Center Europe; Grenoble; France#TAB#
3557,Brookhaven Nat. Lab.; Upton; NY; USA
3558,Univ. of the Basque Country Donostia; Spain#TAB#
3559,University of Nebraska Omaha; Omaha; NE USA
3560,University of Nebraska Medical Center; Omaha; NE; USA;
3561,Hangzhou Institute of Service Engineering Hangzhou Normal University Hangzhou; China
3562,University of Florida — Gainesville; USA
3563,North Carolina State University; Raleigh ; USA
3564,IBM Research - China; Beijing & Northeastern University; Shenyang; China#TAB#
3565,SKLCS; Institute of Software; Chinese Academy of Sciences; Beijing; China
3566,IBM Research China; Shanghai; China
3567,The Chinese University of Hong Kong; Hong Kon; China
3568,Computer Science Department; University of California; Santa Barbara; Santa Barbara; CA; USA#TAB#
3569,Bus. Analytics & Math. Sci. Dept.; IBM T. J. Watson Res. Center; Yorktwon Heights; NY; USA
3570,Univ. de Technol. de Compiegne; Compiegne; France
3571,Business School; Wenzhou University; Wenzhou; China
3572,Harbin Institute of Technology; Harbin; and Chinese Academy of Sciences; Beijing; China#TAB#
3573,Department of Computer Science and Engineering; State University of New York at Buffalo; Buffalo; NY; USA
3574,Dartmouth Coll.; Hanover; NH; USA#TAB#
3575,Univ of Illinois at Urbana-Champaign; Champaign; USA#TAB#
3576,Univ. Inst. of Intell. Syst. & Numerical Applic. in the Eng. (SIANI); Las Palmas de Gran Canaria; Spain
3577,The University of Paderborn; Paderborn; Germany#TAB#
3578,The University of Auckland; Auckland; New Zealand;
3579,Sch. of Technol. & Comput. Sci.; Tata Inst. of Fundamental Res.; Mumbai; India#TAB#
3580,Dept. de Inf.; Univ. Nova de Lisboa; Caparica; Portugal
3581,Dept of Comput Sci; Gunma Univ.; Gunma; Japan
3582,Key Laboratory of Medical Image Computing (NEU); Ministry of Education & College of ISE; Northeastern University; Shenyang; China
3583,Guangdong University of Foreign Studies & Chinese Academy of Sciences; Guangzhou; China#TAB#
3584,Ateneo de Manila University; Quezon City; Philippines
3585,East China Normal University; Shang Hai; China
3586,Fudan University; Shang Hai; China
3587,Department of Computer Science; University of Western Ontario; London ON; Canada
3588,Google; Inc.; Hyderabad; India
3589,Int. Inst. of Inf. Technol.; Hyderabad; India
3590,Amazon.com; Inc.; Palo Alto; CA; USA
3591,Integral Ad Science & NYU Stern; New York City; NY; USA#TAB#
3592,University of California; Berkeley; CA; CA; USA#TAB#
3593,OpenDSP; Seattle; WA; USA
3594,Integral Ad Science; New York City; NY; USA
3595,Caesar's Entertainment; Las Vegas; NV; USA
3596,Sch. of Inf. & Commun. Enger; Beijing Universities of Posts & Telecommun.; Beijing; China
3597,Artificial Intell. Lab.; Jozef Stefan Inst.; Ljubljana; Slovenia
3598,VigLink Inc.; San Francisco; CA; USA
3599,Microsoft; Mountain View; CA; USA#TAB#
3600,LIX - Ecole Polytech.; Palaiseau; France
3601,Dept. of Math.; Nat. & Kapodistrian Univ. of Athens; Athens; Greece
3602,Dept. of Inf.; Athens Univ. of Econ. & Bus.; Athens; Greece
3603,Brookhaven National Laboratory; Upton; Ny; USA
3604,Dept. of Math; & Comput. Sci.; Antwerp Univ.; Antwerp; Belgium
3605,VIB Dept. of Mol. Genetics; Antwerp Univ.; Antwerp; Belgium
3606,CLIPS; Antwerp Univ.; Antwerp; Belgium
3607,Res. Organ. of Inf. & Syst.; Inst. of Stat. Math.; Tokyo; Japan
3608,Preferred Infrastruct. Inc.; Japan
3609,State Key Lab. of Manage. & Control for Complex Syst.; Inst. of Autom.; Beijing; China
3610,UCSB; Santa Barbara ; CA; USA
3611,University of New South Wales & ATP Laboratory; National ICT Australia; Sydney; Australia
3612,ATP Laboratory; National ICT Australia; Sydney; Australia
3613,Intelligent Sensing and Systems Laboratory; CSIRO; Tasmania; Australia
3614,University of Ulster; Jordanstown; Northern Ireland; United Kingdom#TAB#
3615,University of Ulster; Coleraine; Northern Ireland; United Kingdom
3616,University of Westminster; London; United Kingdom#TAB#
3617,School of Science and Technology; Hellenic Open University; Patras; Greece#TAB#
3618,Max-Planck-Inst. fur Inf.; Saarbrucken; Germany
3619,Uppsala Univ.; Uppsala; Sweden;
3620,Fetch Technologies; El Segundo; CA; USA
3621,Univ. Paris 13; Villetaneuse; France
3622,KXEN; Suresnes; France
3623,Skyrock; Paris; France
3624,Google Inc.; New York; NY; USA#TAB#
3625,School of Computing; Dublin Institute of Technology; Dublin; Ireland#TAB#
3626,School of Computer and Information Science; University of South Australia; Mawson Lakes; SA; Australia
3627,Fac. of Comput. Sci.; Tech. Univ. Dresden; Dresden; Germany
3628,Fluent Interaction Ltd.; London; United Kingdom
3629,City; University London; London; United Kingdom
3630,Google; Inc.; Pittsburgh PA#TAB#
3631,Sch. of Econ. & Manage.; Shanghai Maritime Univ.; Shanghai; China
3632,Trifacta; San Francesco; USA
3633,Yahoo Research; Santiago; Chile
3634,Ben-Gurion University of the Negev; Be'er Sheva; Israel
3635,UFMG; Belo Horizonte/Brazil#TAB#
3636,Dept. of Inf. Sci. & Electron. Eng.; Zhejiang Univ.; Hangzhou; China#TAB#
3637,East China Normal University & Hong Kong Baptist University; Shanghai; China#TAB#
3638,Dept. of Electr. Eng.; ROC Naval Acad.; Taiwan
3639,Sch. of Electron. & Comput. Sci; Univ. of Southampton; Southampton; UK
3640,School of Electrical Engineering; Tel-Aviv; Israel
3641,Sch. of Phys. & Math. Sci.; Nanyang Technol. Univ.; Singapore; Singapore
3642,Dept. of Family Med. & Continuing Care; Singapore Gen. Hosp.; Singapore; Singapore
3643,Alcatel Lucent; Murray Hill; NJ; USA
3644,LIAAD; Univ. do Porto; Porto; Portugal
3645,Google; Mountain View; USA
3646,Dept. of Comput. Sci.; Univ. of Southern California; Los Angeles; CA; USA
3647,Netflix; Los Gatos; USA#TAB#
3648,Rutgers State Univ. of New Jersey; Piscataway; NJ; USA
3649,NEC Labs. America; Inc.; Cupertino; NJ; USA
3650,Amazon.com; Seattle; WA; USA
3651,Department of Computer Science; Virginia Tech.; Blacksburg; VA; USA
3652,SAP Research; SAP AG; Dresden; Germany
3653,Dresden University of Technology; Dresden Germany
3654,IBM; China Research Lab; Beijing; China
3655,Rensselaer Polytechnic Institute
3656,Yonsei University; Wonju; South Korea#TAB#
3657,Old Dominion University Norfolk; VA; USA#TAB#
3658,Zhejiang University; Hangzhou; Zhejiang ; China#TAB#
3659,Thai Comput. Emergency Response Team; Nat. Electron. & Comput. Technol. Center; Pathumthani; Thailand
3660,Department of Computer Engineering; Kasetsart University; Bangkok; Thailand
3661,Virginia Polytechnic Institute and State University; Falls Church VA USA
3662,University at Albany; SUNY; Albany; NY; USA;
3663,; Virginia Polytechnic Institute and State University; Arlington; VA; USA
3664,Fair Isaac Corporation; San Francisco; USA#TAB#
3665,NICTA Australia; Sydney; Australia
3666,Dept. of Computer Science; Univ. of Pisa; Pisa; Italy
3667,Knowledge Discovery & Data Min. Lab.; ISTI; Pisa; Italy
3668,Dept. of Electr. & Comput. Eng.; Univ. of Memphis; Memphis; TN; USA
3669,High Performance Computing Center Stuttgart - HLRS; Stuttgart; Germany
3670,ZhiJiang College; Zhejiang University of Technology; HangZhou; China
3671,Sch. of Math. Sci.; Inner Mongolia Univ.; Hohehot; China
3672,Sch. of Sci.; Dalian Univ. of Technol. at Panjin; Panjin; China
3673,Coll. of Sci.; China Agric. Univ.; Beijing; China
3674,Univ. of North Texas; Denton; TX; USA
3675,Helsinki Institute for Information Technology; University of Helsinki; Helsinki; Finland
3676,INSA Lyon Villeurbanne; France
3677,Université Lyon 1; Lyon; France
3678,HiKoB; Villeurbanne; France
3679,Ceneter of Data Sci.; Univ. of Washington; Tacoma; WA; USA
3680,Carnegie Mellon University and Google Inc.; Pittsburgh; PA; USA#TAB#
3681,Temple University; Philadelphia; PA;
3682,Institute AIFB; Karlsruhe; Germany
3683,University of Central Florida
3684,HeFei University of Technology
3685,IBM Research San Jose CA USA
3686,The Penn State University; State College; PA; USA#TAB#
3687,University of California; Los Angeles; USA
3688,Department of Computer Science and Technology Xi'an Jiaotong University Xi'an China
3689,Santa Clara University; Santa Clara; CA USA
3690,ICAR -- CNR; Cosenza; Italy#TAB#
3691,Robert Gordon University; Aberdeen; United Kingdom
3692,Aberdeen Univ.; Aberdeen; United Kingdom
3693,ISI/USC; Marina Del Rey; CA; USA
3694,R&D Consulting (Pinterest); San Francisco; USA
3695,eBay Inc.; San Francisco; USA#TAB#
3696,City University of Hong Kong Hong Kong China
3697,Sch. of Manage.; Tokyo Univ. of Sci.; Tokyo; Japan
3698,Key Laboratory of Computational Linguistics; Peking University; Beijing; China
3699,Università Roma Tre; Rome; Italy
3700,Università degli studi di Brescia; Brescia; Italy
3701,Université Pierre et Marie Curie; Paris; France
3702,Université de Cergy-Pontoise; Cergy-Pontoise; France
3703,Queensland University of Technology (QUT); Brisbane - Australia
3704,The Australian e-Health Research Centre; CSIRO; Brisbane; Australia
3705,Institute of Computing Technology; Chinese Academy of Sciences; Beijng; China#TAB#
3706,University College London; London; UK;
3707,RWTH Aachen University; Germany; Aachen; Germany
3708,Liaoning Technical University; Huludao; China.
3709,Google; Tokyo; Japan
3710,CNITSEC; beijing; China
3711,Project Florida; New York; NY; USA
3712,California State University; Chico; Chico; CA; USA#TAB#
3713,Institute of Computer Science & Technology of Peking University; Beijing; China#TAB#
3714,MIT; Cambridge; MA (USA)
3715,University of California; Santa Barbara; CA; USA.
3716,University of Idaho Moscow ID USA
3717,Noah's Ark Lab; Huawei Technologies Co. Ltd.; Sha Tin; Hong Kong#TAB#
3718,NJIT; Newark; USA
3719,; Austrian Institute of Technology; Vienna; Austria
3720,IBM India Res. Lab.; New Delhi; India#TAB#
3721,Beijing University of Posts and Telecommunucations; Beijing; China#TAB#
3722,Tsukuba University of Technology; Tsukuba; Ibaraki; Japan#TAB#
3723,University of New Mexico; Albuquerque; USA
3724,IIT; Mumbai; India
3725,VESIT; Mumbai; India
3726,GE Global Research; ; Niskayuna; NY; USA
3727,Qatar Computing Research Institute; Qatar Foundation; Doha; Qatar#TAB#
3728,HKUST; Hong Komg; Hong Kong#TAB#
3729,commendo research & consulting; Köflach; Austria
3730,Department of Computer Science and Engineering; Shanghai Jiao Tong University; Shanghai; China#TAB#
3731,School of Electronics Engineering and Computer Science; Peking University; Beijing China
3732,Ruđjer Boškovic Institute; Zagreb; Croatia
3733,University of Zagreb/ Faculty of Electrical Engineering and Computing; Zagreb; Croatia
3734,Jilin Inst. of Chem. Technol.; Jilin; China
3735,Reed College; Portland; OR; USA
3736,Lucky Sort; Inc.; Portland; OR; USA
3737,Dept. of Manage. Eng.; NanChang Inst. of Technol.; Nanchang; China
3738,Christiana Care Health System; Wilmington; DE; USA;
3739,University At Buffalo; Buffalo; NY; USA#TAB#
3740,IBM T.J Watson Research; Yorktown Height; NY; USA
3741,Decision Support & Machine Intell.; United Technol. Res. Center; East Hartford; CT; USA
3742,Syst. Dynamics & Optimization; United Technol. Res. Center; East Hartford; CT; USA
3743,QUT; BRISBANE; UNK; Australia
3744,QUT; Brisbane; Australia
3745,University of Sheffield Sheffield; UK#TAB#
3746,Yahoo! Inc.; Barcelona; Spain
3747,Sch. of Comput. Sci.; Australian Nat. Univ.; Canberra; ACT; Australia
3748,CSIRO Math. & Inf. Sci.; CSIRO; Canberra; ACT; Australia
3749,Google; New York; NY; Tuvalu#TAB#
3750,Max Planck Institute for Informatics; Saarbrücken; Germany & IIT Patna; Patna; India#TAB#
3751,UARC; UCSC/NASA Ames Research Center; Moffett Field; CA; USA#TAB#
3752,SGT; Inc.; NASA Ames Res. Center; Moffett Field; CA; USA
3753,NASA Ames Research Center ; Moffett Field; CA; USA
3754,Department of Sociology; University of Massachusetts-Boston; Boston; MA; USA
3755,Ford Motor Company Dearborn; MI; USA
3756,Ford Motor Company Aachen Germany
3757,Centre for Pattern Anal. & Machine Intell.; Univ. of Waterloo; Waterloo; ON; Canada
3758,KDD Lab; Isti CNR; Pisa; Italy
3759,Dept. of Electr. Eng. ; Univ. of Southern California; Los Angeles; CA; USA
3760,Nanyang Tech. Univ.; Singapore; Singapore
3761,Inst. of High Performance Comput.; A*STAR; Singapore; Singapore
3762,National Taiwan University; Taiwan; Taiwan Roc#TAB#
3763,Nat. Inst. of Adv. Ind. Sci. & Technol. (AIST); Tsukuba; Japan
3764,Jiangxi University of Finance & Economics; Nanchang; China
3765,Sumo Logic; Redwood; CA; USA
3766,Queen’s University Belfast (QUB); Belfast; United Kingdom
3767,CEM Systems; Belfast; United Kingdom
3768,Research at Google; Mountain View; CA; USA#TAB#
3769,Microsoft Reserach; Mountain View; CA; USA
3770,Florida International University Miami; Florida
3771,Dept. of Geodetics & Geogr. Inf. Technol. (GGIT); Middle East Tech. Univ. (METU); Ankara; Turkey
3772,Turkish Stat. Inst. (TURKSTAT); Ankara; Turkey
3773,Commonwealth Sci. & Ind. Res. Organ. (CSIRO); Sydney; NSW; Australia
3774,Telecomm Software Eng. Group; Beijing Univ. of Posts & Telecommun.; Beijing; China
3775,Yahoo Research; Sunnyvale; USA#TAB#
3776,Res. Center on Fictitious Econ. & Data Sci.; Grad. Univ. of Chinese Acad. of Sci.; Beijing; China
3777,China Technol. Exchange Building; Tencent Inc.; Beijing; China
3778,Awarepoint Corp.; San Diego; CA; USA
3779,Department of Computer Science; Binghamton University; Binghamton; NY; USA
3780,Delft University of Technology; Delft; Netherlands
3781,Haifa Univ.; Haifa; Israel
3782,Sch. of Stat.; Univ. of Minnesota; Minneapolis; MN; USA
3783,Georgia Tech.; Atlanta; USA#TAB#
3784,Netflix Inc.; Los Gatos; USA
3785,Wayne State University; Detroit; USA
3786,Univ. of the Aegean; Karlovassi; Greece
3787,Idibon; San Francisco; CA; USA
3788,Université Laval; Quebec; QC; Canada
3789,The University of Melbourne; Melbourne; Victoria; Australia.
3790,Pennsylvania State University; State College; Pennsylvania; USA
3791,Google Research; Mountain View; California; USA
3792,Universidade Federal de Minas Gerais & Zunnit Technologies; Belo Horizonte; Brazil
3793,Centrum Wiskunde & Informatica; Amsterdam; Netherlands
3794,Sch. of Manage.; Grad. Univ. of Chinese Acad. of Sci.; Beijing; China
3795,DataHero; San Francisco; CA; USA
3796,IBM TJ Watson Research; Yorktown Heights; NY; USA
3797,IBM Global Procurement Services; Somers; NY; USA
3798,Dept of Electr. Eng.; Stanford Univ.; Stanford; CA; USA
3799,Dept. of Comput. Sci.; North Carolina State Univ.; Raleigh; NC; USA
3800,Dept. of Math.; Stanford Univ.; Stanford; CA; USA
3801,University of Bamberg ; Bamberg ; Germany
3802,Department of Computer Science and Information Engineering; National Taiwan; University; Taipei; Taiwan
3803,Dept. of Computer Science and Engineering; Seoul National University; Seoul; South Korea#TAB#
3804,Dept. of Comput. Sci.; KAIST; Daejeon; South Korea
3805,Sch. of Bus. Inf. Manage.; Shanghai Inst. of Foreign Trade; Shanghai; China
3806,Sch. of Int. Bus.; Shanghai Inst. of Foreign Trade; Shanghai; China
3807,Sogou Inc.; Beijing; China
3808,Georgia Institute of Technology; Atlanta
3809,Amazon.com Inc; Seattle; WA; USA#TAB#
3810,Tsinghua University; Tsinghua University; China
3811,ExxonMobil Research and Engineering Company; New Jersey; USA
3812,National Institute of Technology; Tokuyama College; Shunan; Yamaguchi; Japan
3813,University of Maryland; College Park; MD; Armenia
3814,National Sun Yat-sen University; Kaohsiung City; Taiwan Roc#TAB#
3815,Disney Research; Pittsburgh; PA USA
3816,Queensland University of Technology; Brisbane; Qld.; Australia
3817,Institute for Advanced Studies; Lucca; Italy
3818,University of California; San Diego; San Diego; GA; USA
3819,LIP6; Univ. Pierre et Marie Curie - Paris 6; Paris; France
3820,LIP6; Univ. Pantheon-Assas; Paris; France
3821,University of Connecticut; Storrs; Ct.USA
3822,IBM Thomas J.Watson Research Center; Yorktown Heights; USA
3823,University of Iowa; Iowa City; USA
3824,Alibaba Group; Seattle; USA
3825,Dept. of Biostat. & Med. Inf.; Univ. of Wisconsin - Madison; Madison; WI; USA
3826,Sch. of Inf. & Comput.; Indiana Univ.; Bloomington; IN; USA
3827,NEC Corp.; kawasaki; Japan
3828,Sch. of Comput. & Math.; Charles Sturt Univ.; Bathurst; NSW; Australia
3829,Bar‐Ilan University Ramat‐Gan Israel
3830,U.S Army Research Laboratory
3831,University of California at Santa Barbara
3832,Information Trust Institute
3833,University of Torino; I-10149 Torino; Italy
3834,Ben-Gurion University of the Negev; Beer Sheva Israel
3835,Dianping Inc.
3836,Equipe de Recherche en Ingénierie des Connaissances
3837,Federal University of Minas Gerais -UFMG; Belo Horizonte; Brazil
3838,Pontifical Catholic University of Minas Gerais (PUCMG); Belo Horizonte; Brazil#TAB#
3839,Singularity University; Mountain View; VA; USA
3840,Carnegie Mellon Univ.; Pittsburgh;
3841,University Of Southampton; Southampton; United Kingdom
3842,MOZAT PTE. LTD.; Singapore; Singapore
3843,Universidad De Playa Ancha; Valparaíso; Chile
3844,Universidad Técnica Federico Santa María; Santiago; Chile
3845,Stanford University and Coursera; Stanford; USA
3846,Ins; Worcester; MA; USA
3847,State Key Laboratory of Intelligent Technology and Systems; Tsinghua National Laboratory for Information Science and Technology; Tsinghua University; Beijing; China#TAB#
3848,Department of Computer Science School of Computing; National University of Singapore; Singapore; Singapore
3849,Institute of Computer Science and Technology; Peking university; Beijing; China
3850,Dept. of Comput. Sci. Rensselaer; Polytech. Inst.; Troy; NY; USA
3851,THP Labs.; Haifa; Israel
3852,Poznan University of Technology Poznań; Poland#TAB#
3853,Inst. of Geographic Sci. & Natural Resources Res.; Beijing; China
3854,Inst. of Remote Sensing & Digital Earth; Beijing; China
3855,Coll. of Geosci. & Surveying Eng.; China Univ. of Min. & Technol.; Beijing; China
3856,Microsoft; Cambridge; United Kingdom#TAB#
3857,Korea University; Seoull; South Korea
3858,School of Medicine; Yale University; New Haven CT; USA
3859,Portland Veterans Affairs Med. Center; Portland; OR; USA
3860,James A.Haley Veterans Affairs Med. Center; FL; USA
3861,Veterans Affairs Connicticut Healthcare Syst.; CT; USA
3862,Dept. of Veterans Affairs; Tennessee Valley Health Syst.; TN; USA
3863,University at Buffalo; the State University of New York; Buffalo; New York; USA#TAB#
3864,Gavagai; Stockholm; Sweden
3865,NTT Corporation; Soraku-gun; Kyoto; Japan
3866,Lunar and Planetary Institute; Houston ; TX; USA
3867,Instituto Superior Técnico; Lisboa; Portugal;
3868,Tencent Coproration; Shenzhen; China#TAB#
3869,Auckland University of Technology; Auckland - New Zealand
3870,Tencent Corporation; SHENZHEN; China#TAB#
3871,‘Indiana University; Bloomington; USA
3872,Machine Learning Dept.; Aureon Biosci.; Yonkers; NY; USA
3873,Stanford University Palo Alto USA
3874,CMU; Pittsburgh; USA#TAB#
3875,INRIA Sophia-Antipolis; France
3876,INRIA Montpellier; France
3877,Clayton School of IT; Monash University; Clayton; VIC; Australia#TAB#
3878,School of Computer Science University of Adelaide; North Terrace; SA; Australia#TAB#
3879,Ind. & Inf. Syst. Eng.; Chonbuk Univ.; Chonju; South Korea
3880,Dept. of Ind. Eng.; Hongik Univ.; Seoul; South Korea
3881,Dstillery; New York; NY; USA
3882,NYU & Dstillery; New York; NY; USA
3883,FUJITSU Laboratories LTD.; Kawasaki; Japan
3884,British Columbia Hydro; Burnaby; BC; Canada
3885,OpenConnect Syst. Inc.; Dallas; TX; USA
3886,Fac. of Bus. & Econ.; KU Leuven; Leuven; Belgium
3887,Data Discovery Sci. BVBA; Zemst; Belgium
3888,IBM T.J. Watson Research; Yorktown Heights; NY; USA
3889,<i>UC Santa Cruz</i>
3890,University of Tsukuba; Department of Computer Science; 1-1-1 Tennodai; 305-8577; Tsukuba; Japan#TAB#
3891,Tokyo Institute of Technology; Department of Computational Intelligence and Systems Science; Yokohama; Japan#TAB#
3892,Rensselaer Polytech. Inst.; Troy; NY; USA
3893,SequeL Project; INRIA Lille - Nord Eur.; Villeneuve-d'Ascq; France
3894,Technicolor Labs.; Palo Alto; CA; USA
3895,Computer Science Department; University of Pittsburgh Pittsburgh; PA; USA
3896,Dept. of Biomed. Inf.; Univ. of Pittsburgh; Pittsburgh; PA; USA
3897,State Key Lab of CAD&CG College of Computer Science; Zhejiang University; Hangzhou; China#TAB#
3898,Univ. of Crete; Crete; Greece#TAB#
3899,; Max Planck Institute for Intelligent Systems; Tübingen; Germany
3900,Max Planck Institutes Tübingen; Tübingen; Germany#TAB#
3901,Aalto University; University of Helsinki; Helsinki; Espoo; Finland
3902,Singapore Management University; Singapore City; Singapore#TAB#
3903,University of North Texas ; Denton; USA
3904,Comput. Biol. Center; Memorial Sloan-Kettering Cancer Center; New York; NY; USA
3905,Inf. Syst.; Memorial Sloan-Kettering Cancer Center; New York; NY; USA
3906,Donghua University; Shanghai;China
3907,University of Alberta; Edmonton; Canadá
3908,Shandong University; Shandong University; China
3909,Samsung Electronics Co.; Ltd.; Kyunggi-do; South Korea
3910,Northeastern University Boston; USA#TAB#
3911,Machine Learning Department; School of Computer Science; Carnegie Mellon University; Pittsburgh; USA
3912,Computational Biology Department; Carnegie Mellon University; Pittsburgh; USA
3913,United Arab Emirates University ;
3914,University of Texas-Pan American ; Edinburg; TX; USA
3915,ISG; Bardo; Tunisia
3916,School of Computer Science and Technology Jilin University Changchun China
3917,National Institute of Parasitic Diseases; Shanghai; China
3918,@WalmartLabs; Sunnyvale; CA; USA#TAB#
3919,IISc Bangalore; India#TAB#
3920,Vilnius Gediminas Technical University; VIlnius; Lithuania
3921,Sch. of Inf. Eng.; ShengYang Univ.; Shenyang; China
3922,xAd; Sunnyvale; CA; USA
3923,IIT Kharagpur & MPI-SWS; Kharagpur; India#TAB#
3924,MPI-SWS; Kaiserslautern - Saarbruecken; Germany#TAB#
3925,University of Washington; Washington; WA; USA
3926,LogicMonitor; Santa Barbara; CA; USA
3927,Army Research Labs; Adelphi; MD; USA#TAB#
3928,Cabot Institute
3929,Pattern Recognition & Intell. Syst. Lab.; Beijing Univ. of Posts & Telecommun.; Beijing; China#TAB#
3930,Comput. & Eng. Div.; Oak Ridge Nat. Lab.; Oak Ridge; TN; USA
3931,Georgia Tech Res. Inst.; Atlanta; GA
3932,Georgia Inst of Tech; Atlanta; GA
3933,Jadavpur University; Kolkata; India
3934,Allen Institute for AI; Seattle; WA; USA#TAB#
3935,Tata Research Development and Design Centre; Pune; INDIA
3936,Gwinnett County Public Schools; Atlanta; USA
3937,INRIA Grenoble; France
3938,CNRS; Grenoble France#TAB#
3939,Univ. Grenoble-Alpes; Grenoble; France
3940,Dept. of Computer Science and Engineering; Indian Institute of Technology; Kharagpur; Kharagpur; India
3941,Xerox Corporation; USA
3942,Japan Registry Services Co.; Ltd.; Univ. of Tsukuba; Tokyo; Japan
3943,University of Tsukuba ; Tokyo; Japan
3944,Coll. of Inf. Sci. & Technol; Pennsylvania State Univ.; University Park; PA; USA
3945,DFKI; Saarbrücken; Germany
3946,Polytechnic institute of NYU; Brooklyn; NY; USA
3947,Computer Science & Engineering Department; Jadavpur University; Kolkata; India#TAB#
3948,Center for Comput. Res.; Nat. Polytech. Inst.; Mexico City; Mexico
3949,IBM TJ Watson Research Center; New York City; USA#TAB#
3950,Coll. of Mech. Electron. & Inf. Eng.; China Univ. of Min. & Technol. (Beijing); Beijing; China
3951,Lehigh University; Bethlehem; PA;
3952,Lund University; Lund; Sweden
3953,University of Santiago; Santiago; Chile
3954,University of San Luis; San Luis; Argentina
3955,CeBiB; University of Santiag; Santiago; Chile
3956,CeBiB; University of Santiago; Santiago; Chile
3957,Korea Advanced Institute of Science and Technology & Bio-Synergy Research Center; Daejeon; South Korea
3958,Ericsson Research; Ericsson AB; Stockholm; Sweden
3959,Ericsson Res.; Ericsson AB; Chennai; India
3960,Yandex LLC; Saint Petersburg; Russian Fed.
3961,Dept. of Computer Science and Engineering; University of California; Riverside; CA; USA
3962,Indian Institute of Technology Roorkee; Roorkee; India..
3963,IBM Research Lab India; New Delhi; India#TAB#
3964,University of Southampton; Southampton. UK
3965,University of North Carolina at Greensboro; Greensboro; NC; USA
3966,Université Joseph Fourier Grenoble; France
3967,Dept. of Earth & Environ. Studies; Montclair State Univ.; Montclair; NJ; USA
3968,Dept. of Electr. & Comput. Eng.; Univ. of Western Ontario; London; ON; Canada#TAB#
3969,Acupuncture & Tuina Dept.; Qingdao Hiser Med. Center; Qingdao; China
3970,College of information science and engineering; Ocean University of China; Qingdao; China
3971,Universita' del Piemonte Orientale; Novara; Italy
3972,Universita' del Piemonte Orientale; Alessandria; Italy
3973,Virtual Pediatric Intensive Care Unit; Children's Hosp. Los Angeles; Los Angeles; CA; USA
3974,Twitter; San Francisco; MD; USA#TAB#
3975,Twitter; San Francisco; USA#TAB#
3976,Department of Computer Science; Eindhoven University of Technology; Eindhoven; Netherlands
3977,Number 27; Burlington; VT; USA
3978,Univ. of Roma Tor Vergata; Rome; Italy
3979,Osaka City Univ.; Osaka; Japan#TAB#
3980,Aeon Delight Co.; Ltd.; Suzuka; Japan
3981,UNED; Madrid; Spain
3982,Grad. Sch. of Syst. Life Sci.; Kyushu Univ.; Fukuoka; Japan
3983,Dept. Inf.; Kyushu Univ.; Fukuoka; Japan
3984,ICAR; Rende; Italy
3985,University of North Carolina at Charlotte; Charlotte; USA#TAB#
3986,rutgers; New Brunswick; NJ; USA
3987,University of Texas at Austin; Austin; (USA)
3988,Nokia Research Center ; Palo Alto; CA; USA
3989,Nat. Centre for Biol. Sci. (NCBS-TIFR); Bangalore; India
3990,Sugarcane Breeding Inst. (SBI-ICAR); Coimbatore; India
3991,TCL Res. America; USA
3992,Coursera Inc.; Mountain View; CA; USA
3993,Bauhaus-Universität Weimar. Germany.
3994,University of Koblenz; Koblenz; Germany
3995,Dept. of Inf. Manage.; Chinese Culture Univ.; Taipei; Taiwan
3996,Universitat Politecnica de Valencia; Valencia (Spain)#TAB#
3997,University of Heidelberg Mannheim Germany
3998,National University of Singapore; Singapore-ETH Centre
3999,Future Cities Laboratory; Singapore-ETH Centre
4000,Siemens Corporate Research; ; Princeton NJ; USA
4001,Network Taiwan University; Taipei; Taiwan Roc
4002,Sch. of Comput. & Commun.; Lancaster Univ.; Lancaster; UK#TAB#
4003,University of Technology Sydney Sydney NSW Australia
4004,Shanghai Electron. Inf. Inst.; Shanghai; China
4005,Department of Computer Science; Faculty of Electrical Engineering; Automatics; Computer Science and Electronics; AGH University of Science and Technology; A. Mickiewicza 30; 30-059 Krakow; Poland. ...#TAB#
4006,Dept. of Knowledge Technol.; Jozef Stefan Inst.; Ljubljana; Slovenia
4007,Dept. of Knowledge Eng.; Maastricht Univ.; Maastricht; Netherlands
4008,LIAAD; INESC Porto L.A.; Porto; Portugal
4009,Dept. of Electr. & Comput. Eng.; Nat. Univ. of Singapore; Singapore; Singapore#TAB#
4010,Computer Science Department; Illinois Institute of Technology; Chicago; IL; USA
4011,Humboldt-Universität zu Berlin Berlin; Germany
4012,Intelligent Sensing and Systems Laboratory; Hobart; Germany#TAB#
4013,Yandex; LLC & University of Glasgow; Moscow; Russian Fed.#TAB#
4014,Department of Computer Science University of Ioannina; Ioannina; Greece#TAB#
4015,National University of Ireland Galway; University of Milan Bicocca; Galway; Milan; Ireland#TAB#
4016,Univ. of Milan Bicocca; Milan; Italy
4017,Yahoo Labs; Bacelona; Spain#TAB#
4018,ICAR - CNR; Rende; Italy#TAB#
4019,Institute of Information Science; Academia Sinica; Taipei; Taiwan; ROC#TAB#
4020,Inf. Directorate; AFRL; Rome; NY; USA
4021,Information Retrieval Laboratory; School of Computer Science and Technology; Dalian University of Technology; Dalian 116023; China; China
4022,TATA Res. Dev. & Design Centre; TATA Consultancy Services Ltd.; Pune; India
4023,Department of Computer Science; Taibah University; Madinah; Saudi Arabia
4024,Microsoft Research; Bengaluru; India#TAB#
4025,Electr. Eng. Dept.; Univ. of Southern California; Los Angeles; CA; USA
4026,University of California; Irvine; CA (USA)
4027,Carleton University; Ottawa; Canada
4028,State Key Lab of Intelligence Technology and Systems; Beijing; China
4029,Lithium Technologies | Klout; San Francisco; CA; USA
4030,Dept. Math. & Comput. Sci.; Emory Univ.; Atlanta; GA; USA
4031,The University of Texas‐Pan American; Edinburg; TX
4032,The Hong Kong University of Sci. and Tech.; Kowloon; Hong Kong; China#TAB#
4033,IBM China Research Laboratory; Beijing; China#TAB#
4034,Univ. of Houston; Houston;TX#TAB#
4035,University of Haute Alsace; Mulhouse; France
4036,Univ. of Strasbourg; Strasbourg; France
4037,Hong Kong Baptist University; Kowloon; Hong Kong
4038,University of Tennessee; Knxoville; TN; USA#TAB#
4039,Michigan State Univeristy; East Lansing; MI; USA
4040,Indian Institute of Technology - Mumbai; India#TAB#
4041,Dipt. di Inf.; Elettron. e Sist.; Univ. of Calabria; Rende; Italy
4042,Industrial Technology Research Institute Hsinchu; Taiwan; ROC
4043,Yonsei University; Korea; South Korea
4044,Yonsei University (South Korea)
4045,Austrian Res. Inst. for Artificial Intell.; Vienna; Austria
4046,Computer Science Discipline; Queensland University of Technology; Brisbane; QLD; Australia#TAB#
4047,IBM Research; Singapore; Singapore#TAB#
4048,Carnegie Mellon University; Pittsburgh; USA; Pittsburgh; USA#TAB#
4049,Freie Universität ; Berlin; Germany
4050,Yahoo; Tel Aviv; Israel#TAB#
4051,Event & Pattern Detection Lab.; Carnegie Mellon Univ.; Pittsburgh; PA; USA
4052,University of Iowa; Iowa City; IA USA
4053,Department of IT; Abo Akademi University; Turku; Finland#TAB#
4054,Department of Information Science and Engineering; Northeastern University; Shengyang; China
4055,NTT Corp.; Kanagawa; Japan
4056,Banco Colpatria; Bogota; Colombia
4057,HP Laboratories; Guadalajara; Mexico
4058,Rakuten Institute of Technology
4059,Gachon University School of Medicine; Incheon; South Korea#TAB#
4060,(Wuhan University of Science and Technology; Wuhan; China)
4061,Northwestern University Chicago IL USA
4062,Montgomery County Public Schools; Gaithersburg; MD; USA
4063,University of Colorado Boulder; Boulder; CO; USA;
4064,CSA; Indian Institute of Science; Bangalore; India
4065,Dept. of Tourism; Chongqing Educ. Coll.; Chongqing; China
4066,Dept. of Comput. & Modern Educ. Technol.; Chongqing Educ. Coll.; Chongqing; China
4067,Shamoon College of Engineering; beer sheva; Israel
4068,Intelligent Automation; Inc.; Rockville; USA
4069,Vienna University of Technology; Vienna Austria
4070,University Of California ; Irvine
4071,State Key Laboratory of Intelligent Technology and Systems; Department of Computer Science & Technology; Tsinghua University; Beijing; China
4072,Dipt. di Inf.; Univ. degli Studi di Milano; Milan; Italy
4073,Fujitsu (Ireland) Limited; Galway; Ireland
4074,Universidad de Chile;; Santiago; Chile
4075,Insight @ NUI Galway; Galway; Ireland
4076,IBM T.J. Watson Research Center Yorktown Heights; New York; USA
4077,SW Jiaotong University; Chengdu; China
4078,IBM — Watson Research Center; New York; USA
4079,(City University of New York; New York; USA)
4080,MPI for Intelligent Systems; Munich; Germany
4081,Orbitz Worldwide; Chicago; IL; USA
4082,IBM Research; NY;USA; New York; USA
4083,virginia tech; Falls Church; USA
4084,Virginia Tech; Blacksburg USA
4085,University of Kassel; Kassel (Germany)
4086,Innovation Works; http://www.innovation-works.com; Beijing; China
4087,IBM India Software Lab; New Delhi; India
4088,Alibaba; Hang zhou; China
4089,Tencent Soso; Beijing; China#TAB#
4090,Data Min. Appl. Res. Center; Kansai Univ.; Suita; Japan
4091,University of Illinois at Urbana-Champaign; Urbana; IL & Facebook; Menlo Park; CA; USA#TAB#
4092,CSIRO; Marsfield; Australia
4093,Dept. of Syst. Innovation; Univ. of Tokyo; Tokyo; Japan
4094,Concordia University; Montréal; QC; Canada
4095,RelateIQ; Palo Alto; CA; USA
4096,IBM Haifa Research Lab and The Hebrew University; Jerusalem; Haifa; Israel
4097,New Mexico State University; Las Cruces NM; USA
4098,University of Technology; Sydney; Sydney; Australia & China University of Geosciences; Wuhan; China
4099,China University of Geosciences(Wuhan) China
4100,IBM Res. - Brazil; Sao Paulo; Brazil
4101,National Taiwan University Taipei; Taiwan#TAB#
4102,Acad. Sinica; Taipei; Taiwan
4103,LIAAD-INESC Porto LA & FCUP - Univesity of Porto; Porto; Portugal
4104,LIAAD-INESC Porto LA; Porto; Portugal
4105,(University of Padua; Padua; Italy)
4106,Department of Computer Science and Engineering; University of Notre Dame; Notre Dame; IN; USA
4107,Electr. & Comput. Eng.; Rowan Univ.; Glassboro; NJ; USA
4108,Google Research; New York City; NY; USA#TAB#
4109,Google Inc.; New York City; NY; USA
4110,bitly; New York; NY; USA
4111,ELITE Lab.; Chulalongkorn Univ.; Bangkok; Thailand
4112,Inst. Telecom; Telecom Bretagne; Brest; France
4113,NICTA; Canberra; Australia
4114,Xerox Research Centre Europe; Grenoble; France#TAB#
4115,RMIT; Melbourne; Australia#TAB#
4116,NICTA; Melbourne; Australia
4117,Icahn School of Medicine; New York; USA
4118,Department of Computer Science; University of Illinois at Urbana–Champaign; Champaign; IL; USA.
4119,Endicott College; Beverly; MA; USA
4120,Institute for Advanced Computer Studies; University of Maryland; College Park; MD; USA
4121,Comput. & Inf. Services Lab.; Xerox Res.; Webster; NY; USA
4122,École Polytechnique Fédérale de Lausanne; Lausanne; Switzerland;
4123,Anglia Ruskin University; Chelmsford; England; UK#TAB#
4124,Tech. Univ. Darmstadt; Darmstadt; Germany
4125,#N#*The State University of New York at Buffalo; Buffalo; New York; USA.
4126,School of ITEE; University of Queensland; St Lucia; QLD; Australia
4127,Dept. of Computer Science; Yale University; New Haven; CT; USA#TAB#
4128,Program in Appl. Math.; Yale Univ.; New Haven; CT; USA
4129,Department of Political Science ; Yale University ; New Haven ; CT ; USA
4130,Purdue University West Lafayette; IN#TAB#
4131,ISCAS; Beijing; China#TAB#
4132,NEC Laboratories America; Inc.; Cupertino; CA; USA
4133,Rich Relevance; San Francisco; CA; USA
4134,KAIST; Deajun; South Korea#TAB#
4135,University of Mainz; University of Electronic Science and Technology of China; Mainz; Germany
4136,University of Mainz Mainz; Germany
4137,Xerox; Corp.; Webster; NY; USA
4138,Sch. of Bus.; Dept. of Inf. & Service Econ.; Aalto Univ.; Aalto; Finland
4139,National Laboratory of Pattern Recognition Institute of Automation; Chinese Academy of Sciences; Beijing; China
4140,HKUST; Hong Kong; China#TAB#
4141,Middle East Technical University METU Ankara Turkey
4142,Dept. Of Inf. & Telecommun.; Univ. of Athens; Athens; Greece
4143,Dept. of Oper. Res. & Financial Eng.; Princeton Univ.; Princeton; NJ; USA#TAB#
4144,Dept. of Comput. Sci. & Eng.; Pohang Univ. of Sci. & Technol.(POSTECH); Pohang; South Korea
4145,Clayton Sch. of Inf. Technol.; Monash Univ.; Clayton; VIC; Australia
4146,Dept. of Comput. & Inf. Syst.; Univ. of Melbourne; Parkville; VIC; Australia
4147,Dept. of Biochem. & Mol. Biol.; Pennsylvania State Univ.; University Park; PA; USA
4148,NTT Communication Lab; Tokyo; Japan
4149,Lenovo; CAS; Hong Kong; China
4150,University Southern Queensland; Toowoomba; Australia
4151,Anhui Normal University; Wuhu; China;
4152,Coll. of Archit. & Art; Hefei Univ. of Technol.; Beijing; China
4153,Dept. of Comput. Sci.; Indiana Univ.; Indianapolis; IN; USA
4154,Google; Seattle; WA; USA#TAB#
4155,Google; Pittsburgh; PA; USA#TAB#
4156,Google; Cambridge; MA; USA#TAB#
4157,Dept. of Syst. Innovation; Univ. of Tokyo Tokyo; Tokyo; Japan
4158,School of Math. Sci.; Tel Aviv Univ.; Tel Aviv; Israel
4159,State Key Lab. of Strength & Vibration of Mech. Struct.; Xi'an Jiaotong Univ.; Xi'an; China
4160,Washington State University; PULLMAN; WA; USA
4161,Sandia National Laboratories; Albuquerque NM USA
4162,Stern School of Business; NY; USA
4163,Microsoft Research; One Microsoft Way Redmond WA USA
4164,Sapienza Università di Roma; Roma; Italy
4165,LRI; Univ. Paris-Sud & CNRS; Paris; France
4166,Microsoft Advanced Technology Center; Beijing; China
4167,Comput. Sci. Dept.; Univ. of Illinois at Chicago; Chicago; IL; USA
4168,University of Southern California; Marina del Rey; CA; USA#TAB#
4169,Hefei University of Technology; Hefei; China & University of Massachusetts Boston; Boston; MA; USA#TAB#
4170,NHN Corporation; Seoul; South Korea#TAB#
4171,Computer Science Department; University of Tromso; Tromso; Norway
4172,Northern Research Institute;;;Tromso;;Norway
4173,Rutgers University; ew Brunswick; NJ; USA#TAB#
4174,Novay; Enschede; Netherlands
4175,Chalmers University ; Göteborg; Sweden
4176,Cloudera; Palo Alto; CA; USA
4177,; U.S. Naval Research Laboratory; Washington; DC; USA
4178,University of Tsukuba & Japan Aerospace Exploration Agency; Tsukuba; Japan#TAB#
4179,State Key Lab. of Intelligent Technology and Systems; Tsinghua National Laboratory for Information Science and Technology; Beijing; China
4180,Samsung R&D Institute of China - Beijing; Beijing; China
4181,Peking University & Dalian Maritime University; Beijing; China#TAB#
4182,Clique Res. Cluster; Univ. Coll. Dublin; Dublin; Ireland
4183,IBM ; Yorktown Heights; NY; USA
4184,Tencent Technology; Beijing; China
4185,Sch. of Comput. Sci. & Adv. Data Anal. Center; Univ. of Nottingham; Nottingham; UK
4186,Opera Mediaworks; London; UK
4187,Department of Computer Science and Technology; JiLin University; Changchun; China
4188,Yahoo Japan Research; Tokyo; Japan#TAB#
4189,University of Bristol Bristol; United Kingdom
4190,Dept. of Electr. Eng.; KU Leuven; Leuven; Belgium
4191,Qatar Computing Research Institute and University of Sydney; Sydney; Australia#TAB#
4192,ICT; Beijing; China#TAB#
4193,IDST at Alibaba Group; Seattle; WA; USA#TAB#
4194,Univ of California; Davis; CA; USA
4195,University of Lethbridge; Lethbridge; AB; Canada.
4196,Advance International Media; London; United Kingdom
4197,AppNexus; Portland; USA
4198,Coll. of Mech. & Electr. Control Eng. Mech. & Electr. Control; Jiangxi Univ. of Sci. & Technol.; Ganzhou; China
4199,Fac. of Foreign Studies Foreign Studies & Mech.; Jiangxi Univ. of Sci. & Technol.; Ganzhou; China
4200,Teradata China; Beijing; China#TAB#
4201,Renmin University of China & Microsoft Research; Beijing; China#TAB#
4202,Facebook; Menlo Park; USA#TAB#
4203,GREYC; Univ. of Caen Basse Normandie; Caen; France
4204,Institute of Computing Technology; Chinese Academy of Sciences; Beijing & Chongqing University; Chongqing; China
4205,Chongqing University;Chongqing;China
4206,Zurich University of Applied Science; Winterthur; Switzerland#TAB#
4207,Stockholm University; Stockholm ; Sweden
4208,Tallinn University; Tallinn; Estonia#TAB#
4209,Digital Humanities; King's Coll. London; London; UK
4210,Software Eng.; Akamai Phys.; Inc.; Las Cruces; NM; USA
4211,IRIDIA; ULB; Brussels; Belgium
4212,Univ. of North Carolina at Chapel HillNorth Carolina; Chapel Hill; NC; USA
4213,Brandenburg University of Technology; Cottbus; Germany
4214,AT&T Interactive; San Francisco; CA; USA
4215,Nagoya Univ. Nagoya Japan
4216,New York University and M6D Research; New York; NY; USA
4217,Australian National University & National University of Ireland; Galway; Canberra; Australia#TAB#
4218,Dept. of Appl. Comput. Sci.; Tokyo Polytech. Univ.; Atsugi; Japan
4219,Inst. fur Inf.; Univ. zu Koln; Koln; Germany
4220,University of Montréal; Montreal; Quebec; Canada
4221,Key Lab. of SCKE of Minist. of Educ.; Jilin Univ.; Changchun; China
4222,University of Sao Paulo;;;Sao Carlos;SP;Brazil
4223,Central China Normal University; Wuhan; China & Drexel University; Philadelphia; PA; USA#TAB#
4224,Department of Computer Science and Engineering; University of South Florida; Tampa; FL; USA
4225,College of Marine Science; University of South Florida; St Petersburg FL USA
4226,Sch. of Energy & Environ. Eng.; Hebei Univ. of Technol.; Tianjin; China
4227,Coll. of Urban Constr.; Hebei Univ. of Eng.; Handan; China
4228,RPI; Troy; NY; USA
4229,HP - Labs; Haifa; Israel#TAB#
4230,HP Software; Yahud; Israel
4231,National Taiwan Normal University; Taipei; Taiwan Roc
4232,Department of Computer Science ; University of California; Los Angeles; Los Angeles; CA; USA
4233,Institut Mines-Télécom
4234,Dept. of Syst. Design & Inf.; Kyushu Inst. of Technol.; Fukuoka; Japan
4235,DARPA; Washington; DC; USA#TAB#
4236,Gogolook Co. Ltd.; Taipei; Taiwan Roc
4237,The Ohio State University; Columb us; USA#TAB#
4238,College of Information Science and Technology Drexel University Philadelphia; PA; USA
4239,Dept. of Computer Science at Central China Normal University; Wuhan; China
4240,Northeastern University; Boston; NY; USA#TAB#
4241,Computer Science and Engineering Dept.; Qatar University; Doha; Qatar
4242,Poznań University of Economics; Poznan; Poland#TAB#
4243,Computer Science Department; Western University; London; ON; Canada#TAB#
4244,; School of Kinesiology; Western University; London; ON; Canada
4245,Schulich School of Medicine & Dentistry; Western University; London ON Canada
4246,UCLA; Los Angeles CA USA
4247,Sch. of Econ. & Manage.; Zhongyuan Univ. of Technol.; Zhengzhou; China
4248,The University of Western Ontario; London; Canada.
4249,Artificial Intell. & Appl. Inf. Group; Univ. of Wuerzburg; Wuerzburg; Germany
4250,Department of Electrical Engineering and Computer Science; Northwestern University; Evanston; IL; USA. E-mails: {ankitag; smi539; ran310; choudhar}@eecs.northwestern.edu; lpolepeddi@u.northwestern ...#TAB#
4251,Interdisciplinary Graduate School of Medicine and Engineering; Kofu; Japan
4252,Siemens Corp. Res.; Princeton; NJ; USA
4253,IIT Mandi; Mandi; India#TAB#
4254,United International College; Zhu Hai; China#TAB#
4255,Yandex Corporate; Moscow; Russian Fed.
4256,University of Versailles; Versailles; France
4257,University of Cergy-Pontoise; Cergy-Pontoise; France
4258,Fac. of Bus. Adm.; Xi'an Univ. of Technol.; Xi'an; China
4259,Centre for Quantum Comput. & Intell. Syst. (QCIS); Univ. of Technol.; Sydney; NSW; Australia
4260,Department of Computer Science; Univ. Of Delhi; Delhi; India#TAB#
4261,Nagarro Software Pvt. Ltd.; Gurgaon; India
4262,University of Oxford
4263,TU Eindhoven; Eindhoven; Netherlands#TAB#
4264,Dept. of Comput. Sci. & Eng.; Jawaharlal Nehru Inst. of Adv. Studies(JNIAS); Mangalore; India
4265,Shopping.com; Brisbane; CA; USA
4266,National Institute of Informatics; 2-1-2; Hitotsubashi; Chiyoda-ku; 101-8430; Tokyo; Japan#TAB#
4267,Coll. of Mechatron. Eng. & Autom; Nat. Univ. of Defense Technol.; Changsha; China
4268,Sch. of Eng. & Adv. Technol.; Massey Univ.; Pamerston North; New Zealand
4269,Institut Mines-Télécom; TELECOM-ParisTech; Paris; France
4270,QCIS Centre; Faculty of Eng. & Info. Tech.; University of Technology; Sydney; NSW 2007; Australia; Sydney; Australia
4271,LIF-QARMA; Aix-Marseille Univ.; Marseille; France
4272,Lab. Hubert Curien; Univ. of St-Etienne; St. Etienne; France
4273,NUS Graduate School for Integrative Sciences and Engineering & National University of Singapore; Singapore
4274,University of Salford.
4275,State Key Lab. for Novel Software Technology; Nanjing University; Nanjing; China#TAB#
4276,Jinling College; Nanjing University ; Nanjing ; China
4277,National Taiwan Univesity; Taipei; Taiwan Roc
4278,Shanghai Stock Exchange; Shanghai; China
4279,NUI Galway; Ireland; Galway; Ireland#TAB#
4280,Indian Institute of Technology — Bombay; Mumbai; India
4281,Universiteit Leiden; Leiden; Netherlands#TAB#
4282,Universiteit Leiden & KU Leuven; Leiden; Netherlands#TAB#
4283,Microsoft Bing; Bellevue; WA; USA
4284,CSLAB; School of ECE; National Technical University of Athens; Athens; Greece
4285,Huawei Noah Ark Lab; Hong Kong; China
4286,Wagner
4287,Microsoft; Seattle; Australia#TAB#
4288,Universidade Federal de Goiás; Goiânia; Brazil
4289,Universidade Federal de São João Del Rei; Sâo Joâo Del Rei; Brazil
4290,LIPN; Univ. de Paris 13; Paris; France
4291,University of Auckland;; Auckland; New Zealand#TAB#
4292,*University of Victoria; Victoria; Canada
4293,Mayo Clinic; Jacksonville; FL; USA;
4294,University of Montréal; Montreal; PQ; Canada
4295,Department of Computer Science and Technology; East China Normal University Shanghai; China
4296,Emory University; Atlanta; CA; USA
4297,University of Seville; Seville; Spain
4298,Centre for Quantum Computation & Intelligent System; UTS; Sydney; Australia
4299,ADReM & University of Antwerp; Antwerp; Belgium
4300,Massey University; Palmerston North; New Zealand.;
4301,Aalto Science Fellow; Helsinki; Finland
4302,Nycomed Chair for Bioinformatics and Information Mining; Konstanz; Germany#TAB#
4303,Yandex; Moscow; Russian#TAB#
4304,UNSW Australia; Canberra; Australia#TAB#
4305,IIIS; Tsinghua University; Beijing; China#TAB#
4306,Denso IT Laboratory; Tokyo; Japan
4307,Dept. of Comput. Sci. Electr. Eng.; Univ. of Maryland; Baltimore; MD; USA
4308,Pontificia Universidad Catolica de Chile.; Santiago; Chile
4309,University of Canterbury Christchurch; New Zealand
4310,Enviro-Mark Solutions Ltd; Lincoln; New Zealand
4311,IST/INESC-ID; Porto Salvo; Portugal#TAB#
4312,Institute of Business and Accounting Kwansei Gakuin University Nishinomiya Japan
4313,Mclntire Sch. of Commerce; Univ. of Virginia; Charlottesville; VA; USA
4314,IBM Research; Sao Paulo; Brazil#TAB#
4315,University College Dublin; School of Computer Science and Informatics; Dublin; Ireland#TAB#
4316,NRU HSE; Moscow; Russian Fed.
4317,The University of Glasgow; Scotland; United Kingdom#TAB#
4318,College of computing; Atlanta; GA; USA
4319,; IBM China Development Lab; Beijing; China
4320,Sch. of Inf. Technol. & Math. Sci.; Univ. of South Australia; Adelaide; SA; Australia
4321,Brownlow Consulting; Adelaide; SA; Australia
4322,Bus. Process Visualisation Australia; Adelaide; SA; Australia
4323,Yandex; Palo Alto; CA; USA
4324,R&D; Yahoo!; Beijing; China
4325,Peking University; Shenzhen; China#TAB#
4326,School of Electronics and Computer Engineering; Peking University; Shenzhen China
4327,Inf. Inst.; Univ. of Amsterdam; Amsterdam; Netherlands
4328,Dept. of Electr. & Comput. Eng.; Univ. of California - San Diego; La Jolla; CA; USA
4329,Sapienza; Università di Roma; Rome; Italy
4330,State Univ of New York; Buffalo; Buffalo; NY; USA
4331,UNIVERSITY OF WARSAW WARSAW; POLAND
4332,Dept. of Comput.; Hong Kong Polytech. Univ.; Hong Kong; China
4333,Al Jazeera; Doha; Qatar#TAB#
4334,UPC - Barcelona Tech; Barcelona; Spain
4335,The University of Illinois at Urbana Champaign; Urbana; IL; USA
4336,École Polytechnique & Athens University of Economics and Business; Palaiseau; France
4337,Université Paris Sud / INRIA Saclay; Orsay; France#TAB#
4338,Universität Tübingen; Tübingen; Germany
4339,Banner Alzheimer's Institute; Banner Good Samaritan Medical Center; Phoenix; AZ; USA#TAB#
4340,Waterloo University; Canada#TAB#
4341,PRiSM Laboratory; Versailles University; VERSAILLES; France
4342,Sidetrade; France; Boulogne-Billancourt; France
4343,Max-Planck-Inst.; Saarbrucken; Germany
4344,Elder Research; Inc.; Charlottesville; VA; USA
4345,IBM Res.; Beijing; China
4346,Inst. de Cienc. Mat. e de Comput.; Univ. de Sao Paulo; Sao Carlos; Brazil
4347,National-Geospatial Intelligence Agency
4348,Center for Data Analytics & Biomedical Informatics; Temple University; Philadelphia USA
4349,Institute for Informatics; Ludwig-Maximilians-Universität München; München; Germany
4350,Sch. of Bus. Adm.; Zhe Jiang Gongshang Univ.; Hangzhou; China
4351,Santa Clara University
4352,Rutgers - The State University of New Jersey; New Brunswick
4353,University of Iowa
4354,Kent State University; Cleveland; OH; USA#TAB#
4355,National University of Ireland; Galway; Galway; United Kingdom#TAB#
4356,SMIT - Studies on Media Inf. & Telecommun.; Vrije Univ. Brussel; Brussels; Belgium
4357,Telecommun. Res. Lab.; Toshiba Res. Eur. Ltd.; Bristol; UK
4358,University of Arkansas ; Fayetteville ; AR ; USA
4359,Pixlcloud; San Francisco; USA
4360,; The University of Sydney; Sydney; Australia
4361,StartCodon; Danville; CA; USA
4362,Google; Santa Clara; CA; USA
4363,IBM Almaden Research Center; Almaden; CA; USA#TAB#
4364,Xidian University; Xi'an City; China#TAB#
4365,IBM T.J. Watson Research Center; Watson; NY; USA
4366,IBM T.J. Watson Research Centern; Watson; NY; USA#TAB#
4367,Washington University in St. Louis; St. Louis; USA
4368,GraphLab; Seattle; USA
4369,Department of Computer Science and Software Engineering; University of Melbourne; Melbourne; VIC; Australia
4370,Dept. of Electr. & Electron. Eng.; Univ. of Melbourne; Melbourne; VIC; Australia
4371,Electr. Eng. Dept.; Kasetsart Univ.; Bangkok; Thailand
4372,Department of Computer Science and Engineering; York University; Toronto ON Canada
4373,Fac. of Comput. Sci. & Syst. Eng.; Kyushu Inst. of Technol.; Iizuka; Japan#TAB#
4374,Dept. of Comput. Sci.; Tufts Univ.; Medford; MA; USA
4375,Dept. of Earth & Environ.; Boston Univ.; Boston; MA; USA
4376,University della Svizzera Italiana; Lugano; Switzerland
4377,Intell. Embedded Syst.; Univ. of Kassel; Kassel; Germany
4378,Machine Intell. Unit; Indian Stat. Inst.; Kolkata; India
4379,University of California; Riverside
4380,Lab. for Spatial Inf.; IIIT Hyderabad; Hyderabad; India
4381,Universidad Complutense de Madrid (Spain); Madrid; Spain
4382,Yahoo! Research Latin America; Santiago; Chile#TAB#
4383,Univ. of California Davis; Davis; USA
4384,Institute for Computer Science University of Hildesheim; Hildesheim; Germany
4385,Inst. of Autom. Control; RWTH Aachen Univ.; Aachen; Germany
4386,University Paris Sud / LRI / INRIA; Paris; France
4387,Southern Illinois University Carbondale; Carbondale IL USA
4388,Accenture; San Francisco; CA; USA#TAB#
4389,Ghent University; iMinds; Multimedia Lab; Ghent; Belgium#TAB#
4390,University of Freiburg; Freiburg; Belgium#TAB#
4391,University of Illinois at Urbana–Champaign; Urbana; Illinois; USA
4392,IBM Haifa Research Lab; Haifa; & The Hebrew University; Jerusalem; Israel
4393,NYU Polytechnic Institute; Brooklyn; NY; USA
4394,L3S Research Center; Hanover; Germany
4395,University of California San Diego; San Diego USA
4396,Department of Computer Science; University of British Columbia; Vancouver; BC; Canada
4397,Centre de Visio per Computador; Barcelona; Spain
4398,Allen Institute for Artificial Intelligence; Seattle; WA; USA
4399,IBM Res. Almaden; CA; USA#TAB#
4400,Chinese Academy of Sciences; Shanghai; China#TAB#
4401,Zhejiang University; Shanghai; China
4402,Bioeng. Dept.; Politec. di Milano; Milan; Italy
4403,Fresenius Med. Care; Bad Homburg; Germany
4404,Yahoo; CA; USA#TAB#
4405,Inria Lille — Nord Europe; Villeneuve d’Ascq; France
4406,Indian Statistical Institute Kolkata; Kolkata; India
4407,Res. Center on Intell. Comput. & Data Manage.; Zhejiang Univ.; Ningbo; China
4408,College of Information Science and Technology; University of Nebraska; Omaha; NE; USA#TAB#
4409,Université Paris Sud 11 / INRIA Saclay Ile-de-France; Orsay Cedex; France#TAB#
4410,Information Sciences Institute; USC; Marina del Rey; CA; USA
4411,Xidian University Xi’an Shaanxi China
4412,Singapore University of Technology and Design; Singapore; Singapore#TAB#
4413,IBM China; Shanghai; China#TAB#
4414,Amazon Inc.; Berlin; UNK; Germany
4415,Dalian Maritime University; Dalian; IN; USA
4416,University of Lyon Villeurbanne France
4417,Labs SAPO and LIACC/FEUP; Porto; Portugal
4418,CIIR; University of Massachusetts Amherst; Amherst; MA; USA
4419,PRHLT; UPV; Valencia; Spain
4420,University of Paderborn; s-lab; Paderborn; Germany#TAB#
4421,Toulouse University UPS IRIT; Toulouse; France
4422,Peking University; Beijing; IL; China#TAB#
4423,IBM India Research Laboratories; Bangalore India#TAB#
4424,Dept. Of Comp. Sci. & Eng.; Univ. of Texas at Arlington; Arlington; TX; USA
4425,State Key Lab. of Inf. Security; Inst. of Inf. Eng.; Beijing; China
4426,Department of ECE; University of Illinois at Urbana-Champaign; Urbana; IL; USA
4427,Montana State Univ.; Bozeman; MT; USA#TAB#
4428,University of Nebraska; Omaha; NE; USA.
4429,Chinese Academy of Sciences and University of Chinese Academy of Sciences; Beijing; China
4430,Dept. of Syst. Eng. & Eng. Manage.; Chinese Univ. of Hong Kong; Hong Kong; China
4431,Massachusettes Institute of Technology; Cambridge; MA; USA
4432,Renren Inc.; Beijing; China
4433,Electr. & Comput. Eng. Dept.; Carnegie-Mellon Univ.; Pittsburgh; PA; USA
4434,Intell. Syst. Program; Univ. of Pittsburgh; Pittsburgh; PA; USA
4435,Dept. of Computer Engineering Santa Clara University Santa Clara; CA USA
4436,National Research Council (CNR); Pisa; Italy#TAB#
4437,National Institute of Geophysics and Volcanology; Pisa; Italy
4438,Indian Institute of Technology Delhi; Tata Consultancy Services Ltd.; New Delhi; India#TAB#
4439,Tata Consultancy Services Ltd.; New Delhi; India#TAB#
4440,Polytechnic Institute of New York University; New York; USA
4441,University of Rennes 1; IRISA/INRIA; Rennes; France
4442,Department of Information Systems; University of Maryland Baltimore County (UMBC); Baltimore; MD; USA
4443,Emergency Med. Assoc.; Germantown; MD; USA
4444,Renmin University of China; Beijing & Zhengzhou Chenggong University of Finance and Economics; Henan; China#TAB#
4445,NEC Labs; China; Beijing; China
4446,LIAS; ISAE-ENSMA; France
4447,LIMOS; Univ. Blaise Pascal; Clermont-Ferrand; France
4448,LIRIS; INSA-Lyon; Lyon; France
4449,Coll. of Phys. & Electron. Inf. Eng.; Wenzhou Univ.; Wenzhou; China
4450,Dept. of Comput. Sci.; Sichuan Normal Univ.; Chengdu; China
4451,Norwegian University of Science and Technology; Trondheim; Norway; Norway#TAB#
4452,EMC Corporation; Massachusetts; USA
4453,University of Lisbon; IST & INESC-ID; Lisbon; Portugal
4454,National Institute of Advanced Industrial Science and Technology (AIST); Tsukuba Ibaraki; Japan
4455,Microsoft Bing; Mountain View; CA; USA#TAB#
4456,World Quant; Mumbai; India
4457,Fraunhofer INT; Euskirchen; Germany
4458,Vermont Information Processing; Colchester ; VT; USA
4459,North Dakota State University; Fargo; ND; USA
4460,UFRGS-Brazil; Porto Alegre; Brazil#TAB#
4461,New York University - Poly; New York; NY; USA#TAB#
4462,HP Labs; Beijing; China#TAB#
4463,College of Computer Science and Technology Taiyuan University of Technology Taiyuan China
4464,CWI; Amsterdam; Netherlands
4465,Montclair State University Montclair NJ USA
4466,University of Crete - Institute of Computer Science; FORTH; Heraklion; Greece
4467,Ist. di Inf. e Telematica; Pisa; Italy
4468,Ist. di Fisiologia Clinica; Pisa; Italy
4469,Sist. territoriali s.r.l; Navacchio; Italy
4470,IBM; T. J. Watson Research Center; Hawthorne; New York; USA
4471,Department of Computer Science; Chemnitz University of Technology; Chemnitz; Germany. E-mails: {djo; ruenger}@cs.tu-chemnitz.de#TAB#
4472,Bayreuth University; Angewandte Informatik II; Bayreuth; Germany. E-mail: rauber@uni-bayreuth.de#TAB#
4473,Rutgers University; New Brunwick; NJ; USA#TAB#
4474,Harbin Inst. of Technol.; Beijing; China
4475,École Centrale Paris; Paris; France#TAB#
4476,IBM T. J.; Watson Research Center; Hawthorne; USA
4477,Beijing University of posts and Telecommunication; Beijing China#TAB#
4478,University of Chile; Santiago; Chile
4479,NICTA & University of Melbourne; Melbourne; Australia
4480,Comput. Sci. Dept.; Univ. of Antwerp; Antwerp; Belgium
4481,Laboratoire d'Informatique de Paris VI; Paris; France
4482,Bus. Adm. Coll.; Wuhan Univ. of Sci. & Eng.; Wuhan; China
4483,Advanced Virtual and Intelligent Computing (AVIC) Center; Bangkok; Thailand
4484,(UNIVERSITY OF PELOPONNESE)
4485,Cardiff University
4486,University of San Diego; San Diego CA USA
4487,Fraunhofer IAIS; Bonn; Germany
4488,Universität Paderborn; s-lab; Paderborn; Germany#TAB#
4489,Inst. of Comput. Sci.; Univ. of Gottingen; Gottingen; Germany
4490,Queens Coll.; CUNY; New York; NY; USA
4491,Siemens Medical Solutions USA; Malvern; PA; USA
4492,Siemens Medical Solutions USA; Malvern; USA#TAB#
4493,University of Texas-Arlington Arlington; TX; USA
4494,Idiap Research Institute Martigny; Switzerland
4495,Centre for Distrib. Syst. & Software Eng.; Monash Univ.; Melbourne; VIC; Australia
4496,ENSIMAG; Univ. of Grenoble; Grenoble; France
4497,Dept. of Comput. Sci.; State Univ. of New York at Binghamton; Binghamton; NY#TAB#
4498,College of Mathematics and Information Science ; Wenzhou University ; Zhejiang ; China
4499,Islamic Azad Univ.; Abhar; Iran
4500,Fac. of Comput. Sci. & Inf. Technol. (FSKTM); Univ. Putra Malaysia (UPM); Serdang; Malaysia
4501,Yahoo! SDC; Bangalore; India
4502,Indian Statistical institute; Kolkata; India
4503,Discipline of Comput. Sci.; Queensland Univ. of Technol.; Brisbane; QLD; Australia
4504,IBM Res. India; Delhi; India
4505,IISc Bangalore; Bangalore; India#TAB#
4506,BMC Software; Houston; TX; USA
4507,Digital Enterprise Research Institute National; University of Ireland; Galway; Galway; Ireland
4508,Dept. of Political Sci.; Univ. of Rochester; Rochester; NY; USA
4509,Uniniversidade Federal de Minas Gerais; Belo Horizonte; Brazil
4510,Universidade Federal de Ouro Preto; Ouro Preto; Brazil
4511,ICSI Berkeley; Berkeley; CA; USA
4512,T. J. Watson Research Center; IBM; Hawthorne; NY; USA
4513,Yahoo! Inc; Cambridge; MA; USA
4514,Toyota Central R&D Labs. Inc; Nagakute; Japan
4515,Department of Digital Systems;University of Piraeus;Greece
4516,Faculty of Computer Science; Magdeburg University; Germany#TAB#
4517,Athens Univ. of Econ. & Bus.; Greece
4518,Nanjing University;China; Nan Jing; China#TAB#
4519,Panasonic System Solutions Development Center (PSDU) of USA; Princeton; NJ; USA#TAB#
4520,School of Software; Xidian University; Xi'an China#TAB#
4521,ShenZhen Institutes Of Adv. Technol.; Chinese Acad. of Sci.; Shenzhen; China
4522,Emory University; Google; Atlanta; USA#TAB#
4523,New York University; Google; New York; USA#TAB#
4524,CNRS; UMR; LaBRI & INRIA Bordeaux-Sud Ouest; Talence cedex; France#TAB#
4525,Shanghai Shifang Software; Shanghai; China
4526,Digital Enterprise Research Institute (DERI); National University of Ireland; Galway; Galway; Ireland#TAB#
4527,School of Computer Science & Informatics; University College Dublin; Dublin; Ireland#TAB#
4528,IBM Research T.J. Watson Center Hawthorne; NY; USA
4529,IBM Research - Almaden Center; San Jose; CA; USA#TAB#
4530,Orange Labs.; Lannion; France
4531,SAMM; Univ. Paris 1; Paris; France
4532,Dept. of Comput. Sci. & Eng.; Ohio State Univ.; Columbus; OH; USA
4533,Department of Computer Science and Technology at Nanjing University
4534,School of Physics at Nanjing University
4535,School of Statistics at University of International Business and Economics
4536,Sch. of Electr. & Inf. Eng.; Univ. Of Sydney; Sydney; NSW; Australia
4537,UC Santa Barbara; Santa Barbara; CA; USA
4538,King Abdulaziz University–Jeddah
4539,liaoning technical university
4540,Max-Planck Institute of Informatics; Saarbrücken; Germany#TAB#
4541,National Institute of Informatics and Preferred Infrastructure; Inc.; Tokyo; Japan#TAB#
4542,Georgia State University; Atlanta; Georgia#TAB#
4543,Department of Industrial Engineering; Universidad de Chile#TAB#
4544,Univ. of Otago; Dunedin; New Zealand
4545,University of California at Santa Barbara; Santa Barbara CA; USA
4546,University of Chinese academy of sciences
4547,University of Athens
4548,Future Cities Laboratory; ETH Zurich; Zurich; Switzerland#TAB#
4549,CAAD; ETH Zurich; Zurich; Switzerland
4550,JSPS Research Fellow / Otaru University of Commerce; Otaru; Japan#TAB#
4551,Otaru University of Commerce; Department of Information and Management Science; Otaru; Japan#TAB#
4552,Slovak Univ. of Technol.; Bratislava; Slovakia
4553,IBM Res. - Zurich; IBM Res. GmbH; Rüschlikon; Switzerland
4554,University of São Paulo; Sao Paulo; Brazil#TAB#
4555,CSIRO & Queensland University of Technology; Brisbane; Australia#TAB#
4556,Google Research; San Francisco; CA; USA#TAB#
4557,Twitter; San Fransisco; USA#TAB#
4558,Yahoo! Research Barcelona; Barcelona; Chile
4559,Sch. of Math. & Comput. Sci.; Sun Yat-sen Univ.; Guangzhou; China
4560,School of Information Science and Technology Dalian Maritime University; Dalian; China
4561,University of Saarland; Saarbrücken; Germany
4562,Graduate School of Information Science and Technologies The University of Tokyo; Tokyo; Japan
4563,Sch. of Comput. Sci. & Info. Eng.; Hefei Univ. of Technol.; Hefei; China
4564,Sch. of Comput.; Univ. of Portsmouth; Portsmouth; UK#TAB#
4565,Sch. of Psychol.; Univ. of Nottingham; Nottingham; UK
4566,University of Washington SEATTLE USA
4567,North Carolina State University; Raleigh; N. Carolina; USA
4568,INRIA Saclay and Université Paris-Sud 11; Paris; France
4569,INRIA Saclay; Université Paris-Sud 11 and Université Paris 6; Paris; France
4570,; Microsoft Research Asia and Tsinghua University; Beijing; China
4571,Electr. & Comput. Eng; Concordia Univ.; Montreal; QC; Canada
4572,Concordia Institute for Information Systems Engineering; Concordia University; Montreal; QC; Canada
4573,Dept. d'Inf.; Univ. de Sherbrooke; Sherbrooke; QC; Canada
4574,EECS Dept.; Washington State Univ.; Pullman; WA; USA
4575,UC Berkeley#TAB#
4576,Splunk; Inc.
4577,University of Marburg Marburg; Germany
4578,BEIJING NORMAL UNIVERSITY</br>Beijing; China
4579,Harokopio University of Athens; Athens; Greece;
4580,NTT; Kyoto; Japan
4581,Dept. of Comput. Sci.; Nat. Chiao Tung Univ.; Hsinchu; China
4582,Shandong University of Finance; Jinan; China
4583,Istituto di Scienza e Tecnologie dell'Informazione del C.N.R.; Pisa; Italy#TAB#
4584,Kaggle; Melbourne; VIC; Australia
4585,Montréal University; Montréal; Canada
4586,Div. of Math. & Comput. Sci. & Eng.; King Abdullah Univ. of Sci. & Technol. (KAUST); Dhahran; Saudi Arabia
4587,Interdiscipl. Centre for Security; Reliability & Trust (SnT Centre); Univ. of Luxembourg; Luxembourg; Luxembourg
4588,Department of Computer and Information Science; Norwegian University of Science and Technology (NTNU); Trondheim; Norway.
4589,TAO; LRI; Univ. Paris-Sud 11; Orsay; France
4590,EBay Research Labs; San Jose; USA#TAB#
4591,State Key Laboratory for Novel Software Technology; Nanjing; China
4592,Sch. of Comput.; Nat. Univ. of Singapore; Singapore; Singapore
4593,Interactive & Digital Media Inst.; Nat. Univ. of Singapore; Singapore; ; Singapore
4594,Sch. of Software; Liaoning Tech. Univ.; Huludao; China
4595,Sch. of Electrics & Inf. Eng.; Liaoning Tech. Univ.; Huludao; China
4596,Sch. of EECS; Peking Univ.; Beijing; ; China
4597,Unversity of Utah; Salt Lake City; UT; USA
4598,Sch. of Electr. & Comput. Eng.; RMIT Univ.; Melbourne; Vic.; Australia
4599,Dept. of Comput. Sci.; Hong Kong Baptist Univ.; Kowloon; China#TAB#
4600,School of Engineering and Science; Victoria University; Melbourne; Vic.; Australia
4601,Google Beijing; China
4602,HK Polytechnic Univ.; Hong Kong; Hong Kong
4603,University of California at Santa Barbara California USA
4604,Washington University; Saint Louis; MO; USA;
4605,Xidian Univ.; Xi'an; China#TAB#
4606,University of Turin Turin Italy
4607,CNRS – Marseille; France
4608,Institute for Scientific Interchange; ISI Foundation; Turin; Italy
4609,Inf. i Mat. Aplic.; Univ. de Girona; Girona; Spain
4610,Comput. Sci. Dept.; Georgetown Univ.; Washington; DC; USA
4611,Inf. Syst. & Global Solutions; Lockheed Martin; King of Prussia; PA; USA
4612,Universidade Federal de Minas Gerais; Belo Horizonte; MG; Brazil;
4613,University of Illinois at Chicago; Chicago; IL; USA & King Abdulaziz University; Jeddah; Saudi Arabia#TAB#
4614,INRIA Rennes-Bretagne-Atlantique; Rennes; France
4615,Technische Universität Berlin/ Deutsche Telekom Laboratories; Berlin; Germany
4616,Universisdade de São Paulo; São Carlos; SP; Brazil
4617,Politecnico di Milano; Milan; Italy
4618,Chinese Academy of Sciences; Beijing; China and University of Arizona; Tucson; Arizona
4619,University of Wisconsin; Milwaukee; milwaukee; WI; USA
4620,Machine Learning Group; Univ. of Hildesheim; Hildesheim; Germany
4621,IBM T.J. Watson Research Center; Hawthorne & Columbia University; New York; NY; USA#TAB#
4622,UC Riverside;Riverside;USA
4623,Microsoft Asian Research and Development Group; Beijing; China
4624,Sch. of Comput. & Commun. Sci.; Ecole Polytech. Fed. de Lausanne; Lausanne; Switzerland
4625,Dept. of Comput. Sci.; U.S. Naval Acad.; Annapolis; MD; USA
4626,Dept of Computer Science University Of Bonn Bonn Germany
4627,Mostrare Res. Team; INRIA Lille Nord Eur.; Villeneuve-d'Ascq; France
4628,Dept. of Intell. Sci. & Technol.; Kyoto Univ.; Kyoto; ; Japan
4629,Dept. of Comput. Biol.; Univ. of Tokyo; Chiba; Japan
4630,LIAAD-INESC TEC; Porto; Polytechnic Institute of Tomar; Tomar & University of Beira Interior; Covilhã; Portugal
4631,University of Caen Basse-Normandie; Caen; France & University of Beira Interior; Covilhã; Portugal#TAB#
4632,LIAAD - INESC TEC & University of Porto; Porto; Portugal
4633,Swiss Fed. Inst. of Technol. (EPFL); Lausanne; Switzerland
4634,; Microsoft Corporation; Sunnyvale; CA; USA
4635,Microsoft Corporation; Cambridge; United Kingdom#TAB#
4636,Grad. Sch. of Eng.; Gunma Univ.; Kiryu; Japan
4637,DoTRUMP; Chiba; Japan
4638,Comput. Biol. of Res. Center; Nat. Inst. of Adv. Ind. Sci. & Technol. (AIST); Tokyo; Japan
4639,Zynga; San Francisco; CA; USA
4640,Div. of Biomed. Inf.; Cincinnati Children's Hosp. Res. Found.; Cincinnati; OH; USA
4641,Dept. of Comput. Sci.; Univ. of Cincinnati; Cincinnati; OH; USA#TAB#
4642,New York Univ.; New York NY
4643,Bing; Microsoft; Melbourne; Australia#TAB#
4644,School of Information and Computer Science; University of California; Irvine; CA; USA
4645,Veda#TAB#
4646,Open University; Milton Keynes; United Kingdom#TAB#
4647,Boston University; Boston; MA; Greece#TAB#
4648,Dept. of Computer Science & Information Engineering; National Taiwan University of Science & Technology; Taipei; Taiwan
4649,Information & Communication Security Lab; Chunghwa Telecom Laboratories;
4650,Dept. of Electron.; Univ. of Calabria; Rende; Italy
4651,CNR; Ist. di Calcolo e Reti ad Alte Prestazioniz; Rende; Italy
4652,MOEKLINNS Lab; Department of Computer Science and Technology; Xi'an Jiaotong University; Xi'an; China
4653,Department of Computer Science and Eng.; Waseda University; Tokyo; Japan
4654,Univ. of Bristol; Bristol ; UK#TAB#
4655,Res. Center on Fictitious Econ. & Data Sci.; Chinese Acad. of Sci.; Beijing; China
4656,ECE Department; Northeastern University; Boston; MA USA
4657,IBM T. J. Watson Research; Hawthorn; NY; USA#TAB#
4658,Centre for Quantum & Intell. Syst.; Univ. of Technol.; Sydney; NSW; Australia
4659,CNRS; Grenoble Univ.; Grenoble; France
4660,LIRMM; Univ. Montpellier 2; Montpellier; France
4661,Fujitsu Laboratories LTD; Atsugi; Japan
4662,NYU: Stern School of Business New York NY USA
4663,(The Pennsylvania State University; State College; Pennsylvania; USA)
4664,Department of Computer Science and Engineering; University of Minnesota; Minneapolis; MN; USA. E-mails: {hamching; boley}@cs.umn.edu#TAB#
4665,College of Veterinary Medicine; University of Minnesota; St. Paul; MN; USA. E-mail: sreev001@umn.edu#TAB#
4666,DIMACS; Rutgers University; Piscataway; NJ USA
4667,Department of Computer Science; Rutgers University; Piscataway; NJ; USA#TAB#
4668,New Jersey Institute of Technology; Information Systems Department; Newark; NJ; USA#TAB#
4669,New Jersey Institute of Technology; Computer Science Department; Newark; NJ; USA#TAB#
4670,Sch. of Comput. Northwestern; Polytech. Univ.; Xi'an; China
4671,Dept. of Comput. Sci. & Eng.; Univ. of California; San Diego; La Jolla; CA; USA
4672,Microsoft; Redmond; MA; USA
4673,Institute of Informatics and Telematics IIT - CNR; Pisa; Italy
4674,IBM Research - Zurich & ETH Zurich; Rueschlikon; Switzerland
4675,Comput. Eng. Dept.; Middle East Tech. Univ.; Ankara; Turkey
4676,Comput. Sci. Dept.; North Carolina State Univ.; Raleigh; NC; USA
4677,Dept. of Civil & Environ. Eng.; Univ. of South Florida; Tampa; FL; USA
4678,Ebay Inc.; San Jose; USA
4679,National Marrow Donor Program;
4680,Microsoft; Bangalore; India#TAB#
4681,Hanoi University of Science and Technology; ; Hanoi; Vietnam
4682,@walmartlabs; San Bruno; USA
4683,Lab. for Spatial Inf.; Int. Inst. of Inf. Technol.; Hyderabad; India
4684,University at Buffalo: SUNY; Buffalo; NY
4685,University of Minnesota ; Twin Cities ; MN ; USA
4686,University of California—Irvine; Irvine; USA
4687,School of Computer Science; University College Dublin; Dublin; Ireland
4688,Funnelback Pty Ltd. and Australian National University; Canberra; Australia#TAB#
4689,Yahoo; Barcelona; Spain#TAB#
4690,Department of Computer and Information Science; University of Pennsylvania; Philadelphia; PA; USA
4691,Microsoft; Vancouver; BC; Canada
4692,Department of Physical Therapy; University of Alberta; Edmonton ; Canada
4693,Fudan Univeristy; Shanghai; China#TAB#
4694,(University of Piraeus; Piraeus; Greece)
4695,Tianjin University of Technology and Education; Tianjin; China
4696,Sch. of CSE; Beijing Jiaotong Univ.; Beijing; China
4697,Department of Land Resources and Tourism Sciences; Nanjing University; Nanjing; China
4698,Technicolor; Los Altos; CA; USA
4699,Computer Science Department; Carnegie Mellon University; Pittsburgh; PA; USA
4700,Alpen-Adria University Klagenfurt; Klagenfurt; Austria
4701,Madeira Interactive Technologies; Institute#TAB#
4702,Dept. Inf.; Univ. de Valencia; València; Spain
4703,Microsoft Research Herzeliya Israel
4704,Narus Corporation; Sunnyvale; CA; USA
4705,CECS; Australian Nat. Univ.; Canberra; ACT; Australia
4706,Nat. ICT Australia; Canberra; ACT; Australia
4707,Sch. of Inf. Technol.; Univ. of Sydney Sydney; Sydney; NSW; Australia
4708,Networked Syst. Group; NICTA; Alexandria; NSW; Australia
4709,IBM Corporation; Saverna Park; MD; USA
4710,IBM Corp.; Rochester; NY; USA
4711,IBM Corporation; Danbury; CT; USA#TAB#
4712,IBM Corp.; Albany; NY; USA
4713,State of New York; Albany; NY; USA
4714,Math.; Image et Applic.; Univ. de La Rochelle; La Rochelle; France
4715,University of PARIS13 / LIPN; Villetaneuse; France
4716,University of Lyon1 / LIRIS; Villeurbanne; France
4717,GraphSQL; Mountain View; CA; USA
4718,Rocket Fuel; Redwood Shores; CA; USA
4719,Zhongnan University of Economics and Law
4720,(Technische Universität Dortmund; Dortmund; Germany)
4721,University of Illinois; Chicago; IL; USA#TAB#
4722,Multimedia Computing Lab; University of Augsburg; Augsburg; Germany#TAB#
4723,Karlsruhe Institute of Technology & University of Antwerp; Karlsruhe; Germany#TAB#
4724,Database Technol. Group; Dresden Univ. of Technol.; Dresden; Germany
4725,Indiana University-Bloomington; Bloomington; USA
4726,University of California; Santa Barbara; Santa Barbara; California; USA#TAB#
4727,University of Illinois at Urbana-Champaign ; Urbana-Champaign; Illinois; USA
4728,The City College of The City University of New York; New York; NY
4729,KXEN Europe; Suresnes; France#TAB#
4730,INSA de Rouen; Saint-Étienne-du-Rouvray; France
4731,Universite Paris-Nord; Villetaneuse; France#TAB#
4732,La Boîte à Outils; Grenoble; France
4733,Ntional Institute of Informatics; Tokyo; Japan
4734,Multimedia University; Cyberjaya; Selangor; Malaysia.
4735,Linton University College; Negeri Sembilan; Malaysia
4736,Technische Universität München; Garching bei München; Germany
4737,University of Moncton
4738,SCT
4739,Dept. of Comput. Sci.; Univ. of Pittsburgh Pittsburgh; Pittsburgh; PA; USA
4740,Zhejiang Normal University;
4741,University of South Australia
4742,Haerbin Institute of Technology; Haerbin; China
4743,T.J. Watson Res. Center; Bus. Anal. & Math. Sci.; IBM; Yorktown Heights; NY; USA
4744,Università Ca'Foscari Venezia; Venezia; Italy
4745,Laboratoire d'informatique de l'École polytechnique [Palaiseau]
4746,University of Paris Sud
4747,University of Hong Kong;
4748,Department of Mathematics [Athens]
4749,Ecole Polytechnique
4750,Sch. of Econ. & Manage.; Univ. of Sci. & Technol. Beijing; Beijing; China
4751,University of Science and Technology;Beijing
4752,Technische Universität München; Institut für Informatik/I12; Garching b. München; Germany
4753,Fac. of Eng. & IT; QCIS Univ. of Technol.; Sydney; NSW; Australia
4754,Inf. Eng. Lab.; CSIRO ICT Centre; Epping; NSW; Australia
4755,Univ. of British Columbia; Vancouver; British Columbia; Canada.
4756,Frontex; Warsaw; Poland
4757,Indian Institute of Science; Bangalore; UNK; India
4758,Yahoo; Bangalore; UNK; India
4759,Siemens Corporation; Princeton; NJ; USA
4760,Amazon; Seattle; WA; USA.
4761,Skytree; San Jose; CA; USA
4762,Center for Intelligent Information Retrieval; University of Massachusetts; Amherst; MA; USA#TAB#
4763,Slovak Academy of Sciences; Bratislava;#N#Slovakia
4764,Université François Rabelais Tours; LI
4765,Université de Caen; GREYC
4766,La Trobe Univ.; Bundoora; Australia#TAB#
4767,Department of Computer Science; University of Massachusetts; Amherst; MA; USA#TAB#
4768,Univ. of Padua; Padova; Italy#TAB#
4769,Comput. Sci.; Iowa State Univ.; Ames; IA; USA
4770,Comput. & Inf. Sci.; Kansas State Univ.; Manhattan; KS; USA
4771,Univ of Portsmouth; Portsmouth; United Kingdom
4772,Yahoo! Research Labs; Barcelona; Spain
4773,Tsinghua University; Beijing 100084; China
4774,University of Southern Calfornia; Los Angeles; CA; USA
4775,State Key Laboratory of Novel Software Technology; NanJing University; NanJing; China
4776,CSE; University of Oulu; Oulu; Finland
4777,CIE; University of Oulu; Oulu; Finland#TAB#
4778,Dematic; Madison; WI; USA
4779,Nippon Telegraph and Telephone; Yokosuka-Shi; Japan
4780,The University of Tokyo; Bunkyo-ku; Japan
4781,Dept. of Comput. Sci.; Univ. of California; Los Angeles (UCLA); Los Angeles; CA; USA
4782,Dept. of Computer Science; University of California; Santa Barbara; CA; USA
4783,904Labs; Amsterdam; Netherlands
4784,Dept. of Electr. & Comp. Eng.; Univ. of Texas at Austin; Austin; TX; USA
4785,Dept. of Electr. & Comp. Eng.; Univ. of Texas; Austin; TX; USA
4786,Dept. of Phys. & Astron.; Univ. of Sussex; Brighton; UK
4787,Texas Adv. Comput. Center; Univ. of Texas at Austin; Austin; TX; USA
4788,Pervasive Software; Innovations Lab.; Austin; TX; USA
4789,Dept. of Electr. & Comput.; Univ. of Texas at Austin; Austin; TX; USA
4790,UEB; Rennes; France
4791,IBM Research; Mount Carmel; Haifa; 31905; Israel
4792,University Texas at Arlington; Arlington; TX; USA
4793,University Texas at Arlington & Qatar Computing Research Institute; Arlington; TX; USA
4794,Tsinghua National Laboratory for Information Science and Technology; Beijing; China
4795,University Klagenfurt; 9020; Klagenfurt; Austria#TAB#
4796,Technische Universität Dortmund; 44221; Dortmund; Germany#TAB#
4797,University of Queensland Queensland; Australia
4798,University of Ioannina; loannina; Greece#TAB#
4799,Faculty of Mathematics and Physics; Charles University in Prague; Prague; Czech Rep
4800,Drexel University College of Information Science and Technology; Philadelphia; PA; USA#TAB#
4801,Google; Kirkland; WA; USA
4802,Univ. Fed. do Para; Belém; Brazil
4803,Centra Univ. do Para; Belem; Brazil
4804,Key Laboratory of Machine Perception; Ministry of Education; School of Electronic Engineering and Computer Science; Peking University#TAB#
4805,Key Laboratory of Machine Perception; Ministry of Education); School of Electronic Engineering and Computer Science; Peking University and The State Key Lab of Computer Science; Institute of Softw ...#TAB#
4806,Virginia Commonwealth University Richmond VA USA
4807,IBM Global Business Service; Atlanta; GA; USA#TAB#
4808,IBM Global Business Service; Piscataway; NJ; USA#TAB#
4809,ETIS; ENSEA/Univ. de Cergy-Pontoise; Cergy; France
4810,Rennes Bretagne Atlantique; INRIA; Rennes; France
4811,Department of Computer Science & Engineering; The Chinese University of Hong Kong; New Territories; Hong Kong
4812,Unversity of Edinburgh; Edinburgh; United Kingdom
4813,Panasonic Corporation
4814,LIG; Grenoble; France
4815,CNRS-LIG; Grenoble; France#TAB#
4816,CSD; UoC; Greece & INRIA; Paris-Rocquencourt; France; France#TAB#
4817,University of Pittsburgh; Pittsburgh; Pennsylvania; USA#TAB#
4818,IMT - Lucca; Lucca; Italy
4819,Dept. of Comput. Sci.; City Univ. of New York; New York; NY; USA
4820,Dept. of Comput. & Inf. Sci.; Brooklyn Coll. of CUNY; Brooklyn; NY; USA
4821,Dept. of Comput. Sci.; Coll. of Staten Island of CUNY; Staten Island; NY; USA
4822,Accenture Technology Labs; Chicago; IL; USA
4823,University of Calgary;Calgary; AB; Canada
4824,L3S Research Center / Leibniz Universität Hannover; Hannover; Germany
4825,Department of Computer Science; KAIST; Yuseong-gu; Daejeon; Korea (South)
4826,Grad. Univ. of Chinese Acad. of Sci.; Beijing; China
4827,Microsoft Res. Redmond; Redmond; WA; USA#TAB#
4828,Dept. of Intell. Syst.; Spica Int. d.o.o.; Ljubljana; Slovenia
4829,IBM Research - India; Bengaluru; India
4830,Indian School of Business; Hyderabad; India
4831,Beijing Univ. of Posts & Telecom.; Beijing; China#TAB#
4832,Chalmers University of Technology
4833,Web Sciences Center; University of Electronic Science and Technology of China; Chengdu; China#TAB#
4834,Indiana University – Purdue University; Indianapolis; IN; USA
4835,Dept. of Math. & Stat.; Acadia Univ.; Wolfville; NS; Canada
4836,Hewlett-Packard Israel Labs.; Israel
4837,National Laboratory of Pattern Recognition; Chinese Academy of Sciences; Beijing; China
4838,Louisiana State Univ.; Baton Rouge; LA; USA
4839,Dept. of Computer Science & Engineering; University of Nebraska-Lincoln; Lincoln; NE; USA#TAB#
4840,Dept. of Stat.; Univ. of Michigan; Ann Arbor; MI; USA
4841,SAP Res.; SAP AG; Singapore; Singapore
4842,Google Inc.; Kirkland; WA; USA
4843,Google Inc.; Seattle; WA; USA
4844,Geographic Inf. Sci. & Technol.; Oak Ridge Nat. Lab.; Oak Ridge; TN; USA
4845,Dept. of Biol. Sci.; Tennessee State Univ.; Nashville; TN; USA
4846,Environ. Sci. Div.; Oak Ridge Nat. Lab.; Oak Ridge; TN; USA
4847,Curtin University of Technology; Perth; Australia;
4848,University of Queensland; Renmin University of China; Brisbane; Australia
4849,The Chinese University of Hong Kong; HongKong; Hong Kong#TAB#
4850,HCMc University of Pedagogy
4851,CID - Harvard University; Cambridge; MA; USA
4852,KDDLab; University of Pisa; Pisa; Italy
4853,Indiana Univeristy; Bloomington; IN; USA
4854,Xerox Research Center Webster; New York; NY; USA#TAB#
4855,Sch. of Eng.; Ernest & Julio Gallo Manage. Program & EECS Group; Univ. of California; Merced; Merced; CA; USA
4856,Ernest & Julio Gallo Manage. Program & Sch. of Eng.; Univ. of California; Merced; Merced; CA; USA
4857,Noah's Ark Lab of Huawei Technologies; Hong Kong; China
4858,Dept. of Comput. & Inf. Sci.; Indiana Univ.; Indianapolis; IN; USA
4859,Yahoo! Research and Development; Bangalore; India#TAB#
4860,IBM Corporation; Armonk; NY; USA#TAB#
4861,Sch. of Comput. Sci. & Technol.; Huazhong Univ. of Sci. & Technol.; Wuhan; ; China
4862,ZZAlpha Ltd.; Tucson; AZ; USA
4863,University of East Anglia; Norwich; United Kingdom
4864,Department of Computer Science University of Miami; Miami; FL; USA
4865,Decide; Inc; Seattle; WA; USA
4866,Inf. Sci. Dept.; Kuwait Univ.; Safat; Kuwait
4867,Comput. Eng. Dept.; Kuwait Univ.; Safat; Kuwait#TAB#
4868,ICS; Utrecht Univ.; Utrecht; Netherlands
4869,Institute of Information Engineering; CAS; Beijing; China
4870,Department of Computer Science; Harbin Institute of Technology Shenzhen Graduate School; Shenzhen; China
4871,Coll. of Electron. Sci. & Eng; Jilin Univ.; Changchun; China
4872,Barclays Capital New York NY USA
4873,Rutgers University; new jersey; NJ; USA
4874,Tohoku Univ; Sendai; Japan
4875,Div. of Biomed. Inf.; Cincinnati Children's Res. Found.; Cincinnati; OH; USA
4876,Dept. of Comput. Sci. & Inf. Eng.; Nat. Chen-Kung Univ.; Tainan; Taiwan
4877,Microsoft Bing; Mountainview; CA; USA#TAB#
4878,Georgia Institute of Technology; Sunnyvale; CA; USA
4879,Centre of Excellence for Res. in Comput. Intell. & Applic. (CERCIA) Sch. of Comput. Sci.; Univ. of Birmingham; Birmingham; UK
4880,Coll. of Life Sci. & Biotechnol.; Tongji Univ.; Shanghai; China
4881,Beihan University; Beijing; China
4882,National University of Singapore; 21 Lower Kent Ridge Road; Singapore
4883,Modern Foreign-Language Education Technology Center; Foreign Studies College; Hunan Normal University; CS; China#TAB#
4884,Faculty of Computer and Information Science; Southwest University; CQ; China;School of Information Technology; Deakin University; VIC; Australia#TAB#
4885,Sch. of software; Dalian Univ. of Technol.; Dalian; China
4886,Dept. of Computer Sci.; Univ. of Miami; Coral Gables; FL; USA
4887,(Microsoft Research New England; Cambridge; MA; USA)
4888,Erik Jonnson School of Engineering and Computer Science; University of Texas at Dallas; Richardson; TX#TAB#
4889,Mentor Graphics Corporation; Mobile; AL#TAB#
4890,Algorithms and Complexity; MPI for Informatics; Max Planck Society
4891,Dept. of Comput. Sci.OH; Kent State Univ.; Kent; OH; USA
4892,Dept. of CSE; Univ. of North Texas; Denton; TX; USA
4893,Indiana Univ.-Purdue Univ. Indianapolis (IUPUI); Indianapolis; IN; USA#TAB#
4894,Sakarya University; Sakarya/Turkey
4895,Sabanci University; İstanbul; Turkey#TAB#
4896,Isik University; Istanbul; TURKEY
4897,Hosei University; Machida; Tokyo; Japan#TAB#
4898,NTT Corporation; Atsugi; Kanagawa; Japan
4899,Tokyo Institute of Technology; Meguro; Tokyo; Japan
4900,School of Computer Science and Engineering; University of New South Wales; Sydney NSW; Australia#TAB#
4901,; National University of Singapore; Singapore;
4902,Inst. of Comput. Technol.; Chinese Acad. of Sci.; Beijing; ; China
4903,Fac. of Comput. Sci.; Univ. of Namur; Namur; Belgium
4904,Sch. of Comput. & Math.; Univ. of Western Sydney; Sydney; NSW; Australia
4905,Monash Univ.; Clayton; Vic.; ; Australia
4906,Centre for Geo-Inf.; Wageningen Univ. & Res.; Wageningen; Netherlands
4907,KDD Lab.; Consiglio Naz. delle Ric.; Pisa; Italy
4908,Dept. of Math. Sci.; Tsinghua Univ.; Beijing; China#TAB#
4909,University of Economics Prague; Prague; Czech Rep
4910,Max Planck Inst. for Biol. Cybern.; Tubingen; Germany#TAB#
4911,IBM Almaden Research Center; Almaden; PA; USA#TAB#
4912,Sch. of Ind. & Syst. Eng.; Georgia Inst. of Technol.; Atlanta; GA; USA#TAB#
4913,Huawei Noahs Ark Lab; Hong Kong; Hong Kong#TAB#
4914,EECS Department; University of Kansas; Lawrence; KS; USA
4915,NASA Ames; MCT Inc.; Moffett Field; CA; USA
4916,NASA Ames; SGT Inc.; Moffett Field; CA; USA
4917,CMU; pittsburgh; PA; USA#TAB#
4918,Dept. of Math.; Univ. of California Los Angeles; Los Angeles; CA; USA
4919,Oxford Centre for Ind. & Appl. Math.; Univ. of Oxford; Oxford; UK
4920,Dept. of Computer Science and Engineering; HKUST; Hong Kong; China
4921,Sch. of Soflware; Sun Yat-Sen Univ.; Guangzhou; China
4922,State University of New York at Binghamton ; Binghamton ; NY ; USA
4923,Department of Computer Science and Statistics; ERIC laboratory; University Lumiére of Lyon 2; France#TAB#
4924,Knowledge Manage. Inst.; Univ. of Technol.; Graz; Austria
4925,Microsoft Corporation; Mountain View; USA#TAB#
4926,Universidade do Porto; Porto; Portugal
4927,INESC-Porto and Universidade do Porto; Porto; Portugal#TAB#
4928,Delft University of Technology and Centrum Wiskunde & Informatica; Delft; Netherlands
4929,Department of Computer Science; Indiana University–Purdue University Indianapolis; Indianapolis; IN; USA
4930,Dept. of Bus. Eng.; Politec. di Bari; Bari; Italy
4931,Bus. Intell. Dept.; Aizoon Srl; Torino; Italy
4932,Advanced Analytics Institute; Faculty of Engineering and Information Technology; University of Technology Sydney; Sydney; Australia#TAB#
4933,Institute of Image Processing and Pattern Recognition; Shanghai Jiao Tong University ; Shanghai; China
4934,School of Computer Engineering; Nanyang Technological University; Signapore; Singapore#TAB#
4935,Hewlett Packard Labs. China; China
4936,State Key Lab. of Comput. Sci.; China
4937,State Key Lab. of Virtual Reality Technol. & Syst.; Beijing; China
4938,MPI for Intelligent Systems and Stanford University; Stanford; CA; USA
4939,MPI for Intelligent Systems; Tübingen; Germany#TAB#
4940,Microsoft Research; Cambrdige; MA; USA
4941,Harvard University; Cambrdige; MA; USA
4942,Microsoft Bing; Redmond; WA; USA
4943,Max-Planck-Institute for Biological Cybernetics; Tübingen; Germany;
4944,Université Lille-Nord de France; Lens; France
4945,McMaster University; HAMILTON; ON; Canada
4946,Md Anderson Cancer Center; University of Texas; Houston; TX; USA
4947,Chinese Univ of Hong Kong; Hong Kong; Hong Kong
4948,Poznan School of Banking
4949,Sch. of Electron. & Eng.; Univ. of Electron. Sci. & Technol. of China; Chengdu; China
4950,Sch. of Comput. Sci. & Technol.; Univ. of Electron. Sci. & Technol. of China; Chengdu; China
4951,Key Lab. of Intell. Inf. Process.; CAS; China
4952,TU/Eindhoven; Eindhoven; The Netherlands
4953,Amazon Com Inc.; Seattle; WA#TAB#
4954,Siemens Corporate Research Princeton; NJ#TAB#
4955,Barnes & Noble; Palo Alto; CA; USA
4956,Alibaba Group; Santa Clara; CA; USA#TAB#
4957,Dept. of Data Sci.; Inst. of Stat. Math.; Tokyo; Japan
4958,QCIS; University of Technology Sydney; Australia; Sydney; Australia
4959,Yandex; Moscow Institute of Physics and Technology; Moscow; Russian Fed.
4960,Schlumberger Information Solutions; Oslo; Norway
4961,Moscow State University; Moscow; Russian Fed.
4962,Moscow Institute of Physics and Technology; Moscow; Russian Fed.#TAB#
4963,Fair Isaac Corp.; San Rafeal; CA; USA
4964,Qatar Foundation; Doha; QATAR
4965,MSIS Dept.; State Univ. of New Jersey; Newark; NJ; USA
4966,Unviersity of Science and Technology Beijing; Beijing; China
4967,Dept. of Comput. Sci.; Univ. Libre de Bruxelles (ULB); Brussels; Belgium
4968,Sch. of Electr. Eng. & Telecommun.; Univ. of New South Wales; Sydney; NSW; Australia
4969,Microsoft Research; Mountain View; USA
4970,Zynga; San Francisco; USA#TAB#
4971,Inst. for Biomath. & Biometrics; HMGU Helmholtz Center; Munich; Germany
4972,Dept. of Neuroradiology; Tech. Univ. Munchen; Munich; Germany
4973,Sch. of Econ. & Manage.; Tongji Univ.; Shanghai; China
4974,Dept. of Comput.; Hong Kong Polytech. Univ.; Kowloon; China
4975,Curtin Univ. of Technol.
4976,LinkedIn; Mountainview; CA; USA
4977,Department of EECS; University of Michigan; Ann Arbor; MI; USA
4978,Institute of Computer Science; Heinrich Heine University; Düsseldorf; Germany
4979,ICRHPS; Tufts Med. Center; Boston; MA; USA
4980,Tufts University;;
4981,School of Computing Sciences and Informatics; University of Cincinnati; Cincinnati; OH; USA. E-mails: huze@mail.uc.edu; Raj.Bhatnagar@uc.edu#TAB#
4982,(University College Dublin; Ireland)
4983,Comput. & Decision Eng. Dept.; Univ. Libre de Bruxelles; Brussels; Belgium
4984,Shanghai Jiao Tong University; Shang Hai; China
4985,Renmin University of China; Microsoft Research Asia; Bei Jing; China
4986,Department of Computer Science; University College London; London; UK
4987,Comput. Sci. & Eng.; Univ. of Washington; Seattle; WA; USA
4988,BILab.; Telecom ParisTech; Paris; France
4989,ISEP - LISITE; Paris; France
4990,CWI Amsterdam; Amsterdam; Netherlands
4991,Stuttgart University; Stuttgart; Germany
4992,NEC Labs. America; Cupertino; CA; USA
4993,NLPR; Institute of Automation; Chinese Academy of Sciences; Beijing; China; Beijing; China#TAB#
4994,Inst. for InfoComm Res.; Agency for Sci.; Technol. & Res.; Singapore; Singapore
4995,Sci. Applic. Int. Corp.; McLean; VA; USA
4996,Technical University of Crete ; Chania; Greece
4997,Computer and Information Science Dept.; University of Oregon; Eugene; OR
4998,NeuroInformatics Center; University of Oregon; Eugene; OR
4999,Federal University of São Carlos; São Carlos; Brazil
5000,AIFB of KIT; Karlsruhe; Germany#TAB#
5001,Gippsland Sch. of Inf. Technol.; Monash Univ.; Clayton; VIC; Australia
5002,Centrum Wiskunde en Informatica; Amsterdam; Netherlands
5003,Philips Research Eindhoven; Netherlands
5004,Philips Research; New York; USA#TAB#
5005,University of Maryland
5006,Microsoft Research; Madison; WI; USA
5007,Barcelona Media - Innovation Centre; Barcelona; Spain
5008,American Express; Columbus; OH; USA#TAB#
5009,Walmart Labs; Mountain View; CA; USA#TAB#
5010,UNIVERSITY OF ILLINOIS AT URBANA–CHAMPAIGN; URBANA; IL
5011,Data Based Modeling Res. Team; Nat. Inst. of Adv. Ind. Sci. & Technol. (AIST); Tokyo; Japan
5012,Jiangsu Provincial Key Laboratory of E-Business; Nanjing University of Finance and Economics ; Nanjing; China
5013,School of Economics and Management; Beihang University Beijing; China
5014,Center for Quantum Computation and Intelligent Systems; University of Technology Sydney; Sydney; Australia
5015,Robert Bosch LLC; Palo Alto; CA; USA
5016,USC; Los Angeles; CA; USA
5017,USC; Marina del Rey; CA; USA
5018,Quantum Comput. & Intell. Syst.; Univ. of Technol.; Sydney; NSW; Australia
5019,Accenture Technol. Labs; Sophia Antipolis; France
5020,Faculty of Science and Technology; Queensland University of Technology; Brisbane; QLD; Australia#TAB#
5021,Shanghai University of Finance and Economics; Shangahai; China
5022,Shanghai University of Finance & Economics Shanghai China
5023,Computer Science Department; Davis; CA; USA
5024,Microsoft AdCenter Labs; Redmond; WA; USA
5025,Nanjing Unversity; Nanjing; China
5026,RPI; Troy; USA
5027,Picsquare.com; Bangalore; India
5028,Department of Computer and Information Science; University of Michigan–Dearborn; Dearborn; MI; USA#TAB#
5029,School of Engineering; University of Tokyo; Tokyo; Japan
5030,Bank of Tokyo-Mitsubishi UFJ; Ltd.; Japan
5031,Coll. of Life & Health Sci.; Chubu Univ.; Kasugai; Japan
5032,NOKIA Res. Center; Tampere; Finland
5033,University of Hyogo Himeji; Japan
5034,Faculty of Computer Science University of New Brunswick Fredericton; NB; Canada
5035,Intel of Canada; Ltd.; Waterloo; Ontario; Canada#TAB#
5036,Infosys Labs; Infosys Ltd.; Bangalore; India#TAB#
5037,Infosys Labs.; Infosys Ltd.; Hyderabad; India
5038,National Taichung University of Science and Technology
5039,College of Computer; Zhejiang University; Hangzhou; China
5040,University of Sheffield; UK Sheffield; United Kingdom
5041,The Australian National University; School of Computer Science; Canberra; Australia and University of Indonesia; Faculty of Computer Science; Depok; Indonesia#TAB#
5042,Australian Taxation Office; Canberra; AUSTRALIA#TAB#
5043,The Australian National University; School of Computer Science; Canberra; Australia#TAB#
5044,Univ. “Aldo Moro”; Bari; Italy
5045,Univ. Pompeu Fabra; Barcelona; Spain
5046,LORIA / INRIA Nancy Grand Est; Vandoeuvre lès Nancy; France
5047,State University Higher School of Economics; Moscow; Russian Fed.
5048,National University of Kaohsiung
5049,United States Navy; Corpus Christi; TX; USA
5050,University of Tsukuba; Japan; Japan#TAB#
5051,Maebashi Institute of Technology; Maebashi; Japan#TAB#
5052,CSIRO
5053,Microsoft; New york; USA
5054,Microsoft; Sunnyvale; USA
5055,MPI-SWS; Saarbruecken; Germany
5056,Dept. of Comput. Syst. & Commun.; Univ. Teknol. Malaysia; Skudai; Malaysia
5057,Dept. of Electron. Eng.; Univ. Tun Hussein Onn Malaysia; Parit Raja; Malaysia
5058,DFKI GmbH; Saarbrücken; Germany
5059,Comput. Sci. Dept.; Univ. of North Dakota; Grand Forks; ND; USA
5060,UIUC; Urbana; USA
5061,Knowledge Management Institute; Graz University of Technology; Graz; Austria
5062,Knowledge Management Institute and Know-Center; Graz University of Technology; Graz; Austria
5063,BigML; Inc.; Corvallis; OR; USA
5064,NEC Corp.; Kanagawa; Japan
5065,(Hewlett‐Packard; Palo Alto; CA; USA.)
5066,Sch. of Bus. Adm.; Kyungpook Nat. Univ.; Daegu; South Korea
5067,Google Strategic Technologies; Mountain View; USA
5068,University of New South Wales & NICTA; Sydney; Australia
5069,Federal University of Ceara; Fortaleza; Brazil
5070,Oregon State Univeristy; Corvallis; OR; USA
5071,Computer Engineering & Computer Science Dept.; University of Louisville; Louisville; KY; USA
5072,Center for Data Eng.; Int. Inst. of Inf. Technol.; Hyderabad; India
5073,Chiba University#TAB#
5074,Dept. of Electr. Eng. & Comput. Sci.; Washington State Univ.; Pullman; WA; USA
5075,Carnegie Mellon University; Santa Clara; CA; USA
5076,VA SLC Healthcare System and University of Utah; Salt Lake City; UT; USA#TAB#
5077,Nokia Research; Cambridge; MA; USA#TAB#
5078,Department of Advanced Technology Fusion; Konkuk University; Seoul; South Korea#TAB#
5079,Tsinghua Unviersity; Beijing; China#TAB#
5080,INRIA TALARIS Project; LORIA; Nancy; France
5081,Comput. Sci. Dept.; Univ. of Aleppo; Aleppo; Syria
5082,Comput. Sci. Dept.; Indian Inst. of Technol.; Kampur; India
5083,SRDI R&D Dept.; INIST; Nancy; France
5084,National Cheng Kung University; Tainan City; Taiwan; R.O.C.#TAB#
5085,FX Palo Alto Laboratory Inc.; Palo Alto; CA; USA#TAB#
5086,University of Granada Granada Spain
5087,Catalyst Repository Systems; Boulder; CO; USA
5088,Universidad de las Ciencias Informáticas; Havana; Cuba
5089,Microsoft Res. Asia; Univ. of Texas at Austin; Austin; TX; USA
5090,Inst. for Comput. Eng. & Sci.; Univ. of Texas at Austin; Austin; TX; USA
5091,Univ. of Tartu; Tartu; Estonia#TAB#
5092,Datanalytics; Madrid; Spain
5093,#N##TAB##TAB##TAB##TAB# Radboud University Nijmegen; Netherlands#N##TAB##TAB##TAB#
5094,Brigham and Women's Hospital; Harvard Medical School; Boston; MA; USA
5095,Nat. Inst. of Telecommun.; Warsaw; Poland
5096,Pfizer;
5097,Department of Electrical and Computer Engineering; Kuliyyah of Engineering; International Islamic University Malaysia; Kuala Lumpur; Malaysia;School of Computer Science; University of Manchester; ...
5098,High Performance Computing; Pacific Northwest National Laboratory; Richland; WA#TAB#
5099,School of Computer Science; Univ. of Manchester Manchester UK
5100,Kexueyuan South Road No. 6; Zhongguancun; Haidian District; Beijing; Beijing; China
5101,AxIS Project-Team; INRIA Sophia Antipolis-Mediterranee; Sophia Antipolis; France
5102,AxIS Project-Team; INRIA Paris-Rocquencourt; Le Chesnay; France
5103,AT&T Labs–Research; Florham Park; USA
5104,Sequential Learning
5105,Laboratoire d’Informatique Fondamentale de Lille
5106,Dept of Computer Science and Engineering; Sabanci University; Istanbul; Turkey
5107,Department of Computer Engineering; İzmir Institute of Technology; Izmir; Turkey
5108,City University of New York; New York; NY; USA;
5109,Boeing Research & Technology; Seattle; WA; USA
5110,NASA; Mountain View; CA; USA
5111,University of Illinois at Urbana-Champaign; Urnana; IL; USA
5112,IBM T. J. Watson Research Lab;; New York; USA
5113,Chinese Academy of Science; Beijing;China
5114,Biopharmaca Res. Center; Bogor Agric. Univ.; Bogor; Indonesia
5115,Shandong Polytechnic University; Jinan; China
5116,Universitiy of Technology; Sydney; Sydney; Australia
5117,Centrelink; Sydney; Australia
5118,UCSB Santa Barbara#TAB#
5119,Universidade da Coruña; A Coruña; Spain
5120,Singapore Management University; Singapore; USA
5121,School of Business and IT; University of Borås; Borås; Sweden
5122,Department of Computer and Systems Science; Stockholm University; Stockholm; Sweden
5123,†Shenzhen Graduate School;Harbin Institute of Technology;Shenzhen;China
5124,;Department of Computing; The Hong Kong Polytechnic University; Hong Kong; China#TAB#
5125,Computer Science Department; University of California; Santa Barbara; CA; USA
5126,Qatar Computing Research Institute; Doha; CA; USA
5127,Pinfluencer; San Francisco; CA; USA
5128,eBay; Inc.; san francisco; CA; USA#TAB#
5129,Innovation Works; Beijing; China
5130,Etsy; Brooklyn; NY; USA
5131,Department of Computer Science and Information Engineering; National Cheng Kung University; Tainan; Taiwan Roc
5132,Dept. of Computer Science; Univ. of Illinois at Chicago; Chicago; USA
5133,Department of Information and Computer Science; Aalto University; Aalto; Finland#TAB#
5134,Univ. Coll. Ghent; Ghent Univ.; Ghent; Belgium
5135,Sch. of Manage.; Univ. of Southampton; Southampton; UK
5136,Microsoft Corporation Beijing China
5137,DISTA; Univ. degli Studi dell'Insubria; Varese; Italy
5138,Indian Institute of Management Calcutta; Kolkata; India#TAB#
5139,Dianping.com; Shanghai; China
5140,Helsinki Institute for Information Technology; Department of Computer Science; University of Helsinki; Helsinki; Finland#TAB#
5141,Max Planck Institute for Informatics and Saarland University; Saarbrücken; Germany & Aalto University; Espoo; Finland
5142,International Max Planck Research School; MPI for Informatics; Max Planck Society
5143,Dept. of Electr. & Comput. Eng.; American Univ. of Beirut; Beirut; Lebanon#TAB#
5144,Google; Inc.; Tel Aviv; Israel#TAB#
5145,Google Inc.; Haifa; Israel
5146,Univ. of Missouri - Kansas City; Kansas City; MO; USA
5147,Cornell University; Ithaca; USA
5148,AT&T Labs - Research; Forlham Park; NJ; USA
5149,UNIVERSITY OF TRENTO
5150,Japan Science and Technology Agency; Sapporo; Japan#TAB#
5151,Preferred Infrastructure; Inc; Tokyo; Japan#TAB#
5152,Computational Biology Research Center; National Institute of Advanced Industrial Science and Technology; Tokyo; Japan#TAB#
5153,Japan Science and Technology Agency; Sapporo; Japan and Computational Biology Research Center; National Institute of Advanced Industrial Science and Technology; Tokyo; Japan#TAB#
5154,Yahoo Labs; New York; NY; USA#TAB#
5155,BIBA - Bremer Inst. fur Produktion und Logistik GmbH; Univ. of Bremen; Bremen; Germany
5156,USC/Inf. Sciences Institute; Marina del Rey; CA
5157,Tsinghua Nat. Lab. for Inf. Sci. & Technol; Tsinghua Univ.; Beijing; China
5158,Nokia Res. Center Beijing; Beijing; China
5159,University of Science and Technology of China & Nokia Research Center; Beijing; China#TAB#
5160,Dept. of Computer Science; University of Sherbrooke; Sherbrooke QC; Canada
5161,Washington University in St. Louis St. Louis Missouri USA
5162,Washington University in Saint Louis ; Saint Louis; MO; USA
5163,University of Technology; Kingston; Jamaica
5164,Yahoo!; Beijing; China
5165,Microsoft BING Bellevue; Bellevue; WA; USA
5166,Hongkong University of Science and Technology; Hongkong; China
5167,Res. Lab.; IBM China; Beijing; China#TAB#
5168,Nat. Center for Data Min.; Univ. of Illinois at Chicago; Chicago; IL; USA
5169,French Institute for Research in Computer Science and Automation
5170,Yandex [Moscou]
5171,National Taiwan University; Taipei; St. Vincent
5172,Kyungpook National University; Daegu; South Korea;
5173,IBM Zürich Research Laboratory; Rüschlikon; Switzerland.
5174,Dept. of Comput. & Math.; Manchester Metropolitan Univ.; Manchester; UK
5175,University of Texas at Dallas; Dallas; TX; USA
5176,Eindhoven University of Technology; Eindhoven; The Netherlands and Smart Technology Research Center; Bournemouth University; Poole; UK
5177,University of Amsterdam
5178,Chinese Academy of Scienses; Beijing; China
5179,Comput. Eng. Dept.; Dogu Univ.; Istanbul; Turkey
5180,Microsoft Research India; Bengaluru; India#TAB#
5181,Ebay Research; San Jose; CA; USA#TAB#
5182,ISCA Technologies; Riverside; CA; USA
5183,Walter Reed Army Institute of Research; Silver Spring; MD; USA
5184,Xiamen Talent Service Center; Xiamen; China
5185,Sparx Asset Manage. Co.; Ltd.; Tokyo; Japan
5186,Dept. of Comput. Sci.; Fac. of Sci. of Tunis; Tunis; Tunisia
5187,Search Technology Center Asia; Microsoft; Beijing; China
5188,Cairo University; Cairo; Egypt
5189,Nile University Cairo Egypt
5190,University of Minnesota; Minneapolis; ; USA
5191,Carnegie Mellon University; Silicon Valley; CA; USA
5192,Australia E-Health Research Centre; Brisbane; Australia
5193,Dept. of Sci. & Technol.; Pohang Univ. of Sci. & Technol.(POSTECH); Pohang; South Korea
5194,Dept. of Inf. Syst.; New Jersey's Sci. & Technol. Univ.; Newark; NJ; USA
5195,DMC R&D Center; Samsung Electron.; Co.; Ltd.; Suwon; South Korea
5196,Hong Kong University of Science and Technology; Hong Kong and Huawei Noah’s Ark Lab; Hong Kong#TAB#
5197,Helsinki Institute for Information Technology; Aalto University; Aalto; Finland
5198,Dept. of Comput. Sci.; Bar Ran Univ.; Ramat Gan; Israel
5199,() () () Federal University of Paraná; Curitiba; Brazil
5200,Institute for Information Technology; National Research Council Canada; Ottawa; ON; Canada#TAB#
5201,Sch. of Inf. Tech. & Eng.; Univ. of Ottawa; Ottawa; ON; Canada
5202,Inst. for Theor. Comput. Sci.; Tsinghua Univ.; Beijing; China
5203,ISTI-CNR & Università di Pisa; Pisa; Italy
5204,IBM; Melbourne; Australia
5205,Inst. Super. Tecnico; Univ. of Lisbon; Lisbon; Portugal
5206,Masdar Institute of Science and Technology; Abu Dhabi; United Arab Emirates#TAB#
5207,International Institute of Information Technology;
5208,Illinois at Singapore Pte. Ltd.; Singapore; Singapore
5209,(Gonzaga University)
5210,St. Mary Mercy Hospital
5211,Spokane Mental Health
5212,Research for the Critical Junctures Institute
5213,Department of Computer Science and Engineering; the Ohio State University; Columbus; USA
5214,Department of Computer Science and Technology; Xi’an Jiaotong University; China
5215,Yahoo! Inc.; Bangalore; India#TAB#
5216,Australian Centre for Field Robot.; Univ. of Sydney; Sydney; NSW; Australia
5217,oDesk; Mountain View; CA; USA
5218,SML-NICTA; RSISE-ANU; Canberra; ACT; Australia
5219,Mind Res. Network; Albuquerque; NM; USA
5220,Comput. Sci. Dept.; Univ. of New Mexico; Albuquerque; NM; USA#TAB#
5221,Electr. & Comput. Eng. Dept; Univ. of New Mexico; Albuquerque; NM; USA
5222,Eindhoven University of Technology & Erasmus University Rotterdam; Eindhoven; Netherlands
5223,Universiteit Twente & Erasmus University Rotterdam; Enschede; Netherlands
5224,TunedIT Solutions; Warsaw; Poland
5225,Fac. of Math.; Inf.; & Mech.; Univ. of Warsaw; Warsaw; Poland
5226,Department of Computer Science University of Cyprus Nicosia Cyprus
5227,Vale Technological Institute Sustainable Development; Brazil#TAB#
5228,Centre for Genomic Regulation; Spain#TAB#
5229,Eindhoven Univ. of Technol.; The Netherlands
5230,University of Minho - Portugal
5231,Massachusetts Institute of Technology; Cambridge
5232,University of Missouri; Kansas City; Kansas City; USA
5233,Polytechnic Institute of New York University; Brooklyn; NY; USA#TAB#
5234,Bits-Pilani; Pilani; India#TAB#
5235,MIT Manipal; Manipal; India
5236,Dept. of Computer Science & Engineering; University of Minnesota; Twin Cities; MN; USA#TAB#
5237,GSITMS; Univ. of Ballarat; Ballarat; VIC; Australia
5238,Dept. of Comput. Sci. & Eng.; Hong Kong Univ. of Sci. & Technol.; Hong Kong; China
5239,School of Software; Sun-Yat Sen University; Guangzhou; China
5240,Sch. of Sci. & Technol.; HUT Aalto Univ.; Helsinki; Finland
5241,<org_name>School of EECS; Oregon State University; Corvallis; OR; USA</org_name>
5242,Indian Institute of Technology Kharagpur
5243,Max Planck Institute for Software Systems;#TAB#
5244,Sch. of Comput. Sci.& Inf.; Univ. Coll. Dublin; Dublin; Ireland
5245,Polytechnic Institute of NYU; Brooklyn; USA#TAB#
5246,Microsoft Corporation; München; Germany
5247,Dept. of Electron.; Comput. & Syst. Sci. (DEIS); Univ. of Calabria; Arcavacata di Rende; Italy
5248,Lero; PEL; School of Computer Science and Informatics; University College Dublin; Dublin; Ireland
5249,IBM Collaboration Solutions; IBM Software Group; Dublin; Ireland; Dublin; Ireland
5250,Comput. Electr. & Math. Sci. & Eng.; King Abdullah Univ. of Sci. & Technol.; Thuwal; Saudi Arabia
5251,Dept. of Comput. Sci.; Univ. of Toronto; Toronto; ON; Canada#TAB#
5252,Department of Computer Science; Aalborg University; Aalborg; Denmark
5253,Twitter; San Francisco; CA; USA#TAB#
5254,Virginia Tech; VA
5255,NEC Laboratories America; Inc.; CA
5256,Pandora Media Inc.; Oakland; CA; USA
5257,Teradata Corporation; El Segundo; CA; USA#TAB#
5258,Institut Mines Telecom; Telecom Paristech; CNRS; Paris; France
5259,SAS Institute Inc. Cary NC USA
5260,Microsoft Res.; Microsoft Coopration; Redmond; WA; USA
5261,University of Illinois Urbana-Champaign; Urbana; IL; IL; USA#TAB#
5262,Università degli Studi di Bari ; Bari; Italy
5263,Politec. di Milano; Milan; Italy
5264,Free University of Bolzano-Bozen; Bolzano-Bozen; Italy
5265,Cap Omega; Tecnalia; Montpellier; France
5266,TTI Chicago; Chicago; IA; USA
5267,Virginia PolyTechnic Institute & State University#TAB#
5268,Google Inc.;
5269,Saint Louis University
5270,Twitter Inc; San Francisco; CA; USA & University of Illinois at Urbana-Champaign; Urbana; IL; USA
5271,Intel Labs Pittsburgh; Pittsburgh; PA; USA
5272,Artificial Intell. Group; Tech. Univ. of Dortmund; Dortmund; Germany
5273,Embedded Syst. Software Group; Tech. Univ. of Dortmund; Dortmund; Germany
5274,Rakuten Inc.; Tokyo; Japan#TAB#
5275,Innovation Delivery Team; Memphis; TN; USA
5276,Dept. of Comput. Sci.; Cornell Univ.; New York; NY; USA
5277,Office of Research Excellence; The Australian National University; Canberra; Australia#TAB#
5278,Research School of Computer Science; The Australian National University; Canberra; Australia and EMC Greenplum; Singapore#TAB#
5279,ELITE Laboratory; Chulalongkorn University; Bangkok; Thailand
5280,Institut Telecom; Telecom Bretagne; UMR CNRS 3192 Lab-STICC; France#TAB#
5281,CS Dept.; Univ. of California; Santa Barbara; Santa Barbara; CA; USA
5282,ECE department; University of California-Santa Barbara; Santa Barbara; CA; USA#TAB#
5283,China University of Petroleum – Beijing Beijing China
5284,Tsinghua Univ.; Shenzhen; China
5285,The Commonwealth Scientific and Industrial Research Organisation; Brisbane; Australia
5286,Institute Of Computer Science - F.O.R.T.H.; Heraklion; Greece
5287,Comput. & Decision Eng. Dept.; Univ. Libre de Bruxelles (ULB); Brussels; Belgium
5288,Dept. of Comput. Sci.; Lahore Univ. of Manage. Sci. (LUMS); Lahore; Pakistan
5289,CEMSE Div.; King Abdullah Univ. of Sci. & Technol. (KAUST); Thuwal; Saudi Arabia
5290,DEIS Dept; University of Calabria; Rende; Italy#TAB#
5291,University of Augsburg Augsburg; Germany
5292,IBM T.J. Watson Research Center; New York; UNK; USA
5293,National University of Ireland Maynooth ; Maynooth ; Co. Kildare ; Ireland
5294,National University of Ireland Maynoothm Maynooth; Co. Kildare; Ireland#TAB#
5295,National University of Ireland; Maynooth; Co.; Kildare; Ireland
5296,University of Massachusetts—Amherst; USA
5297,School of Computer and Systems Science; Jawaharlal Nehru University; New Delhi; India
5298,Inf. & Electron. Eng.; Zhejiang Gongshang Univ.; Hangzhou; China
5299,Comput. Sci.; Simon Fraser Univ.; Vancouver; BC; Canada
5300,Inf. Syst. Eng.; Concordia Univ.; Montreal; QC; Canada
5301,Dept. of Math. & Comput.; Univ. of Southern Queensland; Toowoomba; Qld.; Australia
5302,Centre for Appl. Inf. Res.; Victoria Univ.; Melbourne; VIC; Australia
5303,Salesforce. com; San Francisco; CA; USA#TAB#
5304,Tata Res. Dev. & Design Centre; Tata Consultancy Service Ltd.; Pune; India
5305,Center for Adv. Syst. Eng. (CASE); Jacobs Univ. Bremen; Bremen; Germany
5306,Federal Universito of Minas Gerais; Belo Horizonte; Brazil
5307,Federal University of Goias; Belo Horizonte; Brazil
5308,Federal University of São João del Rei; São João del Rei; Brazil
5309,(Federal University of Minas Gerais; Minas Gerais; Brazil)
5310,Informatics Institute; Goiânia; Brazil
5311,Federal University of Goiás; Goiânia; Brazil
5312,Computer Engineering Department; San José State University; San José; CA; USA
5313,Computer Science department; University of California; Riverside; CA; USA
5314,Computer Science Department; University of California; Santa Cruz; CA; USA
5315,Peking University; China; Beijing; China
5316,Nanyang Technological University; Singapore; Singapore; Singapore#TAB#
5317,The Chinese University of Hong Kong & AT&T Labs Research; Hong Kong & San Francisco; Hong Kong#TAB#
5318,Mobile Advertising GmbH; Karlsruhe; Germany
5319,Fudan Univerisity; Shanghai; China
5320,DSIC-ELP; Univ. Politec. de Valencia; Valencia; Spain
5321,Deloitte Financial Advisory Services; Atlanta; GA; USA
5322,Fac. of Comput. Sci.; Univ. of New Brunswick; Fredericton; NB; Canada
5323,National Technical University of Athens & L3S Research Center; Athens; Greece
5324,L3S Research Center & Leibniz University of Hanover; Hanover; Germany
5325,Comput. Sci.; VU Univ. Amsterdam; Amsterdam; Netherlands
5326,Key Laboratory of Machine Perception; Ministry of Education; Peking University; China; Beijing; China#TAB#
5327,School of Computer Engineering; Nanyang Technological University Singapore; Singapore; Singapore
5328,University of Illinois; Urbana–Champaign; IL; USA
5329,Walter and Eliza Hall Institute; Melbourne; Australia;
5330,Div. of Biomed. Inf.; CCHMC; Cincinnati; OH; USA
5331,Univ. of Messina; Messina; Italy#TAB#
5332,Università Mediterranea di Reggio Calabria; Reggio Calabria; Italy
5333,Cardiff University; Cardiff; UK
5334,IBM Research - Zurich (Switzerland)
5335,Semantic Comput. Group; Bielefeld Univ.; Bielefeld; Germany
5336,Fac. of Comput. & Eng.; Univ. of Ulster; Derry; UK
5337,Almaden Research Center; IBM; San Jose; CA; USA#TAB#
5338,ChangHong COC Display Devices Co.; Ltd; Mianyang; China
5339,INRIA Saclay--Ile-de-France; Saclay; France
5340,Rutgers university; New brunswick; USA
5341,Department of Computer Science; University of Minnesota; Twin Cities; MN; USA
5342,Sears Holdings Corp.; Chicago; IL; USA
5343,Coordination Center of China; Beijing; China
5344,Universita Degli Studi Di Milano; Milan; Italy
5345,Sch. of Comput. Sci.; Florida Int. Univ.; Miami; FL; USA#TAB#
5346,Bell Labs Research; Bangalore; India
5347,Surf Canyon; San Francisco; USA
5348,Emory University; Atalanta; USA
5349,The Hong Kong University of Science and Technology; Hong Kong SAR; Hong Kong#TAB#
5350,Department of Computer Science (8 AI); University of Erlangen; Erlangen; Germany
5351,Faculty of Informatics; Monash University; Melbourne; Australia#TAB#
5352,Department of Computer Science; Strathclyde University; Glasgow; United Kingdom
5353,Faculty of Informatics; University of Lugano; Lugano; Switzerland
5354,Dept. of Fundamental Nursing; Shimane Univ.; Izumo; Japan
5355,Dept. of ECE; Tech. Univ. of Crete; Chania; Greece
5356,University of Wisconsin -- Madison; Madison; USA
5357,Microsoft Research Asia; Peking; China#TAB#
5358,Dept. of Comput.; Hong Kong Polytech. Univ. Hung Horn; Kowloon; China
5359,Dept. of Bioinf. & Comput. Biol.; George Mason Univ.; Manassas; VA; USA
5360,University of Massachusetts - Dartmouth ; North Dartmouth ; MA ; USA
5361,CETV; Beijing; China
5362,University of California-Santa Barbara; Santa Barbara; CA.
5363,State University of New York Oswego; New York
5364,Sch. of Comput. Sci.; Queensland Univ. of Technol. (QUT); Brisbane; QLD; Australia
5365,Fraunhofer Institute for Intelligent Analysis and Information Systems Sankt Augustin; Germany
5366,KTH & & Gavagai; Stockholm; Sweden
5367,Thomas J. Watson Res. Center; IBM; Hawthorne; NY; USA
5368,Wuhan University & Carleton University; Wuhan; China
5369,Leonard N. Stern School of Business; NYU; New York City; NY; USA
5370,Sch. of Meteorol.; Univ. of Oklahoma; Norman; OK; USA
5371,School of Computer Science; University of Oklahoma; Norman; OK; USA
5372,Center for the Anal. & Prediction of Storms; Norman; OK; USA
5373,Dept of Industrial Engineering; University of Chile
5374,Centre for Applied Informatics; School of Engineering & Science; Victoria University; Australia
5375,Institute of Software Chinese Academy of Sciences
5376,Department of Computer Science; University of Illinois at Chicago; Chicago; Illinois; USA; Chicago; Illinois; USA
5377,Square Inc; San Francisco; CA; USA
5378,Dept. of Electron. Eng.; Myongji Univ.; Yongin; South Korea
5379,Tokyo University; Tokyo; Japan;
5380,Dept. of Math. & Comput. Sci.; Univ. of Lethbridge; Lethbridge; AB; Canada
5381,University of North Carolina at Chapel Hill; Chapel Hill; USA;
5382,School of Information and Library Science; Chapel Hill; USA
5383,Tata Consultancy Services Limited.
5384,Res. Sch. of Comput. Sci.; Australian Nat. Univ. Canberra; Canberra; ACT; Australia
5385,Australian Demographic & Social Research Institute; Australian National University; Canberra; ACT; Australia
5386,(Florida International University; Miami; Florida; USA)
5387,ChangHong COC Display Devices Co.;Ltd; Mianyang; China
5388,Princeton Plasma Phys. Lab.; Princeton; NJ; USA
5389,Argonne National Lab.; Argonne; IL; USA
5390,Pacific Northwest Nat. Lab.; Richland; WA; USA
5391,University of Illinois at Chicago; Chicago; IL; USA & King Abdulaziz University; Saudi Arabia
5392,Universidad del Bio-Bio; Concepción; Chile
5393,Universidad Auténoma de Madrid; Madrid; Spain
5394,Intuit Canada Edmonton; Edmonton; AB; Canada
5395,Software Lab.; IBM Canada; Markham; ON; Canada
5396,Amazon Canada; Toronto; ON; Canada
5397,Texas State Univerity-San Marcos; San Marcos; TX; USA
5398,Inst. of Inf. Syst. & Manage.; Karlsruhe Inst. of Technol.; Karlsruhe; Germany
5399,Department of Management Science and Engineering; Tsinghua University; Beijing ; China#TAB#
5400,Department of Systems Engineering and Engineering Management; The Chinese University of Hong Kong; Hong Kong
5401,University of Illinois (Urbana; IL)
5402,Purdue University West Lafayette; Indiana; USA
5403,Yahoo Labs; New York City; USA
5404,Microsoft Inc; Redmond; WA; USA#TAB#
5405,Department of Chinese; Translation & Linguistics; City University of Hong Kong; Hong Kong; China
5406,Dept. of Computer Science; Cornell University; Ithaca; NY; USA
5407,Res. Centre on Linguistics & Language Inf. Sci.; Hong Kong Inst. of Educ.; Hong Kong; China
5408,Dept. of Electr. Eng.; Univ. of Indonesia; Depok; Indonesia
5409,University of Texas at Arlington; Arlington; Texas; USA#TAB#
5410,Aalto University and HIIT; Espoo; Finland#TAB#
5411,Dept. of Comput. Sci. & Technol.; Xinjiang Normal Univ.; Urumqi; China
5412,School of Engineering Deakin University Geelong VIC Australia
5413,Dept. of Inf.; Aristotle Univ. of Thessaloniki; Thessaloniki; Greece#TAB#
5414,NASA
5415,Microsoft Corp; Redmond; CA; USA#TAB#
5416,Symantec Res. Labs.; Culver City; CA; USA
5417,Klout; Inc.; San Francisco; CA; USA
5418,AIX MARSEILLE UNIVERSITÉ;MARSEILLE;FRANCE
5419,Univ. of Torino; Turin; Italy
5420,Peking University & The Chinese University of Hong Kong; Beijing; China
5421,ens; paris; france
5422,INRIA/ENS Paris France
5423,NTT Corporation; Yokosuka-shi; Japan#TAB#
5424,Palo Alto Research Center; Palo Alto; CA; USA#TAB#
5425,Computing and Information Sciences; Kansas State University; Manhattan; KS#TAB#
5426,Stanford / Max Planck Institute SWS; Palo Alto; CA; USA#TAB#
5427,Hugo Miebach GmbH; Welding Machines Division; Dortmund; Germany#TAB#
5428,LI; Univ. Francois Rabelais de Tours; Tours; France
5429,Inria Nancy Grand Est; Nancy; France#TAB#
5430,ISRIS; Univ. Lyon 1; Lyon; France
5431,GREYC; Univ. de Caen Basse-Normandie; Caen; France
5432,University of Notre; Dame;
5433,Nokia
5434,University of Illinois at Urbana and Champaign; Urbana; USA
5435,ICAR-CNR & University of Calabria; Rende; Italy
5436,Skolkovo Institute of Science and Technology; Skolkovo; Russian Fed.#TAB#
5437,Department of Computer Science; Beijing Institute of Technology; Beijing; China#TAB#
5438,Universitat Pompeu Fabra; Yahoo! Research Barcelona; Barcelona; Spain
5439,Computer Science Department; University of Geneva; Geneva; Switzerland
5440,Department of Computer Science;Hong Kong Baptist University; Hong Kong#TAB#
5441,NTT Service Evolution Laboratories; NTT Corporation; Yokosuka-shi; Kanagawa; Japan
5442,NTT Communication Science Laboratories; NTT Corporation; Soraku-gun; Kyoto; Japan
5443,Microsoft Research; New York City; USA#TAB#
5444,Department of Computer Science; Stanford University; Stanford; CA; USA.
5445,China International Communication Center; SCIO; Beijing; China
5446,Dept. of Ind. Eng. & Manage.; Ching Yun Univ.; Taoyaun; Taiwan
5447,Dept. of Bus. & Adm.; Fu Jen Catholic Univ.; Taipei; Taiwan
5448,Grad. Sch. of Bus. Adm.; Fu Jen Catholic Univ.; Taipei; Taiwan
5449,Dept. of Comput. Sci.; Katholieke Univ.; Leuven; Heverlee; Belgium
5450,Laboratoire d'Informatique de Paris-Nord
5451,Knowledge representation; reasonning
5452,RCLN
5453,Bus. Sch.; Rutgers Univ.; Newark; NJ; USA
5454,Comput. Sci. Dept.; Univ. of Turin; Turin; Italy
5455,UMass---Amherst; Amherst; USA#TAB#
5456,Department of Electrical Engineering; National Taiwan University; Taipei; Taiwan; ROC
5457,Dept. of Electrical Engineering; National Taiwan Univ. & Research Center for Information Technology Innovation; Academia Sinica; Taipei; Taiwan Roc
5458,Sch. of Econ.; Dept. of Bus. Technol.; Aalto Univ.; Helsinki; Finland
5459,Ecole Polytechnique Fedérale de Lausanne
5460,Department of Computer Science; University of Tokyo; Tokyo; Japan#TAB#
5461,Stanford; Stanford; USA
5462,School of Information Systems; Singapore Management University;#TAB#
5463,Illinois Institute of Technology; Chicago; IL#TAB#
5464,Dept. of Comput. Sci.; Bar-Ilan Univ.; Ramat Gan; Israel
5465,Department of Computer Science; Ariel University Center; Ariel; Israel
5466,Univ College Dublin; Dublin; Ireland
5467,Universität Konstanz; Konstanz; Germany
5468,Dept. of Inf. Syst.; City Univ. of Hong Kong; Kowloon; China
5469,School of Information Technology; Queensland University of Technology; Brisbane; Qld.; Australia#TAB#
5470,Sch. of Comput.; Robert Gordon Univ.; Aberdeen; UK
5471,Guizhou University Guiyang; China
5472,The Ohio State University; Columbus; Ohio; USA;
5473,Google Inc; Mountain View; California; USA
5474,Sch. of Comput. & Inf. Sci.; Florida Internation Univ.; Miami; FL; USA
5475,MOE KLINNS Lab and SKLMS Lab; Xi’an Jiaotong University; Xi’an; China
5476,Hong Kong University of Science & Technolgy; Hong Kong; Hong Kong
5477,Nanyang Tech. Univ; China
5478,Meas. Sci. & Syst. Eng. Div.; Oak Ridge Nat. Lab.; Oak Ridge; TN; USA
5479,Yahoo! Search; Sunnyvale; CA; USA
5480,Yahoo! Taiwan; Taipei; Taiwan Roc#TAB#
5481,BioTeC; Department of Chemical Engineering; KU Leuven; Heverlee (Leuven); Belgium
5482,C&C Innovation Res. Labs.; NEC Corp.; Japan
5483,*Brunel University Uxbridge United Kingdom
5484,Simon Fraser University; Bumaby; BC; Canada
5485,FZI Forschungszentrum Informatik; Karlsruhe; Germany#TAB#
5486,disy Informationssysteme GmbH; Karlsruhe; Germany
5487,University of Antwerp; Mathematics and Computer Science; Belgium#TAB#
5488,Shagnhai Jiao Tong University; Shagnhai; China
5489,Barcelona Supercomputing Center (BSC); BarcelonaTech (UPC); Barcelona; Spain#TAB#
5490,Barcelona Supercomputing Center (BSC) Barcelona; Spain
5491,Microsoft Research; Microsoft Corporation; Redmond WA; USA
5492,University of Florence; Florence (Italy)#TAB#
5493,Google Research; Zürich; Switzerland#TAB#
5494,Coll. of Eng. & Inf.; Nat. Univ. of Ireland Galway; Galway; Ireland#TAB#
5495,Department of Pathology; Cardiff University; Cardiff; UK
5496,Department of Computer Science III; University of Bonn; Germany and Fraunhofer Institute IAIS; Schloss Birlinghoven; Sankt Augustin; Germany#TAB#
5497,Department of Computer Science; Katholieke Universiteit Leuven; Belgium#TAB#
5498,Center for Adv. Syst. Eng.; Jacobs Univ.; Bremen; Germany
5499,Università Roma Tre & Inria Saclay; Roma; Italy
5500,Dept. of Comput. Sci. & Eng.; Univ. of Washington; Seattle; WA; USA
5501,Information School; University of Washington; Seattle; WA; USA#TAB#
5502,Dept. of Phys.; Umea Univ.; Umea; Sweden
5503,eBay Research Labs; eBay Inc.; San Jose; CA; USA
5504,School of Computer Science; Tokyo University of Technology; Tokyo; Japan
5505,Yahoo; Mountain View; CA; USA#TAB#
5506,Galisteo Consulting Group Inc.; Albuquerque; NM; USA
5507,Institute of Biogeochemistry and Pollutant Dynamics; ETH; Zürich; Switzerland
5508,Sch. of Comput. Sci. & Stat.; Trinity Coll. Dublin; Dublin; Ireland#TAB#
5509,LORIA; CNRS; Université de Lorraine; Vandoeuvre-lès-Nancy; France#TAB#
5510,Dept. of Comput. Sci.; Southern Illinois Univ.; Carbondale; IL; USA#TAB#
5511,Institute Jozef Stefan; Artificial Intelligence Laboratory; Ljubljana; Slovenia#TAB#
5512,University of Novi Sad; Department of Mathematics and Informatics; Novi Sad; Serbia#TAB#
5513,Inst itute Jozef Stefan; Artificial Intelligence Laboratory; Ljubljana; Slovenia#TAB#
5514,Swedish Institute of Computer Science; Kista Sweden#TAB#
5515,SUNY-Buffalo
5516,Jiangsu Province Nanjing City; China
5517,National Research Council of Canada Fredericton; NB; Canada#TAB#
5518,Jana; Boston; MA; USA
5519,University of Science and Technology of China; Singapore Management University; Hefei; China#TAB#
5520,Singapore Management University; Stamford Road; Singapore
5521,University of Science and Technology of China; Microsoft Research Asia; Beijing; China
5522,Faculty of Business and Economics; KU Leuven; Leuven; Belgium;National Research University Higher School of Economics (HSE); Moscow; Russia#TAB#
5523,Amsterdam-Amstelland Police; Amsterdam; The Netherlands#TAB#
5524,Faculty of Business and Economics; KU Leuven; Leuven; Belgium; Universiteit van Amsterdam Business School; Amsterdam; The Netherlands
5525,Faculty of Business and Economics; KU Leuven; Leuven; Belgium;Vlerick Leuven Gent Management School; Leuven; Belgium#TAB#
5526,National University of Defense Technology
5527,(the University of Western Ontario)
5528,Computing and Mathematics
5529,University of Tunis
5530,Stanford; Stanford University; CA; USA
5531,School of Information Science and Engineering; East China University of Science and Technology; China#TAB#
5532,Faculty of Engineering; Industrial Engineering Department; Özyeğin University; Istanbul; Turkey#TAB#
5533,Intertech; Decision Support Systems Department; Istanbul; Turkey#TAB#
5534,Dept. of Comput. Sci.; Cornell Tech; New York; NY; USA
5535,Stockholm University
5536,LIRMM; University of Montpellier; Montpellier; France
5537,ISSIS; Birkbeck; Univ. of London; London; UK
5538,USC Information Sciences Institiute; Marina del Rey; CA; USA
5539,Stanford and Matroid; Stanford; CA; USA
5540,Databricks; San Francisco; CA; USA
5541,HP Labs;Palo Alto;USA
5542,Databricks; San Francisco; USA
5543,Databricks and Massachusetts Institute of Technology; Cambridge; MA; USA
5544,Department of Mathematical Informatics The University of Tokyo
5545,Ho Chi Minh City University of technology
5546,LIACS; Leiden University The Netherlands
5547,Machine Learning; Department of Computer Science; KU Leuven; Leuven; Belgium and Leiden Institute of Advanced Computer Science; Leiden University; Leiden; The Netherlands#TAB#
5548,Intelligent Systems Laboratory; University of Bristol; Bristol; UK and Data Science Lab; Ghent University; Ghent; Belgium#TAB#
5549,Intelligent Systems Laboratory; University of Bristol; Bristol UK
5550,Southeast University
5551,Massachusetts Institute of Technology Cambridge; USA
5552,Samsung Res.; Bangalore; India
5553,Department of Computer Science; University of Oxford; Oxford; UK;
5554,Grad. Univ.; Beijing; China
5555,Orange Labs; Lannion Cédex; France
5556,HIIT; Aalto University; Espoo; Finland
5557,Data Analytics Dept.; A*STAR; Singapore; Singapore
5558,Econ. & Manage. Sch.; WuHan Univ.; Wuhan; China
5559,Dept. of Comput. Sci.; Univ. of Massachussets; Boston; MA; USA
5560,Department of Computer Science and Information Engineering
5561,School of Computer and Control Engineering; University of Chinese Academy of Science; Beijing; China
5562,Univ. of New South Wales; Sydney; NSW; Australia
5563,Collaborative Innovation Center of Geospatial Technol.; China
5564,School of Information Engineering Nanjing University of Finance and Economics Nanjing China
5565,Carlson Sch. of Manage.; Univ. of Minnesota; Minneapolis; MN; USA
5566,Nat. Eng. Res. Center for Multimedia Software Luojiashan; Wuhan Univ.; Wuhan; China
5567,Two Sigma Investments; New York City; NY; USA
5568,School of CS&IT; RMIT University; Melbourne; VIC; Australia#TAB#
5569,Manage. Sci. & Inf. Syst. Dept.; Rutgers Univ.; Rutgers; NJ; USA
5570,MSIS Department; Rutgers University; New Brunswick; NJ; USA
5571,CNRS
5572,Dept. of Computer Science; University of Pittsburgh; Pittsburgh; PA; USA
5573,Centre for Pattern Recognition and Data Analytics; Deakin University; Geelong; Vic.; Australia
5574,Dept. of Autom. y Comput.; Univ. Publica de Navarra; Pamplona; Spain
5575,University of Minnesota Twin Cities
5576,University of Minnesota -- Twin Cities#TAB#
5577,University of Minnesota;Twin Cities
5578,Mayo Clinic Rochester; MN
5579,Dept. of ECE; Univ. of California San Diego; La Jolla; CA; USA
5580,Dept. of Math.; Univ. of California San Diego; La Jolla; CA; USA
5581,Fac. of Eng. & IT; Univ. of Technol. Sydney; Ultimo; NSW; Australia
5582,Fujitsu Laboratories; Ltd.; Kanagawa; Japan
5583,Sch. of Electron. Eng. & Comput. Sci.; Peking Univ.; Beijing; ; China
5584,Inf. Sci. Directorate; Army Res. Lab.; Adelphi; MD; USA
5585,SKLSDE Lab. & IRI; Beihang Univ.; Beijing; China
5586,Inf. Syst. & Machine Learning Lab.; Univ. of Hildesheim; Hildesheim; Germany#TAB#
5587,Adv. Digital Sci. Center; UIUC; Singapore; Singapore
5588,Res. Sch. of Comput. Sci.; Australian Nat. Univ.; Acton; ACT; Australia
5589,Electr. Eng. & Comput. Sci.; Vanderbilt Univ.; Nashville; TN; USA
5590,Biomed. Inf.; Vanderbilt Univ.; Nashville; TN; USA
5591,Yonsei Univ.; Yonsei; South Korea
5592,Wuhan University of Technology;
5593,LIPADE; University of Paris Descartes; Paris; France
5594,SUNY University at Albany Albany NY USA
5595,QCIS; University of Technology; Sydney; NSW; Australia
5596,SUNY; Binghamton
5597,ICCCE & CS; Nankai Univ.; Tianjin; China
5598,Samsung R&D Institute China; Beijing; China
5599,ROBERT BOSCH-GMBH
5600,Computer Science Department; University of Western Ontario; London; ON; Canada
5601,School of Computer National University of Defense Technology Changsha; China
5602,Guangzhou HKUST Fok Ying Tung Res. Inst.; Hong Kong Univ. of Sci. & Technol.; Hong Kong; China
5603,Comput. Sci. Dept.; Worcester Polytech. Inst. (WPI); Worcester; MA; USA
5604,School of Computer Science and Information Technology; RMIT University; Melbourne; VIC; Australia
5605,University of Macau Macau China
5606,IAFSE-CIDSE: Assured and Scalable Data Engineering; Center for (CASCADE)
5607,Computing; Informatics and Decision Systems Engineering; School of (CIDSE)
5608,Beijing Samsung Telecom R&D Center; Beijing; China#TAB#
5609,Northwestern Polytech. Univ.; Xi'an; China
5610,Dept. of Comput. Sci. & Technol.; Nanjing Univ. of Aeronaut. & Astronaut.; Nanjing; China
5611,EECS-University of Michigan; Ann Arbor; MI; USA
5612,Alibaba Group; Seattle; WA; USA#TAB#
5613,Texas A and M University#TAB#
5614,Shanghai Key Lab. of Data Sci.; Fudan Univ.; Shanghai; China
5615,Inst. of Software; SKLCS; Beijing; China
5616,Sch. of Comput.; Arizona State Univ.; Phoenix; AZ; USA
5617,Academy of Arts and Design; Tsinghua University; Beijing; China
5618,Dept. of Comp. & Inf. Sci. & Eng.; Univ. of Florida; Gainesville; FL; USA
5619,Ind. & Syst. Eng.; Lehigh Univ.; Bethlehem; PA; USA
5620,Autonomic Manage.; NEC Labs. America; Princeton; NJ; USA
5621,Fakultät für Informatik; LS VIII; Technische Universität Dortmund; Dortmund; Germany
5622,Data Science Lab and iMinds; Universiteit Gent; Gent; Belgium
5623,University of California San Francisco; San Francisco; CA; USA
5624,Dept. of Phys.; Sejong Univ.; Seoul; South Korea
5625,Dept. of CS; Indian Inst. of Technol.; Madras; Chennai; India
5626,Department of ECE; University of Texas at Austin; Austin; TX; USA
5627,Big Data Res. Center; Univ. of Electron. Sci. & Technol. of China; Chengdu; China
5628,Tech. Univ. of Dortmund; Dortmund; Germany
5629,Dept. of Electron.; Eng.; Tsinghua Univ.; Beijing; China
5630,ECNU & Sch. of Inf. Syst.; Inst. for Data Sci. & Eng.; Shanghai; China
5631,Sch. of Inf. Syst.; SMU; Singapore; Singapore
5632,Shanghai Key Lab. for Trustworthy Comput.; ECNU; Shanghai; China
5633,Bioinf. Lab.; SUNY at Buffalo; Buffalo; NY; USA
5634,Dept. of Math.; Univ. of Illinois at Chicago; Chicago; IL; USA
5635,Department of Epidemiology University of Florida Gainesville FL USA
5636,Dept. of Microbiol. & Immunology; SUNY at Buffalo; Buffalo; NY; USA
5637,Univ. of Waterloo Waterloo; Waterloo; ON; Canada
5638,Palo Alto Research Center; Webster; NY; USA
5639,AVIC Helicopter R&D Inst.; China
5640,Dept. de Genie Electr. et de Genie Inf.; Univ. Laval; Quebec City; QC; Canada
5641,Dept. de Med. Sociale et Preventive; Univ. Laval; Quebec City; QC; Canada
5642,; Raytheon BBN Technologies; Cambridge; MA; USA#TAB#
5643,Lancaster University; Lancaster; United Kingdom
5644,Loughborough University Loughborough; United Kingdom
5645,Dato Inc.; Seattle; WA; USA
5646,Garvan Institute of Medical Research
5647,University of Sydney
5648,Waterloo University; Waterloo; ON; Canada
5649,; KTH; Stockholm; Sweden
5650,HEWLETT PACKARD
5651,Universidade Nova de Lisboa; Caparica ; Portugal
5652,Yahoo Research; New York City; NY; USA#TAB#
5653,Google; Inc.; Mountani View; CA; USA
5654,Google; Inc.; Zurich; Switzerland
5655,Faculty of Information Sciences and Engineering; University of Canberra; Australia.
5656,Tencent
5657,Alibaba Group; Hang Zhou; China
5658,National ICT Australia and Australian National University; Canberra ; Australia#TAB#
5659,Australian National University & National ICT Australia; Canberra; Australia
5660,Ambiata & Australian National University & University of New South Wales; Sydney; Australia
5661,National ICT Australia; Melbourne; Australia
5662,Institute For Infocomm Research; A*Star
5663,Boise State University Boise ID; USA
5664,Department of Computer Science and Information Engineering; National Cheng Kung University; Taiwan; ROC#TAB#
5665,Department of Computer Science; University of Illinois at Chicago; Chicago; Illinois#TAB#
5666,Max Planck Inst. for Software Syst. (MPI-SWS); Saarbrucken; Germany
5667,(IBM Thomas J. Watson Research Center)
5668,Walmart Labs; San Bruno; CA; USA
5669,IDI Dept.; Treelogic; Llanera; Spain
5670,Northeastern University and Harvard University; Boston; MA; USA
5671,Hansraj College; Delhi University; Delhi; India
5672,University of Rome – Tor Vergata; Rome; Italy
5673,National Inst. of Informatics; Chiyoda; Tokyo; Japan
5674,Yahoo Japan Corporation; Minato; Tokyo; Japan#TAB#
5675,NAra Institute of Science and Technology; Ikoma; Nara; Japan#TAB#
5676,Snapchat; Inc.; Venice; CA; USA
5677,Elsevier B.V.; Amsterdam; Netherlands
5678,UTS: University of Technology Sydney
5679,College of Computer; National; University of Defense Technology; Changsha; China
5680,CY Data Sci.; New York; NY; USA
5681,Dept. of Comput. Sci.; NYU; New York; NY; USA
5682,Bioacoustics Res. Program; Cornell Lab. of Ornithology Cornell Univ.; Ithaca; NY; USA
5683,Department of Information Technology; Ghent University – iMinds; Ghent; Belgium
5684,Sch. of Comput. Sci.; Arizona State Univ.; Tempe; AZ; USA
5685,Center for Med. Inf.; Yale Univ.; New Haven; CT; USA
5686,Depts. of Performance Excellence & Risk Manage.; Connecticut Children's Med. Center; Hartford; CT; USA
5687,Queen′s University
5688,Border Region Studies
5689,Dept. of CSE; SUNY Buffalo; NY; USA
5690,Dept. d'Eng. Electr`onica; Univ. de Val`encia; Valencia; Spain
5691,Inst. for Biomed. Res. Hosp. Clinic de Valencia - INCLIVA; Valencia; Spain
5692,Shanghai Key Lab. of Data Sci. Sch. of Software; Fudan Univ.; Shanghai; China
5693,Sch. of Manage.; Fudan Univ.; Shanghai; China
5694,Sch. of Inf. & Commun. Technol.; KTH R. Inst. of Technol.; Stockholm; Sweden
5695,Decisions; Networks &Analytics; Swedish Inst. of Comput. Sci.; Stockholm; Sweden
5696,Data Sci. Lab.; Kansai Univ.; Suita; Japan
5697,Grad. Sch. of Bus. & Commerce; Kansai Univ.; Suita; Japan
5698,Minnesota Population Center; University of Minnesota; Minneapolis MN USA
5699,Sch. of Comput. Sci. Shenzhen Grad. Sch.; Harbin Inst. of Technol.; Shenzhen; China
5700,Center for Web Intell.; DePaul Univ.; Chicago; IL; USA
5701,Synalp Team; LORIA; Vandoeuvre les Nancy; France
5702,Dept. Projects & Innovations; INIST; Vandoeuvre les Nancy; France
5703,LIPN; Univ. Paris 13; Villetaneuse; France
5704,Sch. of Electr. Eng. & Comput. Sci.; Queensland Univ. of Technol.; Brisbane; QLD; Australia
5705,Inst. of Phys.; Beijing; China
5706,ENSAM; Aix Marseille Univ.; Marseille; France
5707,Ocean Networks Canada; Univ. of Victoria; Victoria; BC; Canada
5708,TUM Sch. of Educ.; Tech. Univ. Munchen; Munich; Germany
5709,German Inst. for Int. Educ. Res.; Frankfurt am Main; Germany
5710,Lunghwa Univ. of Sci. & Technol.
5711,National Kaohsiung University of Applied Science
5712,Lab. for Sci. of Inf. & Syst.; Aix-Marseille Univ.; Marseille; France
5713,Centre Sci. et Tech. du Batiment; Sophia-Antipolis; France
5714,Freelance Researcher#TAB#
5715,IBM T J Watson Research Center; NY; USA
5716,Sch. of Comput. Sci.; Fudan Univ. Shanghai; Shanghai; China
5717,The Heritage Academy
5718,Heritage Institute Of Technology
5719,Centre for Data Engineering; IIIT Hyderabad; India
5720,Qatar Comput. Res. Inst.; HBKU; Doha; Qatar
5721,Dept. of Syst. Innovation Sch. of Eng.; Univ. of Tokyo; Tokyo; Japan
5722,Department of Software and Information Systems; University of North Carolina at Charlotte Charlotte; NC; USA
5723,Centre for Comparative Social Surveys; City Univ. London; London; UK
5724,German Record Linkage Center; Univ. of Duisburg-Essen; Duisburg; Germany
5725,Adv. Digital Sci. Center; Singapore; Singapore
5726,McLaren Appl. Technol. APAC; Singapore; Singapore
5727,Veda; Melbourne; VIC; Australia
5728,FOI/Uppsala Univ.; Stockholm; Sweden
5729,ICSR; London; UK
5730,DePaul Sch. of Digital Comput.; DePaul Univ.; Chicago; IL; USA
5731,Int. CyberCrime Res. Centre; Simon Fraser Univ.; Burnaby; BC; Canada
5732,Predictive Analytics Team; Pivotal Inc.
5733,Amazon.Com Inc.
5734,National Yang Ming University#TAB#
5735,Univ. of North Carolina at Charloote; Charlotte; NC; USA
5736,Information Sciences Institute; Los Angeles; CA; USA
5737,Dept. of Manage. Sci.; Univ. of Iowa Iowa City; Iowa City; IA; USA
5738,Dept. of Inf. Syst.; Univ. of Alabama Tuscaloosa; Tuscaloosa; AL; USA
5739,SendGrid; Denver; CO; USA
5740,Two Sigma Investments; New York; NY; USA
5741,Ecoacoustics Res. Centre; Queensland Univ. of Technol.; Brisbane; QLD; Australia
5742,Dept. of Neurorehabilitation Eng.; Georg-August Univ.; Gottingen; Germany
5743,Dept. of Comput. Sci. & Electr. Eng.; Univ. of Maryland; Baltimore; MD; USA#TAB#
5744,Dept. of Comput. Perception; Johannes Kepler Univ.; Linz; Austria
5745,Comput. Sci.; UNC Charlotte; Charlotte; NC; USA
5746,Software of Inf. Syst.; UNC Charlotte; Charlotte; NC; USA
5747,CSCE Dept.; Univ. of Arkansas; Fayetteville; NC; USA
5748,Alibaba Res. Center for Complexity Sci.; Hangzhou Normal Univ.; Hangzhou; China
5749,Res. Center for Electron. Commerce & Network Econ.; Hangzhou Normal Univ.; Hangzhou; China
5750,Department of Computer Science; University of the Philippines; Cebu Cebu City; Philippines
5751,Acad. of Art & Design; Tsinghua Univ.; Beijing; China
5752,Data Manage. & Exploration Group; RWTH Aachen Univ.; Aachen; Germany
5753,KING KHALID UNIVERSITY
5754,AGT Int.; Darmstadt; Germany
5755,Department of Computer and Communication Science; Wakayama University; Wakayama; Japan
5756,Grad. Sch. of Syst. Eng.; Wakayama Univ.; Wakayama; Japan
5757,Alumni of TU Bergakad. Freiberg; Freiberg; Germany
5758,Computer Science Department; Rutgers University; Piscataway; NJ; USA#TAB#
5759,Comput. Sci. Dept. & DIMACS; Rutgers Univ.; Piscataway; NJ; USA
5760,Comput. Sci.; KU Leuven; Leuven; Belgium
5761,PRIS - Beijing Univ. of Posts & Telecommun.; China
5762,Media Lab.; Massachusetts Inst. of Technol.; Cambridge; MA; USA#TAB#
5763,Monash University; Melbourne; Vic. Australia
5764,Yahoo Research; CA; USA
5765,Department of Information Science; University of Arkansas at Little Rock; Little Rock; AR; USA#TAB#
5766,Inf. Sci.; Univ. of Arkansas at Little Rock; Little Rock; AR; USA
5767,Hitachi India Pvt. Ltd.; Bangalore; India
5768,Reseach Sch. of Comput. Sci.; Australian Nat. Univ.; Canberra; ACT; Australia
5769,School of Arts and Sciences; Computer Science
5770,UNIVERSITY OF TOKUSHIMA
5771,University of Amsterdam Amsterdam; The Netherlands#TAB#
5772,Imperial College London; London (UK)
5773,Dept. of Comput. Sci.; Innopolis Univ.; Innopolis; Russia
5774,Department of Computer Science; Korea Advanced Institute of Science and Technology; Daejeon South Korea
5775,IIT(BHU); Varanasi; India
5776,Innoplexus; India
5777,; Thomas J. Watson Research Center; IBM Research; Yorktown Heights; NY; USA
5778,Comput. Sci. & Eng. Dempartment; Univ. of South Florida; Tampa; FL; USA
5779,School of computer science and engineering; Nanjing University of Science and Technology; Nanjing; China
5780,Dept. of Comput. Sci. & Technol. Tsinghua Univ; Tsinghua Nat. Lab. for Inf. Sci. & Technol.; Beijing; China
5781,iSchool; Univ. of Missori; Colombia
5782,Concord Consortium; West Emeryville; CA; USA
5783,Dept. of Comput. Sci.; Univ. Fed. de Minas Gerais; Belo Horizonte; Brazil
5784,AIS-BI University of Paderborn
5785,Fac. of Eng. & Appl. Sci.; Univ. of Ontario Inst. of Technol. (UOIT); Oshawa; ON; Canada
5786,Aoyama Gakuin Univ.
5787,University of Shizuoka;
5788,Ryukoku university
5789,University of Tasmania
5790,Sch. of Electr. & Comput. Eng.; Stevens Inst. of Technol.; Hoboken; NJ; USA
5791,Market Reviewer; Technol. Adv. Technol. & Res.; Yokohama; Japan
5792,Dept. of Comput. Sci.; Univ. of Colorado; Colorado Springs; CO; USA
5793,Dept. of Intell. Syst.; Jozef Stefan Inst.; Ljubljana; Slovenia
5794,Dept. of Bus. Manage. & Analytics; Arcada Univ. of Appl. Sci.; Helsinki; Finland
5795,Black Oak Analytics; Inc.; Little Rock; AR; USA
5796,Inf. Sci.; UALR; Little Rock; AR; USA
5797,Department of Electrical Engineering & Computer Science
5798,Inst. of Artificial Intell.; Zhejiang Univ.; Hangzhou; China
5799,SUNY at Buffalo; NY; USA
5800,Nat. Super. Sch. of Eng. of Tunis; Time Univ.; Tunis; Tunisia
5801,Nat. Super. Sch. of Eng. of Tunis; Tunis Univ.; Tunis; Tunisia
5802,Department of Information Systems ; New Jersey Institute of Technology; Newark; NJ; USA
5803,Department of Computer Science; New Jersey Institute of Technology; Newark; NJ; USA#TAB#
5804,Sch. of Manage.; New Jersey Inst. of Technol.; Newark; NJ; USA
5805,Dept. of Syst. Innovation Sch. of Eng.; Univ. of Tokyo Tokyo; Tokyo; Japan
5806,Sch. of Comput. & Inf. Sci.; Univ. of Hyderabad; Hyderabad; India
5807,Inst. for Dev. & Res. in Banking Technol.; Hyderabad; India
5808,Appl. Commun. Sci.; Basking Ridge; NJ; USA
5809,AIG Inc.; New York; NY; USA
5810,Dept. Electr. Eng. & Comput. Sci.; Univ. of Stavanger; Stavanger; Norway
5811,IUF; UTLN; Toulon; France
5812,University of New Brunswick – Fredericton ; NB ; Canada
5813,MOE Key Laboratory for Information System Security; TNLIST; School of Software
5814,Key Lab. of Universal Wireless Commun.; Beijing Univ. of Posts & Telecommun; Beijing; China
5815,China Mobile Commun. Group Co.; Ltd.; Nanning; China
5816,Future IT R&D Lab; LG Electron.; Seoul; South Korea
5817,LIARA Lab.; Univ. du Quebec a Chicoutimi; Chicoutimi; QC; Canada
5818,#N# Research Center for Advanced Science and Technology; University of Tokyo; Japan.
5819,Dept. of Comput. Sci.; Nat. Chao Tung Univ.; Taiwan
5820,Dept. of Comput. Sci. & Inf. Eng.; Nat. Cheng Kung Univ.; Tainan; Taiwan
5821,Dept. of Comput. Sci.; Univ. of Moncton; Moncton; NB; Canada
5822,Dept. of Comput. Sci.; R. Holloway; Univ. of London; Egham; UK
5823,Sch. of Comput.; Eng. & Math.; Univ. of Brighton; Brighton; UK
5824,Administrative Center for China's Agenda21; Beijing; China
5825,Beijing Lab. of Intell. Inf. Technol. Sch. of Comput. Sci.; Beijing Inst. of Technol.; Beijing; China
5826,Fac. of Comput. Sci.; Univ. der Bundeswehr Munchen; Neubiberg; Germany
5827,Electr. & Comput. Eng. Dept.; American Univ. of Beirut; Beirut; Lebanon
5828,Department of Applied Science Kochi University Kochi Japan
5829,Dept. Comput. Sci. & Eng.; Oakland Univ.; Rochester; MI; USA
5830,Department of Computer Science; Virginia Tech; Arlington; VA; USA#TAB#
5831,Discovery Analytics Center; Department of Computer Science; Virginia Tech; Arlington; VA; USA#TAB#
5832,UCL; London; United Kingdom; United Kingdom
5833,Sch. of Inf. Renming; Univ. of China; Beijing; China
5834,Coll. of Comput. & Inf.; UNC Charlotte; Charlotte; NC; USA
5835,Fac. of Eng. & Sci.; Univ. Adolfo Ibanez; Vina del Mar; Chile
5836,Fac. of Comput. Sci.; Univ. Indonesia; Depok; Indonesia
5837,University of California; Merced; Merced; CA; USA
5838,Cognitive & Inf. Sci; Univ. of California; Merced; Merced; CA; USA
5839,Grad. Sch. of Econ.; Osaka Univ.; Suita; Japan
5840,Principles of Inf. Res. Div.; Nat. Inst. of Inf.; Tokyo; Japan
5841,Arnhold Global Health Institute; Icahn School of Medicine at Mount Sinai; New York; NY; USA
5842,Coll. of Inf. Sci. & Eng; Hunan Univ.; Changsha; China
5843,Dept. of Comput. Sci.; State Univ. of New York; New York; NY; USA
5844,University of Electro-Communications#TAB#
5845,Japan Science and Technology Agency; Hokkaido University
5846,†University of York
5847,MOE KLINNS Lab; Xi'an Jiaotong University; Xi'an; China#TAB#
5848,Sandia Nat. Lab.; NM; USA
5849,IBM Thomas J. Watson Research Center; NY; USA#TAB#
5850,IBM Corp. Headquarters; NY; USA
5851,Dipt. di Autom. e Inf.; Politec. di Torino; Turin; Italy
5852,Coll. of Comput. & Inf.; Drexel Univ.; Philadelphia; PA; USA
5853,Sch. of Comput. Sci. & Eng.; Univ. of Minnesota; Minneapolis; MN; USA
5854,School of Computer Science and Information Technology; Hefei University of Technology; Hefei; China
5855,H2O; Mountain View; CA; USA
5856,Tiger Anal.; Chennai; India
5857,Department of EECS; UC Berkeley; Berkeley; CA; USA#TAB#
5858,Children's Healthcare of Atlanta; Atlanta; GA; USA
5859,Information Technology University of Punjab; Lahore; Pakistan
5860,Univ. of Manage. Sci.; Lahore; Pakistan
5861,Sch. of Inf. Technol.; Federation Univ. Australia; Melbourne; VIC; Australia
5862,Ind. & Syst. Eng.; KAIST; Daejeon; South Korea
5863,College of Business; KAIST; Daejeon; South Korea
5864,Association for Computing Machinery#TAB#
5865,R. Inst. of Technol.; Kista; Sweden
5866,Soochow Adv. Data Analytics Lab.; Soochow Univ.; Suzhou; China
5867,Alibaba Inc.; Hangzhou; China
5868,Exabeam; San Mateo; CA; USA
5869,Awake Networks; Mountain View; CA; USA
5870,E8 Security; Redwood City; CA; USA
5871,Dept. of Appl. Math. & Stat.; Stony Brook Univ.; Stony Brook; NY; USA
5872,College of Business; Stony Brook University; Stony Brook; NY; USA
5873,CS Dept.; Univ. of Sao Paulo; Sao Carlos; Brazil
5874,State Key Lab. of Networking & Switching Tech.; Beijing Univ. of Posts & Telecommun.; Beijing; China
5875,Sch. of Electron. & Inf. Eng.; Tongji Univ.; Shanghai; China
5876,Department of Computer Science; Delhi University; Delhi; India#TAB#
5877,GN Ramachandran Knowledge Centre for Genome Inf.; Inst. of Genomics & Integrative Biol.; Delhi; India
5878,Institute of Computer Science; University of Innsbruck; Innsbruck; Austria#TAB#
5879,Dept. of Electr. Comput. & Software Eng.; Univ. of Ontario Inst. of Technol.; Oshawa; ON; Canada
5880,Polytech. Univ. of Turin; Turin; Italy
5881,Data Sci. Lab.; ISI Found.; Turin; Italy
5882,Sch. of Public Health; Univ. of Hong Kong; Hong Kong; China
5883,Univ. Catolica San Pablo; Arequipa; Peru
5884,Klipsch Sch. of Electr. & Comput. Eng.; New Mexico State Univ.; Las Cruces; NM; USA#TAB#
5885,Dept. of Astron.; New Mexico State Univ.; Las Cruces; NM; USA
5886,State Key Lab. of ISN; Xidian University; Xi'an; China
5887,Sch. of Math. & Stat.; Xidian Univ.; Xi'an; China
5888,Key Lab. of IPID of Educ. Minist. of China; Xidian Univ.; Xi'an; China
5889,Res. Center of Network Monitoring & Anal.; Beijing Univ. of Posts & Telecommun.; Beijing; China
5890,School of Computer Science; University of Science and Technology of China; Hefei; China
5891,Univ. of Electron. Sci. & Technol. of China; Chengdu; China
5892,Key Lab. of Big Data Min. & Knowledge Manage.; Beijing; China
5893,Helsinki Institute for Information Technology (HIIT)
5894,University of Piraeus#TAB#
5895,Dept. of CSE; JIS Coll. of Eng.; India
5896,Department of CSE; Jadavpur University; Kolkata; India#TAB#
5897,Sch. of Software; Beihang Univ.; Beijing; China
5898,Dept. of Radiol.; Stony Brook Univ.; New York; NY; USA
5899,Res. Center for Social & Ind. Manage. Syst.; Kanazawa Inst. of Technol.; Tokyo; Japan
5900,Adv. Technol. & Res.; Ex-Volvo Group Tucks; Yokohama; Japan
5901,BEYOND: Center for Fundamental Concepts in Science; Arizona State University; Tempe; AZ; USA
5902,Department of Civil Engineering ; University of Texas at Arlington ; Arlington ; TX ; USA
5903,School of Information Science and Technology; Beijing Forestry University; Beijing; China
5904,Research Unit on Programming; Algorithmics and Heuristics - URPAH; Faculty of Science of Tunis - FST; Tunis - El Manar University; Tunisia#TAB#
5905,College of Community; Hinakiyah; Taibah University - Medinah Monawara; Kingdom of Saoudi Arabia
5906,Software college; Northeastern University; Shenyang; China#TAB#
5907,Faculty of Information Technology; Queensland University of Technology. Brisbane; Australia.#TAB#
5908,Department of Information Systems ; City University of Hong Kong ; Kowloon; Hong Kong
5909,Univ. Paris-Sud; Orsay; France
5910,Helmholtz Zentrum Munchen & Tech. Univ. Munchen; Munich; Germany
5911,Coll. of Math. Sci.; Univ. of Chinese Acad. of Sci.; Beijing; China
5912,Key Lab. of Big Data Min. & Knowledge Manage.; Res. Center on Fictitious Econ. & Data Sci.; Beijing; China
5913,Southern Research Station USDA Forest Service Asheville NC USA
5914,U.S. Fish and Wildlife Service; Raleigh; NC; USA
5915,CyberAgent; Inc.; Tokyo; Japan
5916,JASCO Appl. Sci.; Victoria; BC; Canada
5917,Ocean Networks; Victoria; BC; Canada
5918,R&D Group; Hitachi Ltd.; Yokohama; Japan
5919,Big Data Lab.; Hitachi America; Ltd.; Santa Clara; CA; USA
5920,Dept. of Information and Knowledge Engineering; University of Economics; Prague; Czech Republic
5921,Dept. of Innovative Inf. & Technol.; Tamkang Univ.; Tamsui; Taiwan
5922,Department of Computer Science; Tamkang University; Tamsui; Taiwan
5923,Institute of Clinical Medicine NYMMC; National Yang-Ming University; Taipei; Taiwan#TAB#
5924,YOYI Inc.; Beijing; China
5925,Big Tree Times Co.; Beijing; China
5926,Centre for Health Informatics; Australian Institute of Health Innovation; Faculty of Medicine and Health Sciences; Macquarie University; Sydney; Australia and Australian Institute of Health Innova ...#TAB#
5927,Faculty of Health Sciences and Medicine; Bond University; Gold Coast; Australia#TAB#
5928,Centre for Health Informatics; Australian Institute of Health Innovation; Faculty of Medicine and Health Sciences; Macquarie University; Sydney; Australia
5929,Atlanta Fire Rescue Department; Atlanta; GA; USA
5930,Department of Mathematics; University of Oregon [Eugene]
5931,Territoires; Environnement; Télédétection et Information Spatiale
5932,University of Bari “Aldo Moro
5933,ADVanced Analytics for data SciencE
5934,Beijing Key Laboratory of Intelligent Telecommunications Software and Multimedia; Beijing University of Posts and Telecommunications; Beijing; China
5935,Department of Information Systems; Bunkyo University; Chigasaki; Japan#TAB#
5936,Snapchat Inc; Venice; CA; USA
5937,330B H.R. Bright Building; College Station; TX; USA
5938,NTT Corp.; Tokyo; Japan
5939,NTT Corp.; Kyoto; Japan
5940,Knowledge Discovery Research Laboratories; NEC Corporation; Kawasaki; Japan
5941,NEC Informatec Systems; Ltd.; Kawasaki; Japan#TAB#
5942,System Integration; Services and Engineering Operations Unit; NEC Corporation; Kawasaki; Japan#TAB#
5943,ISTI; Pisa; Italy
5944,College and Computing and Informatics; Drexel University; Philadelphia; USA#TAB#
5945,Department of Computer Science; University of Illinois at Urbana-Champaign; Champaign; USA#TAB#
5946,TCL Research America; San Jose; USA
5947,Seattle University; Seattle ; WA ; USA
5948,Science National Taiwan University
5949,Fraunhofer IAIS
5950,Universitat Bonn (University of Bonn)
5951,Criteo; Paris; France
5952,Facebook; London; UK#TAB#
5953,Criteo; Palo Alto; CA
5954,Preferred Networks; Inc.
5955,Toyota Technological Institute
5956,Department of Computer Science; Federal Urdu University of Arts; Science & Technology; Islamabad; Pakistan
5957,Faculty of Science & Technology; Bournemouth University; Bournemouth; UK
5958,University of Queensland; Brisbane; Australia and NICTA; Brisbane; Australia#TAB#
5959,University of Queensland; Brisbane; Australia and NICTA; Brisbane; Australia and Data61; CSIRO; Canberra; Australia#TAB#
5960,Howard Hughes Medical Institute and Univerisity of California; Santa Cruz; Santa Cruz; CA; USA
5961,Jiangxi Agriculture University
5962,Columbia University; New York; (USA)
5963,ZeroFOX; Baltimore; USA#TAB#
5964,Institute for Infocomm Research
5965,Key Laboratory of Computational Linguistics (Peking University); Ministry of Education
5966,IBMTJ Watson Research
5967,Qatar Computing Research institute#TAB#
5968,VNU University of Science; Hanoi; Vietnam and FPT Research; Hanoi; Vietnam#TAB#
5969,VNU University of Science; Hanoi; Vietnam#TAB#
5970,Dalat University; Lamdong; Vietnam#TAB#
5971,School of Management Science and Engineering; Dalian University of Technology; Dalian; China
5972,Department of Computer Science; University of Tartu; Tartu; Estonia and LORIA; Equipe Synalp; Vandoeuvre Cedex; France#TAB#
5973,Türk Hava Kurumu Üniversitesi; Anakara; Turkey#TAB#
5974,Intelligent Computing Lab; Division of Informatics; Graduate School at Shenzhen; Tsinghua University; Shenzhen; People’s Republic of China
5975,• Duke University#TAB#
5976,IUPUI
5977,The University of Sydney
5978,Princeton; Princeton; USA
5979,University of Waikato
5980,Google Switzerland & University of Amsterdam; Zürich; Switzerland#TAB#
5981,University of California; San Diego; USA
5982,MIPS; Université de Haute Alsace; Mulhouse Cedex; France#TAB#
5983,massachusetts institute of technology
5984,HK Advanced Technology Center; Ecosystem and Cloud Service Group
5985,A* STAR
5986,Dept. of Comput. Sci. & Eng.; Yuan Ze Univ.; Taoyuan; Taiwan
5987,Department of Computer Science and Information Engineering; Tamkang University; Tamsui; Taiwan#TAB#
5988,Department of Computer Science and Engineering; Yuan Ze University; Taoyuan; Taiwan and Innovation Center for Big Data and Digital Convergence; Yuan Ze University; Taoyuan; Taiwan#TAB#
5989,Nokia Gate5 GmbH; Berlin; Germany
5990,Queensland; University of Technology#TAB#
5991,System and Network Engineering Group; Informatics Institute; University of Amsterdam; The Netherlands
5992,Thuyloi University
5993,Vietnam National University of Agriculture#TAB#
5994,Wikimedia Foundation; San Francisco; CA; USA
5995,Dstillery
5996,La Trobe University:
5997,Lumi; London; United Kingdom
5998,Sorbonne Universités; UPMC Univ Paris 06; Paris; France
5999,University of Queensland; Brisbane; Australia and NICTA; Brisbane; Australia and Data61; CSIRO; Brisbane; Australia#TAB#
6000,Äalto University#TAB#
6001,IBM Watson Group; Chantilly; VA; USA
6002,CACI; Lanham; MD; USA#TAB#
6003,University of Wisconsin Madison; WI; USA
6004,Morgridge Institute; Madison; WI; USA
6005,Marshfield Clinic; Marshfield; WI; USA#TAB#
6006,University of Wisconsin-Madison/USA
6007,Microsoft; Synnyvale; CA; USA#TAB#
6008,Microsoft; Binghamton; NY; USA
6009,Yahoo! Research; Sunnyvale; Sunnyvale; CA; USA#TAB#
6010,AiCure; New York; NY; USA
6011,Technicolor R&I; Los Altos; CA; USA
6012,Eller College of Management; University of Arizona; Tucson; USA#TAB#
6013,Helmholtz Zentrum München & Technische Universität München; Munich; Germany
6014,UNIVERSITY OF CRETE
6015,University of Virginia Charlottesville USA
6016,NEC; Cupertino; CA; USA
6017,Peking University; University of Technology Sydney; Beijing; China#TAB#
6018,UMass. Amherst; Amherst; MA; USA
6019,Microsoft Research; Beijing; USA
6020,University of Grenoble Alps / LIG; Grenoble; France
6021,University of Grenoble Alps / LJK; Grenoble; France#TAB#
6022,China Academy of Chinese Medical Sciences; Beijing; China
6023,KAIST Daejeon Republic of Korea
6024,Seoul National University; Seoul; Republic of Korea#TAB#
6025,Federation University; Churchill; Australia#TAB#
6026,Monash University Caulfield; Australia
6027,Universidad Adolfo Ibáñez; Viña del Mar; Chile
6028,Facebook; Seattle; WA; USA
6029,“Roma Tre” University;;;Rome;;Italy
6030,Ping An Technology (Shenzhen) Co.;Ltd; Shenzhen; China
6031,GESIS - Leibniz Institute for the Social Sciences & University of Koblenz-Landau; Cologne; Germany#TAB#
6032,University of Würzburg; Würzburg; Germany;
6033,TU Graz Graz; Austria#TAB#
6034,Technical University of Munich; Munich; Germany;
6035,Japan Science and Technology Agency; Saitama; Japan
6036,Shanghai Key Laboratory of Data Science; School of Computer Science; Fudan University; Shanghai; China#TAB#
6037,Atwater Kent Lab; Department of Computer Science; Worcester Polytechnic Institute; Worcester; MA; USA
6038,Department of Computer Science and Technology; Tsinghua; Beijing; China#TAB#
6039,Computer Science Department; Carnegie Mellon University; PA; USA
6040,Michigan State University; East Lansing; USA;
6041,Washington State University; Pullman; USA;
6042,Toyota Technological Institute at Chicago; Chicago; USA
6043,; NVIDIA; Santa Clara; CA; USA
6044,The University of California - Davis; Davis; CA; USA
6045,Zhejiang University and Simon Fraser University; Hangzhou; China#TAB#
6046,Simson Fraser University; Burnaby; BC; Canada
6047,Northwest University of China; Xian; China
6048,Carnegie-Mellon Univ.; Pittsburg; PA; USA
6049,Princeton University; Plainsboro; NJ; USA
6050,Baidu Research; Big Data Lab; Beijing; China
6051,Rutgers; the State University of New Jersey; Newark; USA#TAB#
6052,University of Illinois at Chicago & Tsinghua University; Chicago; USA#TAB#
6053,Technicolor Research; Los Altos; CA; USA
6054,University of Michigan; Ann Arobr; MI; USA
6055,Sharif University; Teheran; Iran#TAB#
6056,Georgia Institute of Technology; Altanta; GA; USA
6057,Max Planck Institute for Software Systems; Kaiserslautern ; Germany#TAB#
6058,Tsinghua Nat. Lab. for Inf. Sci. & Technol. Dept. of Comput. Sci. & Technol.; Tsinghua Univ.; Beijing; China
6059,Unversity of Texas at Austin; Austin; TX; USA
6060,The University of North Carolina at Charlotte; Charlotte; NC; USA
6061,Baidu Research-Big Data; Beijing; China#TAB#
6062,Shanghai Finance University; Shanghai; China#TAB#
6063,Conventry University; Conventry; United Kingdom
6064,Universidade Federal de Minas Gerais
6065,the University of Western Australia
6066,*University of Sydney.
6067,Ohio State University.
6068,University of Florida**
6069,Electrical Engineering and Computer Science
6070,Electrical Engineering
6071,IBM Zurich Research Laboratory;
6072,University of California - Office of the President
6073,IAFSE-SEMTE: Adaptive Intelligent Materials and Systems Center (AIMS)
6074,City University of New York
6075,Twitter:
6076,Laboratoire Traitement et Communication de l'Information
6077,Méthodologies d'Analyse de Risque Alimentaire
6078,IAFSE-CIDSE: Industrial; Systems and Operations Engineering
6079,University of California Santa Cruz
6080,New Mexico State University;#TAB#
6081,Knowledge Representation and Reasoning Group; Department of Computer Science; VU University Amsterdam; The Netherlands#TAB#
6082,Tianjin University)
6083,Swarthmore College
6084,(Indiana University)
6085,Iowa State University
6086,CMU;
6087,Monash University; Malaysia
6088,United States Army Research Laboratory
6089,<org_name>Samsung</org_name>
6090,Ostfalia; University of Applied Sciences
6091,Research Group Data and Web Science; University of Mannheim; Germany
6092,Aarhus University;
6093,University of British Columbia; #TAB#
6094,University of Macau
6095,Universidade do Porto
6096,University of Minnesota; Duluth;
6097,Finnish Institute of Occupational Health
6098,Koc University
6099,#N##TAB##TAB##TAB##TAB# University of Leicester#N##TAB##TAB##TAB#
6100,Medicine - General Internal Medicine
6101,Hamad bin Khalifa University; Doha; Qatar#TAB#
6102,Foshan University Foshan China
6103,Rice University
6104,Anesthesiology & PeriOperative Medicine
6105,University of Warsaw.
6106,(Samsung Research America )
6107,Department of Computer and Information Science; Indiana University - Purdue University Indianapolis; USA
6108,Pattern Recognition and Data Analytics; Deakin University; Geelong; Australia#TAB#
6109,UNIVERSITY OF NORTH CAROLINA AT CHAPEL HILL;
6110,Xi'an jiaotong university
6111,University of California; Santa; Barbara
6112,Lawrence Berkeley National Laboratory
6113,George Mason University
6114,University of Hawaii;
6115,Southwest Petroleum Univ. (China)
6116,(NORTHWESTERN UNIVERSITY)
6117,School of Engineering; Electrical & Computer Engineering
6118,NEC Laboratories America; Inc.
6119,Institute of Electrical and Electronics Engineers
6120,Utrecht University
6121,Intelligence Science
6122,(University of Chinese Academy of Sciences)
6123,Institute of Computing Technology;CAS
6124,Gunma University
6125,Technical University of Munich
6126,Johannes Gutenberg University of Mainz
6127,Vietnam national university; Hanoi
6128,Indiana University ; Bloomington
6129,baidu
6130,(XiDian University)
6131,Central South University of Forestry & Technology
6132,University of São Paulo
6133,Psychology (Twin Cities)
6134,Alphabet Inc.
6135,(IBM Research)
6136,Coordinated Science Lab
6137,#N# University of New Mexico
6138,China National Center for Food Safety Risk Assessment
6139,Technical University of Dortmund#TAB#
6140,Evolutionary Computation Research Group; School of Engineering and Computer Science; Victoria University of Wellington; Wellington; New Zealand
6141,University of Virginia;;
6142,Université de Sherbrooke; Sherbrooke; Canada
6143,Université du Québec í Chicoutimi; Saguenay; Canada#TAB#
6144,Huawei;;;;;
6145,Baidu Big Data Lab
6146,Beijing Key Lab of Traffic Data Analysis and Mining; Beijing Jiaotong University; Beijing; China and Department of Computer Science; University of Rochester; Rochester; USA#TAB#
6147,Department of Computer Science; University of Rochester; Rochester; USA#TAB#
6148,Japan Aerospace Exploration Agency; Tsukuba; Japan
6149,Soil; Water; and Climate
6150,Temple University
6151,Oregon State University.
6152,Carl R. Woese Institute for Genomic Biology
6153,#N# University of British Columbia
6154,Institute of Computing Technology.; Chinese Academy of Sciences
6155,Kasetsart University;
6156,Baidu Inc.
6157,University Of Stuttgart#TAB#
6158,University of Wisconsin
6159,Industrial and Operations Engineering
6160,external organisation
6161,Microsoft Corp.#TAB#
6162,Oak Ridge National Laboratory#TAB#
6163,Southwest University
6164,University of Vienna
6165,Narus; Inc.#TAB#
6166,University of Caen; Basse-Normandie#TAB#
6167,City University of#N# Hong Kong
6168,City University of Hong Kong
6169,School of Microelectronics; Shanghai Jiao Tong University; Shanghai; China#TAB#
6170,Department of Computer Science University of Auckland; Auckland New Zealand
6171,School of Electronics; Electrical Engineering and Computer Science
6172,North Dakota State University;;
6173,Chinese University of Hong Kong.
6174,Academia Sinica Taiwan
6175,National Taipei University of Nursing and Health Sciences
6176,Rutgers - The State University of New Jersey; Newark
6177,Eastman; Kodak
6178,International Research Institute MICA; Hanoi; Vietnam#TAB#
6179,Oak Ridge National Laboratory
6180,<span>North Carolina State University</span>
6181,Plant Pathology
6182,(University of Queensland)
6183,Universitat Dortmund
6184,*University of Texas at Dallas;
6185,Tokyo Inst. of tech.
6186,Indian institute of Science
6187,Electrical Engineering and Computer Science - Computer Science and Engineering
6188,East China Normal University
6189,TCL Research America
6190,Argonne National Laboratory;#TAB#
6191,Visualization and Interactive Systems Institute; Stuttgart University; Stuttgart; Germany#TAB#
6192,Institute of Stochastics and Applications; Stuttgart University; Stuttgart; Germany#TAB#
6193,(University of Osnabrück; Osnabrück; Germany)
6194,Ulsan National Institute of Science and Technology
6195,Max‐Planck‐Society
6196,University of Minncsota
6197,United States Environmental Protection Agency
6198,Oklahoma State University
6199,Johns Hopkins University
6200,University Of Massachusetts
6201,University of Michigan; Ann Arbor
6202,Internal Medicine - Pulmonary/Critical Care
6203,University of Padova > > > >
6204,University of Ioannina > > > >
6205,Université d’Artois
6206,Montclair State University
6207,Air Force Research Laboratory;
6208,Tsinghua National Laboratory for Information Science and Technology School of Software; Tsinghua University; Beijing; China
6209,Big Data Labs - Baidu
6210,Dept. of Comput. Sci.; Univ. of Rochester Rochester; Rochester; NY; USA
6211,TCS Innovation Labs-TRDDC; Tata Consultancy Services Limited; Pune; India#TAB#
6212,Research School of Computer Science; Australian National University; Canberra; Australia
6213,School of Electronics and Computer Engineering ECE; Peking University; Shenzhen; China and Key Laboratory of High Confidence Software Technologies; Peking University; Ministry of Education; Beijin ...#TAB#
6214,School of Electronics and Computer Engineering ECE; Peking University; Shenzhen; China and School of Electronics Engineering and Computer Science; Peking University; Beijing; China and Key Laborat ...#TAB#
6215,School of Information Science & Technology; University of International Relations; Beijing; China
6216,School of Electronics Engineering and Computer Science; Peking University; Beijing; China and Key Laboratory of High Confidence Software Technologies; Peking University; Ministry of Education; Bei ...#TAB#
6217,School of Electronics Engineering and Computer Science; Peking University; Beijing; China and Key Laboratory of Machine Perception; Peking University; Ministry of Education; Beijing; China#TAB#
6218,School of Electronics and Computer Engineering(ECE); Peking University; Shenzhen; China
6219,Second Spectrum; Lausanne; Switzerland
6220,Department of Computer; Nanjing University of Aeronautics and Astronautics; Nanjing; China and Collaborative Innovation Center of Novel Software Technology and Industrialization; Nanjing; China#TAB#
6221,Department of computer; Nanjing University of Aeronautics and Astronautics; Nanjing; China
6222,The University of Technology; Sydney
6223,University of Technology Sydney#TAB#
6224,School of Computer Science and Technology; University of Science and Technology of China; Hefei; China and School of Information Systems; Singapore Management University; Singapore; Singapore#TAB#
6225,School of Information Systems Singapore Management University Singapore Singapore
6226,Department of Computing and Information Systems; The University of Melbourne; Melbourne; Australia
6227,School of Information Technology Deakin University Geelong Australia
6228,School of Political Science and Public Administration; University of Electronic Science and Technology of China; Chengdu; China#TAB#
6229,Donlinks School of Economics and Management University of Science and Technology Beijing Beijing China
6230,Department of Business Analytics and Statistics; University of Tennessee; Knoxville; USA#TAB#
6231,Université François Rabelais Tours; LI EA 6300; Blois; France#TAB#
6232,University of New South Wales; Canberra; Australia#TAB#
6233,University of Otago;
6234,Technology and Strategy Research Center; China Electric Power Research Institute; Beijing; China#TAB#
6235,Key Laboratory of High Confidence Software Technologies; Peking University; Ministry of Education; Beijing; China and School of Electronics Engineering and Computer Science; Peking University; Bei ...#TAB#
6236,B. Thomas Golisano College of Computing and Information Sciences
6237,Rochester Institute of Technology
6238,Department of CSE ; Indian Institute of Technology ; Kharagpur ; India
6239,Computer Science Department; The University of Texas at Dallas; Richardson; USA
6240,L. V. Prasad Eye Institute (LVPEI)
6241,NEC Laboratories Europe
6242,TU Delft
6243,Johannes Gutenberg University ; Mainz
6244,; IIT Bombay#TAB#
6245,State Key Laboratory on Intelligent Technology and Systems; Tsinghua National Laboratory for Information Science and Technology TNList; Department of Computer Science and Technology; Tsinghua Univ ...#TAB#
6246,HTC Beijing Adv. Technol. & Res. Center; Beijing; China
6247,National ICT Australia (NICTA);
6248,CSIE; National Central University; Zhongli District; Taiwan#TAB#
6249,University of Akron
6250,IBM Almaden Research Center
6251,RMIT#TAB#
6252,Center for Pattern Recognition and Data Analytics; Deakin University; Geelong; Australia
6253,Southern University of Science and Technology
6254,Research Fellow of Japan Society for the Promotion of Science
6255,Paderborn University; Paderborn ; Germany
6256,Precise Recommendation Center; Tencent Inc.; Shenzhen; China#TAB#
6257,Tsinghua-Southampton Web Science Laboratory; Graduate School at Shenzhen; Tsinghua University; Shenzhen; China#TAB#
6258,School of Computer Science and Technology; Shandong University; Jinan; China and Engineering Research Center of Digital Media Technology; MOE; Jinan; China#TAB#
6259,Software College; Shandong University; Jinan; China
6260,Department of Computer Science; The University of Hong Kong; Hong Kong China
6261,Amrita Vishwa Vidyapeetham; Amrita University
6262,Tsinghua Uinversity
6263,Qatar Computing Research Institute HBKU; Doha; Qatar#TAB#
6264,CSIRO; Digital Productivity Flagship
6265,Civil Aviation University of China
6266,Western Sydney University;;;;;
6267,Data Insights Laboratories; San Francisco; USA#TAB#
6268,Beijing Key Lab of Intelligent Telecommunications Software and Multimedia; Beijing University of Posts and Telecommunications; Beijing; China#TAB#
6269,Department of Mathematics; Southern University of Science and Technology; Shenzhen; China
6270,Department of Computer Science; University of Warwick; Coventry; UK
6271,School of Computing Science; Newcastle University; Newcastle Upon Tyne; UK#TAB#
6272,Wrocław University of Tech.
6273,Wrocław University; of Technology
6274,Manonmaniam Sundaranar University.
6275,University of Kerala#TAB#
6276,Brandeis University Waltham; MA; USA
6277,Universidade do Minho.
6278,Universidade do Minho
6279,Drs. Nicolas & Asp
6280,The LNMIIT
6281,MNNIT Allahbad
6282,“Carl von Ossietzky” University of Oldenburg
6283,Tomsk State University
6284,D. Serikbayev East-Kazakhstan State Technical University
6285,Department of Information Science ; University of Otago ; Dunedin ; New Zealand
6286,Stony Brook University (SUNY); Stony Brook; USA
6287,School of Computer Science and Engineering; University of New South Wales; Sydney; Australia and National ICT Australia NICTA; Sydney; Australia#TAB#
6288,School of Computer Science and Engineering; University of New South Wales; Sydney; Australia
6289,National ICT Australia (NICTA) Sydney Australia
6290,Novel Approach Limited; Hong Kong; China#TAB#
6291,Artificial Intelligence Laboratory and Jožef Stefan International Postgraduate School; Jožef Stefan Institute
6292,University of Novi Sad
6293,Shaanxi normal University
6294,Xi'an Jiaotong‐Liverpool University
6295,University of Surrey
6296,CyberSecurity Malaysia
6297,Universiti Teknologi Malaysia
6298,Université de Lorraine
6299,Luxembourg Institute of Science and Technology
6300,Warsaw University of Technology
6301,State Grid Shanghai Electric Power Research Institute
6302,University of Cambridge & University of Bath; Bath; United Kingdom
6303,Universidad Distrital Francisco José de Caldas
6304,School of Engineering and ICT; University of Tasmania Hobart; Australia
6305,Find Me Group; Chandler; AZ; USA
6306,School of Computer Science and Information Technology; RMIT; Melbourne; Australia
6307,College of Computer Science and Software Engineering; Shenzhen University; Shenzhen; China and Department of Computer Science; Bahauddin Zakariya University; Multan; Pakistan#TAB#
6308,Xerox Research Centre India; Bengaluru; India
6309,Kasturba Medical college; Manipal university; manipal; India
6310,Univ. Hospital Zurich (Switzerland)
6311,Xiamen University
6312,Information Directorate AFRL/RIED
6313,Tokyo univ of sci.
6314,Nanjing University of Aeronautics And Astronautics
6315,College of Engineering; Trivandrum
6316,School of Economic Information Engineering Southwestern University of Finance and Economics Chengdu China
6317,School of Automation; Northwestern Polytechnical University Xi'an China
6318,Wrocław University of Science and Technology
6319,AGH- University of Science and Technology
6320,Qatar Computing Research institute
6321,College of Computer; National University of Defense Technology; Changsha; China and National Laboratory for Parallel and Distributed Processing; National University of Defense Technology; Changsha ...#TAB#
6322,Technology University of Delft; Delft; The Netherlands#TAB#
6323,Ecole Polytechnique dé Montréal
6324,Sohar university
6325,ChongQing University
6326,Department of Computer Science; Electrical and Space Engineering; Lulea University of Technology; Luleå; Sweden#TAB#
6327,Jeonbuk National University
6328,School of Economic Information Engineering; Southwestern University of Finance and Economics; Chengdu; People's Republic of China#TAB#
6329,Department of Computer Science The University of Auckland Auckland; New Zealand
6330,university of Silesia
6331,University College cork
6332,Jimei University
6333,Institute of Geographic Sciences and Natural Resources Research; CAS
6334,Muthoot Institute of Technology and Science
6335,Centre for Pattern Recognition and Data Analytics Deakin University; Geelong; Australia
6336,Sofia University
6337,California State University at Fresno; Fresno; CA; USA
6338,XJTLU
6339,Middle East Technical University#TAB#
6340,University of Zilina
6341,Friedrich — Schiller — University
6342,Computer Science Department; Dartmouth College; Hanover; USA
6343,Korea Advanced Institue of Science and Technology
6344,North China University of Technology#TAB#
6345,Shanghai Institute of Foreign Trade
6346,Network Service Center; Beijing Institude of Technology
6347,CAIRO UNIVERSITY
6348,; Chengdu; China#TAB#
6349,Institute of Geographic Sciences and Natural Resources Research;Chinese Academy of Sciences
6350,ITMO University
6351,B. P. Konstantinov Petersburg Nuclear Physics Institute
6352,Athens University of Economics and Business#TAB#
6353,Fraunhofer Institute for Industrial Engineering IAO; Stuttgart; GERMANY
6354,OncoPredict
6355,University of Texas – MD Anderson Cancer Center
6356,IBM Watson Yorktown; Heights; NY; USA
6357,Novosibirsk State Technical University
6358,PARC; A Xerox Company; Palo Alto; USA#TAB#
6359,Linnaeus University
6360,Telenor Group
6361,University of Huddersfield</br>Huddersfield; UK
6362,Nelson Marlborough Institute of Technology Nelson; New Zealand
6363,Nanchang University)
6364,Yuan‐ze University
6365,Science & Technology Policy Research and Information Center; National Applied Research Laboratories
6366,Daffodil International University
6367,Fujian Normal University
6368,University of Jyväskylä**
6369,Technical University of Eindhoven
6370,University of Helsinki *
6371,Federal University of Sao Carlos & Carnegie Mellon University; Pittsburgh; PA; USA
6372,CEFET-MG; Belo Horizonte; Brazil
6373,Infonavit; Mexico; Mexico
6374,WEST VIRGINIA UNIVERSITY
6375,University of Toledo
6376,Missouri University of Science and Technology Rolla; USA
6377,IIT Kanpur; India.
6378,US Army Engineer RD Center; Vicksburg; MS; USA
6379,The Australian National University; Data61; Canberra; Australia
6380,Universite Paris Saclay; Paris; France#TAB#
6381,University of Texas at Dallas; Dallas; USA#TAB#
6382,Baidu Research; Silicon Valley; USA#TAB#
6383,Data61 - CSIRO; Sydney; Australia
6384,CareerBuilder LLC; Norcross; GA; USA
6385,RapidMiner; Boston; MA; USA
6386,International Centre for Theoretical Physics; Trieste; Italy
6387,Universidade de São Paulo São; Carlos; Brazil
6388,Polish Academy of Sciences; Halifax; Canada#TAB#
6389,ICMC-USP (Instituto de Ciências Matemáticas e de Computação; Universidade de São Paulo); São Carlos; Brazil
6390,Qualcomm Technologies Incorporation; San Diego; CA; USA
6391,GoFundMe; Redwood City; CA; USA
6392,Groupon; Chicago; IL; USA
6393,ProPublica; Washington; DC; USA
6394,University of Illinois at Chicago & Tsinghua University; Chicago; IL; USA#TAB#
6395,Queen’s Univ. Belfast (United Kingdom)
6396,Illinois Inst. of Tech.; Chicago; USA#TAB#
6397,Oracle; San Francisco; USA
6398,Linkedin; USA#TAB#
6399,The Australian National University and Data61; Canberra; Australia
6400,CLAS-NS: Beyond Center
6401,Amazon; Munich; Germany#TAB#
6402,Naver Corporation; Seongnam; South Korea
6403,IIIT - Delhi; Delhi; India#TAB#
6404,National Center for Supercomputing Applications (NCSA)
6405,Linkedin Corporation; Sunnyvale; CA; USA#TAB#
6406,Microsoft Research; Cambridge; MA; USA#TAB#
6407,Google Research Europe & University of Amsterdam; Zurich; Switzerland#TAB#
6408,Development Bank of Singapore; Singapore; Singapore
6409,General Electric; San Francisco Bay Area; USA
6410,Microsoft; New York City; NY; USA
6411,Icahn School of Medicine at Mount Sinai (ISMMS)
6412,Yahoo Research; London; United Kingdom#TAB#
6413,Dalian University; Dalian; China#TAB#
6414,Zhigu Tech; Beijing; China
6415,Northwestern Polytechnical University; Xi?an; China
6416,Uber; Pittsburgh; PA; USA
6417,Startup; San Jose; CA; USA
6418,Microsoft Technology and Research; Redmond; WA; USA
6419,Pomona College
6420,Allen Institute for Artificial Intelligence
6421,Google DeepMind and University of Oxford; London; United Kingdom#TAB#
6422,TukMob Inc.; Shanghai; China
6423,TouchPal Inc.; Shanghai; China
6424,Cisco systems inc.; San Jose; USA
6425,IBM Research; New York; USA#TAB#
6426,-; New York; NY; USA
6427,Microsoft Corporation; Suzhou; China
6428,University of Science and Technology of China & Microsoft Research; Hefei; China#TAB#
6429,Department of Healthcare Policy and Research; Weill Cornell Medical College Cornell University New York NY USA
6430,Healthcare Analytics Research Group. IBM T. J. Watson Research Center; Yorktown Heights; NY; USA
6431,Department of Population; Health Science and Policy; Icahn School of Medicine at Mount Sinai; New York; NY; USA
6432,IBM Research; Melbourne; Australia
6433,Baidu Inc. & Baidu Research-Big Data Lab; beijing; China#TAB#
6434,Rugters University; Piscataway; NJ; USA
6435,Amplero; Seattle; WA; USA
6436,Microsoft; Seattle ; USA
6437,University of Chicago; Chicago; USA
6438,Northwestern; Evanston; USA
6439,Pinterest & Stanford University; Stanford; CA; USA#TAB#
6440,Rutgers; Newark; NJ; USA#TAB#
6441,Autodesk Research; Toronto; ON; Canada#TAB#
6442,Verizon; Palo Alto; CA; USA#TAB#
6443,Sogou Inc; Beijing; China
6444,Key Lab of Intelligent Information Processing of CAS; Institute of Computing Technolog; Beijing; China
6445,Synapse Partners; Palo Alto; CA; USA
6446,Zetta Venture Partners; San Francisco; CA; USA
6447,Sierra Ventures; San Mateo; CA; USA
6448,Data Collectivee; San Francisco; CA; USA
6449,Costanoa Venture Capital; Palo Alto; CA; USA
6450,Defence R&D Canada - Valcartier; Quebec; PQ; Canada
6451,University of California Berkeley & Trifacta; Berkeley; CA; USA#TAB#
6452,Australian National University & Data to Decision CRC; Canberra; Australia
6453,Data61 & Australian National University; Canberra; Australia
6454,Clinical Center/ National Institues of Health; Bethesda; MD; USA#TAB#
6455,Impac International LLC; Washington; DC; USA
6456,Charlotte-Mecklenburg Police Department; Charlotte; NC; USA
6457,Department of Statistics; Rutgers University; Piscataway; NJ; USA
6458,College of Veterinary Medicine; Mississippi State University; Starkville; MS; USA
6459,Particle Media Inc; Santa Clara; CA; USA
6460,NEA; Menlo Park; CA; USA
6461,Dept. Empirical Inference; Max Planck Institute for Intelligent Systems; Max Planck Society
6462,LinkedIn Coporation; Mountain View; CA; USA
6463,SAP; Palo Alto; CA; USA
6464,Research and Standard Department; Huawei Software Technologies CO. LTD; Shen Zhen; China#TAB#
6465,School of Computer Science; Carnegie Mellon University; Pittsburgh; USA;
6466,LinkedIn; Sunnyvale; CA; USA#TAB#
6467,Bloomberg L.P.; London; United Kingdom
6468,Max-Planck Institute for Intelligent Systems; Tuebingen; Germany#TAB#
6469,Southern Illinois University; Carbondale USA
6470,Purdue University; West Lafayette; KY; USA
6471,The University of Tennessee; Knoxville; TN; USA#TAB#
6472,Korea University
6473,L3S Research Center; Leibniz University of Hannover; Hannover; Germany
6474,Institute of Computational Linguistics Heidelberg University Heidelberg; Germany#TAB#
6475,Institute of Automation; Chinese Academy of Sciences; University of Chinese Academy of Sciences; Beijing; China
6476,Pennsylvania State University; state colllege; PA; USA
6477,the University of Queensland; Queensland; Australia#TAB#
6478,Center for Data Sci.; UW Tacoma; Tacoma; WA; USA
6479,Syst. Res. Lab.; Tata Res. Dev. & Design Centre (TRDDC); Pune; India
6480,Defense Syst. Technol. Div.; Software Eng. Dept.; Aselsan Inc.; Ankara; Turkey
6481,IBM Security Division; Jerusalem; Israel#TAB#
6482,IBM Cyber Security Center of Excellence; Beer Sheva; Beer Sheva; Israel#TAB#
6483,The Children's Hospital at Westmead; Westmead; Australia#TAB#
6484,Thomson Reuters; New York City; NY; USA#TAB#
6485,Department of Information and Communication; Systems Engineering; University of the Aegean; Samos; Greece
6486,School of Software Engineering; Sun Yat-Sen University; Guangzhou; China
6487,School of Computer; South China Normal University; Guangzhou; China#TAB#
6488,Center for SCDM; Zhejiang Univ.; Ningbo; China
6489,Australian E-Health Res. Centre; CSIRO; Canberra; ACT; Australia
6490,(Lahore University of Management Sciences; Lahore; Pakistan)
6491,Commonwealth Bank of Australia ; Sydney; Australia
6492,The City Coll. of New York; New York; NY; USA
6493,University of Macau Macau Macao
6494,Sch. of Comput. & Technol.; Shandong Univ.; Jinan; China
6495,Dept. of Finance & Econ.; Rutgers Univ.; Piscataway; NJ; USA
6496,Coll. of Manage. & Econ.; Tianjin Univ.; Tianjin; China
6497,Sch. of Manage.; Xi''an Jiaotong Univ.; Xi''an; China
6498,Advanced Digital Sciences Center Singapore; Singapore#TAB#
6499,Ant Financial; Hangzhou; China
6500,Flipkart; Bangalore; India
6501,Institute of Mathematical Sciences and Computing; University of Sao Paulo; São Carlos; Brazil
6502,Institute of Computing Federal University of Amazonas; Manaus; Brazil
6503,Hebei Inst. of Appl. Math.; Shijiazhuang; China
6504,Sch. of Manage.; Zhejiang Univ.; Ningbo; China
6505,HPE Vertica; Sunnyvale; CA; USA
6506,Yahoo! Reseach; Sunnyvale; CA; USA
6507,Electr. & Math. Sci. & Eng. Div.; King Abdullah Univ. of Sci. & Technol. (KAUST); Thuwal; Saudi Arabia
6508,Indian Institute of Technology Delhi; Delhi India
6509,Forbes Inc.; Jersey City; NJ; USA
6510,Sch. of Natural Sci.; Univ. of Stirling; Stirling; UK
6511,Sch. of Econ. & Manage.; Wuhan Univ.; Wuhan; China
6512,SCHUFA Holding AG; Wiesbaden; Germany
6513,University of Bordeaux - CNRS; Bordeaux; France
6514,Univeristy of Illinois at Urbana-Champaign; Champaign; IL; USA
6515,Florida Atlantic University; Boca Raton; USA
6516,IBM Watson; San Jose; USA
6517,VU University Amsterdam; AMSTERDAM; Netherlands
6518,Universiy of Insubria; Varese; Italy
6519,Wayne State Unievrsity; Detroit; USA
6520,Wayne State Unievrsity; Detoirt; USA#TAB#
6521,Virginia Tech; Arlington; USA
6522,Dept. of Computer Science; Virginia Tech.; Blacksburg; VA#TAB#
6523,University of California Santa Barbara;Santa Barbara;USA
6524,Huawei Noah's Ark Lab; Hong Kong; Hong Kong; Hong Kong
6525,China United Network Communications Corporation Limited Shanghai Branch; Shanghai; China
6526,Computer Science; RMIT University; Melbourne; Australia#TAB#
6527,School of Software Engineering Tongji University; China; Shanghai; China
6528,Innovation Labs.; Tata Consultancy Services; New Delhi; India
6529,The Hong Kong Polytechnic University; Hong Kong; China
6530,Tencent Co. Ltd.; Shenzhen; China
6531,Computer Science Department; Boise State University; Boise
6532,CAS Key Lab of Network Data Science and Technology; Institute of Computing Technology; Chinese Academy of Sciences; Beijing; China#TAB#
6533,Center for Intelligent Information Retrieval; University of Massachusetts Amherst; Amherst; MA; USA#TAB#
6534,University of Colorado; BOULDER; CO; USA#TAB#
6535,Florida Atlantic University; Miami; FL; USA
6536,NanJing university of Posts and Telecommunications; Nanjing; China
6537,KTH- Royal Institute of Technology; Stockholm; Sweden#TAB#
6538,Technische Universitat Berlin & DFKI; Berlin; Germany
6539,MPII; Saarbrucken; Germany
6540,CSIRO; Epping; Australia
6541,Arizona State University; Pheonix; USA
6542,University of Notre Dame;Notre Dame;USA
6543,Stony Brook University; Stony Brook; USA
6544,Institute of Software; Chinese Academy of Sciences; University of Chinese Academy of Sciences; Beijing; China
6545,University of Massachusetts Lowell; Massachusetts; USA
6546,State Key Laboratory of Computer Science; Institute of Software; Chinese Academy of Sciences; China; Beijing; China#TAB#
6547,The University of Queensland; School of Information Technology and Electrical Engineering Brisbane Australia
6548,School of Information & Communication Technology; Griffith University; Gold Coast; Australia
6549,Symantec Research Labs Sophia Antipolis; France#TAB#
6550,Symantec Research Labs; Dublin; Ireland#TAB#
6551,UESTC; ChengDu; China#TAB#
6552,Simon Fraser University; Coquitlam; BC; Canada
6553,Universität Würzburg; Würzburg; Germany
6554,Universität Kassel; Kassel; Germany
6555,Microsoft; India; Bangalore; India
6556,Centre for Quantum Computation and Intelligent Systems (QCIS); University of Technology Sydney; Sydney; Australia
6557,MathWorks; Beijing; China#TAB#
6558,Huawei Noah's Ark Research Lab; Hong Kong; China
6559,Université de Toulouse; Toulouse; France;
6560,Indeed; Mountain View; CA; USA
6561,Yahoo Research & Ben-Gurion University of the Negev; Haifa; Israel
6562,University of Massachusetts Amherst / CIIR; Amherst; MA; USA#TAB#
6563,University Of Alabama at Birmingham; Birmingham; AL; USA
6564,†University of Catania; Catania; Italy
6565,Sch. of Comput. Sci. & Eng.; UNSW Sydney; Sydney; NSW; Australia
6566,Sorbonne Univ. UPMC LIP6; Paris; France
6567,Universiteé de Toulouse; UPS - IRIT; Toulouse; France
6568,TCS Res.; Delhi-NCR; Delhi; India
6569,Sichuan Univ; Chengdu; China
6570,Data Scientist at Danaher Labs; Member of the CU CyberSafety Research Center
6571,IRIT; CNRS; and Universite de Toulouse III; Toulouse; France
6572,Ursinus College; Collegeville; PA USA
6573,SKLSDE Lab; Beihang University & Beijing Advanced Innovation Center for Big Data and Brain Computing; Beijing; China#TAB#
6574,Xerox Research Centre; India; Bangalore; India
6575,NYU-Shanghai; Shanghai; China
6576,IBM Research; Cambridage; MA; USA#TAB#
6577,US Army Research Laboratory; Aberdeen Proving Ground MD USA
6578,Oracle; Redwood Shores; CA; USA#TAB#
6579,Dept. of Comput. Sci.; Western Univ.; London; ON; Canada
6580,Department of Computer Science; Hong Kong Baptist University ; Hong Kong; Hong Kong#TAB#
6581,Lehigh University ; Bethlehem; USA
6582,Hortonworks; Santa Clara; CA; USA
6583,Université Paris-Dauphine; PSL Research University; CNRS; LAMSADE; Paris; France.
6584,IPVS; Univ. of Stuttgart; Stuttgart; Germany
6585,INRIA & LIX; École Polytechnique; CNRS; Palaiseau; France
6586,Fractal Analytics; Mumbai; India
6587,Sci. & Technol. on Integrated Inf. Syst. Lab.; Inst. of Software; Beijing; China
6588,Dalian Airforce Commun. NCO Acad.; Dalian; China
6589,Ecole Polytechnique Fédérale de Lausanne (EPFL); ; Lausanne; Switzerland
6590,Texas A&M University Texas USA
6591,Sch. of Comput. Sci. & Eng.; Beijing Univ. of Aeronaut. & Astronaut.; Beijing; China
6592,University of Windsor Windsor ON Canada
6593,University of Ontario: Institute of Technology; Oshawa; ON; Canada
6594,Ludwig-Maximilians-Univ. München; München; Germany#TAB#
6595,University of California at Riverside#TAB#
6596,George Washington University
6597,Qatar University;
6598,Insight centre for data analytics; National University of Ireland Galway; Galway; Ireland.
6599,Japan Advanced Institute of Science and Technology (JAIST); 1-1 Asahidai; Nomi; Ishikawa; Japan
6600,Universit`a della Svizzera italiana (USI); Lugano; Switzerland
6601,Department of Computer Science; University of Rochester; Rochester NY; USA
6602,Netmarble Games; Seoul; Republic of Korea
6603,UNSW Australia; Sydney; Australia#TAB#
6604,Microsoft Corporation; Hyderabad; India#TAB#
6605,Microsoft Research; Beijng; China#TAB#
6606,Jiangsu Provincial Key Lab. of E-Bus.; Nanjing Univ. of Finance & Econ.; Nanjing; China
6607,Sch. of Manage.; Univ. of Electron. Sci. & Technol. of China; Chengdu; China
6608,Nat. Comput. Network Emergency Response Tech. Team/Coordination Center of China; Beijing; China
6609,Engie Ineo; Paris La Défense; France
6610,∥Ecole Normale Supérieure de Lyon; Lyon; France
6611,Institut national de recherche en informatique et en automatique; Paris; France
6612,Center of Excellence; Theor. Comput. Sci.; Univ. of Bielefeld; Bielefeld; Germany
6613,MPI Dept.; Univ. of Appl. Sci. Mittweida; Mittweida; Germany
6614,Coll. of Comput. & Inf. Eng.; Hunan Univ. of Commerce; Changsha; China
6615,State Key Lab. of High Performance Comput.; Nat. Univ. of Defense Technolgy; Changsha; China
6616,Thomson Reuters; Eagan; MN; USA#TAB#
6617,The Chinese Unviersity of Hong Kong; Hong Kong; Hong Kong
6618,Penn State; state college; PA; USA#TAB#
6619,Faculty of Electrical Engineering and Computing; University of Zagreb; Croatia; Zagreb; Croatia
6620,School of Computer Science; University of Nottingham; Nottingham; United Kingdom
6621,National Chiao Tung University; Hsinchu City; Taiwan Roc#TAB#
6622,Chisholm Institute; Dandenong; Australia
6623,Yahoo! Research; London; England UK
6624,Beijing jiaotong University; Beijing; China
6625,Institute of Applied Physics RAS; Nizhny Novgorod; Russian Fed.
6626,Univ. of Paris Descartes; Paris; France
6627,IBM T.J. Watson Research; Yorktown; NY; USA
6628,Army CERDEC; Aberdeen; MD; USA
6629,University of Western Australia; Perth; Australia
6630,Department of Computer Science; University of Maryland College Park
6631,La Trobe Univ; Melbourne; Australia
6632,Central Res. Laboratory; Hitachi Ltd.; Tokyo; Japan
6633,Big Data Laboratory; Hitachi America; Ltd.; santa clara; CA; USA
6634,EECS Department Northwestern University; Evanston; IL USA
6635,Grad. Sch. of Syst. Design; Tokyo Metropolitan Univ.; Tokyo; Japan
6636,Department of Computer Science and Information Engineering; National Chi Nan University ; Nantou ; Taiwan
6637,Baidu Research; Sunnyvale; CA; USA#TAB#
6638,Criteo Labs; Sunnyvale; CA; USA
6639,Tokyo Metropolitan University
6640,Computer Science & Engineering; Tempe; AZ; USA
6641,IBM T.J. Watson; Yorktwon Heights; NY; USA#TAB#
6642,Hunan University Changsha China
6643,Hong Kong Polytechnic University; Kowloon; Hong Kong.
6644,Preferred Networks; Inc; Tokyo; Japan
6645,School of Computer Science and Technology; Soochow University; Suzhou 215006; China; Suzhou; China
6646,Hong Kong Baptist University; Kowloon Tong Hong Kong
6647,MathWorks; Beijing; Beijing; China
6648,Aalto University Helsinki Institute for Information Technology Espoo Finland
6649,IPAL; NUS; Singapore; Singapore
6650,I2R; A*STAR; Singapores; Singapore
6651,Key Lab. of Intell. Inf. Process.; ICT; Beijing; China
6652,University of Illinois at Urbana‐Champaign; Urbana; IL; US
6653,State Key Laboratory for Novel Software Technology; Nanjing University; China; Nanjing; China#TAB#
6654,Arizona State University; USA; Phoenix; AZ; USA#TAB#
6655,Bell Labs; Cambridge; United Kingdom
6656,NTENT; Carlsbad; USA
6657,Tumblr; New York; USA
6658,Facebook; London; United Kingdom
6659,University of Mostaganem; Mostaganem; Algeria#TAB#
6660,LIAS/ISAE-ENSMA; Poitiers; France
6661,yuhaitao@slis.tsukuba.ac.jp; Tsukuba; Japan
6662,Amity University;Noida;India
6663,University of Waterloo; Waterloo; UNK; Canada
6664,Griffith University-Gold Coast; Australia
6665,Federal University of Amazonas & FPF Tech; Manaus; Brazil#TAB#
6666,Federal University of Amazonas; Manaus; Brazil#TAB#
6667,INESC-ID & Universidade de Lisboa; Lisbon; Portugal
6668,Key Lab. of Geospatial Technol. for the Middle & Lower Yellow River Regions; Henan Univ. Kaifeng; Kaifeng; China
6669,Environ. Syst. Res. Inst.; Inc.; Redlands; CA; USA
6670,Key Res. Lab. on Big Data Min. & Knowledge Manage.; Beijing; China
6671,Sch. of Inf. & Software Eng.; Univ. of Electron. Sci. & Technol. of China; Chengdu; China
6672,Information School; Renmin University of China; Beijing; China
6673,Beijing CISRI-GAONA Mater. & Techonlogy Co.; Ltd.; Beijing; China
6674,Res. Center on Fictitious Econ. & Data Sci.; Key Res. Lab. on Big Data Min. & Knowledge Manage.; Beijing; China
6675,Sch. of Manage.; Tianjin Univ.; Tianjin; China
6676,Sch. of Med. Baltimore; Johns Hopkins Univ.; Baltimore; MD; USA
6677,Department of Computer Science; University of Maryland; Baltimore; MD; USA
6678,Coll. of Eng. & Sci.; Victoria Univ. Ballarat Rd; Footscray; VIC; Australia
6679,School of Computer Science and Technology; Guangdong University of Technology; Guangzhou; China
6680,Collaborative Syst. Lab.; Nipissing Univ.; North Bay; ON; Canada
6681,Spatial Science Institute; University of Southern California; Los Angeles; CA; USA;
6682,Computer Science Dept.; University of Crete; Heraklion; Greece
6683,Inst. of Comput. Sci.; FORTH; Heraklion; Greece
6684,Miracl Lab.; Univ. of Sfax; Sfax; Tunisia
6685,LORIA; SMART team; Nancy; France
6686,JST-ERATO Minato Discrete Struct. Manipulation Syst. Project; Hokkaido Univ.; Sapporo; Japan
6687,Coll. of Sustainable Syst. Sci.; Osaka Prefecture Univ.; Sakai; Japan
6688,State key Lab. of Inf. Eng. in Surveying; Wuhan Univ. Wuhan; Wuhan; China
6689,Shenzhen Key Lab. of Spatial Smart Sensing & Service; Shenzhen Univ.; Shenzhen; China
6690,Div. of Immunology; Walter & Eliza Hall Inst. of Med. Res; Australia
6691,School of Software Engineering; Xi’an Jiaotong University; Xi’an; China
6692,Dept. of Comput. Sci.; Changan Univ.; Xi'an; China
6693,Dept. of Electr. & Comput. Eng.; Illinois Inst. of Technol.; Chicago; IL; USA
6694,CIS Dept.; Kansas State Univ.; Manhattan; KS; USA
6695,Sch. of Inf. Technol.; Monash Univ.; Melbourne; VIC; Australia
6696,Sch. of Comput. Sci. & Software; Tianjin Polytech. Univ.; Tianjin; China
6697,IT Convergence Lab.; Korea Adv. Inst. of Sci. & Technol. (KAIST); Daejeon; South Korea
6698,Dept. of Ind. Design; Korea Adv. Inst. of Sci. & Technol. (KAIST); Daejeon; South Korea
6699,Department of Computer Science; Korea Advanced Institute of Science and Technology (KAIST); Daejeon; South Korea
6700,DITEN; Univ. of Genova; Genoa; Italy
6701,DIBRIS; Univ. of Genova; Genoa; Italy
6702,Dept. of Electr. Eng.; Univ. of California Los Angeles; Los Angeles; CA; USA
6703,Div. of Tropical Environ. & Soc.; James Cook Univ.; Cairns; QLD; Australia
6704,Department of Computer Science and Information Engineering; Chang Gung University; Taoyuan; Taiwan;
6705,Coll. of Bus. Adm.; Huaqiao Univ.; Quanzhou; China
6706,Department of Computer Science Linnaeus University Växjö Sweden
6707,Sch. of Phys. & Inf. Eng.; Fuzhou Univ.; Fuzhou; China
6708,Comput. Sci. Res. Inst.; Univ. of Ulster; Belfast; UK
6709,Div. of Health & Social Care Res.; King's Coll. London; London; UK
6710,Dept. of Living & Welfare; Open Univ. of Japan; Chiba; Japan
6711,Fac. of Eng. & IT; Univ. of Technol.; Sydney; Sydney; NSW; Australia
6712,Naval Res. Labs.; Washington; DC; USA
6713,Grad. Program in Bus. Archit.; Jun Nakamura/Kanazawa Inst. of Technol.; Tokyo; Japan
6714,School of Computer and Information Technology; Shanxi University; Taiyuan; China
6715,Artificial Intell. Center; Univ. of Oviedo; Gijon; Spain
6716,Department of Computer Science; Pablo de Olavide University; Sevilla; Spain
6717,Dept. of Comput. Sci.; Univ. of A Coruna; Coruna; Spain
6718,Center for Intell. & Networked Syst.; Southwest Pet. Univ.; Chengdu; China
6719,Department of Computer Science; Cairo University; Cairo; Egypt#TAB#
6720,Dept. of Comput. & Electr. Eng.; Univ. of Stavanger; Stavanger; Norway
6721,Dept. of Psychol.; Texas A&M Univ.; College Station; TX; USA
6722,Chiba University of Commerce; Chiba; Japan
6723,Gakushuin University (Japan)
6724,Beijing Key Lab. of Intell. Telecommun. Software & Mutimedia; Beijing Univ. of Posts & Telecommun.; Beijing; China
6725,Dept. of Forest Resources; Univ. of Minnesota; Minneapolis; MN; USA
6726,Fac. of Comput. Sci. & Eng.; Univ. of Ss. Cyril & Methodius; Skopje; Macedonia
6727,Idiap Res. Inst.; Switzerland EPFL; Martigny; Switzerland
6728,Dept. of Comput. Sci. & Eng.; Chinese Univ. of Hong Kong; Shatin; China#TAB#
6729,Sch. of Math. & Syst. Sci.; Beihang Univ.; Beijing; China
6730,Sch. of Inf. Sci. & Technol.; SouthWest JiaoTong Univ.; Chengdu; China
6731,Coll. of Bus.; James Cook Univ.; Cairns; QLD; Australia
6732,Fac. of ESTEM; Univ. of Canberra; Canberra; ACT; Australia
6733,Inst. of Stat. Math.; Tokyo; Japan
6734,Toshiba Med. Inf. Syst.; Tokyo; Japan
6735,Shimane University; Matsue Japan
6736,Dept. of Comput. Sci.; Thompson Rivers Univ.; Kamloops; BC; Canada
6737,Dept. of Comput. Sci.; Trinity Western Univ.; Langley; BC; Canada
6738,Institute for Canadian Urban Research Studies; Simon Fraser University; Burnaby; BC; Canada
6739,Dept. of Math.; Univ. of Utah; Salt Lake City; Salt Lake City; UT; USA
6740,Res. Center on Fictitious Econ. & Data Sci; UCAS; Beijing; China
6741,Res. Center on Fictitious Econ. & Data Sci; Beijing; China
6742,IBM Almaden Res. Centre; San Jose; CA; USA
6743,PARC; A Xerox Co.; Webster; MA; USA
6744,Comput. Collegue; Beihang Univ.; Beijing; China
6745,Guilin University of Technology; Guilin; China
6746,Polytech. Sch. of Eng.; NYU; New York; NY; USA
6747,School of Mobile Information Engineering; Sun Yat-sen University; Zhuhai; China#TAB#
6748,Pulaski Tech. Coll.; North Little Rock; AR; USA
6749,Dept. of Electr. & Electron. Eng. Sci.; Univ. of Johannesburg; Johannesburg; South Africa
6750,Council for Sci. & Ind. Res.; Pretoria; South Africa
6751,Telecommun. Software Eng. Group; Beijing Univ. of Posts & Telecommun.; Beijing; China
6752,Sch. of Phys. & Telecommun. Eng.; South China Normal Univ.; Guangzhou; China
6753,Center for SCDM; NIT Zhejiang Univ.; Hangzhou; China
6754,Dept. of Comput. Sci.; Hong Kong Baptist Univ.; Kowloon Tong; China
6755,Sch. of Manage. & Econ.; Univ. of Electron. Sci. & Technol. of China; Chengdu; China
6756,School of Information Engineering and Automation; Kunming University of Science; and Technology; Kunming; China
6757,Department of Computer Science and Engineering; NIT Warangal; Warangal; India
6758,School of Computer Science and Software Engineering; University of Western Australia; Perth; WA; Australia#TAB#
6759,Coll. of Comput.; Nanjing Univ. of Posts & Telecommun.; Nanjing; China
6760,Facebook & Technicolor; Menlo Park; CA; USA
6761,Dept. of Autom. Sci. & Electr. Eng.; Beihang Univ.; Beijing; China
6762,Sch. of Aeronaut. Sci. & Eng.; BeiHang Univ.; Beijing; China
6763,Programa de Pos-Grad. em Inf. (PPGIa); Pontificia Univ. Catolica do Parana (PUCPR); Curitiba; Brazil
6764,Sutter Health; Walnut Creek; CA; USA
6765,Institut Rhône-Alpin des systèmes complexes
6766,Radboud University Medical Center Nijmegen
6767,STMicroelectronics [Crolles]
6768,Université de Rennes#TAB#
6769,IIHM
6770,STMicroelectronics; Crolles
6771,The Hebrew Univ. of Jerusalem; Jerusalem; Israel
6772,Yahoo Research; Haifa & Ben-Gurion University ; Israel#TAB#
6773,Vlion Inc.; Shanghai; China
6774,Petuum; Inc.; Pittsburgh; PA; USA
6775,University of North Carolina-Charlotte; Charlotte; NC; USA
6776,NEC Laboratories America; Princeton; AZ; USA#TAB#
6777,Hungarian Academy of Sciences & Budapest University of Technology and Economics; Budapest; Hungary#TAB#
6778,HUNGARIAN ACADEMY OF SCIENCES BUDAPEST; HUNGARY
6779,Group M. Gomez Rodriguez; Max Planck Institute for Software Systems; Max Planck Society
6780,University of Southern Queensland;
6781,Learning; Fuzzy and Intelligent systems
6782,Laboratoire de Probabilités et Modèles Aléatoires
6783,University of Southern California ISI; Marina del Rey; CA; USA#TAB#
6784,Airbnb; San Francisco; CA; USA#TAB#
6785,Yahoo; Playa Vista; CA; USA
6786,Humboldt University of Berlin; Berlin; Germany
6787,Recruit Institute of Technology
6788,Helsinki Institute for Information Technology
6789,Computer Science Department [Boston]
6790,Centre for Research and Technology Hellas; Thessaloniki; Greece
6791,Sheffield Hallam University; Sheffield; United Kingdom;
6792,Bournemouth Univ.; Bournemouth; United Kingdom
6793,Nokia Bell Labs; Cambridge; United Kingdom
6794,Tumblr; New York; NY; USA
6795,Indian Institute of Science Bangalore
6796,University of Illinois at Chicago/ Tsinghua University; Chicago; IL; USA
6797,Centre de recherche sur les Risques et les Crises
6798,Naval Academy Research Institute
6799,Laboratoire d'Informatique Avancée de Saint-Denis
6800,China University of Petroleum; (Beijing)
6801,UT System Cyber and Cloud Security Initiative
6802,Norwegian University of Science and Technology (NTNU); Trondheim; Norway;
6803,Electrical and Computer Engineering
6804,Computational Medicine and Bioinformatics
6805,Machine Learning Team; Amazon
6806,IIT delhi
6807,Sapienza; University of Rome; Roma; Italy#TAB#
6808,University of Utah ;
6809,University of Jyväskylä; Jyväskylä; Finland
6810,Microsoft; Hertzelia; Israel
6811,Qatar Computing Research Institute; Distributed System
6812,Université Libre de Bruxelles; Brussels; Belgium
6813,Ferdowsi Univ. of Mashhad; Mashhad; Iran
6814,Ryerson University - Toronto; Canada
6815,Weber State University ; Ogden; USA
6816,Ryerson University Toronto; ON Canada
6817,University of A Coru~{n}a; A Coru~{n}a; Spain
6818,Intelligent Systems Laboratory
6819,NTENT; Carlsbad; CA; USA
6820,Department of Mathematics
6821,Royal Melbourne Institute of Technology University
6822,School of Physics; Mathematics & Computing
6823,Swinbourne Univesity of Technology; Melbourne; Australia
6824,University of Delaware;
6825,UC San Diego; San Diego; USA#TAB#
6826,POHANG UNIVERSITY OF SCIENCE AND TECHNOLOGY
6827,IAFSE-ECEE: Connection One (C1)
6828,Max Plank Institute for Software Systems; Kaiserslautern; Germany#TAB#
6829,Institut for Datalogi
6830,The Norwegian University of Science and Technology
6831,University of Almería
6832,Det Tekniske Fakultet for IT og Design
6833,Amazon Machine Learning; Palo Alto ; CA; USA
6834,Department of Engineering Mathematics
6835,University of Nottingham Nottingham; United Kingdom#TAB#
6836,State University of New York At Buffalo; Buffalo; USA
6837,Baidu Research Big Data Lab; Sunnyvale; USA#TAB#
6838,The Ohio State University; Columbus; USA;
6839,University of Maryland — College Park; USA;
6840,Duke University; Durham; USA;
6841,Technische Universität Berlin#TAB#
6842,University of Sydney & Qatar Computing Research Institute; Sydney; Australia
6843,Department of Information and Service Economy
6844,The university of Western Australia;
6845,Alan Turing Institute; Cambridge; United Kingdom#TAB#
6846,Baidu Research Big Data Lab#TAB#
6847,;College of Information Sciences and Technology#TAB#
6848,University of Illinois at Urbana-Champaign; Urbana; IL; China
6849,Tumblr; New York City; USA
6850,Huawei Research America; Santa Clara; CA; USA
6851,In Mind Cloud; Singapore; Singapore
6852,Yahoo! Research; San Francisco; CA; USA
6853,Bristol Doctoral College
6854,Universidade Federal de Pernambuco
6855,Department of Computer Science
6856,Qatar Computing Research Institute.
6857,The University of Nottingham; UK#TAB#
6858,University of NebraskaLincoln
6859,POSTECH; Pohang; Republic of Korea;
6860,Yonsei University; Seoul; Republic of Korea;
6861,HIIT / Aalto University; Helsinki; Finland
6862,University of California Riverside; Reverside; CA; USA#TAB#
6863,General Electric Medical Systems- Buc
6864,General Electric Medical Systems [Buc]
6865,Mathématiques et Informatique pour la Complexité et les Systèmes
6866,Cambridge University; Cambridge; United Kingdom;
6867,National Institute of Information and Communications Technology Kyoto Japan
6868,IBM Watson Health; Cambridge; MA; USA
6869,Dept. of Computer Science and Information Engineering; National University of Kaohsiung; Kaohsiung; Taiwan
6870,Intel Labs; Santa Clara; CA.; USA
6871,ASOS.com; London; United Kingdom
6872,University of Glasgow; Scotland; United Kingdom
6873,Medical College of Wisconsin
6874,Radiology & Imaging Sciences
6875,KIng's College London
6876,risQ Inc.; Cambridge; MA; USA
6877,Bay Area Environmental Research Institute/NASA Ames Research Center; Moffett Field; CA; USA#TAB#
6878,University Corporation; Monterey Bay; Monterey Bay; CA; USA
6879,#N#NASA Advanced Supercomputing Division; NASA Ames Research Center; Moffett Field; CA; USA
6880,Weill Cornell Medicine; New York; NY; USA
6881,Department of Intelligence Science and Technology; Kyoto University; Kyoto; Japan
6882,University of Oran
6883,Normandie Univ; UNICAEN; ENSICAEN; CNRS; GREYC#TAB#
6884,China Defense Science and Technology Information Center
6885,University of california at San Diego
6886,Data61|CSIRO
6887,POZNAN UNIVERSITY OF TECHNOLOGY
6888,Yonsei University;#TAB#
6889,POSTECH;
6890,Sokendai; (The Graduate University for Advanced Studies)
6891,Hanoi University of Science & Technology
6892,University of the Punjab;
6893,Paris Descartes University
6894,IIIT Hyderbad
6895,Microsoft#TAB#
6896,CRIL CNRS Université d’Artois
6897,Università “Ca’ Foscari” – Venezia
6898,Bohai University
6899,University of Rennes 1; IRISA
6900,INRIA Rennes / IRISA;#TAB#
6901,INSA Rennes-IRISA
6902,Agrocampus Ouest; IRISA
6903,The Univ. of Auckland
6904,Hamad bin Khalifa University
6905,Cyprus University of Technology
6906,Beijing Huatong Xinlian Technology Co. Ltd
6907,(Keio University)
6908,NEC CORPORATION
6909,Humboldt-University Zu Berlin
6910,Data Science and Analytics Centre; IIIT Hyderabad; Hyderabad; India
6911,Pohang University of Science and Technology & University of California; San Diego; Pohang; South Korea
6912,Collaborative Innovation Center of Novel Software Technology and Industrialization
6913,Zalando
6914,Technicolor
6915,Site Polytech’Nantes
6916,Orange Labs
6917,Defence Science and Technology Organization (DSTO)
6918,CRIL - CNRS UMR 8188; University of Artois
6919,SAMOVAR; Telecom SudParis; CNRS; University of Paris-Saclay
6920,Yunnan University
6921,Yunnan Minzu University
6922,Conduent Labs India
6923,American; Express
6924,DTISI; CERIST Center Research
6925,Conduent Labs
6926,Microsoft IDC
6927,Big Data Labs; American Express
6928,National institute of Advanced industrial Science and Technology(AIST)
6929,University of Southern Queensland ;
6930,Anhui Normal University
6931,Harbin University Of Science & Technology
6932,NTT Corporation
6933,Recruit Sumai Company Ltd.
6934,Freelance
6935,Manifold Data Mining Inc.
6936,LIAAD - INESC TEC
6937,University of Normandie
6938,Univeristy of Illinois at Chicago
6939,Data61 Commonwealth Scientific and Industrial Research Organisation (CSIRO)
6940,#N# The University of Adelaide
6941,Sun Yat-sen University
6942,University of New South Wales
6943,Nanjing University;
6944,Jiangsu Frontier Electric Technology Co. Ltd.
6945,Indian Inst. of Tech. Delhi#TAB#
6946,Indian Institute of Technology Kanpur
6947,Indian Institute of Technology; Rourkee
6948,University Duisburg-Essen
6949,Kumamoto University
6950,NanKai University#TAB#
6951,Alibaba Cloud (Aliyun)
6952,NEC Solution Innovators; Ltd.
6953,YAHOO JAPAN CORP
6954,IIT-Madras
6955,IIT. Roorkee
6956,IIT Kanpur;
6957,(Heilongjiang University)
6958,Western University
6959,Intel Labs#TAB#
6960,Palo Alto Research Center (Xerox PARC)
6961,University of Lyon - LIRIS
6962,Lizeo Online Media Group
6963,Institute of Computing Technology
6964,Sun-Yat Sen University
6965,South China Agricultural University
6966,International Institute of Information Technology; Hyderabad;
6967,Harbin Institute of Technology; ShenZhen Graduate School
6968,China University of Geosciences (Wuhan)
6969,University Tunis El Manar
6970,Research Laboratory LIG; AMA Group; University Joseph Fourier
6971,(Indraprastha Institute of Information Technology Delhi (IIIT-D)
6972,ABB Corporate Research Center
6973,Harbin Institute of Technology; ShenZhen
6974,( Harbin Institute of Technology (Shenzhen)
6975,University of Göttingen
6976,Myntra
6977,Georgetown Univ.;#TAB#
6978,EISTI
6979,Philips Lighting Research; Cambridge; MA; USA
6980,Pennsylvania State University & McGill University; State College; PA; USA#TAB#
6981,School of Mechanical and Aerospace Engineering
6982,School of Mechanical and Aerospace Engineering; Aerospace and Manufacturing
6983,Institute of Computing Technology; Chinese Academy of Sciences & Carnegie Mellon University; Beijing; China
6984,; Aalborg University
6985,Luleå University of Technology; Sweden.
6986,Missouri University of Science and Technology; Rolla; MO ; USA
6987,Comcast Applied AI Research Lab & University of Maryland; Washington; DC; USA#TAB#
6988,Comcast Applied AI Research Lab; Washington; DC; USA
6989,Early Warnings LLC.
6990,IAFSE-SEBE: Infrastructure and Sustainable Engineering; Metis Center for
6991,Weill Cornell Medicine
6992,Naval Medical research Center
6993,UT-Austin#TAB#
6994,Alibaba Group; Seattle & Hangzhou; China
6995,Institute on the Environment
6996,University of Strathclyde;
6997,Leibniz Uni Hannover
6998,Department of Mathematics and Computer Science (IMADA); Computer Science
6999,Three Bridges Capital
7000,Statistics
7001,Meteorology and Atmospheric Science
7002,Dalian university
7003,Center for Immunology University of Minnesota
7004,Fisheries and Wildlife
7005,Harbin Institution of Technology; Harbin; China
7006,Gravity R&D; Budapest; Hungary
7007,University of California; Santa Barbara & Microsoft Research; Santa Barbara; CA; USA
7008,West Pomeranian University of Technology#TAB#
7009,Qihoo 360 Search Lab; Beijing; China
7010,Rutgers University; Newark; Armenia
7011,MITS
7012,Karaj Branch Islamic Azad University
7013,Donghua University#TAB#
7014,Chongqing University;
7015,Sichuan University of Arts and Science
7016,DONGGUAN UNIVERSITY OF TECHNOLOGY
7017,SCSVMV University
7018,Evive Software Analytics Pvt. Ltd.
7019,Universiti Tun; Hussein Onn Malaysia
7020,Etsy Inc.; Brooklyn; NY; USA
7021,National Applied Research Laboratories
7022,Japan advanced Institute of Science and Technology
7023,Waseda Univ.#TAB#
7024,HuaZhong University of Science and Technology
7025,MultiMedia University
7026,Universiti Teknologi Brunei
7027,(Nara Women's University)
7028,(Peking University) Ministry of Education
7029,BNM Institute of Technology
7030,Southwest Forestry University#TAB#
7031,Rangsit University
7032,Provincial Waterworks Authority
7033,Loughborough Univ.
7034,dMacVis Research Lab
7035,The Education University of Hong Kong
7036,Hiroshima University#TAB#
7037,China University of Mining and Technology
7038,China University of Mining and Technology;
7039,Capital Normal University
7040,SUNY Buffalo & Xerox; Buffalo; NY; USA
7041,Conduent Labs US; Rochester; NY; USA
7042,United Technologies Research Center & Xerox; East Hartford; CT; USA
7043,#N##TAB##TAB##TAB##TAB# Yamaguchi University#N##TAB##TAB##TAB#
7044,Shenyang Normal University
7045,Providence University
7046,National Chi-Nan University;
7047,National Changhua University of Education
7048,The Hong Kong University of Science & Technology#TAB#
7049,SCT College of Engineering
7050,TU Berlin Berlin; Germany
7051,NTENT; Barcelona; Spain
7052,National Kaohsiung 1st University of Science and Technology
7053,Department of Computer Science Aalborg University; Denmark#TAB#
7054,School of Engineering and Science; Victoria University; Australia#TAB#
7055,Google USA; Mountain View; CA; USA
7056,Google USA; Boulder; CO; USA#TAB#
7057,Google Australia; Pyrmont; NSW; Australia#TAB#
7058,Slovak University of Technology in Bratislava
7059,The First Natural Gas Plant; Petro China Changqing Oilfield Company
7060,Nat. Univ. of defense Technol.; Changsha
7061,Kyushu Institute of Information Sciences
7062,Fujitsu; Laboratories
7063,Jeju National University;
7064,University of Quebec at Montreal ; Quebec ; Canada
7065,Dept..of Comput. Sci. & Inf. Eng.; Tamkang Univ.; New Taipei; Taiwan
7066,Carnegie Mellon University & Shanghai Jiao Tong University; Pittsburgh; PA; USA
7067,Carnegie Mellon University & Petuum Inc.; Pittsburgh; PA; USA#TAB#
7068,NEC-Labs America; Princeton; NJ#TAB#
7069,Pennsylvania State Univ.; University Park PA ;
7070,University of California Los Angeles; Los Angeles CA
7071,The Chinese University of Hong Kong; N. T.; Hong Kong#TAB#
7072,The Chinese University of Hong Kong; Shatin N.T. Hong Kong
7073,Google Research; Pittsburgh; PA; USA#TAB#
7074,City University of New York; Park Ave. New York; NY
7075,University at Buffalo- NY
7076,University of São Paulo; Avenida Trabalhador Sãao-carlense; Centro#TAB#
7077,Tsukuba University; National Institute of Advanced Industrial Science and Technology; Tokyo; Japan#TAB#
7078,Carnegie Mellon University; Forbes Avenue Pittsburgh; PA
7079,Dept. of Comput. Sci. & Eng.; Egypt-Japan Univ. of Sci. & Technol.; Alexandria; Egypt
7080,Department of Computer Science; Waseda University; Nishiwaseda 1-Chōme - Shinjuku; Tokyo - Japan
7081,Department of Computer Science and Engineering; Egypt-Japan University of Science and Technology and on-Leave from Department of Computer and Systems Engineering; Alexandria University; Alexandria; Egypt
7082,; Massachusetts Institute of Technology; Cambridge Massachusetts
7083,Google Research Zurich; Zurich; Switzerland
7084,Stanford University & Microsoft; Stanford; CA; USA
7085,(University of Lincoln)
7086,Didi Research Institute; Didi Chuxing; Beijing; China
7087,XRCE; Meylan; France
7088,AlephD; Paris; France
7089,Open Insights; San Francisco; CA; USA
7090,H2O.ai; Inc.; Mountain View; CA; USA
7091,Domino Data Lab; San Francisco; CA; USA
7092,Epoch; Santa Monica; CA; USA
7093,IKASI; Palo Alto; CA; USA
7094,Microsoft; Los Angeles; CA; USA
7095,Weizmann Institute of Science; Rehovot; ISRAEL
7096,Arizona State University; Tempe; AA; USA
7097,Texas A&M University & Texas A&M Engineering Experiment Station; College Station; TX; USA#TAB#
7098,AT&T Labs; Bedminister; NJ; USA
7099,University of Miami; Coral Gables; FL; USA;
7100,Tellus Laboratories; Cambridge; MA; USA
7101,Laboratory for Physical Sciences; Columbia; MD; USA
7102,Be Think Solve Execute; Rome; Italy
7103,VOYAGE GROUP; Inc.; Tokyo; Japan
7104,Hitachi America Ltd; Santa Clara; CA; USA#TAB#
7105,Indiana University - Purdue University Indianapolis & CareerBuilder LLC; Indianapolis; IN; USA#TAB#
7106,University of Georgia & CareerBuilder LLC; Athens; GA; USA
7107,Children’s National Medical Center; Washington; DC; USA;
7108,University of Illinois at Chicago (UIC); Chicago; IL; USA#TAB#
7109,comScore; Madison; WI; USA
7110,comScore & University of Wisconsin; Madison; WI; USA
7111,Google; Inc. Cambridge MA USA
7112,Verily Inc.; South San Francisco; CA; USA
7113,Verily Inc.; Mountain View; CA; USA
7114,University of Hawaii-Manoa ; Honolulu; HI; USA
7115,Uptake Technologies; Inc.; Chicago; IL; USA
7116,Tsinghua univeristy; Beijing; China
7117,University of Notre Dame; IN 46556; IN; USA
7118,Hitachi Ltd. Tokyo; Japan
7119,AncestryDNA; Lehi; UT; USA
7120,AncestryDNA; San Francisco; CA; USA
7121,Early Warnings LLC.; Austin; TX; USA
7122,Amazon.com; Inc. & University of California; Santa Cruz; Palo Alto; CA; USA#TAB#
7123,ISTI-CNR and University of Pisa; Pisa; Italy
7124,Univertsity of Minnesota; Minneapolis; MN; USA
7125,University of North Carolina at Charlotte & Baidu Talent Intelligence Center; Charlotte; NC; USA#TAB#
7126,Baidu Talent Intelligence Center; Beijing; China
7127,GE; San Francisco; CA; USA
7128,Microsoft Research & University of Notre Dame; Redmond; WA; USA
7129,Google Inc. & Google Research; Mountain View; CA; USA#TAB#
7130,National University Health System; Singapore; Singapore.
7131,Leibniz University Hanover & L3S Research Center; Hanover; Germany
7132,Adap.tv; San Mateo; CA; USA
7133,AOL Platforms; San Mateo; CA; USA
7134,4Paradigm Inc.; Beijing; China
7135,Didi Research Institute; Beijing; China
7136,4Paradigm Inc. & Hong Kong University of Science and Technology; Hong Kong; China
7137,Target; San Francisco; CA; USA
7138,University of Queensland & Nanyang Technological University; Brisbane; Australia#TAB#
7139,Renmin University of China & Nanyang Technological University; Beijing; China#TAB#
7140,Southeast University & Ministry of Education; Nanjing; China#TAB#
7141,Southeast University & Collaborative Innovation Center of Wireless Communications Technology; Nanjing; China#TAB#
7142,Cisco Systems; Inc.; San Jose; CA; USA
7143,Entrupy Inc; New York; NY; USA
7144,Entrupy Inc; Bangalore; India
7145,Entrupy Inc and New York University; New York; NY; USA
7146,Amadeus SAS; Nice; France
7147,STATS; Barcelona; Spain
7148,STATS; Leeds; United Kingdom
7149,STATS; Sydney; Australia
7150,STATS; Chicago; USA
7151,IRISA; Rennes; France
7152,Synapse Partners; Menlo Park; CA; USA
7153,; Amazon; Boston; MA; USA
7154,University of Mississippi; University MS USA
7155,Criteo Labs; Palo Alto; CA; USA
7156,Florida International University; Maimi; FL; USA#TAB#
7157,St. John's University; Queens; New York; NY; USA#TAB#
7158,ULU Technologies Inc.; Beijing; China
7159,U.S Army Res. Lab.; Adelphi; MD; USA
7160,Symantec; Culver City; CA; USA
7161,SUNY at Buffalo & Baidu Research Big Data Lab; Buffalo; NY; USA
7162,University of Minnesota-Duluth ; Duluth; MN; USA
7163,University of Wisconsin–Stout; Menomonie; WI; USA
7164,STATS; Chicago; IL; USA
7165,west virginia university; Morgantown; WV; USA
7166,Comodo Security Solutions; Inc.; Clifton; NJ; USA
7167,Air Scientific; Beijing; China
7168,Yahoo Japan Corporation & Kyoto University; Tokyo; Japan#TAB#
7169,Sutter Health; Sacramento; CA; USA#TAB#
7170,South China University of Technology and Arizona State University; Guangzhou; China#TAB#
7171,South China Normal University; guangzhou; China#TAB#
7172,Futurewei Tech. Inc; Bridgewater; NJ; USA
7173,ICSI; Berkeley; CA; USA
7174,Naval Medical Research Center; Silver Spring; MD; USA
7175,National Tsing Hua University; HsinChu; Taiwan Roc
7176,Pennsylvania State University; State College USA
7177,Missouri University of Science and Technology; St. Louis; MO; USA
7178,Nielsen; New York; NY; USA
7179,Optimizely; Inc.; San Francisco; CA; USA
7180,Huawei Nanjing Research and Development Center; Nanjing; China#TAB#
7181,USRA/NASA Ames Research Center; Moffett Field; CA; USA
7182,Evidation Health; Inc.; Santa Barbara; CA; USA
7183,Purdue University & Tsinghua University; West Lafayette; IN; USA
7184,General Motors; Warren; MI; USA
7185,Tsinghua University & University of Illinois at Chicago; Chicago; IL; USA#TAB#
7186,University of Illinoisat Chicago; Chicago; IL; USA
7187,University of Michigan; East Lansing; MI; USA
7188,Microsoft Research Asia and Hefei University of Technology; Beijing; China#TAB#
7189,Carneigie Mellon University; Pittsburgh; PA; USA
7190,Turnitin; Pittsburgh; PA; USA
7191,RIKEN AIP; JST PRESTO; Tokyo; Japan#TAB#
7192,Vicarious; San Francisco; CA; USA
7193,Kyoto University & Aalto University; Uji; Japan
7194,Ant Financial Services Group; Hangzhou; China
7195,Alibaba Cloud; Hangzhou; China
7196,Massachusetts Institute of Technology & Boston Children's Hospital; Boston; MA; USA#TAB#
7197,SUNY Buffalo & T.J. Watson Research Center; Buffalo; NY; USA
7198,University of Hong Kong & Noah's Ark Lab; Hong Kong; Hong Kong
7199,Huawei Noah's Ark Lab & Chinese University of Hong Kong; Hong Kong; Hong Kong
7200,IBM T. J. Watson Research Center; Yorktown Heights; NY; China
7201,Under Armour Connected Fitnes; San Francisco; CA; USA
7202,Airbnb Incorporation; San Francisco; CA; USA
7203,University of Amsterdam & Google Research; Amsterdam; Netherlands#TAB#
7204,University of Mons Mons; Belgium#TAB#
7205,Università della Svizzera Italiana(USI); Lugano; Switzerland
7206,Microsoft Inc.; Redmond; USA
7207,Universidad Pompeu Fabra; Barcelona; Spain
7208,UniCredit; Rome; Italy#TAB#
7209,Telefonica Research; Barelona; Spain
7210,Yahoo! Inc Sunnyvale CA U.S.A.
7211,Higher School of Economics
7212,Faculty of Computer Science [Moscow]
7213,Nagasaki Univ.
7214,TCS Research
7215,Tsinghua University & Microsoft Research; Beijing; China#TAB#
7216,DTISI; CERIST
7217,İstanbul Kültür University
7218,Shanghai University of Finance and Economics
7219,universiti Teknologi PETRONAS
7220,NRM North
7221,Ghent University – imec – IDLab
7222,Data61; CSIRO
7223,CSIRO; Agriculture & Food Precision Agriculture & Viticulture
7224,Tasmanian Institute of Agriculture
7225,Ulsan National Institute of Science and Technology (UNIST)
7226,University of Chinese Academy of Sciences & CAS Key Lab of Network Data Science and Technology; beijing; China#TAB#
7227,CAS Key Lab of Network Data Science and Technology; beijing; China
7228,Microsoft; London; United Kingdom#TAB#
7229,Albert‐Ludwigs‐Universitat‐Freiburg Freiburg Germany
7230,Scientific Data Management
7231,Université Paris Descartes Paris
7232,University of Ferrara
7233,Medical University Graz;
7234,Univ. of Luxembourg -; Luxembourg; Luxembourg
7235,NEC Laboratories America & Montclair State University; Montclair; NJ; USA#TAB#
7236,University of Wollongong; Dubai; UAE#TAB#
7237,Polytechnic Institute of Tomar; Tomar; Portugal
7238,Chinese University of Hong Kong; Hongkong; China#TAB#
7239,SungKyunKwan University; Suwon; South Korea#TAB#
7240,Doshisha University; Kyoto; Japan#TAB#
7241,Oak Ridge National Lab; Oak Ridge; CA; USA
7242,; Civil Aviation University of China; Tianjin; China
7243,A*STAR; SIngapore; Singapore
7244,A*STAR; Singapore; China
7245,Data61 | CSIRO; Sydney; Australia
7246,Australian National University & Data61; Canberra; Australia
7247,Indian Institute of Management; Indore; India#TAB#
7248,Indian Institute of Management; Lucknow; India
7249,Luxembourg Centre for Contemporary and Digital History; Esch-sur-Alzette; Luxembourg
7250,Meertens Instituut; Royal Netherlands Academy for Arts and Sciences; Amsterdam; Netherlands
7251,RISE SICS; Stockholm; Sweden
7252,Royal Institute of Technology KTH Stockholm Sweden
7253,Emory University & Georgia Institute of Technology; Atlanta; GA; USA
7254,North Carolina State University & Oak Ridge National Laboratory; Raleigh; NC; USA#TAB#
7255,University of New South Wales & Techcul Research; Sydney; Australia
7256,Data61 & CSIRO; Sydney; Australia
7257,Max Planck Institute for Software Systems; Saarbrucken; Germany#TAB#
7258,Etsy; Brooklyn; NY
7259,Etsy; San Francisco; CA
7260,RIKEN AIP Center/NAIST; Tokyo; Japan
7261,Conduent Labs India; Bangalore; India
7262,Detectica; New York; NY; USA
7263,Universidade Federal de Santa Catarina; Florianópolis; SC;; Brazil
7264,(Bangladesh University of Engineering and Technology (BUET); Dhaka; Bangladesh)
7265,Hong Kong Polytechnic University & National University of Singapore; Hong Kong; China
7266,HUAWEI; Santa Clara; CA; USA
7267,Washington State University & Pacific Northwest National Laboratory; Pullman; WA; USA#TAB#
7268,(University of Massachusetts; Lowell; MA; USA)
7269,St. Mary Hospital; Seoul; South Korea
7270,Research Center for IT innovation; Academia Sinica; Taipei; Taiwan Roc
7271,Institute of Automation; Chinese Academy of Sciences & University of Arizona; Beijing; China#TAB#
7272,Institute of Automation; Chinese Academy of Sciences & University of Chinese Academy of Sciences; Beijing; China
7273,( Central University of Finance and Economics Beijing China )
7274,University of Mississippi Oxford MS USA
7275,Institute of Software; Chinese Academy of Sciences & University of Chinese Academy of Sciences; Beijing; China
7276,Siemens; Corporate Technology; Munich; Germany#TAB#
7277,TCS Research; Pune; India
7278,Anhui University; Hefei;; China
7279,iFLYTEK Research; Hefei; China
7280,Institute of Computing Technology; CAS & University of Chinese Academy of Sciences; Beijing; China#TAB#
7281,Amazon.com; Bangalore; India
7282,Two Sigma Investments LP; New York; NY; USA
7283,Tableau Software; Seattle; WA; USA
7284,University of Michigan; Ann Arbor; WA; USA
7285,Nanyang Technological University & SAP Research Innovation Singapore; Singapore; Singapore#TAB#
7286,Tencent AI Lab; Shenzhen; China
7287,AIST; Tokyo; Japan#TAB#
7288,IRIT; Université de Toulouse; CNRS ; Toulouse; France.
7289,Nanjing Forestry University; Nanjing; China
7290,The University of Melbourne ; Parkville; Victoria; Australia
7291,Naver Corporation; Gyeonggi-do; South Korea
7292,Agency for Science and Technology Research (A*Star) Singapore; Singapore; Singapore#TAB#
7293,Shanghai Jiao Tong University & The Hong Kong Polytechnic University; Shanghai; China#TAB#
7294,IBM Research - Haifa; Haifa; 31905; Israel
7295,Nanjing University of Aeronautics and Astronautics Nanjing China
7296,Fudan University & Shuyan Technology; Shanghai; China
7297,University College London & Alan Turing Institute; London; United Kingdom
7298,Indian Institute of Technology & University of Massachusetts Amherst; Palakkad; India
7299,Flipkart Internet; Bangalore; India
7300,Recruit Institute of Technology; Mountain View; CA; USA
7301,Fernuniversität Hagen; Germany#TAB#
7302,Palacký University Olomouc; Olomouc; Czech Rep
7303,University of Technology Sydney & Taiyuan University of Technology; Sydney; Australia
7304,ISI Foundation & University of Turin; Turin; Italy#TAB#
7305,Beijing Information Science and Technology University; Beijing China
7306,Universitat Hamburg; Hamburg; GERMANY
7307,University of Micigan; Ann Arbor; MI; USA
7308,SIAT; Chinese Academy of Sciences & University of Chinese Academy of Sciences; Shenzhen; China
7309,SIAT; Chinese Academy of Sciences & Tencent AI Lab; Shenzhen; China
7310,Zhejiang University; Zhejiang; China
7311,SIAT; Chinese Academy of Sciences; ShenZhen; China
7312,Chinese University of Hong Kong & Tencent AI Lab; Hong Kong; Hong Kong
7313,iPIN; Shenzhen; China
7314,K.N. Toosi University of Technology; Tehran; Iran
7315,University of Freiburg; Freiburg im Breisgau; Germany
7316,Beihang University & Beijing Advanced Innovation Center for Big Data and Brain Computing; Beijing; China#TAB#
7317,Tata Consultancy Services Chennai; India#TAB#
7318,University of South Australia; Adelaide Australia
7319,University of New Brunswick & Ryerson University; Fredericton; NB; Canada
7320,University of Hong Kong; Hong Kong; China
7321,Polytechnic Institute of Tomar LIAAD -- INESC TEC; Tomar; Portugal
7322,Vrije Universiteit Brussel and KU Leuven; Brussels; Belgium
7323,Carnegie Mellon University; Mountain View; CA; USA
7324,Victoria University & Fudan University; Victoria; Australia#TAB#
7325,Swinbourne University of Technology; Melbourne; Australia
7326,Leibniz University of Hanover; Hanover; Germany
7327,Nanyang Technical University; Singapore; Singapore
7328,IIEST Shibpur; Howrah; India#TAB#
7329,IIT-Kanpur; Kanpur; India
7330,TCS Research; Kolkata; India
7331,IIT Kharagpur & IIEST Shibpur; Kharagpur; India#TAB#
7332,University of Chinese Academy of Sciences & Fudan University; Beijing; China
7333,Victoria University & Fudan University; Melbourne; Australia#TAB#
7334,Renmin University of China & Beijing Key Laboratory of Big Data Management and Analysis Methods; Beijing; China
7335,; Ulsan National Institute of Science and Technology; Ulsan; South Korea
7336,Dong-A University; Buasn; South Korea#TAB#
7337,Vrije Universiteit Amsterdam; Amsterdam ; Netherlands#TAB#
7338,JD.com; Beijing; China
7339,University of Queensland & University of Sheffield; Brisbane; Australia
7340,Hasso-Plattner-Institute (HPI); Potsdam; Germany
7341,Max-Planck Institute for Informatics Saarland Informatics Campus; Germany#TAB#
7342,National Univ. of Defense Technology; ChangSha; HuNan; China
7343,Shenzhen University;Shenzhen;Guangdong;China)
7344,RMIT Univervisty; Melbourne; Australia#TAB#
7345,Education University of Hong Kong; Hong Kong; HONG KONG
7346,Caritas Institute of Higher Education; Hong Kong; Hong Kong
7347,Google & Purdue University; San Bruno; CA; USA
7348,Data61/CSIRO & Australian National University; Canberra; Australia
7349,Data61/CSIRO & Australian National University; Sydney; Australia
7350,Commonwealth Scientific and Industrial Research Organisation (CSIRO) & Stanford University; Pullenvale; Australia#TAB#
7351,Etsy Inc. & Yahoo Research; Brooklyn; NY; USA#TAB#
7352,Yahoo Research & Facebook; Sunnyvale; CA; USA
7353,Charles University in Prague; Prague; Czech Rep.
7354,New York University; Abu Dhabi; Uae#TAB#
7355,Aalborg University & Universite Libre de Bruxelles; Aalborg; Denmark#TAB#
7356,Université Libre de Bruxelles & Universitat Politécnica de Catalunya; Brussels; Belgium#TAB#
7357,Université Libre de Bruxelles & University of Antwerp; Brussels; Belgium
7358,Shahid Beheshti University; G.C.; Tehran; Iran#TAB#
7359,Indeed; Tokyo; Japan
7360,University of Macau; Macao; Macao#TAB#
7361,Zhejiang University of Technology;Hangzhou; China
7362,University of Oregon & University of Tehran; Eugene; OR; USA
7363,Children's Hospital at Westmead; Sydney Australia
7364,Hong Kong University of Science and Technology Clearwater Bay; Kowloon; Hong Kong
7365,University of Illinois at Chicago & Fudan University; Chicago; IL; USA
7366,Max Planck Institute for Informatics & htw saar; Saarbruecken; Germany#TAB#
7367,Hong Kong Polytechnic Univ.; Hong Kong China#TAB#
7368,Siemens Corporate Technology & Technical University of Munich; Munich; Germany#TAB#
7369,University of Ottawa; Ottawa; Canada
7370,TCS Research; New Delhi; India
7371,BITS-Pilani; Goa; india
7372,Kyoto University & RIKEN Center for AIP; Kyoto; Japan
7373,Microsoft Research; Sunnyvale; CA; USA
7374,Flipkart; Bengaluru; India
7375,Strathclyde University; Glasgow; Scotland Uk#TAB#
7376,Yandex & University of Amsterdam; Moscow; Russian Fed.#TAB#
7377,Qatar Computing Research Institute; Hamad Bin Khalifa University; Doha; Qatar;
7378,LIF; CNRS; Aix Marseille University; Polytech Marseille; Marseille; France
7379,Institute of Information Engineering; Chinese Academy of Sciences & University of Chinese Academy of Sciences; Beijing; China#TAB#
7380,IIEST Shibpur; India; Shibpur; India
7381,IIT Kanpur; India; Kanpur; India
7382,IIT Kharagpur & IIEST Shibpur; India; Kharagpur; India
7383,IFLYTEK Co.;Ltd.; Hefei; China
7384,University of Taipei; Taipei; Taiwan Roc
7385,Academia Sinica; Tapei; Taiwan Roc
7386,Kaer Pte. Ltd.; Singapore; Singapore
7387,University of Illinois at Urbana-Champaign & Advanced Digital Sciences Center; Urbana; IL; USA#TAB#
7388,Nazarbayev University & Advanced Digital Sciences Center; Astana; Kazakhstan
7389,Guangdong University of Technology & Advanced Digital Sciences Center; Guangzhou; China
7390,University College London & Advanced Digital Sciences Center; London; United Kingdom#TAB#
7391,Indian Institute of Technology; Kanpur; India
7392,Yahoo! Inc.; Sunnyvale; California; USA
7393,Alibaba Group; Hangzhou; Zhejiang; China
7394,University of Massachusetts Amherst & Microsoft; Amherst; MA; USA#TAB#
7395,Microsoft & University College London; Cambridge; United Kingdom#TAB#
7396,Centrum Wiskunde & Informatica (CWI); Amsterdam; Netherlands
7397,Max Planck Institute for Informatics & Aalto University; Saarbruecken; Germany
7398,Singapore Management University & Alibaba Group; Singapore; Singapore
7399,Max Planck Institute for Intelligent Systems & Max Planck Institute for Software Systems; Stuttgart; Germany#TAB#
7400,Max Planck Institute for Intelligent Systems; Stuttgart; South Korea
7401,Dstillery; New York; NY
7402,LinkedIn Corp#TAB#
7403,A9.com; Palo Alto
7404,Division of General Medical Sciences
7405,MILES
7406,Equipe MAD - Laboratoire GREYC - UMR6072
7407,Laboratoire d'analyse et modélisation de systèmes pour l'aide à la décision
7408,LAMSADE
7409,Physical Therapy and Human Movement Sciences
7410,Penn State Cancer Institute
7411,Univ. of California at Davis
7412,Shanghai Jiao Tong University & Microsoft Research Asia; Shanghai; China#TAB#
7413,University of Science and Technology of China & Microsoft Research Asia; Hefei; China#TAB#
7414,School of Informatics
7415,Electrical Engineering & Computer Science
7416,Philips Research#TAB#
7417,Databases (Former)
7418,Human Media Interaction
7419,Quora Inc.
7420,National Research council
7421,United States Geological Survey.
7422,Old Dominion University > > > >
7423,Old Dominion university
7424,Intelligent Automation; Inc.
7425,Texas A&M Univ.;College Station
7426,University of Illinois at Chicago & Google; Inc.; Chicago; IL; USA
7427,Information Technology Faculty Office
7428,Data Science & AI
7429,INFOBLOX INC
7430,Université du Quebec
7431,Savitribai Phule Pune University
7432,54B; Tata Research Design and Development Center
7433,HRL LABORATORIES
7434,Department of Architecture Design and Media Technology
7435,The Technical Faculty of IT and Design
7436,Department of Architecture; Design and Media Technology
7437,Information; Technology (IT) & Systems
7438,IBM Research - T.J. Watson Research Center; Yorktown; USA
7439,IBM Chief Analytics Office; NY; USA
7440,Peking University & Microsoft Research; Beijing; China#TAB#
7441,Marketing
7442,Laboratoire Hubert Curien [Saint Etienne]
7443,Laboratoire Hubert Curien / Eris
7444,Université Lumière - Lyon 2
7445,Michigan State University***
7446,Department of Computer Science and Engineering; University of Minnesota — Twin Cities; USA
7447,Department of Radiology; Mayo Clinic;Rochester;USA
7448,Université de Lorraine; CNRS; Inria; LORIA
7449,Max Planck Institute for Informatics & SAP SE; Saarbruecken; Germany
7450,Rutgers University - New Brunswick; New Brunswick; NJ; USA#TAB#
7451,HEC Montreal&Montreal Institute for Learning Algorithms; Montreal; Canada
7452,Australian National University; Canberra; ACT 2601; Australia
7453,Data Science Lab; JD.com; Beijing; China
7454,Michigan State University; Lansing; China#TAB#
7455,Amazon & RMIT University; Barcelona; Spain#TAB#
7456,Beijing University Of Technology; Beijing; China
7457,Microsoft Research and AI; Bangalore; India
7458,Microsoft Research and AI & Indian Institute of Technology Delhi; Bangalore; India
7459,Big Data Lab (BDL); Baidu Research; Beijing; China
7460,University of California; Santa Cruz & Ghent University; Santa Cruz; CA; USA
7461,University of Washington; Tacoma & Ghent University; Tacoma; WA; USA
7462,University of Minnesota & Data Science Lab; JD.com; Minneapolis; MN; USA
7463,TU Dortmund Dortmund; Germany
7464,Helsinki Institute for Information Technology HIIT
7465,F-SECURE CORPORATION
7466,Walmart Labs & Arizona State University; Sunnyvale; CA; USA#TAB#
7467,Texas A&M Univerisity; College Station; TX; USA
7468,Cornell Tech; Cornell University; New York; NY; USA#TAB#
7469,Baidu Research & Rutgers University; Sunnyvale; CA; USA
7470,Yandex & MSU; Moscow; Russian Fed.#TAB#
7471,University of Cambridge & Google; Cambridge; United Kingdom
7472,Cornell University & Google Inc.; Ithaca; NY; USA#TAB#
7473,Amazon & Yahoo Research; Haifa; Israel
7474,Google & Yahoo Research; Mountain View; CA; USA#TAB#
7475,Tsinghua University & Georgia Institute of Technology; Beijing; China#TAB#
7476,Criteo Research; Paris; France
7477,Beijing Huapinborui Network Technology Company; Beijing; China
7478,Adobe Research; Bengaluru; India#TAB#
7479,risQ Inc.; Cambridge'; MA; USA
7480,NASA Advanced Supercomputing Division/ NASA Ames Research Center; Mo ett Field; CA; USA#TAB#
7481,Dynatrace; Linz; Austria
7482,Alibaba Inc.; Beijing; China
7483,POSTECH; Pohang; Rebublic of Korea
7484,ETIS lab/ENSEA/Cergy-Pontoise University/CNRS; Cergy-Pontoise; France
7485,JD AI Research; Beijing; China
7486,Weill Cornell medical School; New York; NY; USA
7487,Michigan State University & Data Science Lab; JD.com.; East Lansing; MI; USA#TAB#
7488,Data Science Lab; JD.com.; Beijing; China
7489,Huygens ING
7490,Spinque B.V.
7491,Universitá degli studi di Genova; Genova; Italy#TAB#
7492,Istituto Italiano di Tecnologia; Genova; Italy#TAB#
7493,Snap Inc.; Los Angeles ; CA; USA
7494,KKBOX Inc.; Taipei; Taiwan Roc
7495,CSIRO; Epping; NSW; Australia#TAB#
7496,Pacific Northwest National Laboratory; Richland WA USA
7497,Ben-Gurion University of the Negev & eBay Research; Beer-Sheva; Israel
7498,eBay Research & Yahoo Research; Netanya; Israel#TAB#
7499,Google Research & Yahoo Research; Tel Aviv; Israel
7500,Delft University of Technology & American University of Beirut; Delft; Netherlands
7501,Northeatern University; Shenyang; China
7502,Airbnb; Inc.; San Francisco; CA; USA#TAB#
7503,SciSports; Amersfoort; Netherlands#TAB#
7504,Booking.com; Amsterdam; Netherlands
7505,Microsoft & University College London; London; United Kingdom
7506,Spotify Research; London; United Kingdom
7507,Rupert Labs; Mountain View; CA; USA
7508,Snap Inc.; Los Angeles; CA; USA
7509,Spotify; London; United Kingdom
7510,Etsy Inc.; New York; NY; USA
7511,Meituan-Dianping Group; Beijing; China
7512,Lab. LITIO; University of Oran 1
7513,University of technology; Sydney
7514,Faculty of Information Technology University of Moratuwa; Moratuwa; Sri Lanka
7515,Booz Allen Hamilton; Columbia; MD; USA
7516,Univ. of Maryland Baltimore County; Catonsville; MD; USA
7517,#N#University of Technology; Sydney#N#
7518,Shanghai#N# University
7519,University of Illinois Urbana-Champaign; Champaign; IL USA
7520,GIOS: Sustainability Initiative
7521,University of Edinburgh & Beihang University; Edinburgh; United Kingdom
7522,Intel Parallel Computing Labs
7523,(Qatar Computing Research Institute)
7524,Qatar Mobility Innovation Center
7525,National Taipei University#TAB#
7526,Central South University)
7527,Hunan University of Tech
7528,Arizona State Univ.
7529,Aston University;
7530,Bioengineering
7531,Department of Business Economics
7532,Department of Computer Science; George Mason University; Virginia; USA
7533,IBM Research AI; Yorktown Heights; NY; USA
7534,Huawei Research; Santa Clara; CA; USA
7535,Microsoft Research Asia &Institute of Computing Technology; CAS; Beijing; China
7536,Microsoft Research Asia &Microsoft Corporation; Beijing; China#TAB#
7537,; Technical University of Munich; Garching; Germany
7538,Emory University &Georgia Institute of Technology; Atlanta; GA; USA
7539,District University “Francisco José de Caldas”
7540,Santo Tomas University
7541,Universidad Centroccidental “Lisandro Alvarado”
7542,Universidad Nacional Experimental Politécnica “Antonio José de Sucre”
7543,Universidad de la Costa
7544,Fundación Universitaria Konrad Lorenz
7545,NUDT
7546,Xi’an Technological University
7547,Universidad Politécnica Salesiana; Sede Quito; Biotecnología
7548,Universidad Nacional Experimental Politécnica “Antonio José de Sucre”; Vicerrectorado Barquisimeto
7549,Corporación Universitaria Empresarial de Salamanca (CUES)
7550,Universidad Central
7551,Corporación Universitaria Latinoamericana
7552,Fujian Agriculture and Forestry University
7553,The First Affiliated Hospital of Henan University
7554,Universidad libre Seccional Barranquilla
7555,Shandong Normal University
7556,District University Francisco José de Caldas
7557,Corporación Unificada Nacional de Educación Superior
7558,Corporación Universitaria Minuto de Dios
7559,Universidad Libre; Barranquilla
7560,university of mumbai
7561,Corporación Universitaria del Meta
7562,Corporación Universitaria de Salamanca
7563,Universidad de Ciencias Aplicadas y Ambientales
7564,Escuela Colombiana de Rehabilitación
7565,Shaoxing university
7566,Universidad del Atlántico
7567,Universidad Nacional Experimental Politécnica “Antonio José de Sucre”; Barquisimeto; Venezuela
7568,Universidad Centroccidental Lisandro Alvarado. Barquisimeto. Venezuela
7569,Universidad de la Costa; Barranquilla; Colombia
7570,Fundación Universitaria Konrad Lorenz; Bogotá; Colombia
7571,Universidad Tecnológica Centroamericana (UNITEC);
7572,Universidad de la Costa; (CUC)
7573,Universidad de Cienfuegos – UCF
7574,Universidad Tecnológica de Honduras
7575,Federal University of Western Para
7576,Federal University of Pará
7577,State University of Pará
7578,Universidad de la Costa (CUC)
7579,Universidad Metropolitana del Ecuador
7580,Francisco Jose de Caldas District University
7581,Universidad Simon Bolivar.Barranquilla Colombia
7582,; Universidad del Zulia; Maracaibo; Venezuela
7583,Facultad de Ingeniería; Universidad Libre Seccional Barranquilla; Barranquilla; Colombia
7584,China Mobile Group Jiangsu Co.;Ltd
7585,China Mobile Research Institute.
7586,Kunming University of Science; and Technology
7587,Gyeongin National University of Education#TAB#
7588,Google Brain &ETH Zurich; Zurich; Switzerland
7589,Google Brain; Zurich; Switzerland
7590,Stanford University &Pinterest; Stanford; CA; USA
7591,Pinterest &Stanford University; San Francisco; CA; USA
7592,Universidad Nacional de Colombia;
7593,National Institute of Advanced Industrial Science and. Technology
7594,University of International Relations)
7595,Facultad de Ingeniería; Universidad de la Costa
7596,Kettering University
7597,Sanyo-onoda City University
7598,Mitsubishi Pencil Co.; LTD
7599,okayama university
7600,American University in Cairo
7601,GuangZhou Transport Planning Research Institute
7602,NERSC; LBNL; Berkeley; CA; USA
7603,Cray Inc.; Seattle; WA; USA#TAB#
7604,Armada Nacional
7605,Adobe Systems
7606,University of Electronic Science and Technology of China
7607,(University of Electronic Science and Technology of China)
7608,School of Information Technology & Mathematical Sciences University of South Australia Adelaide Australia
7609,LTCI; Télécom ParisTech; Université Paris-Saclay
7610,LIX; Ecole Polytechnique
7611,LTCI; Télécom ParisTech; Université Paris-Saclay#TAB#
7612,Tianjin University;
7613,Carnegie Mellon University in Qatar
7614,(beihang University)
7615,Beijing San Kuai Yun Technology Co.; Ltd.
7616,Kyoto University
7617,Tsinghua University &Stanford University; Beijing; China
7618,Queensland University of Technology QUT;#TAB#
7619,Huew
7620,IIIT-Hyderabad
7621,microsoft
7622,University of Leeds*
7623,Umm Al-qura University
7624,(Tencent Medical AI Lab)
7625,Ben-gurion University of the Negev
7626,KDDI Research Inc.
7627,The Australian National University
7628,School of Computer Science and Engineering; University of Electronic Science and Technology of China;;;Chengdu;;China
7629,Federation University Australia;
7630,Guilin University of electronic technology
7631,National Chung-Hsing University
7632,National Center for High-Performance Computing
7633,Industrial Technology Research Institute
7634,Columbia University
7635,King Abdullah University of Science and Technology (KAUST)#TAB#
7636,University of St. Andrews
7637,TWITTER; INC.
7638,University of Western Australia
7639,University of Peloponnese
7640,Athena Research Center
7641,Georgia Institute of Technology & University of Michigan; Atlanta; GA; USA
7642,US Army Research Laboratory; Baltimore; MD; USA#TAB#
7643,Florida State University; Rolla; MO; USA
7644,JD Finance; Beijing; China
7645,IBM Research AI; New York; NY; USA#TAB#
7646,National Defence Key Laboratory of Blind Processing of Signals
7647,Tencent Medical AI Lab; Palo Alto; CA; USA
7648,Alibaba Group; Bellevue; WA USA
7649,Univ. of Texas at San Antonio; San Antonio; TX; USA
7650,IBM Research AI; Yorktown Height; NY; USA
7651,Communication University of China
7652,Commun. Univ. of China
7653,China Mobile Communications Corp
7654,University of Illinois at Chicago &Tsinghua University; Chicago; IL; USA
7655,Univ. of Tennessee Knoxville; Knoxville; TN; USA
7656,DiDi Chuxing; Beijing; China
7657,Boston College; Boston MA; USA
7658,Tianjin University of Science and Technology
7659,Beijing University Of Chemical Technology
7660,Hasso-Plattner-Institute#TAB#
7661,Zhejiang University City College hangzhou; china
7662,comScore; Reston; VA; USA
7663,comScore; University of Wisconsin; Reston; VA; USA#TAB#
7664,NTT Secure Platform Laboratories; Tokyo; Japan
7665,Universidad de los Andes; Bogota (Colombia)
7666,Universidad de los Andes; Bogotá & Univ. Francisco de Paula Santander; Cúcuta; Colombia
7667,Secretaria de Hacienda Distrital; Bogotá; Colombia
7668,Shenzhen Institutes of Advanced Technology (SIAT); Chinese Academy of Sciences; Shenzhen; China
7669,Google AI Perception; Mountain View; CA; USA
7670,University of Illinois at Chicago &Tsinghua University; Chicago &Beijing; USA
7671,Facebook Inc.
7672,Tsinghua University; Beijing; Chile
7673,Alibaba AI Labs; Beijing; China
7674,Department of Computer Science and Technology; State Key Laboratory for Novel Software Technology; Nanjing University; Nanjing; China
7675,Technische Universität Darmstadt; Knowledge Engineering Group#TAB#
7676,University Health Network Toronto; Canada
7677,University of Toronto &University Health Network; Toronto; Canada
7678,MPI for Intelligent Systems; Tuebingen; Germany
7679,Channel 4 Television; London; United Kingdom
7680,West Virginia University; Morgantown USA
7681,Royal Melbourne Institute (RMIT)
7682,Albaha University
7683,Ant Financial; San Mateo; CA; USA
7684,Impira Inc.; San Francisco; CA; USA
7685,Tencent WXG; ShenZhen; China#TAB#
7686,University of Tokyo Hospital Tokyo Japan
7687,Hiroshima City University; Hiroshima; JAPAN#TAB#
7688,Peking University &BIBDR; China; Beijing; China#TAB#
7689,JD.com &Simon Fraser University; Vancouver; Canada
7690,Boeing Research & Technology Europe; Madrid; Spain
7691,Uber AI Labs; San Francisco; CA; USA#TAB#
7692,Uber Technologies; San Francisco; CA; USA#TAB#
7693,ShanDong University; Qingdao; China
7694,Southwest Jiaotong University &JD Finance; Chengdu; Sichuan; China#TAB#
7695,JD Finance &Southwest Jiaotong University; Beijing; China
7696,Southwest Jiaotong University; Chengdu Sichuan; China
7697,JD Finance; Southwest Jiaotong University &Xidian University; Beijing; China#TAB#
7698,Sapienza University or Rome; Rome; Italy
7699,Universidade Federal de São Carlos; São Carlos; Brazil
7700,Amazon Research; Cambridge; United Kingdom
7701,LinkedIn Corporation; Mountainview; CA; USA
7702,Data61; CSIRO; Brisbane; Australia
7703,Data61; CSIRO; Hobart; Australia
7704,CSIRO; Bribie Island; Australia#TAB#
7705,Urban Computing Business Unit; JD Finance; Beijing; China
7706,Imperial College London
7707,Computer Network Information Center Chinese Academy of Sciences
7708,Workday; Inc.; San Francisco; CA; USA
7709,Galois; Inc.; Portland; OR; USA
7710,University of Louisiana at Lafayette Lafayette LA USA
7711,DiDi AI Labs &Didi Chuxing; Beijing; China
7712,360 Search Lab; Beijing; China
7713,Baidu Research; Bellevue; WA; USA#TAB#
7714,University of Maryland; Center for Environmental Science
7715,Temenos
7716,Institute of Computing Technology; CAS; University of Chinese Academy of Sciences; &Baidu Inc.; Beijing; China#TAB#
7717,Institute of Computing Technology; CAS &University of Chinese Academy of Sciences; Beijing; China#TAB#
7718,University of Edinburgh &The Alan Turing Institute; Edinburgh; United Kingdom#TAB#
7719,The Alan Turing Institute; London; United Kingdom
7720,Microsoft Research; rcaruana@microsoft.com; WA; USA
7721,University of Southern Denmark
7722,Federal University of Minas Gerais;
7723,The Globe and Mail; Toronto; ON; Canada
7724,Astound; Menlo Park; CA; USA
7725,Three Bridges Capital; New York; USA
7726,University of Technology ;Sydney
7727,Quaid-I-Azam University
7728,Roku Inc.; Los Gatos; CA; USA
7729,Oath Inc.; Sunnyvale; CA; USA
7730,University of Arkansas – Fayetteville; USA
7731,New Jersey Institute of Technology ; Newark ; USA
7732,Peking University &Beijing Institute of Big Data Research; Beijing; China
7733,Indian Institute of Technology
7734,Cumhuriyet Univertsity
7735,Maastricht University
7736,Chengdu University of information technology
7737,Daegu Gyeongbuk Institute of Science &Technology (DGIST); Daegu; South Korea
7738,Nanjing University of Information Science &Technology; Nanjing; China
7739,Univ. of Sci. & Tech. of China; Hefei; Anhui; China
7740,iFLYTEK Research; Hefei; Anhui; China
7741,Univ. Rennes; Inria; CNRS; IRISA; Amossys; Rennes; France#TAB#
7742,Univ. Rennes; CNRS; IRISA; IUF; Rennes; France#TAB#
7743,Univ. Rennes; Inria; CNRS; IRISA; Rennes; France#TAB#
7744,Univ. Rennes; Inria; CNRS; IRISA; AGROCAMPUS OUEST; Rennes; France
7745,The Australian e-Health Research Centre; CSIRO
7746,School of Computer Engineering; University of Electronic Science and Technology of China; Zhongshan Institute
7747,China Industrial Control Systems Cyber Emergency Response Team
7748,Beijing Key Laboratory of IOT Information Security; Institute of Information Engineering; CAS; Beijing; China
7749,School of Information Technology Deakin University#TAB#
7750,LUDONG University
7751,Two Sigma Investments; LP; New York; NY; USA
7752,Università di Padova; Padova; (Italy)
7753,Data61; CSIRO; Eveleigh; Australia
7754,Polytechnique Montréal; Montréal; Canada
7755,ESG-UQAM; Montreal; Canada
7756,(Nanjing University)
7757,Ant Financial Services Group
7758,National Institute of Informatics; Japan; Tokyo; Japan
7759,Quadram Institute; Norwich Research Park
7760,Scotch Whisky Research Institute
7761,Worcester Polytechnic Institution; Worcester; MA; USA#TAB#
7762,Thomson Reuters; London; United Kingdom#TAB#
7763,S&EP Global; New York; NY; USA
7764,THE UNIVERSITY OF NEWCASTLE Callaghan; Australia
7765,DXC Technology
7766,Mobile Internet Group; Tencent; Shenzhen; China
7767,University of Alabama; Tuscaloosa; AL USA#TAB#
7768,South China University of Technology; Guangzhouc ; China
7769,National Center of Atmospheric Research; Boulder; CO; USA
7770,Fox Chase Cancer Center; Philadelphia; PA; USA
7771,Microsoft AI &Research; Redmond; WA; USA#TAB#
7772,Ehealth Inc; Mountain View; CA; USA
7773,Key Laboratory of High Confidence Software Technologies; Ministry of Education; Beijing; China
7774,POSTECH (Pohang University of Science and Technology); Pohang; South Korea
7775,Rice University; Houston; NJ; USA
7776,Amazon; New York City; NY; USA
7777,Amazon; Palo Alto; CA; USA#TAB#
7778,Hong Kong University of Science and Technology; Hong Kong; SAR; China#TAB#
7779,IMT; Toulouse; France
7780,University of Science and Technology of China; He Fei; China#TAB#
7781,National Institute of Advanced Industrial Science and Technology; Koto-ku; Japan
7782,Univ. of Electro-Communications Chofu; Japan#TAB#
7783,DWANGO Co.; Ltd. &The Whole Brain Architecture Initiative; Bunkyo-ku; Japan
7784,Nanjing Audit University
7785,CognitiveScale Inc; Austin; TX; USA
7786,Advanced Analytics Institute; University of Technology; Sydney; Ultimo; Australia#TAB#
7787,Snap Inc.; Venice; CA; USA
7788,Symantec Research Labs; Biot Sophia-Antipolis; France
7789,Normandie Université; Caen; France
7790,ICOA/University of Orléans; Orléans; France#TAB#
7791,CERMN/University of Caen Normandy; Caen; France#TAB#
7792,SciSports; Amersfoort; Netherlands
7793,University of Illinois; Urbana Champaign &Snap Inc.; Urbana; IL; USA#TAB#
7794,Chinese Academy of Sciences; Xi An; China
7795,Advanced Digital Sciences Center (ADSC)
7796,Xi'an Institute of Optics and Precision Mechanics &Chinese Academy of Sciences; Xi'an; China
7797,Indian Institute of Technology Roorkee
7798,Translational MRI; LLC; Los Angeles; CA; USA
7799,Netapp Inc.#TAB#
7800,Huazhong University of Science and Technology &Aalborg University; Wuhan; China
7801,jonkoping university
7802,Royal Institute of Tech.
7803,Tencent Technology (Shenzhen) Co Ltd; Shenzhen; China
7804,HEC Montreal &Montreal Institute for Learning Algorithms; Montreal; Canada
7805,Federal University of Viçosa; Viçosa; Brazil
7806,University of Wisconsin - Madison and comScore; Inc.; Madison; WI; USA#TAB#
7807,Amrita University
7808,(Huawei Technologies)
7809,UNSW; Sydney#TAB#
7810,NetEase Fuxi AI Lab; Hangzhou; China
7811,University of Science and Technology of China; AI and Research Microsoft; Hefei; China
7812,AI and Research Microsoft; Suzhou; China
7813,AI and Research Microsoft; Soochow University; Suzhou; China
7814,AI and Research Microsoft; Beijing; China
7815,DiDi AI Labs; Beijing; China
7816,IBM Research---Almaden
7817,IBM Watson Research Laboratory#TAB#
7818,Hewlett Packard Enterprise (HPE)
7819,University of Cambridge &The Alan Turing Institute; Cambridge; United Kingdom#TAB#
7820,University of San Francisco (USF); San Francisco; CA; USA#TAB#
7821,KD Consulting; Saratoga; CA; USA
7822,Carnegie Mellon University and Petuum; Pittsburgh; PA; USA
7823,Comcast Applied AI Research Lab; Washington; DC &University of Maryland; College Park; MD; USA
7824,Amazon Web Services; San Francisco; CA; USA#TAB#
7825,Cinuru Research GmbH; Potsdam; Germany
7826,Imperial College; London #N#United Kingdom
7827,Huawei Technologies; Hong Kong; China#TAB#
7828,LineZone Data; Hangzhou; China
7829,Federation University; Melbourne; Australia
7830,University of Tennessee Health Science Center; Memphis; TN; USA#TAB#
7831,Data61 CSIRO; Sydney; Australia
7832,Sunnybrook Research Institute and University of Toronto; Toronto; ON; Canada#TAB#
7833,Netflix; Los Angeles; CA; USA
7834,Textkernel BV; Amsterdam; Netherlands
7835,AI for Good; Berkeley; CA; USA
7836,Emory University School Of Medicine; Atlanta; GA; USA;
7837,Tata Consultancy Services; New Delhi; India
7838,United States Census Bureau; Washington; DC; USA
7839,Pittsburgh Bureau of Fire; Pittsburgh; PA; USA
7840,Dept. of Innovation and Performance; Pittsburgh; PA; USA
7841,Xidian University &Urban Computing Business Unit; JD Finance; Xi'an; China
7842,Worcester Polytechnic Institue; Worcester; China#TAB#
7843,Beijing Mobike Technology Co.; Ltd; Beijing; China
7844,Urban Computing Business Unit; JD Finance &Xidian University; Beijing; China
7845,University of Arkansas at Little Rock; Little Rock; USA
7846,DJI Innovation Inc; Shenzhen; China
7847,University of Warwick & The Alan Turing Institute; Coventry; United Kingdom
7848,Durham University & University of Warwick; Durham; United Kingdom
7849,Aix Marseille Univ; CNRS; CPT; & ISI Foundation; Marseille; France#TAB#
7850,ISI Foundation & Eurecat; Turin; Italy
7851,Tietotekniikan laitos
7852,Helsinki Institute for Information Technology HIIT#TAB#
7853,King Digital Entertainment Ltd; Stockholm; Sweden
7854,Istituto di Scienza e Tecnologie dell'Informazione; Pisa; Italy
7855,University of at Illinois Urbana-Champaign; Champaign; IL; USA
7856,Konolabs; Inc.; Seoul; South Korea
7857,Univ Lyon; UJM-Saint-Etienne; CNRS; Saint-Etienne; France
7858,JD Finance; Beijing; Beijing; China
7859,Sydney Trains-Operational Technology; Sydney; Australia
7860,University of Notre Dame South Bend; IN USA
7861,JD Group & Southwest Jiaotong University; Beijing; China#TAB#
7862,JD Group; Southwest Jiaotong University & Xidian University; Beijing; China#TAB#
7863,Zhejiang Unviersity & Simon Fraser University; Burnaby; BC; Canada
7864,Xidian University; China; China#TAB#
7865,Samsung Research Canada; Burnaby; BC; Canada#TAB#
7866,CentraleSupélec & Inria Saclay; Gif-sur-Yvette; France
7867,North China Electric Power University; Baoding; China
7868,Alibaba Group & Indiana University Bloomington; Bloomington; IN; USA
7869,National University of Defense Technology; NUDT; ChangSha China
7870,Leibniz University Hannover; Hannover; Germany
7871,Xi'an University of science and technology; Xi'an; China
7872,Baidu Research & National Engineering Laboratory of Deep Learning Technology and Application; Sunnyvale; CA; USA#TAB#
7873,Federal Institute of Goias; Goias; Brazil
7874,Seek AI Labs; Belo Horizonte; Brazil
7875,Fondazione Bruno Kessler & University of Trento; Trento; Italy
7876,FernUniversität Hagen; Hagen; Germany
7877,GESIS -- Leibniz Institute for the Social Sciences; Koln; Germany
7878,Beijing University of Chinese Medicine ; Beijing; China
7879,Chengdu University of Traditional Chinese Medicine; Chengdu; China
7880,Virginia Tech & Escuela Superior Politécnica del Litoral (ESPOL); Blacksburg; VA; USA
7881,Virginia Tech & University at Albany -- SUNY; Blacksburg; VA; USA#TAB#
7882,Amazon; Haifa; Israel#TAB#
7883,Virtual Vehicle Research Center; Graz; Austria
7884,Coorpacademy; Lausanne; Switzerland
7885,Fundan University; Shanghai; China
7886,Chongqing University & The University of Queensland; Chongqing; China#TAB#
7887,Chongqing University & Arizona State University; Chongqing; China#TAB#
7888,University of Chinese Academy of Sciences & Chinese Academy of Sciences; Beijing; China
7889,ByteDance Inc.; Beijing; China
7890,Hasso-Plattner-Institut & University of Potsdam; Potsdam; Germany
7891,GE Global Res. Center; Niskayuna; NY; USA#TAB#
7892,eBay Inc.; Campbell; CA; USA
7893,University of Queensland St Lucia;Australia
7894,The Pennsylvania State University; Pennsylvania; PA; USA
7895,Pearson; Denver; CO; USA#TAB#
7896,Bloomberg; London; United Kingdom
7897,Independent Consultant; Kolkata; India
7898,Conduent Research Labs; Bangalore; India
7899,National University of Defense Technology; China; Changsha; Hunan; China
7900,Konan University ; Kobe ; Japan
7901,Jilin University; Changchun; china)
7902,JetBrains Research; St. Petersburg; Russian Fed.#TAB#
7903,First Line Software; St. Petersburg; Russian Fed.
7904,St. Petersburg State University; St. Petersburg; Russian Fed.
7905,Microsoft AI and Research; Redmond WA; USA
7906,Kira Systems; Toronto; ON; Canada
7907,eHealth Inc.; Mountain View; CA; USA
7908,Target Corporation; Minneapolis; MN; USA
7909,Univ. of South Alabama; Mobile; AL; USA
7910,University of Exeter; Exeter; United Kingdom
7911,University of Toulouse & IRIT; UMR 5505 CNRS; Toulouse; France#TAB#
7912,University of Grenoble Alpes; Grenoble; France#TAB#
7913,Fudan University & CETC Big Data Research Institute Co.;Ltd.; Shanghai; China#TAB#
7914,Fudan University; Alibaba Group; Shanghai; China#TAB#
7915,Università della Svizzera italiana; Lugano; AA; Switzerland#TAB#
7916,Chan Zuckerberg Initiative Inc.; Toronto; ON; Canada
7917,Amazon Development Centre; Seattle; WA; USA
7918,Amazon Development Centre; Bangalore; India#TAB#
7919,INRIA and LIRMM; Montpellier; France
7920,Fed. Inst. of N. Minas Gerais; Montes Claros/MG; Brazil
7921,Fluminense Federal University; Niterói; RJ; Brazil
7922,Fluminense Federal University; St. A. Padua/RJ; Brazil#TAB#
7923,Amazon; Inc.; Seattle; WA; USA#TAB#
7924,Universidade NOVA Lisboa; Caparica; Portugal
7925,Baidu Research; Baidu Inc.; Beijing; China#TAB#
7926,University of Venice; Venice; Italy
7927,Terradue Srl; Rome; Italy
7928,VITO; Mol; Belgium
7929,RAMANI B.V.; Enschede; Netherlands
7930,TCS Research; Noida; India
7931,South China Normal University; Guangdong; China#TAB#
7932,U.S. Food and Drug Administration & Worcester Polytechnic Institute; Worcester; MA; USA#TAB#
7933,U.S. Food & Drug Administration; Silver Spring; MD; USA;
7934,Amazon Research; Haifa; Israel
7935,UserSat.com & University of Amsterdam; Amsterdam; Netherlands#TAB#
7936,IBM Research - Tokyo; Japan
7937,Peking University & Shanghai Jiao Tong University; Beijing; China#TAB#
7938,Zayed University; Abu Dhabi; Uae#TAB#
7939,Fudan University & University of Illinois at Chicago; Chicago; IL; USA
7940,Hortonworks; San Jose; CA; USA
7941,(University of the Aegean; Karlovassi; Samos; Greece)
7942,Open University of Cyprus; Latsia; Cyprus#TAB#
7943,DeepMind and UCL; London; United Kingdom
7944,Snap Inc.; San Francisco; CA; USA
7945,Renmin University of China & Beijing Institute of Technology; Beijing; China
7946,Soochow University & Neusoft Corporation; Suzhou; China
7947,Siemens Corporate Technology; Suzhou; China
7948,University of Chinese Academy of Sciences Chinese Academy of Sciences Beijing; China
7949,Center for OPTical IMagery Analysis and Learning and Xi'an Institute of Optics and Precision Mechanics; Xi'an; China
7950,Big Data Lab (BDL-US); Baidu Research; Sunnyvale; CA; USA#TAB#
7951,Big Data Lab (BDL-US); Baidu Research & National Engineering Laboratory of Deep Learning Technology and Application; Sunnyvale; CA; USA#TAB#
7952,Big Data Lab (BDL-US); Baidu Research; Seattle; WA; USA#TAB#
7953,imec; Ghent University; Ghent; Belgium
7954,Zhejiang University; Zhejiang Provincial Key Lab. of Service Robot & Alibaba-Zhejiang Univ Joint Inst of Frontier Tech.; Hangzhou; China
7955,Tsinghua University; Hangzhou; China
7956,Simon Fraser University; Vancouver; China#TAB#
7957,Tunghai University & Tamkang University; Taichung; Taiwan Roc
7958,Carnegie Mellon University; New York; NY; USA#TAB#
7959,Polytechnic Institute of Tomar LIAAD - INESC TEC; Tomar; Portugal
7960,Computer Science; Waterloo; ON; Canada
7961,Spotify; New York; NY; USA
7962,École Polytechnique & AUEB; Paris; France
7963,University of Trieste & ICAR-CNR; Trieste; Italy
7964,Donghua University; CETC Bid Data Research Institute Co.; Ltd.; & Fudan University; Shanghai; China
7965,Fudan University & Alibaba Group; Shanghai; China
7966,Bosch Center for AI; Renningen; Germany#TAB#
7967,Carnegie Mellon University in Qatar; Doha; QATAR
7968,ICT Labs Australia; Perth; Australia
7969,San José State University; San José; CA; USA
7970,Hasso-Plattner-Inst. Univ. of Potsdam; Potsdam; Germany
7971,Guangdong University of Technology; Guangzhou; CHINA
7972,City University of Hong Kong; HongKong; China
7973,Hunan University ChangSha; Hunan Province;China
7974,State University of New York; New Paltz; NY USA
7975,CareerBuilder Inc; Norcross; GA; USA
7976,University Grenoble Alpes; Grenoble; France
7977,Shanghai University; shanghai; China
7978,IBM Research; Dublin; Ireland; Dublin; Ireland#TAB#
7979,IBM Research; Delhi; India; Delhi; India#TAB#
7980,Outreach.io; Seattle; WA; USA
7981,Unaffiliated; Stockholm; WA; Sweden
7982,Tsinghua University; Beijng; China#TAB#
7983,University of Texas at San Antonio; San Antonio; USA#TAB#
7984,SAP Leonardo ML & Nanyang Technological University; Singapore
7985,SAP Leonardo ML & University College London; London; United Kingdom#TAB#
7986,The University of Queensland Brisbane; QLD; Australia
7987,The Hong Kong Polytechnic University; Hong Kong;
7988,Apple; Amsterdam; Netherlands
7989,Universita di Bologna Bologna Italy
7990,Remin University of China; Beijing; China
7991,ROC Naval Academy; Kaohsiung; Taiwan Roc
7992,University of Nottingham; Nottingham; England UK
7993,Apple Inc.; Cupertino; CA; USA
7994,IBM CAS Benelux; Amsterdam; Netherlands#TAB#
7995,University of Southampton ; Southampton; England; UK
7996,University of Electronic Science and Technology of China; Chnegdu; China
7997,The Hong-Kong University of Science & Technology; Hong Kong;
7998,Tongji University; Shanghai; USA
7999,Univ. of Paris-Sud; Orsay; France
8000,Shizuoka Univ.; Hamamatsu Japan
8001,RIKEN AIP; Tokyo; Japan
8002,Keio Univ.; Kanagawa; Japan#TAB#
8003,Data61 CSIRO; Sydney; NSW; Australia
8004,Ludong University; Shandong; China#TAB#
8005,Amazon Research; Berlin; Germany#TAB#
8006,Ant Financial Services Group; Beijing; China
8007,Ant Financial Services Group; Seattle; WA; USA
8008,Georgia Institute of Technology & Ant Financial Services Group; Atlanta; GA; USA#TAB#
8009,Pohang University of Science & Technology; Pohang; Rebublic of Korea
8010,Google inc; New York; NJ; USA
8011,; Technical University of Berlin; Berlin; Germany
8012,Ohio University; Athens; OH;#R# USA.
8013,DeepMind; Mountain View; CA; USA
8014,Spotify Research; New York City; NY; USA
8015,Microsoft Research; Montreal; Canada
8016,Criteo Research; Palo Alto; CA; USA
8017,University of New; Brunswick Fredericton; Canada
8018,Univ. of Basque Country; Donostia/San Sebastian; Spain#TAB#
8019,Seoul National University; SEOUL; Rebublic of Korea#TAB#
8020,ChongQing University of Technology; ChongQing; China
8021,Leibniz-Universitat Hannover; Germany
8022,The Hong Kong Polytechnic University & Huazhong University of Science and Technology; Hong Kong; Hong Kong
8023,Mila-Quebec AI Institute; HEC Montreal & CIFAR AI Chair; Montreal; Canada
8024,Telecom ParisTech University; Paris; France
8025,F-Secure Corporation; Helsinki; Finland
8026,Korea Advanced Institute of Science & Technology; Daejeon; Rebublic of Korea
8027,Leibniz Univ. of Hanover; Hannover; Germany
8028,Department of Computer Science & Engineering; State University of New York at Buffalo; Buffalo; USA
8029,Dept. of Computer Science; University of California; Irvine; Irvine; USA
8030,Fujita Health University#TAB#
8031,内分泌・代謝内科学
8032,Exabel AS; Oslo; Norway
8033,Data61; CSIRO; Sydney; Australia
8034,Data61; CSIRO; Sandy Bay; Australia
8035,School of Computing; Engineering and Mathematics; Western Sydney University Sydney; Australia#TAB#
8036,Department of Computer Science and Engineering; East Delta University; Chittagong; Bangladesh
8037,China University of Petroleum; Beijing Campus (CUP)
8038,Institute of Intelligent Machines; Hefei Institutes of Physical Science; Chinese Academy of Sciences; Hefei; China#TAB#
8039,Kvasir Ltd.
8040,Avdelningen för datavetenskap underenhet
8041,Teemu Teppo Roos / Ansvarig forskare
8042,Singapore University of Technology & Design
8043,UTSA
8044,Federation University Australia
8045,Westpac Banking Corporation
8046,**University of West Florida
8047,Mininglamp Software Systems
8048,Trend Micro Inc.; PH; Pasig; Philippines
8049,IMADA; SDU
8050,RIMA; USTHB
8051,Western Norway University of Applied Sciences (HVL)
8052,PWC
8053,Computer Science
8054,Department of Mathematics and Computer Science (IMADA)
8055,SDU eScience Centre
8056,Internet Commerce Security Laboratory (ICSL); Federation University Australia; Ballarat; Australia
8057,University of Social Sciences and Humanities; VNU-HCM
8058,University of Science; VNU-HCM
8059,University of Munster; Münster; Germany
8060,Yachiyo Engineering Co.; Ltd
8061,National Engineering Lab for Big Data Analytics; Xi’an Jiaotong University; Xi’an; China
8062,Xi’an JiaoTong University
8063,NOVA LINCS & Universidade NOVA de Lisboa; Caparica; Portugal#TAB#
8064,University of Jinan
8065,DTU Management
8066,Department of Electronic Systems
8067,MediatHand
8068,Center for Communication; Media and Information Technologies
8069,The College of Computer Science; Chongqing University; Chongqing; China
8070,School of Foreign Languages and Cultures; Chongqing University; Chongqing; China
8071,Himalaya Inc.; San Francisco; CA; USA
8072,Swinburne University of Technology; Hawthorn; Australia
8073,Queen's University Belfast; North Ireland; United Kingdom
8074,Max Planck Institute for Informatics; Saarland Informatics Campus; Saarbrücken; Germany
8075,Bosch Center for Artificial Intelligence; Renningen; Germany#TAB#
8076,Microsoft; Inc.; Seattle; WA; USA
8077,Microsoft AI & Research; Bangalore; India#TAB#
8078,Microsoft AI & Research; Hyderabad; India#TAB#
8079,BlackRock; Palo Alto; CA; USA
8080,Department of Computing
8081,Center for Animal Health and Food Safety
8082,Nara Institute of Science & Technology; IKOMA; Japan
8083,Kyoto Sangyo University & Osaka University; Kyoto / Osaka; Japan
8084,Beijing University of Posts and Telecommunications & Beijing Laboratory of Advanced Information Networks; Beijing; China
8085,US Army Research Laboratory Adelphi MD USA
8086,Instituto Federal de Goias; Goiânia; Brazil
8087,Universidade Federal de Goias; Goiânia; Brazil
8088,SEEK; Melbourne; Australia
8089,Google AI; Mountain View; CA; USA
8090,Industrial Engineering and Management Sciences
8091,Arizona State University Glendale; AZ; USA
8092,University of Pisa & ISTI-CNR; Pisa; Italy#TAB#
8093,Technicolor; Palo Alto; CA; USA
8094,Zhejiang University & AZFT Joint Lab of Knowledge Engine; Hangzhou; China#TAB#
8095,Microsoft Research AI; Seattle; WA; USA
8096,Helsinki Institute for Information Technology (HIIT)#TAB#
8097,Beijing Key Laboratory of Big Data Management and Analysis Methods; Beijing; China
8098,Microsoft; Tokyo; China
8099,Biomedical Signals and Systems
8100,Ziekenhuisgroep Twente (ZGT)
8101,Datamanagement & Biometrics
8102,Kno.e.sis; Wright State University; Dayton; OH; USA
8103,Wright State Research Institute; Dayton; OH; USA
8104,Facebook AI Research; Paris; France#TAB#
8105,Forest Resources
8106,Saarbrücken Graduate School of Computer Science Saarland Informatics Campus; Saarbruecken; Germany
8107,Saarland Informatics Campus; Saarbruecken; Germany
8108,MIT; CSAIL; Cambridge; USA
8109,Department of Computer Science; Amherst College; Amherst; USA
8110,RIKEN
8111,Seek Ltd.; Melbourne; Australia
8112,Amazon Research; Barcelona; Spain#TAB#
8113,University of California; Berkeley; Los Angeles; CA; USA#TAB#
8114,Mila & HEC Montreal; Montreal; Canada
8115,European Bioinformatics Institute; Cambridge; United Kingdom.
8116,Yandex School of Data Analysis; Moscow; Russian Fed.
8117,King Abdullah University of Science and Technology; Jeddah; Saudi Arabia
8118,National Institute of Advanced Industrial Science and Technology; Tokyo; Japan
8119,Mahidol University; Bangkok Thailand
8120,Drawbridge Inc.; San Mateo; CA; USA
8121,IEOR; Indian Institute of Technology Bombay; Mumbai; India
8122,Cognitive Science & AI
8123,University of Massachusetts Amherst; Massachusetts; MA; USA
8124,JD.com; beijing; AK; China
8125,Etsy Inc.; New York City; NY; USA
8126,Department of Information and Computer Science
8127,Australian National University & Data61; CSIRO; Canberra; Australia#TAB#
8128,Génie des Réseaux de Transport Terrestres et Informatique Avancée
8129,Chennai Mathematical Inst.
8130,Australian National University & Data 61; CSIRO; Australia; Canberra#TAB#
8131,Georgia Institute of Technology (Georgia Tech)
8132,ECOLE NATIONALE DE L'AVIATION CIVILE
8133,University of Southern Qeensland; Toowoomba; Australia
8134,International Institute of Information Technology - Bangalore; India
8135,LTMS; home of Tilt and Tilec
8136,Dutch National Police
8137,Microsoft XiaoIce
8138,Indiana University; Purdue University
8139,University of Skövde; Sweden; Skövde; Sweden#TAB#
8140,Pontifical Catholic University of Chile; Santiago; Chile
8141,Halmstad University ; Halmstad; Sweden
8142,Bytedance AI Lab; Beijing; China
8143,Hong Kong Polytechnic University
8144,Department of Mathematics and Computer Science
8145,Information Systems WSK&I
8146,Centre for Artificial Intelligence; School of Software; FEIT; University of Technology Sydney
8147,Ant Financial
8148,LinkedIn Corporate; Sunnyvale; CA; USA
8149,Microsoft Corporate; Redmond; WA; USA
8150,LinkedIn Corporate; Mountain View; CA; USA#TAB#
8151,The Australian National University and Data to Decision CRC; Canberra; Australia#TAB#
8152,HRI - CeRAPH
8153,Australian National University & Data61 CSIRO; Canberra; Australia#TAB#
8154,Zoomi Inc.
8155,National Institute of Informatics; National Center for Global Health and Medicine; & University of Cambridge; Tokyo; Japan
8156,National Institute of Informatics & National Center for Global Health and Medicine; Tokyo; Japan
8157,National Center for Global Health and Medicine; Tokyo; Japan
8158,National Institute of Informatics & The University of Tokyo; Tokyo; Japan#TAB#
8159,Research Consulting; San Francisco; USA
8160,Smarter Cities Technology Center; IBM Research Ireland; Dublin; Ireland
8161,University of Texas – Houston; USA
8162,IIIT; Delhi#TAB#
8163,Ancestry; San Francisco; CA; USA
8164,Department of Library and Information Science
8165,Kyungpook National University
8166,Big Data Experience Lab; Adobe Research; Bangalore; India
8167,Chulalongkorn University
8168,Knorex Pte. Ltd.
8169,National Taipei University of Technology
8170,National Institute of Information and; Communications Technology
8171,Harbin Institute of Technology Shenzhen; Shenzhen; China
8172,Google AI#TAB#
8173,University of Toronto;#TAB#
8174,Computer Center; East China Normal University; Shanghai; China
8175,Georgia State University; Atlanta; USA
8176,Department of Computer Science and Information Engineering; National Ilan University; Yilan; Taiwan; ROC
8177,Dept. of Computer Science; National Chiao Tung University; Hsinchu; Taiwan; ROC
8178,Inner Mongolia Univ.; Hohhot; China
8179,National Engineering Center for Big Data Technology and System; Services Computing Technology and System Lab; Cluster and Grid Computing Lab; School of Computer Science and Technology; Huazhong University of Science and Technology; Wuhan; China
8180,De La Salle University
8181,School of Software; University of Technology Sydney; Sydney; Australia
8182,State Key Laboratory for Novel Software Technology; Nanjing University; Nanjing China#TAB#
8183,Inception Institute of Artificial Intelligence; Abu Dhabi; UAE
8184,Dept. of Comput. Sci. & Technol.; Soochow Univ.; Suzhou; China
8185,Peking University Shenzhen Graduate School
8186,Y-tech; Kwai
8187,JD.com
8188,Nanjing Normal University
8189,University of Paris-Descartes
8190,University of Paris‐Descartes
8191,Helmholtz Zentrum München
8192,Ludwig-Maximilians-Universität München
8193,College of Computer Science; Nankai University; Tianjin; China.
8194,College of Artificial Intelligence; Nankai University; Tianjin; China
8195,College of Computer Science; Nankai University; Tianjin; People’s Republic of China
8196,School of Data & Computer Science; Sun Yat-sen University; Guangzhou; China
8197,College of Computer Science and Technology; Northwest Normal University; Lanzhou; China
8198,Guangxi Key Laboratory of Multi-source Information Mining and Security; Guangxi Normal University; Guilin; China
8199,School of big Data & Software Engineering; Chongqing University; Chongqing; China
8200,Peking University & Alibaba Group; Beijing; China
8201,Key Laboratory of Intelligent Information Processing of Chinese Academy of Sciences (CAS); Institute of Computing Technology; CAS; Beijing; China
8202,George Mason University;Fairfax;USA
8203,Sunny Education Inc.; Beijing; China
8204,Southwest Jiaotong University
8205,China UnionPay Co.; Ltd.
8206,School of Computer Science; The University of Adelaide; Adelaide ; Australia#TAB#
8207,Ping An Technology (Shenzhen) Co.; Ltd.; Shenzhen; China
8208,College of Mathematics and Informatics; Fujian Normal University; Fuzhou China
8209,Departement d’informatique; Universite de Sherbrooke; Sherbrooke; Canada
8210,Département de médecine de famille et de médecine d’urgence; Université de Sherbrooke; Sherbrooke; Canada
8211,School of Computer Science and Technology; Joint International Research Laboratory of Machine Learning and Neuromorphic Computing; Soochow University; Suzhou; China
8212,/Nanjing University
8213,Jiangsu Police Institute
8214,State Key Laboratory for Novel Software Technology; Collaborative Innovation Center of Novel Software; Technology and Industrialization; Nanjing University; Nanjing; China#TAB#
8215,Université d’Orléans; INSA Centre Val de Loire; LIFO EA 4022; Orléans; France
8216,Laboratoire d'Informatique de l'Université du Mans
8217,(alibaba group)
8218,Victoria University.
8219,Germany and Hasso Plattner Institute
8220,Germany and Stockholm Resilience Center
8221,CHINA UNIVERSITY OF PETROLEUM
8222,The University of Texas at Austin ;
8223,APPLE; INC.
8224,Indian Institute of Technology Madras
8225,School of Information Technology and Mathematical Sciences (ITMS); University of South Australia; Adelaide; Australia
8226,Chongqing Key Laboratory of Big Data and Intelligent Computing; Chongqing Institute of Green and Intelligent Technology;; Chinese Academy of Sciences; Chongqing; China
8227,University of Louisiana at Lafayette; Lafayette; USA#TAB#
8228,Chongqing Key Laboratory of Computational Intelligence; Chongqing University of Posts & Telecommunications; Chongqing; China.
8229,Jiangsu Key Laboratory of Big Data Security & Intelligent Processing; Nanjing University of Posts and Telecommunications; Nanjing; China
8230,Chinese Academy of Sciences;
8231,College of Computer Science and Electronic Engineering; Hunan University Changsha; China
8232,Shanghai Key Laboratory of Trustworthy Computing East China Normal University Shanghai China
8233,Liaoning university; Shenyang; China
8234,Shanghai Leyan Technologies Co. Ltd.; Shanghai; China
8235,Department of Computer Science; Institute for Biomedical Informatics Department of Internal Medicine; University of Kentucky Lexington; Lexington; USA
8236,Shanghai Tianrang Intelligent Technology Co.; Ltd; Shanghai; China
8237,Software Institute; Jilin University; Jilin; China
8238,Noah’s Ark Lab; Huawei; China
8239,Department of Computer Science; Univ. of New South Wales; Sydney; Australia
8240,CAS Key Laboratory of Network Data Science and Technology; Institute of Computing Technology; Chinese Academy of Sciences; Beijing; China#TAB#
8241,BNRist; Department of Computer Science and Technology; Tsinghua University; Beijing; China
8242,Graduate School at Shenzhen; Tsinghua University.
8243,TCS Research Lab; New Delhi; India
8244,Data 61 CSIRO
8245,Data 61 CSIRO; Sydney; Australia
8246,Department of Computer Science; National Chiao-Tung University; Hsinchu; Republic of China
8247,College of Astronautics; Nanjing University of Aeronautics and Astronautics; Nanjing China
8248,Research Institute of OPPO
8249,ISTI—CNR
8250,University of Pisa
8251,School of Mathematics and Physics; University of Queensland; Brisbane Australia
8252,National Tsing Hua University Hsinchu; Taiwan#TAB#
8253,Shanxi University
8254,ISCAS
8255,University of Chinese; Academy of Sciences
8256,(Nanchang University)
8257,National University of Defense#N# Technology
8258,Dalian University of technology
8259,Chongqing University of Posts and Telecommunications#TAB#
8260,Shanghai Jiao Tong University
8261,Zhejiang university city college
8262,Google Research; NYC; NY; USA
8263,Graduate School of Environmental and Life Science
8264,mit
8265,NCIAS: Mathematical and Natural Sciences; School of (SMNS)
8266,NCIAS: Social and Behavioral Sciences; School of (SSBS)
8267,Engineering; Ira A. Fulton Schools of (IAFSE)
8268,University of Michigan & Oregon Health & Science University; Ann Arbor; MI; USA
8269,Agents; Apprentissage; Contraintes
8270,New Jersey Institute of Technology
8271,Alibaba
8272,Microsoft India; Hyderabad; India#TAB#
8273,Amazon;
8274,Carnegie Mellon University and Amazon
8275,Hosei Univ.; Tokyo; Japan#TAB#
8276,Gunosy Inc.; Tokyo; Japan#TAB#
8277,Zhejiang Cainiao Supply Chain Management Co.; Ltd
8278,iFLYTEK Research
8279,Platform and Content Group; Tencent; Shenzhen; China
8280,The College of Management and Economics; Tianjin University
8281,IFLYTEK CO.; LTD.
8282,Jiangsu Key Lab of Image and Video Understanding for Social Security & Nanjing University of Science and Technology; Nanjing; China
8283,The University of Hong Kong;Hong Kong;China)
8284,Univ. of Helsinki
8285,School of Data and Computer Science; Sun Yat-sen University; Guangzhou; P.R. China#TAB#
8286,Trove AI; Ann Arbor; MI; USA
8287,Pinterest; Seattle; WA; USA
8288,Aspen Technology; Bedford; MA; USA
8289,; Samsung Electronics
8290,Nagoya Inst. of Tech.
8291,Nagoya Institute of Technology; National Institute for Material Science; RIKEN Center for Advanced Intelligence Project
8292,Nagoya Institute of Technology; National Institute for Material Science; Japan Science and Technology Agency
8293,Arizona State University & South China University of Technology
8294,South China Normal Univ
8295,JD.com; Mountain View; CA; USA#TAB#
8296,JD.com & Simon Fraser University; Mountain View; CA; Canada
8297,JD Finance America Corporation & University of Pittsburgh; Pittsburgh; PA; USA#TAB#
8298,Tsuru Robotics
8299,University of Bonn
8300,School of Computer Science;Wuhan University
8301,School of Computer Science;Hubei University of Technology
8302,Preferred Networks; Inc.; Tokyo; Japan#TAB#
8303,Missouri University of Science and Technology
8304,University of Electronic Science and Technology
8305,Apple Inc; Cupertino; WA; USA
8306,The University of Tokyo; Toyko; Japan
8307,the ohio state university
8308,Nationwide Children’s Hospital
8309,Innovation Lab; PayPal; Singapore; Singapore#TAB#
8310,School of Engineering and Information Technology; Federation University
8311,IIT
8312,Boston College; Chestnut Hill; MA; USA;
8313,; Max Planck Institute for Informatics
8314,CISPA
8315,Microsoft Semantic Machines; Seattle; WA; USA
8316,The University of Tokyo & National Institute of Advanced Industrial Science and Technology; Tokyo; Japan#TAB#
8317,The University of Tokyo & Harbin Institute of Technology; Tokyo; Japan
8318,School of Computer Science and Technology Soochow University
8319,WeBank
8320,University of Georgia.
8321,(Adobe)
8322,Bytedance
8323,WeiXin Group; Tencent Inc.; Beijing; China
8324,Evidation Health; Inc.; San Mateo; CA; USA#TAB#
8325,Eli Lilly and Company; Indianapolis IN; USA
8326,fifty-five
8327,Criteo
8328,Massachusetts General Hospital; Charlestown; MA; USA.
8329,Oregon Health & Sci. Univ.; Portland; OR; USA#TAB#
8330,JD Intelligent Cities Research; Beijing; China#TAB#
8331,School of Computer Science; Fudan University
8332,Amherst College;
8333,Fuxi AI Lab; NetEase Inc.; Hangzhou; China#TAB#
8334,LIRIS
8335,Dept. of Electronics and Information Systems; IDLab; Ghent University
8336,INSA-Lyon
8337,University of Chicago & Argonne National Lab; Chicago; IL; USA
8338,NEC Corporation; Kawasaki;Kanagawa; Japan
8339,Snap Research
8340,Pinterest & University of California; Berkeley; San Francisco; CA; USA
8341,WeBank; China
8342,Urban Computing Business Unit; JD Finance
8343,The State University of New York (SUNY Korea); Incheon; South Korea#TAB#
8344,Korea Aerospace Research Institute (KARI); Daejeon; South Korea
8345,University of Illinois at Urbana-Champaign; Beckman Inst.; USA
8346,Otwell Research; Huntsville; AL; USA
8347,Deepair Solutions; London; United Kingdom
8348,Verizon Media; Paris; France#TAB#
8349,JD
8350,Singapore Management University & Salesforce Research Asia; Singapore; Singapore
8351,Baidu Research & National Engineering Laboratory of Deep Learning Technology and Application; Shenzhen; China
8352,Baidu Research & University of Electronic Science and Technology of China; Chengdu; China
8353,Business Intelligence Lab; Baidu Research; Beijing; China
8354,Baidu Research & National Engineering Laboratory of Deep Learning Technology and Application; Beijing; China
8355,Baidu Research; National Engineering Laboratory of Deep Learning Technology and Application; & Rutgers University; Beijing; China
8356,University of California‐San Diego
8357,Keio University; Fujisawa; Japan#TAB#
8358,Keio university; Tokyo; Japan
8359,eXascale Infolab; University of Fribourg;
8360,University of Fribourg**
8361,U. of Fribourg
8362,School of Computer Science and Center for OPTIMAL; Northwestern Polytechnical University; China.
8363,Alibaba Inc.; Beijing; China#TAB#
8364,Alibaba Inc.; Hangzhou; China#TAB#
8365,Xidian Univ.; Xian ; China#TAB#
8366,Inception Institute of Artificial Intelligence
8367,Hebrew University of Jerusalem
8368,Unaffiliated; Unaffiliated; NJ; USA
8369,Penn State Univeristy
8370,University of Illinois Urbana-Champaign
8371,Information Systems and Machine Learning Lab (ISMLL); Institute of Computer Science; University of Hildesheim
8372,Chinese Academy of Meteorological Sciences; Beijing; China
8373,University of Notre Dame & JD Digits; Mountain View; CA; USA
8374,JD.com; Beijing; China#TAB#
8375,AI Labs; Didi Chuxing
8376,Booking.com; Amsterdam; Netherlands#TAB#
8377,McGill University
8378,Koubei; Alibaba Group; Beijing; China
8379,University of Science and Technology of China & Baidu Inc.; Hefei; China
8380,Chinese Academy of Sciences (CAS); Institute of Computing Technology; CAS; & Baidu Inc.; Beijing; China
8381,University of Science and Technology of China; Baidu Inc.; & Baidu Research; Hefei; China
8382,Sberbank AI Lab; Moscow; Russian Fed.#TAB#
8383,Yahoo Research; Los Angeles; CA; USA#TAB#
8384,The Hong Kong University of Secience and Technology
8385,Washington State Univ.#TAB#
8386,University of Texas -- Austin; Austin; TX; USA
8387,Uber AI; San Francisco; CA; USA
8388,#N#Ben-Gurion University; Be’er-Sheva; Israel#N#
8389,IQVIA
8390,Outreach.io; Seattle; WA; USA#TAB#
8391,DeepBlue Technology; Beijing; China#TAB#
8392,Noah Ark's Lab; Huawei Technologies
8393,University of Miami
8394,National Institute of Informatics - Japan
8395,ExxonMobil Upstream Integrated Solutions; Spring; TX; USA
8396,AI Labs; Didi Chuxing; Mountain View; CA; USA#TAB#
8397,AI Labs; Didi Chuxing; Beijing; China
8398,BMW Group & Fraunhofer AISEC; Munich; Germany
8399,BMW Group; Munich Germany
8400,Fraunhofer AISEC; Garching; Germany
8401,Paradigm
8402,Beijing University of Posts and Telecommunications && AI Department; Ant Financial Services Group
8403,Univ. College; London#TAB#
8404,Tech Yahoo; Tel-Aviv; Israel
8405,Boss Zhipin NLP Center
8406,KAUST#TAB#
8407,Universite Rennes; Inria; CNRS; IRISA; Rennes; France
8408,PEGASE; INRA; Agrocampus-Ouest; Rennes; France
8409,Microsoft Research Bangalore; Bangalore; India
8410,University of Illinios; Chicago
8411,Forbes Media LLC; Jersey City; NJ; USA
8412,S&P Global; New York; NY; USA
8413,Etsy; San Francisco; CA; USA
8414,Etsy; New York; NY; USA
8415,IDG Baidu Inc.
8416,Sage Bionetworks;
8417,LinkedIn Corporation; San Carlos; CA; USA
8418,LinkedIn Corporation; Mount View; CA; USA
8419,Rutgers; the State Univ. of New Jersey
8420,School of Computer Science; University of Science and Technology of China
8421,Washington University in St. Louis#TAB#
8422,Binghamton University
8423,SKLSDE Lab and BDBC Beihang University
8424,Rutgers Business School; Rutgers University.
8425,The University of Alabama
8426,Korea Advanced Institute of Science and Technology Daejeon Republic of Korea
8427,National Cheng Kung University; Tainan City; Taiwan ROC#TAB#
8428,Kyungpook National University Chilgok Hospital; Daegu; Republic of Korea
8429,IBS & KAIST; Daejeon; Republic of Korea
8430,USTC
8431,Tencent; Shanghai; China
8432,Foresight ROI; Inc.; Chicago; IL; USA#TAB#
8433,CNIC; Chinese Academy of Sciences
8434,NJIT;
8435,Baidu Research & Rutgers University; Beijing; China#TAB#
8436,State Key Lab of ISN & Xidian University; Xi'an; China
8437,Simon Fraser University; Mountain View; CA; USA
8438,Henan Polytechnic University; Jiaozuo; China
8439,Jiangsu Provincial Key Laboratory of E-Business;Nanjing University of Finance and Economics
8440,Wichita State University
8441,University of Tsukuba & RIKEN Center for Advanced Intelligence Project; Tsukuba; Japan
8442,NTT DOCOMO; Inc.; Tokyo; Japan#TAB#
8443,Data Science Lab; JD.com
8444,RISE SICS; Stockholm; Sweden#TAB#
8445,Center for Applied Intelligent Systems Research (CAISR); Halmstad; University; Sweden
8446,School of Informatics University of Skovde; Sweden
8447,YAHOO!INC
8448,Univ. of Salento
8449,TELECOM ParisTech;
8450,Princeton University *
8451,Dynamic Networks : Temporal and Structural Capture Approach
8452,INRIA de Paris
8453,Uber ATC; Pittsburgh; PA; USA#TAB#
8454,Deco Software; San Francisco; CA; USA
8455,Rhône-Alpes Complex Systems Institute and ENS Lyon; Lyon; France
8456,RNTCP; Mumbai; Mumbai; India
8457,AUSTRAC; Canberra; Australia
8458,Australian National University & AUSTRAC; Canberra; Australia
8459,LMU Munich; Münich; Germany
8460,AIST Tokyo Waterfront
8461,Mahidol University
8462,Pacific Northwest National Laboratory; Seattle; WA; USA
8463,Pacific Northwest National Lab (PNNL); Richland; WA; USA#TAB#
8464,Advanced Micro Devices Inc.; Austin; TX; USA
8465,HEC Montreal & Montreal Institute of Learning Algorithms; Montreal; Canada#TAB#
8466,Unversity of Oxford; Oxford; United Kingdom
8467,ShopRunner; Chicago; IL; USA
8468,The Lab at DC; District of Columbia; DC; USA
8469,City of Denver; CO; Denver; CO; USA
8470,City of Syracuse; NY; Syracuse ; NY; USA#TAB#
8471,Dept. of Genetics & Genomic Sci.; Icahn Inst. for Genomics & Multiscale Biol.; New York; NY; USA
8472,Huawei Technol. Co. Ltd.; Beijing; China
8473,JD.com &Simon Fraser University; Beijing/Burnaby; Canada
8474,Universidad Peruana de Ciencias Aplicadas; ; Lima; Perú
8475,Universidad de la Costa; Barranquilla; Atlántico; Colombia
8476,Universidad Libre Seccional Barranquilla; Atlántico; Colombia
8477,Corporación Universitaria Latinoamericana; Barranquilla; Colombia
8478,RIKEN Center for AIP; Tokyo; Japan
8479,Harbin engineering Univ.
8480,Haverford college
8481,University of Arizona;
8482,Saarland Informatics Campus; Saarbrücken; Germany
8483,German Meteorological Service; Offenbach; Germany
8484,Inova Heart and Vascular Institute; West Falls Church; VA; USA
8485,Universidad Simón Bolîvar
8486,Corporación Universitaria Minuto de Dios – UNIMINUTO
8487,University of Texas Southwestern Medical Center
8488,Clinical Sciences - QBRC
8489,School of Computing and Informatics; Universiti Teknologi Brunei; Gadong; Brunei Darussalam
8490,Universidad Pontificia Bolivariana
8491,Universidad Pontificia Bolivariana; Medellin; Colombia
8492,Universidad de La Costa; CUC; Barranquilla; Colombia
8493,Universidad Peruana de Ciencias Aplicadas
8494,Fundación Universitaria Popayán
8495,Corporación Universitaria Reformada
8496,DIMES - University of Calabria
8497,Texas State University
8498,Google; San Bruno; CA; USA#TAB#
8499,Mathematics
8500,Max Planck Institute for Software Systems;
8501,†University of Lausanne
8502,Universidad Distrital “Francisco José de Caldas”; Bogotá; D. C; Colombia
8503,Inria-Sophia Antipolis; Valbonne; France
8504,Department of Computer Science; TU; Dortmund; Germany#TAB#
8505,universitas Indonesia
8506,Intel Corporation; ; Hillsboro; OR; USA
8507,University of Oxford &Alan Turing Institute; Oxford; United Kingdom
8508,Alan Turing Institute &University of Edinburgh; LONDON; United Kingdom
8509,NEC Corporation; Kawasaki-City; Japan
8510,NEC Corpoartion; Cupertino; CA; USA
8511,Dept. of Comput. Sci. & Software Eng.; Xi'an Jiaotong-Liverpool Univ.; Xi'an; China
8512,Microsoft Research; Herziliya; Israel
8513,Microsoft Reaserch; Herziliya; Israel#TAB#
8514,Hadassah Medical School; Jerusalem; Israel
8515,Guangzhou Power Supply Co. Ltd.
8516,Shenzhen Institute of Advanced Technology; Chinese Academy of Sciences#TAB#
8517,Zhengzhou University;
8518,UT Texas; Austin; TX; USA
8519,Statistique; Analyse et Modélisation Multidisciplinaire (SAmos-Marin Mersenne)
8520,Viadeo SA
8521,Centre de Recherche en Informatique de Paris 1
8522,Dept. of Computer Science and Information Engineering; National Taiwan University of Science and Technology; Taipei; Taiwan; R.O.C.
8523,State Key Laboratory of Advanced Optical Communication Systems and Networks; School of Electronics Engineering and Computer Science; Peking University; Beijing; China
8524,Key Laboratory of Machine Perception (MOE); and Department of Machine Intelligence; School of Electronics Engineering and Computer Science; Peking University; Beijing; China
8525,RIET
8526,Universidad de la Habana
8527,University of Illinois at Chicago
8528,School of Management; Capital Normal University; Beijing; China#TAB#
8529,Dept. of Comput. Sci. & Eng.; Univ. at Buffalo; Buffalo; NY; USA
8530,Media Informatics Special Interest Group; Centre for Innovative Engineering; Universiti Teknologi Brunei; Gadong; Brunei
8531,LTCI; Télécom ParisTech; Université Paris Saclay;;;Paris;;France
8532,Advanced Digital Sciences Center
8533,Nomura Asset Management Co.; Ltd.
8534,Macquarie university; sydney; australia#TAB#
8535,Data61; CSIRO; Canberra; Australia
8536,DeepMind; Mountain View; CA; USA#TAB#
8537,Google Brain; Pittsburgh; PA; USA#TAB#
8538,DeepMind; London; United Kingdom#TAB#
8539,Massachusetts Institute of Technology; Boston; MA; USA
8540,Pandora Media & Stanford University; Oakland; CA; USA#TAB#
8541,University of California; Berkeley; Berkeley; CA; & Massachusetts Institute of Technology; Boston; MA; USA#TAB#
8542,Inst. for Theor. Phys.; Univ. of Wuerzburg; Wurzburg; Germany
8543,HRL LABORATORIES; LLC
8544,East China Normal University; Shnaghai; China#TAB#
8545,Samsung Electronics Suwon; South Korea
8546,Harvard Medical School; Boston; MA; USA;
8547,Department of Computer Science and Engineering; Hong Kong Univ of Science and Tech; Kowloon; Hong Kong
8548,Xidian University & National University of Singapore; Xi'an; China
8549,National University of Singapore & SAP Machine Learning Applications; Singapore; Singapore
8550,Xidian University & JD Intelligent Cities Research; Xi'an; China
8551,JD Intelligent Cities Research & Southwest Jiaotong University; Beijing; China
8552,JD Intelligent Cities Research; Xidian University; & Southwest Jiaotong University; Beijing; China
8553,Fac. of Eng. & Inf. Technol.; Univ. of Technol.; Sydney; Sydney; NSW; Australia
8554,Sch. of Comput. Eng. & Sci.; Shanghai Univ.; Shanghai; China
8555,Dept. of Comput. Sci.; Univ. of the Western Cape; Belville; South Africa
8556,Tula State University ; Tula; Russia
8557,Yangzhou University
8558,UNIVERSITY OF LOUISIANA AT LAFAYETTE
8559,Wipro technologies
8560,PICT
8561,Faculty of Computing and Informatics; Multimedia University; Cyberjaya. Malaysia
8562,University of Waterloo;#TAB#
8563,Deakin University; Geelong; Australia
8564,University of Quebec in Montreal#TAB#
8565,CHOICE Technologies Holding Sàrl
8566,Google; Inc.; Madison; WI; USA
8567,Twitter; London; United Kingdom
8568,Twitter; New York; NY; USA
8569,Know-Center GmbH Research Center for Data-Driven Business & Big Data Analytics (98770)
8570,Institute of Interactive Systems and Data Science (7060)
8571,University of Technology Sydney & Southwest Jiaotong University; Sydney; NB; Australia#TAB#
8572,University of Technology Sydney; Centre for Artificial Intellig; Australia
8573,Xidian University & JD Intelligent Cities Research; Beijing; China
8574,Vatican Secret Archives; Vatican City; Vatican City
8575,Verizon Media; Sunnyvale; CA; USA
8576,Indeed; San Francisco; CA; USA
8577,Universidad Distrital “Francisco José de Caldas”; Bogotá (Colombia).
8578,Meituan-Dianping Group; Beijing; China#TAB#
8579,Colorado State University
8580,University of Copenhagen / IBM Denmark; Copenhagen; Denmark#TAB#
8581,#N# #N# Statens Serum Institut; Copenhagen; Denmark
8582,Samsung Strategy and Innovation Center; San Jose; CA; USA#TAB#
8583,Privacy Models; Architectures and Tools for the Information Society
8584,University College of London; London
8585,Finnish Institute of Occupational Health (TTL)
8586,School of Information; Renming University
8587,Lahore University of Management Sciences
8588,Indiana University Bloomington; Bloomginton; IN; USA#TAB#
8589,Zhejiang Cainiao Supply Chain Management Co.; Ltd.; Hangzhou; China
8590,NLPR; Chinese Academy of Sciences; Beijing; China
8591,University of Shanghai for Science; Shanghai; China
8592,Dept. of Comput. Sci.; Worcester Polytech. Inst.; Worcester; MA; USA
8593,Grad. Inst. of Commun. Eng.; Nat. Taiwan Univ.; Taipei; Taiwan
8594,Criteo Research
8595,(Facebook)
8596,Google AI; New York; NY; USA
8597,Department of Business Administration; National Central University; Jhongli City; Taiwan (R.O.C.)
8598,Department of Industrial Engineering and Management; Ming Chi University of Technology; New Taipei City; Taiwan (R.O.C.)
8599,Atmospheric and Environmental Research; Lexington; MA; USA#TAB#
8600,Amazon AI & Yahoo Research; New York; NY; USA#TAB#
8601,Stanford Univ.; Stanford; CA
8602,Google; Inc.; New York; NY#TAB#
8603,Electronic Arts;
8604,Department of Computer Science; Texas Tech University; Lubbock; USA
8605,Department of Computer Science; George Washington University; Washington; D.C.; USA
8606,Department of Plant and Soil Science; Texas Tech University; Lubbock; USA
8607,Jiangxi University of Finance and Economics
8608,Department of Business Administration; National Central University; Taoyuan City; Taiwan; R.O.C.
8609,Bosch Research North America
8610,Computer Science; Wireless Health; Center for Traumatic Brain Injury
8611,JD AI Research & University of Technology Sydney; Beijing; China
8612,IITB-Monash Research Academy
8613,The Institute of Statistical Mathematics; Research Organization of Information and Systems and Department of Statistical Science; The Graduate University for Advanced Studies
8614,LRI; Université Paris-Sud; Orsay; France#TAB#
8615,Tradelab and LRI; Université Paris-Sud; Paris; France#TAB#
8616,Carnegie Mellon University & Amazon Research; Pittsburgh; PA; USA#TAB#
8617,AWS AI Labs; Berlin; Germany#TAB#
8618,AWS AI Labs; Munich; Germany#TAB#
8619,AWS AI Labs; East Palo Alto; CA; USA#TAB#
8620,Lyft; San Francisco; CA; USA#TAB#
8621,Intuit Inc; Washington; DC; USA
8622,Futurewei Technologies; Shenzhen; China
8623,Simon Fraser University and JD.com; Burnaby; Canada#TAB#
8624,Databricks; Inc.; San Francisco; CA; USA
8625,NCSOFT Co.; Seongnam; South Korea
8626,Amazon Web Services; Seattle; WA; USA#TAB#
8627,Fiddler Labs; Mountain View; CA; USA#TAB#
8628,Snap Inc.; Santa Monica; CA; USA
8629,Outreach; Seattle; WA; USA
8630,Gyeongin National University of Education ; Anyang; Republic of Korea
8631,MIT Lincoln Laboratory; Lexington; MA; USA#TAB#
8632,Apple; Palo Alto; CA; USA
8633,Infinia ML; Inc. & Duke University; Durham; NC; USA
8634,UBTECH Sydney AI Centre; SCS; University of Sydney & Capital Markets CRC; Australia; Sydney; NB; Australia
8635,UBTECH Sydney AI Centre; SCS; University of Sydney; Sydney; Australia
8636,Central Washington University; Ellensburg; WA.; USA
8637,Università di Padova ; Padua; Italy
8638,Amherst College ; Amherst; MA; USA
8639,; University of Calabria; Rende; Italy
8640,Stanford University & Georgia Institute of Technology; Stanford; CA; USA#TAB#
8641,Calculation Consulting; San Francisco; CA; USA
8642,Information Science & Technology College; Dalian Maritime University; Dalian; China
8643,Wuhan University of Technology; Wuhan China
8644,DiDi AI Labs; Didi Chuxing; Mountain View; CA; USA
8645,DiDi AI Labs; Didi Chuxing & Syracuse University; Beijing; China
8646,DiDi AI Labs; Didi Chuxing & University of Michigan; Beijing; China
8647,University of Notre Dame; JD Digits; Notre Dame; IN; USA#TAB#
8648,Didi Chuxing & University of Michigan; Beijing; China#TAB#
8649,Kaiser Permanente; Oakland; CA; USA;
8650,Airbnb; Stanford; CA; USA
8651,Microsoft Healthcare; Redmond; WA; USA#TAB#
8652,Arizona State University & University of Virginia; Tempe; AZ; USA#TAB#
8653,Nordea Data Science Lab; Helsinki; Finland#TAB#
8654,KeepTruckin; San Francisco; CA; USA
8655,IQVIA; CAMBRIDGE; MA; USA#TAB#
8656,Google; San Francisco; CA; USA
8657,Department of Mathematics; Universitas Indonesia; Depok; Indonesia#TAB#
8658,IBM Research; Boston; MA; USA
8659,Oregon Health and Science University
8660,Ophthalmology
8661,Department of Computer and Radio Communications Engineering
8662,Alibaba DAMO Academy; Hangzhou; China
8663,Inria and LIX (UMR 7161; CNRS and Ecole polytechnique); Palaiseau; France
8664,Symbolic and Human-centric view of dAta MANagement
8665,Laboratoire d'Informatique Médicale et Ingénierie des Connaissances en e-Santé
8666,UT Health Science Center at Houston; Houston; TX; USA
8667,Bosch Center for AI & University of Oslo; Renningen; Germany
8668,Amazon Search; Berkeley; CA; USA
8669,Amazon Search; Palo Alto; CA; USA
8670,Mail.ru Group; Moscow; Russian Fed.
8671,Mathematics And Statistics
8672,International Business Machines; San Francisco; CA; USA
8673,Stanford University & Google Research; Stanford; CA; USA
8674,Waymo; Mountain View; CA; USA
8675,IIT Gandhinagar; Gandhinagar; India#TAB#
8676,Microsoft AI and Research
8677,Beuth University of Applied Sciences; Berlin; Germany#TAB#
8678,School of Engineering and Computer Science; University of Texas at Dallas; Richardson; USA
8679,Dept of Statistics; Purdue University;West Lafayette;USA
8680,Faculty of Engineering & Information Technology; University of Technology Sydney; Ultimo; Australia
8681,Department of Computer Science and Engineering; Nanjing University of Posts and Telecommunications; Nanjing; People’s Republic of China
8682,School of Computer Science and Engineering Southeast University; Nanjing; People's Republic of China#TAB#
8683,School of Computer Science; Beijing University of Posts and Telecommunications Beijing; China
8684,University of New South Wales (UNSW); Kensington; Australia
8685,The University of Southern Queensland; Toowoomba; Australia
8686,Guilin University of Electronic Technology Guilin; China#TAB#
8687,Dalian JiaoTong University; Dalian; China
8688,Tsinghua National Laboratory for Information Science and Technology; Tsinghua University; Beijing; People's Republic of China
8689,Faculty of Information Technology; Beijing University of Technology; Beijing; China
8690,TCS Innovation Labs; Chennai; India
8691,Kingsoft AI Lab; Beijing; China
8692,Institute Automation; Chinese Academy of Sciences; Beijing; China
8693,Beijing Language and Culture University; Beijing; China.
8694,College of Computer Science & Engineering Northwest Normal University Lanzhou China
8695,College of Telecommunication & Information Engineering; Nanjing Univ. of Posts & Telecommunications; Nanjing; China
8696,College of Computer Science and Technology Nanjing University of Posts and Telecommunications Nanjing; China
8697,Beijing Key Laboratory of Mobile Computing and Pervasive Device Institute of Computing Technology; Chinese Academy of Sciences Beijing China
8698,IFSTTAR; COSYS; GRETTIA; Université Paris-Est; Marne la Vallée; France
8699,LIASD research Lab; University of Paris VIII; Paris; France
8700,Department of Information and Computer Sciences; Saitama University; Saitama; JAPAN
8701,Department of Electronic Engineering; National Taipei University of Technology ; Taipei ; Taiwan
8702,Dept. of Information Management; Central Police University; Taoyuan City; Taiwan
8703,KDDI Research; Inc.; Chiyoda-ku; Japan
8704,; Osaka University; Suita; Japan
8705,Guangxi Key Lab of Multi-source Information Mining & Security; Guangxi Normal University Guilin; China
8706,Academy of Mathematics and Systems Science Chinese Academy of Sciences Beijing China
8707,Search Labs; Amazon; Palo Alto; CA; USA
8708,Université Paris 13; Laboratoire d’Informatique de Paris-Nord (LIPN)
8709,Université Paris 13; Laboratoire d’Informatique de Paris-Nord (LIPN); Villetaneuse; France
8710,Safran Aircraft Engines; Moissy-Cramayel; France
8711,Business School; Huaqiao University; Quanzhou; China
8712,Key Lab of Intelligent Information Processing of Chinese Academy of Sciences (CAS); Institute of Computing Technology; CAS; Beijing; China
8713,Beijing Innovation Center for Mobility Intelligence (BICMI); Beijing; China
8714,Comput. Network Inf. Center; Chinese Acad. of Sci.; Beijing; China
8715,School of Electronic Information & Engineering; Beihang University; Beijing; China
8716,Nat. Univ. of Defense Technol.; Chang Sha; China
8717,Central Queensland University & Chongqing Meiqi Industry Co.; Brisbane; Australia
8718,African Institute for Mathematical Sciences (AIMS)
8719,Computer Science Laboratory of Paris North (LIPN; CNRS UMR 7030); University of Paris 13; Villetaneuse; France
8720,Miscrosoft Research Asia; Beijing; China
8721,Beibei Group; Beijing; China
8722,Didi Research; Beijing; China#TAB#
8723,MPI for Informatics; Saarbruecken; Germany
8724,Amazon Alexa; Aachen; Germany
8725,Peking Univeristy; Beijing; China
8726,Yahoo Research; San Jose; CA; USA
8727,Pohang University of Science and Technology Pohang; Republic of Korea
8728,Poisson Lab; Huawei Technologies; Shenzhen; China
8729,JiLin Univ.; Jilin; China
8730,Kyoto University & AIRC; AIST; Kyoto; Japan
8731,Polytechnic Institute of Tomar; LIAAD?INESC TEC; Tomar; Portugal
8732,Microsoft Research & Peking University; Beijing; China
8733,AIRC; AIST; Tokyo; Japan#TAB#
8734,Allstate Northern Ireland; Northern Ireland; United Kingdom
8735,University College London; London; England UK
8736,Jinan University; Guangzhou; China;
8737,NetEase Inc.; Hangzhou; China
8738,Imperial College London & University of Augsburg; London; United Kingdom
8739,China Automotive Technology & Research Center; Tianjin; China
8740,National Chiao Tung University & Academia Sinica; Hsinchu; Taiwan Roc
8741,SenseTime Group Ltd; Beijing; China
8742,Facebook Inc.; New York; NY; USA
8743,University of Illinois at Urbana-Champaign & Arizona State University; Urbana; IL; USA
8744,ECNU; Shanghai; China
8745,Beijing iQIYI Cinema Management Co.; Ltd.; Beijing; China
8746,eBay Research; Netanya; Israel#TAB#
8747,Hong Kong University of Science and Technology; HK; Hong Kong
8748,DIEF - UNIMORE; Modena; Italy
8749,DISI-UNITN; Trento; Italy
8750,Collective[i]; New York; NY; USA
8751,HEC Montreal Montreal Institute for Learning Alogorithms; Montreal; Canada
8752,School of Software Engineering Beijing Jiaotong University Beijing China
8753,Indraprastha Institute of Information; Technology; Delhi; India
8754,Tencent AI Lab; Bellevue WA; USA
8755,independent; independent; China
8756,Northeast Forestry University ; Harbin ; China
8757,( Harbin University of Science and Technology Harbin China )
8758,University of Electronic Science and Technology of China Chengdu; China; ChengDu; China
8759,Wuhan Unisversity; Wuhan; China
8760,Xiaomi Inc.; Beijing; China
8761,Xiaomi Inc.; Wuhan; China
8762,Georgia Tech University; Atlanta; GA; USA#TAB#
8763,Eaton Corp.; Dublin; Ireland
8764,Nokia Bell Labs; Dublin; Ireland
8765,IBM; Armonk; NY; USA#TAB#
8766,Shanghai Branch; CNCERT/CC; Shanghai; China
8767,Oracle Corporation; Oakland; CA; USA
8768,Lawrence-Livermore Nat. Lab.; Livermore; CA; USA
8769,EURECOM; Biot; France#TAB#
8770,University of Science and Technology of China & Ant Financial Services Group;; Hefei; China
8771,JD Intelligent Cities Research; JD Intelligent Cities Business Unit; & Tsinghua University; Beijing; China
8772,Xidian University & JD Intelligent Cities Research; JD Intelligent Cities Business Unit; Beijing; China
8773,JD Intelligent Cities Research & JD Intelligent Cities Business Unit; Beijing; China
8774,JD Intelligent Cities Research; JD Intelligent Cities Business Unit & Southwest Jiaotong University; Beijing; China#TAB#
8775,JD AI Research; Nanjing; China
8776,Shenzhen Institutes of Advanced Technology; Chinese Academy of Sciences & University of Chinese Academy of Sciences; Shenzhen; China
8777,Community Organisational and Social Informatics (COSI)
8778,Computer Human Interaction and Creativity (CHIC)
8779,Baidu Research USA; Sunnyvale; CA; USA
8780,Baidu Research USA; Bellevue; WA; USA
8781,Sun Yat-sen University; China; Guangzhou; China
8782,Bloomberg; New York; NY; USA
8783,KISTI; Seoul; Republic of Korea
8784,Alibaba Group & Zheijiang University; Hangzhou; China
8785,Alibaba; Hangzhou; China
8786,Iowa State University; IA; IA; USA
8787,Sogang University; Seoul; Republic of Korea#TAB#
8788,Zhejiang University & Westlake University; Hangzhou; China
8789,Westlake University; Hangzhou; China
8790,WeCar(Shenzhen) Technology Co.; Ltd.; Shenzhen; China
8791,Tencent Medical AI Lab Beijing China
8792,University of Maryland; Washington ; MD; USA
8793,University of Turin & ISI Foundation; Turin; Italy
8794,The Affiliated Institute of ETRI; Daejeon; South Korea#TAB#
8795,Huawei Canada Research Centre Toronto; Canada
8796,Deezer Research & Development & École Polytechnique; Paris; France
8797,Deezer Research & Development; Paris; France
8798,IBM Research Labs; Dublin; Ireland#TAB#
8799,Alibaba Group (U.S.) Inc.; Sunnyvale; CA; USA
8800,Tencent Security Lab; Shenzhen; China#TAB#
8801,University of Minnesota & WalmartLabs; Minneapolis; MN; USA
8802,Simon Fraser University & Amazon; Burnaby; Canada
8803,Microsoft Research Asia; Beijing; Colombia
8804,College of Intelligence and Computing Tianjin University; Tianjin; China
8805,National Taiwan University; Taiepei; Taiwan Roc
8806,Tel Aviv Univesity; Tel Aviv; Israel
8807,Guangzhou University Guangzhou; China
8808,National Innovation Institute of Defense Technology & Tianjin Artificial Intelligence Innovation Center; Beijing; China
8809,Univ. of Belgrade; Belgrade; Serbia#TAB#
8810,Microsoft AI & Research; Bellevue; WA; USA
8811,Beijing Advanced Innovation Center for Big Data and Brain Computing & Beihang University; Beijing; China
8812,Hong Kong University of Science and Technology; Hone Kong; Hong Kong
8813,PPDAI Group Inc.; Shanghai; China
8814,Facebook; San Jose; China
8815,Ping An Bank Co.; Ltd.; Beijing; China
8816,Fudan University; Hangzhou; China
8817,GT-ARC gemeinnützige GmbH; Berlin; Germany
8818,University of Hyogo; Kobe; Japan#TAB#
8819,University of Science and Technology of China & iFLYTEK Research; Hefei; China
8820,National University of Defense Technology & Sate Key Laboratory of Cryptology; Changsha; China
8821,Birkbeck College & University of London; London; United Kingdom
8822,École Polytechnique & AUEB; Palaiseau; France
8823,Sorbonne Université Paris France
8824,Universidade da Coruña - Centro de Investigación CITIC; A Coruña; Spain
8825,University of Alberta & University of College London & Huawei; Edmonton; Canada
8826,Huawei; Shenzhen; China
8827,Fudan University & Pingan Life Insurance; Shanghai; China
8828,GO1; Melbourne; Australia
8829,Shandong Unviersity; Qingdao; China
8830,Qilu University of Technology (Shandong Academy of Sciences); Jinan; China#TAB#
8831,Univ Lyon; INSA Lyon; CNRS; LIRIS UMR 5205; F-69621 Villeurbanne; France
8832,The State University of New York (SUNY); Korea; Incheon; Republic of Korea
8833,IngenioAI; Seoul; Republic of Korea
8834,Linkgenesis; Anyang; Republic of Korea
8835,Pohang Iron and Steel Company (POSCO); Gwangyang; Republic of Korea
8836,Sungkyunkwan University; Suwon; Republic of Korea
8837,Rowan University; Glassboro NJ USA
8838,Nantong University; Nantong; China
8839,Singapore Management University; Singapore Management Universit; Singapore
8840,Beijing University of Posts and Communications; Beijing; China
8841,University of Illinois at Chicago; IL; IL; USA
8842,Case Western Reserve University; OH; OH; USA
8843,University of Murcia;Murcia;Spain
8844,University of Applied Sciences Western Switzerland (HES-SO) Sierre; Switzerland
8845,Centre Suisse d'Electronique et de Microtechnique (CSEM); Neuchâtel; Switzerland
8846,National University of Defense Technology & University of Amsterdam; Changsha; China
8847,Télécom Paris; Paris; France
8848,Criteo AI Labs; Palo Alto; CA; USA
8849,Institute of Computing Technology; Chinese Academy of Sciences and University of Chinese Academy of Sciences; Beijing; China
8850,Norwegian University of Science and Technology; Aalesund; Norway
8851,Norwegian University of Science and Technology Gjøvik; Norway#TAB#
8852,Tencent Inc. & Peking University; Beijing; China
8853,Tencent Inc.; Guangzhou Shi; Guangdong Sheng; China
8854,University of California; Los Angeles; Los Angeles; NY; USA
8855,Machine Intelligence Center Lenovo Group Limited; Hong Kong; China
8856,Jianghan University; Wuhang; China
8857,Bytedance Inc; Beijing; China
8858,DIEF-UNIMORE; Modena; Italy
8859,WeBank Co.; Ltd; Shenzhen; China
8860,WeBank Co.; Ltd; Shenzhen; Hong Kong; China
8861,China University of Petroleum (EastChina); Qingdao; China
8862,The National Police University for Criminal Justice; Baoding; China
8863,Beijing Technology and Business University Beijing China
8864,Claremont McKenna College; Claremont; CA; USA
8865,Oracle Inc.; Redwood Shores; CA; USA
8866,National Research University Higher School of Economics; Moscow; Russian Fed.
8867,University of Nottingham & Nokia Bell Labs; Nottingham & Cambridge; United Kingdom
8868,Korea University & SKT AI Center; Seoul; South Korea
8869,SK Planet; Seoul; South Korea
8870,NICE Information Service; Seoul; South Korea
8871,Amazon AWS; San Francisco; CA; USA
8872,Amazon Inc.; Palo Alto; CA; USA
8873,ISIR; Osaka University; Osaka; JAPAN
8874,Sun Yat-sen University; Guang Zhou China
8875,Hong Kong Baptist University & Sun Yat-Sen University; Hong Kong; China
8876,iFLYTEK Co.; LTD; Hefei; China
8877,Ant Financial Services Group & University of Science and Technology of China; Hangzhou; China
8878,Jamia Millia Islamia; New Delhi; India;
8879,Indian Institute of Technology Ropar;Rupnagar;India
8880,Fujitsu Labs. of America; Sunnyvale; CA; USA
8881,NTT Communication Science Laboratories; Kanagawa; Japan
8882,SIAT; Chinese Academy of Sciences & Sichuan University; Shenzhen; Guangdong; China
8883,Peking University; Shenzhen; Guangdong; China
8884,ICT; Chinese Academy of Sciences; Beijing; China
8885,SIAT; Chinese Academy of Sciences; Shenzhen; Guangdong; China
8886,Rutgers University & Baidu Inc.; Newark; NJ; USA
8887,University of Helsinki & Hong Kong University of Science and Technology; Helsinki; Finland
8888,Amazon; East Palo Alto; CA; USA
8889,NEC Labs America - Princeton; Princeton; NJ; USA
8890,National University of Defense Technology & University of California; Los Angeles; Changsha; China
8891,University of California; Los Angeles & University of Pennsylvania; Los Angeles; CA; USA
8892,Huawei Technol.; Shenzhen; China
8893,Japan Advanced Institute of Science and Technology; Ishikawa; Japan
8894,DFKI GmbH; Berlin; Germany
8895,TU Berlin & DFKI GmbH; Berlin; Germany
8896,Intel®; Labs; Hillsboro; OR; USA
8897,Alibaba Group US; Bellevue; WA; USA
8898,Alibaba Group US; Sunnyvale; CA; USA
8899,The University of British Columbia; Vancouver; BC Canada
8900,Mesh Korea; Seoul; South Korea
8901,Delhi Technological University; New Delhi; India#TAB#
8902,Netaji Subhash Insitute of Technology; New Delhi; India
8903,Bloomberg & IIIT-Delhi; New York; NY; USA
8904,Unbxd; Bengaluru; India
8905,Sapienza Università di Roma; Rome; Italy
8906,Hiretual; Mountain View; CA; USA
8907,National University of Singapore; Sinapore; Singapore
8908,University of the Pacific; Stockton CA USA
8909,University of Connecticut & Google LLC; Storrs; CT; USA
8910,The Hong Kong University of Science and Technology; Hangzhou; China
8911,Huawei Technol.; Hangzhou; China
8912,State University of New York & Kent State University; Canton; NY; USA
8913,Southwest Jiao Tong University; Chengdu; China
8914,JD Intelligent Cities Research; JD Intelligent Cities Business Unit & Xidian University; Beijing; China
8915,ROMA TRE University; Roma; Italy
8916,(Polytechnic University of Bari; Bari; Italy)
8917,Ant Financial Services Group; Shanghai; China
8918,Ant Financial Services Group; San Mateo; CA; USA
8919,Amirkabir University of Technology (Tehran Polytechnic) & Télécom-Paris; Institut Polytechnique de Paris (IP-Paris); Tehran; Iran
8920,Télécom-Paris; IP-Paris; Paris; France
8921,Peking University; Peng Cheng Laboratory; & The Chinese University of Hong Kong; Hong Kong; Hong Kong
8922,Peking University & Peng Cheng Laboratory; Shenzhen; China
8923,Huawei Technologies Co.; Ltd; Shanghai; China
8924,WeCar Technology Co.; Ltd.; Shenzhen; China
8925,Zhihu; Beijing; China
8926,Shandong Jianzhu University; Jinan; China;
8927,Shandong Normal University; Jinan China
8928,State Key Laboratory of CAD&CG; Zhejiang University; Hangzhou; China
8929,Sun Yat-Sen University & Guangdong Key Laboratory of Big Data Analysis and Processing; Guangzhou; China
8930,University of Bremen; Bremen; Germany
8931,HP Lab; Silicon Valley; CA; USA
8932,Interdigital; Palo Alto; CA; USA
8933,Bryant University & University of California; Berkeley; Smithfield; RI; USA
8934,Facebook & University of California; Santa Cruz; Menlo Park; CA; USA
8935,Lenovo Research; Beijing; China
8936,Vienna Univ. of Economics and Business; Vienna; Austria#TAB#
8937,Fraunhofer FIT; Sankt Augustin; Germany
8938,Univ. of Southern California; Los Angeles; SC; USA
8939,CITEC Cluster of Excellence; Bielefeld University; Bielefeld; Germany
8940,Zhejiang Univerisity; Hangzhou; China
8941,Shanghai Jiao Tong Univerisity; Shanghai; China
8942,Tsinghua Univerisity; Beijing; China#TAB#
8943,Research Institute of Highway; Ministry of Transportation; Beijing; China
8944,Shanghai Jiao Tong University & IBM Research China; Shanghai; China
8945,JD Digits; Mountain View; CA; USA
8946,BOSS Zhipin NLP Center; Beijing; China
8947,BOSS Zhipin; Beijing; China
8948,Univeristy of Queensland & University of Surabaya; Brisbane; Australia
8949,Univeristy of Queensland; Brisbane; Australia
8950,Australian E-Health Research Center; CSIRO; Brisbane; Australia
8951,Huawei Noah’s Ark Lab; Beijing; China
8952,AI Labs; DiDi; Beijing; China
8953,Pennsylvania State University; University Park; Pennsylvania;; PA; USA
8954,Data61; CSIRO; Adelaide; Australia
8955,Seek Data Inc.; Shanghai; China
8956,Wilfrid Laurier University; Waterloo; ON; Canada#TAB#
8957,Microsoft Research; Bellevue; WA; USA#TAB#
8958,Vpon Inc.; Taipei; Taiwan Roc
8959,INSA Lyon; Inria; Lyon; France#TAB#
8960,UQAM; Montréal; Canada#TAB#
8961,University of Electronic Science and Technology of China & RealAI; Chengdu; China
8962,RealAI and Tsinghua University; Beijing; China
8963,RealAI; Beijing; China
8964,Czech Technical University in Prague & Charles University; Prague; Czech Rep
8965,IMSI; Athena RC; Athens; Greece
8966,University of the Peloponnese & IMSI; Athena RC; Tripoli; Greece
8967,University of the Peloponnese; Tripoli; Greece#TAB#
8968,GESIS - Leibniz Institute for the Social Sciences & Indian Statistical Institute; Cologn3; Germany
8969,JD.COM; Beijing; UNK; China
8970,ShanghaiTech University; China
8971,University of Electronic Science and Technology; China
8972,XiaoDuoAI; China
8973,Univ of Alberta (Canada)
8974,University of Kent; United Kingdom
8975,University Of Hong Kong
8976,Huawei Noah's Ark Lab Hong Kong
8977,Huawei Hi-Silicon; Canada
8978,University of Wisconsin–Madison United States
8979,Amazon Inc.; United States
8980,Carnegie Mellon University; United States;
8981,Duke University; United States
8982,University of Science and Technology Beijing
8983,Google; United States.
8984,Google Mountain View CA USA
8985,The Pennsylvania State University; United States
8986,University of central Florida; United States
8987,Transport DTU
8988,Seoul National University; South Korea
8989,Fondazione Bruno Kessler (Italy)
8990,Istituto Dalle Molle di Studi sull'Intelligenza Artificiale; Switzerland.
8991,Max-Planck Institute for Informatics; Germany
8992,King Abdullah University of Science and Technology (Saudi Arabia)
8993,Microsoft; China.
8994,Texas A&M University; United States
8995,The University of Melbourne. Australia
8996,University of Melbourne ; Melbourne; Australia#TAB#
8997,New York University UNITED STATES
8998,Michigan State Univ. (United States)
8999,IBM; United States
9000,(Chinese Academy of Sciences; China)
9001,#N##TAB##TAB##TAB##TAB# University of California - San Diego; United States#N##TAB##TAB##TAB#
9002,Florida State University (United States)
9003,Princeton University; United States
9004,( University of California Santa Cruz United States )
9005,Tsinghua University (China)
9006,JD.com; China.
9007,University of Montreal; Canada
9008,Renmin University of China; China
9009,Adobe Research; United States
9010,Intel (United States)
9011,VinAI; Vietnam.
9012,MPI-SWS; Germany.
9013,Cornell university; United States
9014,Stanford University. (United States)
9015,Walmart Labs; United States.
9016,The University of Hong Kong
9017,the University of British Columbia; Canada#TAB#
9018,The Chinese University of Hong Kong
9019,University of California/Los Angeles (United States)
9020,Univ. of Notre Dame (United States)
9021,University of Illinois at Urbana-Champaign; (United States)
9022,LinkedIn; United States
9023,Baidu Research; United States.
9024,#N##TAB##TAB##TAB##TAB# The Australian National University; Australia#N##TAB##TAB##TAB#
9025,UNIVERSITY OF TECHNOLOGY SYDNEY; AUSTRALIA;
9026,Huawei Noah's Ark Lab.; Hong Kong; China
9027,Fudan University; China#TAB#
9028,Yandex; Russia
9029,Sberbank; Russia.
9030,Twitter; United States
9031,University of Michigan Ann Arbor United States
9032,Microsoft; United States
9033,Steklov Institute of Mathematics at St. Petersburg; Russia.
9034,Tencent; China#TAB#
9035,University of Illinois at Chicago UNITED STATES
9036,National University of Singapore; Singapore
9037,Univ. of Sci. & Technol. of China; China
9038,Univ. of Virginia (United States)
9039,Hefei University of Technology; China
9040,NEC Labs America; United States.
9041,Peking University; China
9042,Hulu LLC; China
9043,Facebook; United States
9044,Shanghai Jiao Tong; University; China#TAB#
9045,Rutgers University; United States.
9046,Nanjing University; China.
9047,Zhejiang Univ. (China)
9048,Etsy Inc.; United States
9049,Harbin Institute of Technology; China#TAB#
9050,Huawei; China
9051,NEC Laboratories America; United States
9052,Case Western Reserve University (United States)
9053,(University of Chinese Academy of Sciences; China)
9054,Virginia Tech (United States)
9055,Amazon (United States)
9056,Netflix; United States
9057,Spotify & Columbia University; United States.
9058,Univ. of California/Riverside (United States)
9059,State Univ. of New York at Binghamton (United States)
9060,Nanyang Technological University; Singapore
9061,The University of New South Wales; Australia#TAB#
9062,Institute for Infocomm Research; Singapore.
9063,Martin Luther-Universität Halle-Wittenberg; Germany
9064,Ural Federal University; Russia
9065,Bauhaus University Weimar Germany
9066,University of Hamburg ; Germany
9067,Skoltech; Russia
9068,IBM; INDIA
9069,Indian Inst. of Sci.; India
9070,Leibniz-Univ. of Hannover (Germany)
9071,Yahoo! Research; ISRAEL#TAB#
9072,Verizon Media Native Ad Platform; Israel
9073,Verizon Media Native Ad Platform; United States.
9074,Amazon; United Kingdom
9075,Xi'an jiaotong university; China
9076,University of Reading; German Research Center for Artificial Intelligence GmbH (DFKI)
9077,BT Research and Innovation; UK
9078,RMIT University (Australia)
9079,Tokyo Institute of Technology; Japan
9080,SMN Corporation; Japan
9081,Tongji University (china)
9082,Univ College; London; United Kingdom
9083,Shandong University-CHINA
9084,Wuhan Univ. (China)
9085,The University of Queensland ; Australia
9086,University of Southampton; United Kingdom
9087,The University of Sheffield United Kingdom
9088,Univ. of Zurich; Switzerland#TAB#
9089,L3S Research Center; Germany
9090,Univ of Udine; Italy#TAB#
9091,Gwangju Institute of Science & Technology#TAB#
9092,Qingdao University of Science and Technology
9093,Northwest A&F University
9094,; Shandong University of Science and Technology
9095,Université des Antilles; France
9096,the University of Adelaide
9097,Beijing University of Posts and Telecommunications; and University of Technology Sydney
9098,New York University Shanghai; China
9099,New York University Shanghai; China and New York University; USA
9100,IBM Research; Singapore#TAB#
9101,ZHEJIANG GONGSHANG UNIVERSITY
9102,Carnegie Mellon University
9103,University of Pittsburgh
9104,Nagasaki University
9105,Sony Semiconductor Manufacturing Corporation; Japan
9106,(Beijing University of Technology)
9107,Beijing Qihoo Technology Company Limited
9108,IBM Research – Ireland
9109,LMU Munich and eMundo GmbH
9110,LMU Munich#TAB#
9111,National Cheng-Kung University
9112,Nat. Ilan Univ.
9113,National Chiao Tung University
9114,Ho Chi Minh City University of Food Industry
9115,University of Derby.
9116,University of Leicester ;
9117,University of the French West Indies
9118,Gago Ltd. China
9119,Meteorological Bureau; Haidian; China
9120,National Institute of Technology; Durgapur; India#TAB#
9121,Ecole Polytechnique de Montreal;#TAB#
9122,IVADO Labs; Canada
9123,Xi'an Jiao Tong-Liverpool University
9124,Edinburgh Napier University ;
9125,National Univ. of Defense Technology (China)
9126,Ministry of Internal Affairs and Communications; Japan
9127,Nagoya Univ
9128,Chiba University)
9129,number; Inc.; Japan
9130,Louis Pasteur Center for Medical Research; Japan
9131,XiDian University
9132,School of Information Science and Technology; Japan
9133,Beijing Jiaotong Univeristy
9134,(The University of Texas at Dallas)
9135,Konan University; Japan
9136,Gifu University; Japan
9137,BEIJING INSTITUTE OF TECHNOLOGY
9138,SINA CORP
9139,Central South University ; China
9140,Rikkyo University;
9141,National Institute of Informatics/Sokendai#TAB#
9142,Corona Del Sol High School
9143,Xi’an Jiaotong–Liverpool University
9144,OAK Ridge National Laboratory;
9145,Oden Technologies; USA
9146,Waseda University
9147,National Center for Cognitive Research; ITMO University
9148,Otaru University of Commerce; Japan#TAB#
9149,University of Nebraska
9150,University of Nebraska; Lincoln;
9151,Hong Kong Baptist University;
9152,Beijing Technology and Business University
9153,University of New South Wales;
9154,LUDWIG-MAXIMILIANS-UNIVERSITÄT-MÜNCHEN
9155,D-Ocean; Inc.; Japan
9156,National Univ. of Defense Tech.
9157,the Penn State University
9158,Alibaba Group; China
9159,Lenovo Machine Intelligence Center
9160,North China Electric Power University
9161,Airwing Aviation Technology Limited
9162,(The Hong Kong University of Science and Technology)
9163,China Academy of Railway Sciences
9164,POLITECNICO DI TORINO
9165,Beihang university#TAB#
9166,Microsoft; India#TAB#
9167,University of Waterloo
9168,Charles University; Czech Republic
9169,Czech Technical University in Prague;; Czech Republic
9170,Profinit EU; Czech Republic
9171,Leiden University#TAB#
9172,Leibniz Universität-Hannover
9173,SUZHOU UNIVERSITY
9174,Westlake University; China
9175,WeCar (Shenzhen) Technology Co.; Ltd.; China
9176,Skolkovo Institute Of Science And Technology
9177,University of Macau;
9178,Institute of Automation; Chinese Academy of Sciences; University of Chinese Academy of Sciences
9179,Institute of Automation Chinese Academy of Sciences; University of Chinese Academy of Sciences; CAS Centre for Excellence in Brain Science and Intelligence Technology Chinese Academy of Sciences
9180,RMIT Univ.
9181,Kansai Univ
9182,Yale University;
9183,DePaul University
9184,Aarhus University
9185,Western Norway University of Applied Sciences
9186,Norwegian University of Science & Tech
9187,#N# * University of Southern Queensland
9188,SSN College of Engg.
9189,Ericsson;
9190,Solarillion Foundation
9191,Nottingham Trent University;
9192,Loughborough University ;
9193,Nikko Asset Management Co.; Ltd.; Japan
9194,Adobe Research;#TAB#
9195,Nanjing Univ. of Science and Technology
9196,(UNIVERSITY OF COLORADO — DENVER)
9197,University of Illinois; Urbana–Champaign.;
9198,University of Massachusetts Amherst;#TAB#
9199,IBM-Research
9200,RPI
9201,Shanghai Financial Futures Information Technology Co.; Ltd
9202,Southern Methodist University **
9203,University of Science and Technology; Houari Boumediene
9204,Harbin Institute of Technology;Shenzhen
9205,University of Stavanger; Norway
9206,Western Norway University of Applied Sciences; Norway
9207,Northwestern University; USA#TAB#
9208,Toyota motor corporation; Japan
9209,University of Calabria – Italy
9210,University of Birmingham
9211,Kobe University#TAB#
9212,National Institute of Information and Communications Technology;
9213,Research Centre for Information Systems Engineering (LIRIS) ; KU Leuven
9214,SAS Inc.
9215,North Carolina State; University
9216,“National Sun Yat-sen University”
9217,Western Norway University of Applied Science
9218,Nanjing University of Finance & Economics; China
9219,ShangHai University
9220,University of Luxembourg;
9221,MediaGamma Ltd.
9222,University College London
9223,Institute of Computing Technology; Chinese Academy of Sciences;
9224,Philadelphia Univ.
9225,Northwestern University;; United States
9226,Technische Universität Berlin;
9227,Keysight Technologies International Japan
9228,University of Miami;USA
9229,Rutgers#N# University
9230,State Grid Liaoning Electric Power Co. Ltd; China
9231,Shanxi Univiersity
9232,Pune Institute of Computer Technology; India
9233,Indian Institute of Space Science & Technology; India
9234,Univ. of Tartu (Estonia)
9235,Universisty of Tartu; Estonia
9236,Indian Institute of Management-Ahmedabad
9237,CVTE Research
9238,University of California ; Los Angeles
9239,Univ. of Trento#TAB#
9240,Aalto University
9241,Utrecht Univ.
9242,Microsoft (China) Co. Ltd.
9243,Technical University of Munich;#TAB#
9244,Honda Research Institute Europe GmbH; ; Germany
9245,Honda Research Institute Europe GmbH; G ermany
9246,Leiden Institute of Advanced Computer Science (LIACS); The Netherlands
9247,University of Birmingham; UK and Southern University of Science and Technology; China
9248,NEC Laboratories Europe; Germany
9249,Wayne State Univ
9250,Oakland University
9251,William Beaumont Hospital
9252,NTT Communications Corporation; Japan#TAB#
9253,Shimane univ
9254,National institute of informatics; Japan
9255,IIIT - Hyderabad
9256,NICT
9257,NII#TAB#
9258,Shanghai ocean university
9259,Shanghai Ocean University; Shanghai University of Electric and Power
9260,Gesellschaft für wissenschaftliche Datenverarbeitung mbH Göttingen
9261,National Institute of Informatics;
9262,University of Göttingen ;
9263,UNIVERSITY OF VIENNA;#TAB#
9264,Brunel Univ.; London#TAB#
9265,UNIVERSITI SAINS ISLAM MALAYSIA
9266,Perkeso Rehabilitation Centre; Malaysia
9267,Shanghai Maritime University
9268,University of Kansas
9269,South China#N# University of Technology
9270,University of California; Irvine
9271,Meituan-Dianping Group; China
9272,(International Institute of Information Technology; Hyderabad)
9273,University of Tennessee ; Knoxville
9274,Hunan University of Technology and Business
9275,Amazon; Haifa; Israel
9276,Macquarie University Sydney Australia
9277,EY AI Lab; Palo Alto; CA; USA
9278,Michigan State university; East Lansing; MI; USA#TAB#
9279,Beihang University Beijing CHINA
9280,Microsoft AI Research; Hyderabad; India
9281,Syracuse University; Syracuse NY USA
9282,West Genesee High School; Syracuse; NY; USA
9283,Corcoran High School; Syracuse; NY; USA
9284,National University of Singapore; Singapore/Singapore
9285,University of Science and Technology; Hefei; China
9286,Linkedin; Mountain View; CA; USA
9287,Emory University; Atlanta. GA; USA
9288,Institute of Computing Technology; Chinese Academy of Sciences & University of Chinese Academy of Sciences; Beijing; China#TAB#
9289,Institute of Computing Technology; Chinese Academy of Sciences; Beijing China
9290,Tencent Inc. Beijing; China
9291,Pennsylvania State University State College; PA; USA
9292,Yandex; Saint Petersburg; Russian Fed.
9293,Georgetown University; Washington DC; USA;
9294,University Coll London; London; United Kingdom
9295,Knowledge 4 All Foundation; London; United Kingdom
9296,Nantes University Nantes France
9297,UPMC Enterprises; Pittsburgh; PA; USA
9298,Microsoft Research Redmond; WA; USA
9299,University of Washington; Seattle; WA USA;
9300,; Amazon; Seattle; WA; USA
9301,Peking University; Beijing (China)
9302,; Google Research; Mountain View; CA; USA
9303,Tsinghua University; beijing; China
9304,Nanjíng University; Nanjing; China
9305,University of Science and Technology of China
9306,New York University; New York NY USA
9307,Central Washington University; Ellesnburg; WA; USA
9308,ETH; Zürich;
9309,Facebook; Menlo Park CA USA
9310,KTH Royal Institute of Technology; Stockholm; SWEDEN
9311,Northeastern University; Boston; MA; USA;
9312,University of San Francisco ; San Francisco; CA; USA
9313,University of California - Berkeley; Berkeley; CA; USA
9314,Max-Planck-Institute for Informatics; Saarbruecken; Germany#TAB#
9315,Indian Institute of Technology/Delhi (India)
9316,University of Waterloo ; Waterloo; ON; Canada
9317,Saarland University & Max Planck Institute for Informatics; Saarbruecken; Germany
9318,East China Normal University & Alibaba Group; Shanghai; China
9319,Alibaba Group; Singapore; Singapore
9320,East China Normal University;Shanghai;China)
9321,University of Amsterdam; Amsterdam; Netherlands.
9322,Shandong University; Qingdao; China#TAB#
9323,Alibaba Group; HangZhou; China#TAB#
9324,University of Sci. and Tech. of China; Hefei; China
9325,Max-Planck Institute for Informatics; Saarbrücken Germany
9326,University of illinois at Urbana-Champaign; Urbana; IL; USA
9327,University of Notre Dame South Bend IN USA
9328,Universidad de Chile; Santiago Chile
9329,University of Massachusetts Amherst;; Amherst; MA; USA
9330,Microsoft; Redmond ; WA; USA
9331,Indian Inst. of Technology Kharagpur; Kharagpur; India.
9332,University of Maine Orono; ME; USA
9333,University of Toronto; Toronto; ON. Canada
9334,Polytechnic University of Bari; Bari; Italy
9335,Rutgers University & Google; New Brunswick; NJ; USA
9336,Rutgers University; New Brunswick; NJ USA
9337,Tata Institute of Social Sciences; Mumbai; India;
9338,Amazon Alexa AI; Sunnyvale; CA; USA
9339,The Home Depot; Atlanta; GA; USA
9340,Amazon; Sunnyvale; CA; USA
9341,National Chiao-Tung University; Hsinchu; Taiwan RoC
9342,Swinburne University of Technology ()
9343,Sun Yat Sen University#TAB#
9344,Univ. of Wyoming
9345,CISPA Helmholtz Center for Information Security
9346,Monash University;
9347,Beihang University; China / Beijing Advanced Innovation Center for Big Data and Brain Computing; China
9348,IBM T.J; Watson Research Center; USA
9349,Bielefeld University - CITEC
9350,EURODECISION
9351,RIKEN Center for Advanced Intelligence Project
9352,Kyushu Inst. of tech.
9353,BARC & IT University of Copenhagen
9354,#N# Sydney Water
9355,CSIRO’s Data61
9356,University Of Georgia
9357,University of Virginia
9358,DREXEL UNIV.
9359,University of Tennessee
9360,IIIT; Delhi; India#TAB#
9361,Nanjing University Of Posts & Telecommunications
9362,IBM Research (USA)
9363,(University of Washington
9364,Soochow University; Hefei University of Technology
9365,Hubei University of Technology#TAB#
9366,Xiaomi Inc; China
9367,NTT; Japan
9368,(Seoul National University)
9369,Ajou University
9370,(Huawei Noah’s Ark Lab)
9371,The University of Sydney –
9372,SenseTime Research.
9373,Noah's Ark Lab of Huawei; Hong Kong
9374,University of Minnesota; USA;
9375,University of Central Florida USA
9376,<em>Michigan State University </em>
9377,Amazon; USA#TAB#
9378,Mininglamp Academy of Sciences; Mininglamp Technology
9379,Macquarie University
9380,Anhui University
9381,TU Dortmund University GERMANY
9382,Université Littoral Côte d'Opale; France
9383,University of York; UNITED KINGDOM
9384,Yonsei University; Korea#TAB#
9385,Federation University Australia.
9386,University at Albany: SUNY
9387,University of Texas at Dallas
9388,Amazon Development Center; India
9389,Worcester Polytechnic Institute USA
9390,University of Iowa; USA
9391,Lenovo Group Limited
9392,Baidu; Inc.; China and Peking University
9393,Baidu; Inc.; China
9394,University of Illinois at Urbana−Champaign
9395,Chinese Academy of Sciences; University of Chinese Academy of sciences
9396,Xiaomi AI Lab; China
9397,Huaqiao University
9398,Georgia State University
9399,Harbin Engineering Univ
9400,Ant Financial Services Group; China; Tsinghua University; China
9401,Ant Financial Services Group; China
9402,Ant Financial Services Group; CA
9403,Singapore Management; University
9404,Hong Kong University of Science and Technology
9405,Univ. of Wisconsin; Platteville#TAB#
9406,Google†
9407,Bonn-Aachen International Center for Information Technology
9408,Didi Chuxing; China
9409,Stanford university#TAB#
9410,Old Dominion University ; USA
9411,U.S. Environmental Protection Agency (USA)
9412,Peng Cheng Laboratory
9413,Univ. of Iowa#TAB#
9414,Lenovo Group Limited; China
9415,York University (Canadà)
9416,IBM; Canada
9417,WASHINGTON STATE UNIVERSITY
9418,Texas A&M University;
9419,HP Labs
9420,(Lehigh University)
9421,Key Laboratory of Trustworthy Distributed Computing and Service Ministry of Education; BUPT
9422,Univ. of California-Riverside
9423,Massachusetts Institute of Technology;#TAB#
9424,University of Massachusetts Medical School
9425,Massachusetts Institute of Technology; Massachusetts General Hospital
9426,#N# University of Utah
9427,Washington University of St. Louis;
9428,University of Warsaw
9429,University of Oxford ;
9430,University of Florida
9431,(National Univ. of Singapore)
9432,University of California;Santa Barbara.
9433,Case Western Reserve University; USA#TAB#
9434,Rochester Institute of Technology;
9435,Dalhousie University **
9436,IIT Mandi
9437,IIIT Delhi#TAB#
9438,NALT Analytics; Bangalore
9439,University of Electronic Science and Technology of China; JD Digits
9440,Max‐Planck‐Institute for Informatics
9441,NEC Corporation; Japan
9442,NEC Corporation; Japan / The University of Tokyo; Japan
9443,University of Chinese Academy of Sciences; Institute of Information Engineering; Chinese Academy of Sciences
9444,( Institute of Information Engineering; Chinese Academy of Sciences)
9445,Academy of Mathematics and Systems Science; Chinese Academy of sciences
9446,Florida Atlantic University#TAB#
9447,Xiaomi AI Lab; Beijing
9448,University of Waikato and Telecom Paris; IP-Paris
9449,École Polytechnique
9450,LMU München
9451,MCML & LMU München
9452,360 Search Lab
9453,Alibaba AI Labs
9454,LineZone Data
9455,UNIVERSITY OF LIVERPOOL
9456,James Cook University;;Australia
9457,Northwestern Polytechnical University; China
9458,Stony Brook University;
9459,Monash University; Australia
9460,Deakin University - Australia
9461,southwest university;China
9462,Chongqing Univ.; ; China
9463,The University of Auckland
9464,University of Waikato.
9465,DiDi Chuxing
9466,Symantec; France
9467,Sorbonne Université LIP6/CNRS
9468,AXA
9469,FEIT; University of Technology Sydney
9470,FEIT; University of Technology Sydney; Beijing Institute of Technology
9471,Zhejiang University
9472,Northeastern Univ. (China)
9473,Indiana University - Purdue University Indianapolis#TAB#
9474,Samsung Electronics; Advanced Institute of Technology
9475,Jiangsu University of Science & Technology
9476,University of Southern California – Information Science Institute
9477,King Abdullah University of Science and technology (KAUST); Saudi Arabia
9478,Auburn; University
9479,; Kent State University
9480,University of Oregon
9481,Institute of Computing Technology; Chinese Academy of Sciences; University of Chinese Academy of Sciences
9482,Sorbonne Université
9483,(Facebook AI Research)
9484,Missouri University of Science and Technology;#TAB#
9485,University of California---San Diego#TAB#
9486,Hefei University of Technology; Ministry of Education; China
9487,University at Albany - SUNY; USA#TAB#
9488,The University of Texas at Dallas (USA)
9489,Mininglamp Academy of Sciences; Mininglamp Technology; China
9490,ISIR;Osaka Univ.
9491,East China Normal University#TAB#
9492,NEC Laboratories America
9493,- UCLA
9494,(Georgia Institute of Technology )
9495,Cooperative Medianet Innovation Center; Shanghai Jiao Tong University
9496,YAHOO JAPAN CORPORATION
9497,University of North Carolina at Charlotte;;;;;
9498,Allen Institute for Brain Science; ; USA
9499,George Mason University; USA#TAB#
9500,CEMSE; King Abdullah University of Science and Technology; Thuwal; SA
9501,Syracuse University#TAB#
9502,MIT-IBM Watson AI Lab;
9503,Northeastern university
9504,University of Science and Technology of China; Baidu Inc.; China
9505,Key Lab of Intelligent Information Processing of Chinese Academy of Sciences (CAS); Institute of Computing Technology; China; University of Chinese Academy of Sciences
9506,Wuhan Univeristy
9507,Southeast Univ. (China)
9508,Nanjing University of Information Science & Technology
9509,Louisiana State Univ.;
9510,UC‐Berkeley
9511,Microsoft Research; #TAB#
9512,AIR Labs; Continental Automotive Group
9513,#N##TAB##TAB##TAB##TAB# University of Padova#N##TAB##TAB##TAB#
9514,University of Science and Technology of China; Baidu Inc.; China; Baidu Research
9515,GE Global Research#TAB#
9516,Amazon Web Services;
9517,(IBM Research AI)
9518,University of Peloponnese; Athena RC; Greece
9519,Athena RC; Greece
9520,University of Peloponnese Greece
9521,Microsoft Research Asia
9522,CHINA ACADEMY OF SPACE TECHNOLOGY
9523,King Abdullah Univ. of Science & Technology
9524,Huazhong Univ. of Sci. & Technol.
9525,Beihang University; Beijing Advanced Innovation Center for Big Data and Brain Computing
9526,State University of New York at Albany; Siena College; USA
9527,State University of New York at Albany
9528,Yahoo! Research; USA;
9529,New Jersey Institute of Technology; USA
9530,Adobe Inc.; USA
9531,Tianjin University; Tianjin; China#TAB#
9532,University of Queensland;
9533,CMOS China Mobile Ltd.; China
9534,CSIRO Data61; Australia
9535,Sungkyunkwan Univ;.
9536,Yonsei Univ.
9537,Beijing Foreign Studies University;
9538,ASOS.com; United Kingdom
9539,Twitter Inc; United Kingdom
9540,Cornell University
9541,American Air Liquide; USA
9542,NEC Laboratories America; Inc.; USA
9543,The University of Tokyo / RIKEN AIP
9544,NTT DATA Mathematical Systems Inc.
9545,IBM Research-Zurich;#TAB#
9546,JD Finance America Corporation; USA
9547,University of Pittsburgh; JD Finance America Corporation; USA
9548,School of Information Technologies; University of Sydney;#TAB#
9549,Gdańsk University of Technology
9550,Federal University of Technology; Paraná#TAB#
9551,University of Sfax-Tunisia
9552,Leibniz University of Hannover
9553,Polish Academy of Sciences;
9554,Polish Academy of Sciences
9555,AGH Univ. of Science and Technology
9556,School of information Science and Engineering; Yunnan University; Kunming; China
9557,Department of Computer Science and; Helsinki Institute for Information Technology (HIIT); University of Helsinki; Finland
9558,School of Computer Science and Information Technology RMIT University; Melbourne; Australia#TAB#
9559,the university of Jordan
9560,FernUniversitat in Hagen
9561,Deutsche Nationalbibliothek
9562,Globale Informationstechnik GmbH
9563,Tan Tao University
9564,INRA IATE
9565,Centre de recherches de Royallieu
9566,UM2 IATE
9567,Université Toulouse le Mirail
9568,Liberal Arts Coll.; Hunan Normal Univ.; Changsha; China
9569,AIT Austrian Institute of Technology GmbH;
9570,UNIVERSITY OF AVEIRO
9571,Gdynia Maritime Academy
9572,Universidade Federal do ABC
9573,Universita’ di Ferrara
9574,LS VIII Technische Universität Dortmund
9575,Laboratoire de Bioinformatique et Génomique Intégratives (LBGI)
9576,Institut de Génétique et de Biologie Moléculaire et Cellulaire (IGBMC)
9577,Acad. of Civil Eng. & Archit.; Nanchang Univ.; Nanchang; China
9578,Manage. Sch.; Shanghai JiaoTong Univ.; Shanghai; China
9579,Shenzhen Institutes of Advanced Technology; Chinese Academy of Sciences
9580,Texas Center for Geographic Information Science; Department of Geography; Texas State University; San Marcos;
9581,LIRMM; University Montpellier 2 CNRS
9582,Instituto Tecnológico de Toluca
9583,AllianSTIC-EFREI
9584,Universität der Bundeswehr München
9585,University of Granada
9586,City University
9587,Sch. of Manage.; Zhejiang Univ.; Hangzhou; China
9588,Coll. of Economic; Tianjin Polytech. Univ.; Tianjin; China
9589,Electron. & Inf. Eng. Dept.; Tianjin Light Ind. Vocational Tech. Coll.; Tianjin; China
9590,Agnik; Columbia; MD; USA
9591,The City Univ. of New York; New York; NY
9592,Univ of Oklahoma; Norman; OK
9593,Adobe; San Jose; USA#TAB#
9594,Independent Consultant; San Francisco; USA
9595,Department of Computer Science; Virginia Commonwealth University; Richmond; VA
9596,Paris-XII University; Senart Institute of Technology
9597,Key Lab of Intell. Info. Process.; Inst. of Comput. Tech.; CAS; Beijing; 100190; China; Beijing; China
9598,Graduate University; Chinese Academy of Sciences; Beijing; China#TAB#
9599,;Universidad Técnica Federico Santa María; Valparaíso; Chile
9600,ISTI - CNR
9601,IBM Research; Tokyo;
9602,Research Institute of Civil Aviation Safety; Civil Aviation University of China; Tianjin; China
9603,Dept. of Ind. Eng.; Civil Aviation Univ. of China; Tianjin; China
9604,School of Electrical Engineering; Tel‐Aviv University
9605,Oregon State University; Corvallis; Oregon.
9606,Gatsby Computational; Neuroscience Unit; University College London#TAB#
9607,Huazhong Normal University#TAB#
9608,CoreLogic Inc.; Carlsbad; CA#TAB#
9609,Köflach; Austria#TAB#
9610,;Department of Computer Science and Information Engineering; National Taiwan University#TAB#
9611,University Health Network
9612,Escuela Técnica Superior de Ingeniería Informática; Universidad de Granada
9613,Ghent University
9614,University of Milano-Bicocca
9615,Beijing Key Lab. of Mobile Comput. & Pervasive Device; Inst. of Comput. Technol.; Beijing; China
9616,Management Information Systems
9617,University of#N# Bologna
9618,Skin Cancer Unit IRCCS Istituto Tumori Romagna
9619,Graz University Hospital
9620,Center for Pattern Recognition and Data Analytics School of Information Technology; Deakin University; Geelong; Australia
9621,Two Sigma Investments LP; Avenue of the Americas; New York
9622,Yahoo! Research; Barcelona#TAB#
9623,Institute of Computational Mathematics and Scientific-Engineering Computing; Chinese Academy of Sciences; Beijing; China
9624,Hulu R&D Beijing; Beijing; China#TAB#
9625,Fujitsu Research & Development Center
9626,(University of Insubria
9627,QCRI-HBKU; Qatar
9628,Florham Park; NJ#TAB#
9629,Science and Technology on Information System Engineering Laboratory; NRIEE; Nanjing; China#TAB#
9630,State Key Laboratory for Novel Software and Technology; Nanjing University; Nanjing; China
9631,LBM T.J. Watson Research Lab
9632,Northrop Grumman; McLean; VA#TAB#
9633,***12230 El Camino Real; San Diego; CA#TAB#
9634,Dept. of Mathematics; Harvard University
9635,NTT Service Evolution Laboratories; Yokosuka; Japan#TAB#
9636,Massey University
9637,University of Ulsan#TAB#
9638,Houston Methodist;
9639,Big Data Labs
9640,Institute of Information Technology; Delhi; Delhi; India
9641,IBM-IRL; Delhi; India
9642,Institute of Information Technology; Kanpur; Kanpur; India
9643,Preferred Networks; Inc.; Tokyko; Japan
9644,Recruit Holdings Co.; Ltd.; Tokyo; Japan
9645,School of Computer Software; Tianjin University Tianjin; China
9646,University of New Hampshire; Durham; NH; USA
9647,Federal University of Rio de Janeiro;Rio de Janeiro; Brazil
9648,Sensor; Signal and Information Processing Center (SenSIP)
9649,School of Information Sciences
9650,Tencent Inc.; Nanshan District; Shenzhen; China#TAB#
9651,((Royal Institute of Technology; Stockholm; Sweden))
9652,HRL Labs LLC; Malibu; CA; USA
9653,Southeastern Louisiana University; Hammond; USA
9654,Naval Research Lab; Stennis Space Center; Mississippi; USA
9655,Medical University Graz
9656,Secure Business Austria Research
9657,University of Applied Sciences; St. Pölten; Austria
9658,Princess Margaret Cancer Centre; University Health Network;
9659,IRISA/IUT/University Rennes 1
9660,IRISA/ENSSAT/University Rennes 1
9661,Key Laboratory of Symbolic Computation and Knowledge Engineering of Ministry of Education; JiLin University; ChangChun; China
9662,College of computer and Communication Engineering; China University of Petroleum;Qingdao; China
9663,Iona college
9664,IRISA-IUT
9665,IRISA-ENSSAT
9666,Medical University of Graz;
9667,National Key Lab. for Novel Software Technology; Nanjing University; China
9668,( Institute of Information Engineering;Chinese Academy of Sciences)
9669,IRIT - Universite Paul Sabatier
