0,0
0,347
0,409
0,9121
0,11680
1,0
1,103
1,406
1,2009
1,2384
1,2532
1,9029
1,9121
1,11680
2,1
2,4218
3,1
3,4218
4,1
4,4218
5,1
5,4805
6,1
6,4218
7,2
7,818
8,2
8,818
9,2
9,211
9,312
9,818
9,1318
9,4010
9,4843
9,5242
9,5741
9,6868
9,9204
9,11346
9,11686
10,3
10,8058
10,10490
11,3
11,54
11,1632
11,2707
11,2789
11,5255
11,6272
11,7737
11,8412
11,9205
11,10276
11,10490
11,10508
11,11258
11,11347
11,12754
11,13677
12,4
13,4
14,4
15,4
16,5
16,5979
17,5
17,5979
17,8724
17,11550
18,5
19,5
20,6
21,6
22,7
22,7725
22,8015
22,9123
22,9794
22,9913
22,10103
22,11295
22,12738
23,7
23,9691
24,7
24,4746
24,7725
24,10474
25,7
25,177
25,363
25,446
25,568
25,1644
25,3468
25,4678
25,4746
25,5751
25,6018
25,6257
25,6593
25,7089
25,7399
25,7725
25,7926
25,8015
25,8171
25,8299
25,8420
25,9794
25,10103
25,10307
25,10553
25,12056
25,12738
26,7
26,4746
26,9691
27,8
28,8
29,8
29,41
29,71
29,6022
30,9
30,99
30,352
30,358
30,1373
30,1383
30,1824
30,1980
30,2523
30,2825
30,2958
30,3137
30,3563
30,3671
30,3949
30,3982
30,4006
30,4113
30,4423
30,4693
30,4942
30,5061
30,5812
30,5852
30,5934
30,6441
30,6514
30,6730
30,6785
30,7107
30,7283
30,7352
30,7415
30,7424
30,7450
30,7462
30,7486
30,7563
30,7565
30,7609
30,7611
30,7649
30,7701
30,7709
30,7726
30,7895
30,7951
30,8013
30,8089
30,8108
30,8350
30,8583
30,8632
30,8664
30,8723
30,9150
30,9160
30,9174
30,9186
30,9188
30,9193
30,9304
30,9389
30,9425
30,9448
30,9482
30,9648
30,9687
30,9920
30,9995
30,10267
30,10318
30,10321
30,10492
30,10496
30,10568
30,11471
30,12209
30,12244
30,12637
30,12777
30,13075
30,13388
30,13542
30,13561
31,9
31,165
31,309
31,320
31,329
31,334
31,340
31,358
31,438
31,450
31,489
31,566
31,584
31,624
31,708
31,725
31,768
31,973
31,1110
31,1220
31,1588
31,1621
31,1660
31,1937
31,2189
31,2288
31,2350
31,2445
31,2491
31,2517
31,2726
31,2843
31,2894
31,2944
31,2987
31,3073
31,3154
31,3321
31,3399
31,3417
31,3464
31,3465
31,3504
31,3510
31,3648
31,3770
31,3806
31,3838
31,4057
31,4226
31,4280
31,4341
31,4355
31,4381
31,4423
31,4459
31,4473
31,4693
31,4705
31,4724
31,4821
31,4859
31,5013
31,5022
31,5030
31,5122
31,5148
31,5181
31,5221
31,5248
31,5309
31,5336
31,5352
31,5521
31,5556
31,5620
31,5664
31,5752
31,5801
31,5934
31,5937
31,5939
31,6028
31,6158
31,6329
31,6361
31,6452
31,6460
31,6628
31,6670
31,6696
31,6758
31,6792
31,7006
31,7065
31,7119
31,7213
31,7261
31,7283
31,7415
31,7429
31,7472
31,7538
31,7553
31,7575
31,7578
31,7586
31,7588
31,7590
31,7609
31,7657
31,7670
31,7709
31,7715
31,7905
31,7929
31,7940
31,7973
31,8031
31,8068
31,8177
31,8229
31,8285
31,8498
31,8533
31,8560
31,8576
31,8759
31,8853
31,9086
31,9114
31,9162
31,9359
31,9466
31,9722
31,9735
31,9775
31,9785
31,10284
31,10365
31,10500
31,10513
31,10532
31,10534
31,10641
31,10694
31,10784
31,10834
31,10841
31,10843
31,10903
31,10959
31,11001
31,11020
31,11049
31,11304
31,11799
31,12195
31,12216
31,12223
31,12230
31,12292
31,12298
31,12350
31,12353
31,12355
31,12379
31,12393
31,12438
31,12447
31,12451
31,12478
31,12651
31,12655
31,12669
31,12781
31,12789
31,12852
31,12858
31,12902
31,12934
31,13110
31,13501
31,13511
31,13616
31,13666
32,10
33,10
34,10
35,11
35,11714
35,11773
36,11
36,19
36,461
36,628
36,1671
37,11
38,11
39,12
40,12
40,637
40,798
40,1253
40,3020
40,3721
40,3761
40,6343
40,7091
40,8816
40,10564
41,12
41,81
41,618
41,637
41,798
41,1253
41,1814
41,3020
41,3721
41,3761
41,6343
41,6893
41,7091
41,9996
42,13
43,13
43,2571
43,7836
43,9083
44,13
44,2571
44,3133
44,9083
44,13405
45,14
46,14
47,14
48,14
49,14
50,14
51,14
52,15
53,16
53,1140
53,2637
53,3354
53,3488
53,3667
53,5597
53,6421
54,16
54,140
54,193
54,205
54,991
54,1048
54,1125
54,1140
54,1260
54,1464
54,1560
54,2059
54,2429
54,2612
54,2637
54,2665
54,2693
54,2699
54,2705
54,2739
54,3354
54,3395
54,3488
54,3639
54,3667
54,3838
54,3866
54,3887
54,3937
54,4040
54,4075
54,4467
54,4504
54,4683
54,4709
54,4930
54,4997
54,5367
54,5597
54,5643
54,5742
54,5944
54,5977
54,6028
54,6175
54,6193
54,6421
54,6667
54,6790
54,6793
54,7195
54,7524
54,8003
54,8112
54,9431
54,9515
54,9652
54,10028
54,10133
54,10649
54,10739
54,10860
54,11712
54,11722
54,11725
54,11869
54,12021
54,12055
54,12309
54,12548
54,13693
55,16
55,3667
55,3866
56,17
57,17
57,255
57,594
57,6776
58,18
58,357
59,18
59,357
60,19
60,628
60,1671
61,19
61,201
61,715
61,1002
61,1580
61,1671
61,1907
61,2518
61,3392
61,3890
61,4769
61,5309
61,5581
61,5620
61,6271
61,7179
61,7270
61,7878
61,9351
61,13685
62,19
62,628
62,1671
63,20
63,4550
64,20
65,20
65,662
65,1183
65,1300
65,1417
65,2087
65,2112
65,3575
65,3899
65,4672
65,5348
65,8112
65,8705
65,10883
65,11032
65,12749
65,12803
66,21
66,2614
66,5333
67,21
67,2614
67,5333
68,22
68,638
69,22
69,378
69,638
69,1310
69,1572
69,1975
69,3725
69,4475
69,4503
69,4819
69,5421
69,5500
69,6282
69,7078
69,7679
69,9682
70,23
70,451
70,533
70,2082
70,2676
70,2930
70,3823
70,4049
70,4525
70,5270
70,5313
70,6063
70,6365
70,6385
70,6398
70,6505
70,6997
70,7325
70,7637
70,7645
70,7950
70,8194
70,9080
70,9189
70,9465
70,9909
70,10642
70,10953
70,11022
70,11823
70,12179
70,12236
70,12281
70,12297
70,13354
70,13710
71,23
71,1939
71,7638
71,7880
71,9179
72,23
72,40
72,75
72,78
72,150
72,157
72,178
72,254
72,364
72,404
72,445
72,451
72,478
72,486
72,533
72,576
72,584
72,620
72,633
72,783
72,794
72,795
72,858
72,938
72,1224
72,1564
72,1585
72,1909
72,1957
72,2031
72,2066
72,2067
72,2082
72,2390
72,2653
72,2867
72,2930
72,2942
72,3140
72,3244
72,3271
72,3823
72,3951
72,3989
72,4199
72,4238
72,4379
72,4474
72,4525
72,4937
72,4972
72,5090
72,5139
72,5187
72,5270
72,5328
72,5544
72,5709
72,5744
72,5898
72,6063
72,6293
72,6365
72,6398
72,6418
72,6505
72,6511
72,6530
72,6622
72,6712
72,7005
72,7172
72,7233
72,7267
72,7268
72,7325
72,7336
72,7505
72,7507
72,7620
72,7626
72,7638
72,7655
72,7673
72,7757
72,7774
72,7920
72,8003
72,8404
72,8509
72,8557
72,8672
72,8812
72,8922
72,8940
72,8973
72,9094
72,9147
72,9177
72,9180
72,9187
72,9200
72,9235
72,9309
72,9316
72,9472
72,9941
72,9975
72,10066
72,10092
72,10148
72,10294
72,10433
72,10541
72,10691
72,10953
72,11116
72,11207
72,11800
72,11844
72,11864
72,11871
72,11995
72,12179
72,12213
72,12488
72,13058
72,13417
72,13704
73,24
73,7659
74,24
74,294
74,351
74,667
74,3166
74,3835
74,4077
74,4331
74,5292
74,5932
74,6038
74,6743
74,6773
74,7190
74,7285
74,7298
74,7606
74,7659
74,7890
74,7893
74,8069
74,8158
74,8341
74,8523
74,8609
74,8869
74,9940
74,10263
74,10910
74,11684
74,11795
74,12644
74,12838
74,12952
74,13132
75,25
76,25
76,891
76,1756
76,6926
76,6929
76,8216
76,8297
76,10272
77,25
77,236
77,891
77,998
77,1268
77,1403
77,1679
77,1756
77,1843
77,1973
77,2099
77,2271
77,2310
77,2322
77,2450
77,2604
77,2632
77,2664
77,2754
77,2784
77,3184
77,3317
77,3391
77,3535
77,4702
77,4930
77,5061
77,5224
77,5599
77,6003
77,6690
77,6926
77,6929
77,7072
77,7151
77,7296
77,7470
77,7475
77,7491
77,7534
77,7548
77,7681
77,7706
77,7884
77,7895
77,7995
77,8216
77,8297
77,8350
77,8400
77,8487
77,8573
77,8623
77,9186
77,9188
77,9193
77,9199
77,9204
77,9226
77,9389
77,9427
77,9648
77,10128
77,10143
77,10150
77,10157
77,10272
77,10289
77,10440
77,10802
77,10932
77,10939
77,10986
77,11144
77,11225
77,11243
77,11270
77,11298
77,11308
77,11340
77,11525
77,11831
77,11853
77,12003
77,12011
77,12548
77,12549
77,12663
77,12777
77,12899
77,12906
78,26
78,5622
78,11328
78,13647
79,26
79,5622
80,26
81,26
82,26
83,26
84,26
85,26
86,26
87,26
88,27
89,27
89,5481
89,6322
90,27
90,2019
90,5481
91,28
91,1217
91,5696
91,8589
92,28
92,291
92,774
92,784
92,974
92,1217
92,1410
92,1412
92,1501
92,1542
92,1648
92,1896
92,2018
92,2255
92,2400
92,2597
92,4114
92,4384
92,4564
92,5049
92,5429
92,5568
92,5696
92,5793
92,6615
92,6669
92,7340
92,8589
92,8903
92,10037
92,10243
92,10600
92,10751
92,11175
92,11224
92,11271
92,11753
92,12347
92,13418
92,13513
93,28
94,28
94,2255
94,8589
95,28
95,8589
96,29
96,4244
96,5469
97,29
98,29
99,30
100,30
101,30
102,30
103,31
104,31
105,31
106,32
106,2313
107,32
108,32
109,32
110,33
111,33
112,33
113,34
114,34
114,648
114,8277
115,35
115,4215
116,35
116,4215
117,35
117,2544
117,4215
117,10894
118,35
118,638
118,1310
118,1572
118,1975
118,2544
118,3725
118,4215
118,4475
118,4503
118,6282
119,35
120,36
121,36
122,37
122,2714
123,37
123,59
123,440
123,2714
123,3125
123,4338
123,5927
123,7723
123,9650
123,9846
123,9896
123,11342
123,12093
123,12564
123,12698
123,12735
124,37
124,2714
124,2838
124,4338
124,8351
124,11133
124,11342
124,12564
124,12698
125,37
125,59
125,241
125,904
125,1503
125,2393
125,2714
125,3215
125,6647
125,6710
125,7225
125,7334
125,7723
125,10663
125,10827
125,11555
125,11731
125,12441
125,12751
126,37
126,59
126,418
126,440
126,531
126,2393
126,2714
126,2838
126,4338
126,4408
126,4607
126,5927
126,9064
126,9846
126,12824
126,13436
127,38
128,38
128,8137
129,38
129,726
129,835
129,2154
129,2528
129,2872
129,2958
129,4113
129,4704
129,5575
129,5882
129,11385
129,13507
130,38
131,38
132,39
132,520
132,574
132,3090
132,3197
132,4771
133,39
133,520
133,1053
133,1441
133,1450
133,1567
133,1908
133,2455
133,2732
133,3645
133,6271
133,7985
133,8370
133,9714
133,9752
133,9774
133,11103
134,39
134,233
134,241
134,460
134,472
134,520
134,531
134,574
134,1503
134,1701
134,2393
134,3090
134,3197
134,3215
134,3670
134,3751
134,4408
134,4769
134,4771
134,5416
134,6174
134,6271
134,6466
134,6710
134,7225
134,7334
134,7500
134,8105
134,8123
134,8376
134,9700
134,10663
134,10944
134,11023
134,11468
134,11510
134,11608
134,11983
134,12433
134,12441
135,40
135,254
135,364
135,858
135,1200
135,1909
135,3823
135,5544
135,6418
135,8003
135,8509
135,9906
135,10016
135,10025
135,10258
135,10322
135,10423
135,10818
135,11206
135,11828
135,11902
135,12213
135,12490
135,12529
135,13105
135,13442
135,13550
136,40
137,40
137,423
137,620
137,1556
137,1957
137,3283
137,4937
137,4972
137,5898
137,6063
137,6419
137,6476
137,6511
137,6530
137,6700
137,6754
137,7033
137,7214
137,7617
137,7673
137,7939
137,8016
137,8582
137,8976
137,8980
137,9170
137,9229
137,9552
137,9984
137,10298
137,10503
137,11232
137,11371
137,11805
137,12111
137,12311
138,41
139,41
140,42
141,42
142,42
143,42
143,487
143,493
144,42
144,487
144,493
145,42
146,42
147,43
147,626
148,43
148,350
148,626
148,679
148,729
148,941
148,1117
148,1383
148,1612
148,5191
148,5520
148,5879
148,6142
148,6497
148,6785
148,7107
148,7283
148,7819
148,8438
148,9044
148,9047
149,44
149,668
150,44
150,668
151,44
152,44
153,45
154,45
154,72
154,98
154,392
154,589
154,728
154,1424
154,6481
154,9088
154,9104
154,11716
154,11730
154,11782
155,45
155,9104
156,45
157,45
157,98
157,392
157,728
157,5045
158,46
159,46
160,46
161,46
162,46
162,868
162,1909
162,5365
162,7196
162,7401
162,11860
163,47
164,47
164,882
164,1375
164,1962
164,4914
164,5092
164,6135
164,6194
164,6202
164,8201
164,8962
164,9034
164,9158
164,10467
164,10527
164,10712
164,11419
164,11673
164,12068
164,12891
164,13069
164,13497
164,13506
164,13522
164,13549
165,47
166,48
167,48
168,49
168,2167
169,49
169,2167
169,10673
170,49
171,49
171,2167
172,49
173,49
173,796
173,1558
174,50
174,257
174,481
174,5499
174,7345
174,8905
174,10096
174,10727
175,50
175,257
175,473
175,481
175,2829
175,3157
175,6744
176,50
176,257
176,481
176,6744
177,50
177,2829
177,6744
178,51
179,51
180,52
180,623
181,52
181,623
181,732
181,1058
181,1166
181,1492
181,2046
181,2197
181,2731
181,3136
181,4190
181,4252
181,10301
181,11387
181,13683
182,53
183,53
184,53
185,53
186,54
187,55
188,55
189,55
190,55
191,55
192,55
192,1779
192,4758
193,56
193,117
193,395
193,2224
193,3400
193,4274
193,5319
193,5798
193,5858
193,7138
194,56
195,56
195,117
195,412
195,489
195,1101
195,2224
195,2412
195,2491
195,3248
195,3269
195,3399
195,3620
195,4274
195,5080
195,5319
195,5798
195,5904
195,6661
195,6867
195,9125
195,9135
195,9793
195,10136
195,10456
195,11088
195,11627
196,56
196,86
196,117
196,274
196,381
196,699
196,1019
196,1351
196,1952
196,2072
196,2224
196,2488
196,2737
196,3180
196,3464
196,3678
196,3728
196,3844
196,4014
196,4430
196,4704
196,4839
196,5190
196,5259
196,5603
196,6209
196,6302
196,6340
196,6663
196,6743
196,7026
196,7672
196,8774
196,9445
196,9737
196,9738
196,10944
196,11020
196,12594
196,12678
196,12934
197,57
197,4005
197,5172
198,57
198,3144
198,4005
198,4418
198,5172
198,5415
198,6589
198,7207
198,8712
198,10461
198,11969
198,12581
199,58
200,58
200,363
200,568
200,629
200,665
200,3468
200,3813
200,4678
200,5271
200,6257
200,7089
200,7399
200,8015
200,8077
200,8104
200,10307
200,10471
200,10477
200,11820
200,12056
201,60
202,60
202,1093
202,3454
202,7493
202,8811
202,9985
202,10478
203,61
203,76
204,61
204,76
205,61
205,76
205,2049
205,4994
205,7136
205,13610
206,61
206,4045
206,4994
207,62
208,62
209,62
210,63
210,223
210,751
210,6544
211,63
211,115
211,223
211,250
211,751
211,6544
211,6721
212,63
212,115
212,223
212,250
212,751
212,6544
212,6721
213,63
213,6544
214,63
214,223
214,751
214,6544
215,63
215,223
215,751
215,6544
216,64
216,5252
216,5923
216,7065
217,64
217,154
217,185
217,324
217,5252
217,7065
218,64
218,1349
218,2554
218,5015
218,5252
218,5923
218,7385
219,64
219,5015
220,64
220,476
220,5015
221,65
221,1021
221,1372
221,2232
221,2267
221,2536
221,2902
221,2956
221,3209
221,3955
221,4406
221,4424
221,4762
221,4776
221,4960
221,5743
221,5745
221,5788
221,5817
221,5906
221,6689
221,7247
221,7284
221,7435
221,7468
221,7528
221,7690
221,8043
221,9444
221,9868
221,9907
221,9942
221,10085
221,10255
221,10307
221,10753
221,12317
222,65
222,2150
222,10923
223,65
224,66
224,254
224,259
224,328
224,576
224,658
224,958
224,960
224,1397
224,1968
224,2180
224,2266
224,2360
224,2653
224,3002
224,3213
224,3244
224,3740
224,3875
224,4400
224,4479
224,4512
224,4614
224,5489
224,5562
224,6039
224,6536
224,6622
224,7227
224,9177
224,9471
224,10254
224,10295
224,10325
224,11479
224,12029
224,12177
224,12179
225,66
225,958
225,2180
225,3716
225,6039
226,66
226,960
226,2266
226,3002
226,3213
226,3875
226,4614
226,5562
226,6039
227,66
227,259
227,328
227,366
227,519
227,656
227,658
227,741
227,958
227,960
227,1109
227,1397
227,1483
227,1968
227,2107
227,2180
227,2266
227,2360
227,2375
227,3002
227,3213
227,3274
227,3716
227,3740
227,3875
227,3927
227,4159
227,4512
227,4614
227,4779
227,4955
227,5339
227,5420
227,5489
227,5562
227,5960
227,6039
227,6536
227,6874
227,7079
227,7882
227,11745
228,67
229,67
229,5808
230,68
230,2838
231,68
232,68
233,68
234,68
235,68
236,68
237,68
238,69
238,270
239,69
239,270
239,317
239,1126
239,12891
239,13475
240,69
240,270
240,317
240,1126
241,69
242,70
243,70
243,172
244,70
245,70
245,172
246,71
246,6022
247,71
248,72
248,98
248,392
248,589
248,728
248,1424
248,6481
248,10249
249,73
250,73
251,73
251,6831
252,74
253,74
254,74
255,74
256,74
257,74
258,75
258,254
258,404
258,486
258,783
258,2888
258,5139
258,5744
258,6292
258,7005
258,7620
258,7655
258,7774
258,8557
258,8922
258,9010
258,9180
258,10221
258,10235
258,10285
258,10742
258,12162
258,12194
258,12346
258,12402
258,12479
258,13139
258,13545
259,75
259,2618
259,5713
259,5744
259,6113
259,6136
259,7620
259,8557
260,75
260,404
260,2152
260,2505
260,2618
260,3512
260,5744
260,6113
260,6136
260,7620
260,8557
260,9172
260,9180
260,12428
261,75
261,5744
261,6292
261,7620
261,8557
261,9180
261,9200
261,10066
261,10276
261,10313
261,13461
262,75
263,76
264,76
264,179
264,245
264,322
264,482
264,2049
264,7136
264,9093
264,9111
265,77
265,9119
266,77
267,77
267,191
267,3203
267,6457
267,6614
267,8113
267,8709
267,9119
267,10454
267,11340
268,77
269,78
270,78
271,79
272,79
272,600
273,80
274,80
275,80
276,81
276,1814
276,2738
276,9176
276,12071
277,81
278,81
279,81
280,82
281,82
281,3280
282,82
283,82
284,83
284,233
284,701
284,2187
284,2809
284,2875
284,3512
284,4771
284,4777
284,5564
284,7080
284,7647
285,83
285,2809
285,3512
285,7080
286,84
287,84
288,85
289,85
289,2212
289,2337
289,5279
289,5862
290,85
291,86
291,274
291,1351
291,3728
291,3844
291,4444
291,4839
291,6302
291,7672
291,9463
291,9578
291,9738
292,86
292,3284
292,5583
293,86
293,3284
293,5583
294,86
295,86
295,3284
295,5583
296,87
297,88
297,231
298,88
298,231
299,88
300,89
301,89
301,10271
301,10528
302,89
302,297
302,5537
302,7144
303,89
303,204
303,238
303,792
303,4994
303,5537
303,13610
304,89
305,90
305,7346
305,8178
305,8378
305,9643
305,9781
305,13432
306,90
307,91
308,91
309,92
310,92
310,7770
310,8088
310,10605
311,92
311,5007
312,92
313,92
314,92
315,93
315,492
315,7082
316,93
316,492
316,1002
316,1838
316,2747
316,5082
316,7082
316,11561
317,93
317,492
317,1002
317,1838
317,2747
317,7082
317,8242
317,10570
318,94
319,94
319,484
319,787
319,4327
319,4585
319,6181
319,7520
319,10493
320,95
320,1310
320,2059
320,2106
320,2282
320,2655
320,2834
320,3615
320,7273
320,7520
320,7735
320,8353
320,10629
320,11386
320,11409
320,12068
320,12984
321,95
322,95
322,126
322,1729
322,2655
322,5711
322,8215
322,8260
322,11743
322,12885
322,12965
323,95
323,1205
323,1974
323,2473
323,3615
323,4577
323,6405
323,8967
323,9020
323,9073
323,9773
323,9840
323,10721
323,11709
323,13116
324,95
324,282
324,965
324,2059
324,2282
324,2655
324,2924
324,3270
324,3360
324,4015
324,4607
324,5088
324,9020
324,9066
324,9073
325,96
325,163
325,169
325,739
325,9538
325,13580
325,13581
325,13599
325,13600
325,13612
325,13614
325,13647
325,13656
325,13663
325,13712
325,13714
325,13723
326,96
327,96
327,13612
328,96
329,96
330,96
330,13663
331,97
332,97
332,158
332,376
333,97
334,97
335,97
335,158
335,376
336,98
337,100
337,5244
338,100
339,100
339,4943
339,5244
339,5584
339,5673
339,6238
339,8080
339,8291
339,10892
339,10930
339,13148
339,13628
340,101
341,101
342,102
343,102
343,617
343,803
343,835
343,4370
343,4835
343,6375
343,7365
343,9600
344,102
344,617
344,803
344,835
344,1854
344,4370
344,4835
344,7365
345,102
345,835
345,1295
345,1636
345,4370
345,4648
345,5136
345,6256
346,103
347,103
347,3832
348,104
349,104
350,104
351,104
352,104
353,105
353,677
353,6351
354,105
354,677
355,105
355,130
355,225
355,249
355,453
355,496
355,498
355,500
355,577
355,677
355,1262
355,1996
355,2365
355,2444
355,2849
355,3396
355,3610
355,3917
355,4923
355,5159
355,5782
355,5971
355,6190
355,6351
355,6455
355,6658
355,6843
355,6890
355,7714
355,7722
355,7750
355,8858
355,8952
355,9069
355,9096
355,10244
355,10459
355,10468
355,10479
355,11384
355,11736
355,12139
356,105
356,6351
357,106
358,106
359,106
360,106
361,106
362,106
363,107
363,8418
364,107
365,107
366,107
366,1156
366,3320
366,9100
367,107
367,429
367,435
367,606
367,6980
367,7358
367,9345
367,11808
368,108
369,108
370,108
371,108
372,108
373,108
374,109
374,710
374,12204
375,109
375,710
375,3124
375,4851
375,7641
375,13415
376,110
376,2347
377,110
377,122
377,384
377,2347
377,6429
377,8492
377,9698
378,110
378,384
378,2347
378,3988
378,8425
378,9698
378,10427
379,111
379,3121
380,111
380,313
380,1563
380,1853
380,2098
380,2422
380,3121
380,3733
380,5652
380,5935
380,6540
380,6633
380,7476
380,7777
380,8135
380,8868
380,9616
380,10515
380,10610
380,10861
380,11059
380,11245
380,11313
380,11338
380,11723
380,11799
380,11965
380,12025
380,12116
380,12614
380,13525
381,111
381,313
381,1563
381,1853
381,2098
381,2422
381,3121
381,3733
381,5652
381,5935
381,6540
381,6633
381,7425
381,7476
381,8047
381,8135
381,8868
381,10610
381,11059
381,11338
381,11723
381,11965
382,111
382,313
382,737
382,1563
382,2422
382,3121
382,4117
382,5652
382,5935
382,6540
382,11307
383,112
384,112
384,4404
385,112
385,1296
385,3817
385,4034
385,4404
385,4522
385,6429
385,8242
385,9698
385,12122
386,112
386,1296
386,1837
386,3618
386,3817
386,4404
386,4522
386,4689
386,6295
386,7562
386,9698
386,12122
386,13220
387,112
387,3817
387,6295
387,9791
387,12916
388,113
389,113
389,1375
389,2990
389,3260
389,6202
389,7000
389,8106
390,114
390,2674
390,3025
391,114
391,363
391,455
391,711
391,1618
391,2674
391,2988
391,3025
391,3881
391,4409
391,4678
391,5408
391,5539
391,5751
391,6018
391,6257
391,6733
391,7399
391,7564
391,7784
391,8097
391,8198
391,9087
391,9767
391,10875
391,13579
392,114
392,224
392,363
392,414
392,629
392,2674
392,3025
392,3363
392,3468
392,4678
392,5184
392,5628
392,5751
392,5783
392,6018
392,6257
392,7089
392,7247
392,7284
392,7399
392,7459
392,7508
392,8015
392,8019
392,9913
392,10307
392,11295
392,12056
392,12473
393,115
394,115
395,116
396,116
396,1888
396,2258
396,2579
396,4988
396,10891
396,12502
397,117
398,118
399,118
400,119
400,1370
400,1504
400,2309
400,2545
400,3758
400,5347
400,5814
400,6057
400,10987
400,11063
400,12908
401,119
401,2309
401,2545
401,3555
401,3758
401,5347
402,119
402,2309
402,3555
402,3758
402,5347
402,5834
402,6057
402,10987
402,11063
403,120
404,120
404,857
404,2149
404,6705
404,12641
405,121
405,5749
405,6460
406,121
406,634
406,1248
406,2393
406,3729
406,3953
406,5091
406,5749
406,6219
406,6460
406,7500
406,7553
406,9221
406,10144
406,10218
406,10522
406,10821
406,11040
406,12755
407,121
407,5649
407,5749
407,6460
407,12755
408,121
408,2546
408,3044
408,5023
408,5749
408,6240
408,6460
408,7006
408,7051
408,7622
408,8273
408,12755
408,13382
408,13412
409,122
410,122
410,421
410,6745
411,123
411,5872
412,123
412,310
412,2488
412,5190
412,7026
413,124
413,1411
413,1518
413,2137
413,3001
413,3168
413,3190
413,5475
413,9386
414,124
414,1518
414,2137
414,3001
414,3168
414,3190
414,5475
415,124
415,2137
415,3001
415,3168
415,3190
415,5475
416,125
416,6564
417,125
417,279
417,6742
418,125
418,256
418,279
418,561
418,753
418,4509
418,4513
418,5873
418,6564
418,6742
418,7636
418,9109
419,127
419,558
419,4270
419,6430
420,127
420,4892
420,6688
420,12058
421,127
421,558
421,674
421,711
421,872
421,2156
421,2589
421,2594
421,4075
421,4270
421,4942
421,4974
421,5643
421,6421
421,6430
421,7108
421,7148
421,9375
421,10704
421,10876
421,11106
421,11272
421,11616
421,12013
421,12024
421,12255
421,12534
421,12879
421,12944
422,127
422,508
422,1855
422,2564
422,2574
422,2726
422,3065
422,3183
422,3393
422,3551
422,4990
422,5040
422,5109
422,5630
422,5871
422,6451
422,7208
422,7225
422,8751
422,9057
422,9652
422,9973
422,10663
422,10776
422,11253
422,11778
422,11855
422,11931
422,11997
422,13724
423,128
423,732
423,2731
423,10576
423,11387
424,128
424,732
424,1492
424,2046
424,2320
424,2731
424,5716
424,7001
424,7208
424,8424
424,8751
424,9973
424,10428
424,10464
424,10776
424,11253
424,11387
424,11931
424,13421
425,129
425,608
425,5448
425,13724
426,129
426,353
426,444
426,608
426,4491
426,5448
426,6603
426,6865
426,8504
426,8563
426,8996
426,10627
426,11772
426,12263
426,12267
426,12394
426,13724
427,129
427,353
427,444
428,130
428,500
428,6455
429,130
429,3607
429,3780
429,4484
429,4923
429,5159
429,6297
430,130
430,5159
430,5971
430,6843
431,130
431,5234
432,131
432,816
432,4630
433,131
434,132
434,691
434,1828
434,2965
434,3980
434,5152
434,5660
434,6076
434,7720
434,8562
434,8623
434,10440
434,11224
434,11607
434,12948
435,132
435,5152
436,132
436,222
436,468
436,691
436,837
436,907
436,909
436,1828
436,2526
436,2892
436,2965
436,4264
436,4529
436,4606
436,5152
436,5660
436,5685
436,5923
436,6573
436,6669
436,7719
436,7720
436,8153
436,8379
436,8562
436,8860
436,8926
436,10238
436,11035
436,11607
436,13633
436,13635
437,133
438,133
439,133
439,6632
439,7900
439,10308
439,11077
439,11160
440,134
441,134
441,689
442,134
443,135
443,4921
443,6873
444,135
444,217
444,3067
444,3254
444,5895
444,7536
444,7667
445,136
445,7430
446,136
446,902
446,3564
446,6203
446,7367
446,7430
446,7537
446,7703
446,10305
446,11266
446,11271
446,11350
446,11352
446,11832
447,136
447,3564
447,4247
447,6965
447,6967
447,7542
447,7560
447,7630
447,7692
447,7703
447,8144
447,10010
447,10263
447,10520
447,11959
447,12289
447,12524
447,12546
448,136
448,7430
448,7692
449,137
449,745
450,137
450,745
451,138
452,138
453,138
454,138
454,485
454,752
455,139
455,326
455,391
455,529
455,605
455,947
455,5984
455,6177
455,6269
455,7827
455,9046
455,9130
455,11364
456,139
456,306
456,326
456,391
456,529
456,605
456,947
456,5984
457,139
457,141
457,391
457,947
457,4669
457,5984
457,6177
457,6269
457,7557
457,7827
457,9046
457,13683
458,140
459,140
460,141
460,6269
461,141
461,9130
462,142
463,142
463,448
463,613
463,627
463,1047
463,1156
463,1553
463,2532
463,4726
463,5522
463,6464
463,6583
463,6664
463,9017
463,9796
463,10088
463,10438
463,11180
464,143
465,143
466,143
467,144
468,144
468,8276
468,8553
468,10036
468,12722
469,144
470,145
470,3551
471,146
472,146
473,146
474,146
475,147
475,1213
475,4236
475,9019
475,10715
476,148
476,6594
477,148
477,348
477,6594
478,149
478,2066
478,5187
478,6063
479,149
480,150
480,11785
480,13147
481,150
481,783
481,953
481,2082
481,3271
481,3823
481,4199
481,5898
481,6063
481,6293
481,7336
482,150
482,2221
482,6031
483,150
483,12126
484,151
484,441
484,3104
484,3673
484,4962
484,5707
484,6433
484,7601
484,12432
485,151
485,4962
485,6433
486,151
486,441
486,869
486,3104
486,3673
486,4962
486,5298
486,5707
486,6433
486,7601
487,151
487,869
487,3673
487,5298
487,5707
488,151
489,152
490,152
491,152
491,2656
491,3756
491,4181
491,4253
491,4710
491,5857
491,6153
491,6281
491,7042
491,8176
491,8305
491,8520
491,9001
491,9418
491,9553
491,9764
491,10801
491,11957
491,11982
491,12075
491,12626
491,12930
491,13651
492,152
492,455
492,1345
492,7746
492,7791
493,153
493,8421
494,153
495,153
496,154
496,5252
497,154
498,154
498,185
498,324
498,476
498,571
498,724
498,799
498,1349
498,1916
498,2554
498,3719
498,4137
498,4564
498,5015
498,5198
498,5221
498,5252
498,5352
498,5521
498,5587
498,5632
498,5736
498,5752
498,5793
498,5923
498,5959
498,6792
498,7065
498,7385
498,7591
498,8623
498,9344
498,9410
498,9662
498,10440
498,10650
498,10709
498,10834
498,13633
498,13635
499,155
499,6705
499,10708
499,12171
500,155
500,7518
501,155
501,1015
501,1276
501,1890
501,2275
501,2484
501,5400
501,6705
501,9166
501,10268
501,10708
501,11834
501,12171
502,156
503,156
504,156
505,156
505,636
506,156
506,10030
507,157
507,1835
507,2612
507,2638
507,5090
507,5355
507,6712
507,7268
507,8388
507,8692
507,8800
507,8995
507,9358
507,10489
507,10704
507,10772
507,10881
507,11242
507,12024
508,157
508,542
508,1793
508,1835
508,2573
508,2638
508,2755
508,5090
508,5355
508,6712
508,7233
508,7257
508,7267
508,7271
508,8692
508,9335
508,9358
508,9472
508,10441
508,10524
508,10532
508,10609
508,10699
508,10738
508,10758
508,11359
508,11906
508,11935
508,11940
508,11967
508,12041
508,12053
508,12113
508,12466
508,12496
508,12548
508,13435
508,13704
509,157
509,404
509,478
509,2390
509,4525
509,5090
509,6511
509,6712
509,7172
509,8628
509,9309
509,9941
509,10002
509,10748
509,11153
509,12179
509,12231
510,157
510,542
510,1793
510,1835
510,2612
510,2638
510,2755
510,5090
510,5355
510,6712
510,7267
510,8692
510,9335
510,9358
510,10738
510,13704
511,159
511,695
511,5869
511,6816
512,159
512,695
512,5869
512,6816
513,159
514,159
515,160
515,400
515,815
515,6277
515,9568
516,160
516,815
516,6277
517,160
517,815
517,6277
518,160
518,815
518,6277
519,160
519,815
519,6277
520,160
520,815
520,2202
520,6277
521,160
521,815
521,6277
521,8223
522,161
522,6040
523,161
523,5138
524,161
524,557
524,809
524,846
524,1185
524,1426
524,1504
524,1516
524,1548
524,1749
524,2558
524,2634
524,2667
524,2974
524,3705
524,3846
524,4616
524,5452
524,5755
524,6089
524,6222
524,6384
524,6390
524,7028
524,7163
524,7214
524,7318
524,8259
524,8380
524,8549
524,8600
524,8920
524,9356
524,9845
524,10142
524,10829
524,10836
524,10839
524,10866
524,11137
524,12343
524,12357
524,12376
524,12401
524,12551
524,12581
524,12746
524,13301
524,13707
525,161
525,5130
526,162
527,162
528,162
529,163
529,13580
530,163
531,164
532,164
532,1800
533,165
533,329
533,340
533,708
533,768
533,2445
533,2517
533,2894
533,3417
533,3504
533,4473
533,4705
533,4724
533,4821
533,5122
533,5148
533,5181
533,5248
533,5336
533,6452
533,7232
533,7578
533,7951
533,8327
533,9163
533,9207
533,9232
533,9685
533,9920
533,9995
533,10513
533,10671
533,11228
533,11819
533,12032
533,12195
533,12223
533,12230
533,12298
533,12332
533,12438
533,12715
533,12783
533,13427
533,13616
534,165
535,165
536,165
537,165
538,165
538,1177
538,1679
538,2070
538,2449
538,7040
538,7195
538,7472
538,7670
538,7699
538,7906
538,7929
538,7940
538,8020
538,8789
538,8838
538,9190
538,9348
538,9927
538,10028
538,10451
538,10500
538,10720
538,12298
538,12938
538,13676
539,166
540,166
541,167
542,167
543,167
543,610
543,5118
543,6300
543,7377
543,9134
544,167
545,167
546,168
547,168
548,168
549,169
550,169
551,169
552,169
553,169
554,170
555,170
556,170
556,7876
556,9120
557,171
558,171
558,5670
558,7387
558,9201
558,11376
559,172
560,173
561,173
561,730
562,174
563,174
564,174
565,175
566,175
566,383
566,2106
566,3858
566,13653
566,13678
567,175
568,175
569,175
569,321
569,383
569,961
569,2106
569,2121
569,2194
569,3047
569,3182
569,3401
569,3590
569,3741
569,3858
569,4142
569,4266
569,4765
569,4878
569,5323
569,5411
569,5998
569,6126
569,6181
569,6499
569,6719
569,7584
569,7748
569,8950
569,9058
569,13653
569,13678
570,176
570,240
571,176
571,7544
571,9872
572,177
572,1644
572,7991
572,10553
572,12151
573,177
573,1644
573,4746
573,7926
573,10553
574,177
574,6593
574,8299
575,178
575,364
575,794
575,938
575,1103
575,1224
575,2134
575,2346
575,2706
575,2867
575,3200
575,3859
575,5139
575,6385
575,6398
575,6418
575,6948
575,7204
575,7324
575,7684
575,8359
575,8404
575,8427
575,8722
575,8803
575,10048
575,10139
575,11126
575,13065
576,178
576,2220
576,2667
576,3727
576,4616
576,5452
576,6530
576,7262
576,12144
576,12344
577,178
577,2602
577,4265
578,178
578,625
578,680
578,1247
578,1752
578,2043
578,2080
578,2380
578,2418
578,3285
578,3598
578,4044
578,5058
578,5104
578,5227
578,5264
578,5282
578,5308
578,5370
578,5636
578,5747
578,5866
578,5885
578,5951
578,6360
578,6449
578,6465
578,7145
578,7209
578,7349
578,8002
578,8521
578,8525
578,8988
578,9237
578,9390
578,9479
578,9744
578,10231
578,10237
578,10398
578,11354
578,12143
578,12391
578,12526
579,179
580,179
581,179
582,180
583,180
584,180
585,181
586,181
586,511
587,181
588,182
588,4496
589,182
589,4496
589,12969
590,182
590,1933
590,4057
590,4290
590,4496
590,4859
590,5746
590,6945
590,7261
590,7402
590,8257
590,9686
590,12843
591,183
592,183
593,183
593,203
593,7232
593,7608
593,9232
593,9685
593,12789
593,12931
594,183
595,184
596,184
597,185
597,324
597,9091
598,185
598,324
598,4558
598,8779
598,9091
598,11695
598,11735
598,11758
599,185
600,186
600,3410
600,5462
600,10618
601,186
601,5302
601,11184
602,186
602,1013
602,3410
602,5302
602,10657
602,10888
603,186
603,3410
603,5302
604,187
604,6546
604,7792
604,11811
605,187
605,5808
606,187
606,3158
606,6546
607,188
607,347
607,4537
608,188
608,272
608,347
608,409
608,9121
608,11680
609,188
610,189
611,189
612,189
612,226
612,1681
612,12285
613,190
613,349
613,6112
613,7594
614,190
614,609
614,1928
614,2382
614,2447
614,2576
614,2634
614,4495
614,5130
614,5150
614,5163
614,6166
614,6222
614,6224
614,6796
614,7433
614,8259
614,8549
614,9198
614,9653
614,10117
614,10577
614,11810
614,12343
614,12357
614,12448
614,12459
615,191
616,191
617,191
618,192
619,192
620,193
620,3866
621,193
622,193
623,193
623,10640
623,12172
623,13398
624,193
625,194
626,194
627,194
627,1773
627,2215
627,2658
627,2781
627,3539
627,4299
627,4695
627,6605
627,7212
627,7308
627,7381
627,7516
627,7698
627,8938
627,9401
627,9422
627,10044
627,10073
627,10253
627,10291
627,10686
627,10752
627,10756
627,11311
627,11393
627,11422
627,11813
627,12009
627,13393
628,194
629,195
630,195
631,195
631,425
631,1609
631,1651
631,2103
631,4002
631,4842
631,6237
631,7666
631,11057
631,12035
631,12730
632,196
632,4456
632,5940
632,7901
632,8076
632,8193
632,8238
632,9633
632,10210
633,196
633,1015
633,1140
633,1224
633,1276
633,1560
633,2761
633,3166
633,3488
633,4040
633,4741
633,4983
633,5129
633,5301
633,5597
633,5977
633,6008
633,6503
633,6636
633,6693
633,6851
633,6996
633,7324
633,7488
633,7535
633,7576
633,7684
633,7726
633,8514
633,9010
633,9056
633,9164
633,9431
633,10790
633,11834
633,12479
633,12554
633,13675
634,196
634,1103
634,3955
634,4456
634,5940
634,6624
634,6766
634,8238
634,9442
634,9586
634,11092
634,13430
635,196
635,1162
635,4764
635,5002
635,5062
635,5532
635,6438
636,197
636,517
637,197
637,517
638,198
639,198
640,199
641,199
641,415
641,807
641,3120
641,4261
641,4805
641,7754
641,7805
641,8463
641,9067
641,11049
641,12379
641,12709
642,199
642,415
642,807
642,3120
642,4261
642,7754
642,7805
642,8463
642,9067
643,200
644,201
644,4769
644,6271
645,202
646,202
647,202
648,202
649,203
650,203
650,7232
650,7608
650,9232
650,9685
650,12789
650,12931
651,203
652,203
652,1907
652,3392
652,3890
652,7179
652,7878
653,204
653,297
654,204
654,297
655,204
655,297
655,577
655,1512
655,5537
655,5782
656,205
656,5597
657,205
658,206
658,11138
659,206
659,6724
660,207
661,207
662,207
662,673
662,8891
662,9055
662,11650
663,207
663,673
663,8891
663,9055
663,11650
664,208
664,771
664,1194
664,1569
664,2025
664,4062
664,8513
665,208
666,208
666,13016
666,13040
667,208
668,208
668,1583
668,3085
668,5802
669,208
669,771
669,3085
669,4949
669,12788
670,209
670,7728
670,10300
670,11261
671,209
671,11261
672,209
672,2069
672,5363
672,6414
672,7728
672,10300
672,11261
673,210
673,1250
673,2581
673,6706
673,7025
673,7924
673,8741
673,8825
673,9344
673,10161
673,10507
673,10650
673,10656
673,11607
673,11885
674,210
674,2765
674,4876
674,6036
674,6217
675,210
675,1250
675,2581
675,2973
675,6148
675,6217
675,6377
675,6535
675,6706
675,6722
675,7025
675,7086
675,7478
675,7924
675,7987
675,8283
675,8741
675,8767
675,8825
675,8868
675,8876
675,9344
675,9922
675,10203
675,10240
675,10249
675,10645
675,10650
675,10701
675,11054
675,11231
675,11309
675,11421
675,11571
675,11961
675,12434
675,12625
675,12757
675,12792
675,12919
675,12943
675,12971
676,210
676,475
676,894
676,1046
676,1250
676,1841
676,2329
676,2489
676,2525
676,2581
676,3013
676,3028
676,3246
676,3441
676,3663
676,3674
676,4100
676,4438
676,4542
676,5326
676,5331
676,5401
676,5760
676,5978
676,6025
676,6217
676,6221
676,6327
676,6415
676,6610
676,6647
676,6662
676,6683
676,6722
676,6723
676,7177
676,7202
676,7258
676,7278
676,7413
676,7478
676,7511
676,7550
676,7723
676,7897
676,8035
676,8607
676,8767
676,8821
676,8871
676,9486
676,9615
676,9825
676,9861
676,10266
676,10599
676,10645
676,10749
676,10789
676,10913
676,11239
676,11370
676,11372
676,11388
676,11397
676,11720
676,11781
676,11881
676,11885
676,11886
676,12719
676,12880
676,12881
676,12922
676,13357
676,13385
676,13536
676,13555
677,211
678,211
678,5741
679,212
679,2908
679,4529
679,7350
679,8775
680,212
680,1345
680,1896
680,4529
680,4606
680,7350
680,7720
680,7770
680,8088
680,8562
680,9961
680,10660
680,11989
681,212
681,314
681,468
681,784
681,907
681,974
681,983
681,1030
681,1096
681,1258
681,1570
681,1631
681,1896
681,2510
681,2526
681,2892
681,2908
681,2976
681,2980
681,3105
681,3347
681,4264
681,4529
681,4547
681,4606
681,5568
681,5589
681,5660
681,5685
681,5804
681,6115
681,6573
681,7350
681,8153
681,8860
681,9612
681,10238
681,11035
681,11291
681,11296
681,12756
681,13481
681,13491
682,213
683,213
683,2876
684,214
685,214
686,214
687,215
687,6599
688,215
688,458
688,639
688,699
688,787
688,789
688,963
688,1660
688,2194
688,2843
688,2944
688,2987
688,3203
688,3464
688,3627
688,3678
688,4327
688,4377
688,4559
688,4585
688,4841
688,6158
688,6457
688,6599
688,6628
688,7026
688,7418
688,7575
688,8012
688,8113
688,8240
688,9116
688,9445
688,10277
688,10278
688,10284
688,10493
688,11382
688,11678
688,11726
689,216
690,216
690,5325
690,5943
691,216
691,9259
692,217
692,545
692,3118
692,5895
692,6371
692,7583
693,217
693,3254
693,5895
693,12894
694,217
694,2968
694,5895
694,12182
694,12217
695,217
695,545
695,598
695,1215
695,3576
695,3592
695,5876
695,5895
695,7260
695,7543
695,7583
695,8541
696,218
696,7729
696,10735
697,218
697,5928
697,7729
697,10735
697,11858
698,218
698,5928
698,7729
698,10735
699,219
699,300
699,323
699,7287
699,13595
700,219
701,219
702,219
702,323
702,13595
703,220
704,220
704,2218
704,2993
704,9503
704,12398
705,220
706,221
706,13688
707,222
708,222
708,724
708,5587
708,5923
709,222
709,8443
710,222
710,4137
711,223
712,224
712,931
712,5184
712,6637
712,6726
712,7343
712,7508
712,9005
712,9156
713,225
713,453
713,3396
713,3610
713,3782
714,226
715,227
716,227
717,227
718,228
719,228
719,3352
720,228
721,228
722,229
722,4907
722,7395
722,8864
723,229
724,229
724,2467
724,5358
724,7613
724,7688
724,8864
724,10675
724,13689
725,230
726,230
727,230
728,230
729,231
730,231
731,231
732,232
732,2051
733,232
734,232
735,233
735,472
735,7361
735,8376
735,9700
735,10944
735,11069
735,11837
735,12433
736,234
737,234
738,234
739,234
739,564
740,234
741,234
742,235
742,6716
743,235
744,236
744,6154
745,236
746,236
747,236
747,6888
747,10802
748,236
749,237
750,237
751,237
752,238
753,239
753,797
754,239
754,797
755,239
755,797
756,240
757,240
758,240
759,240
760,241
761,241
761,638
761,11983
762,241
762,783
762,3670
762,3751
762,6174
762,6466
762,6710
762,11707
763,242
764,242
765,242
766,243
767,243
767,13716
768,243
768,3988
768,13716
769,243
770,243
770,12898
771,244
771,4112
771,6334
771,7953
772,244
772,672
772,2437
772,4112
772,4337
772,5097
772,5158
772,6334
772,6440
773,244
773,4112
773,8863
773,9628
773,10098
773,10193
773,10580
773,10937
773,12329
773,12443
774,245
774,482
775,246
776,246
777,247
778,247
779,247
779,639
779,6554
780,248
780,1370
780,1856
780,3132
780,6164
780,7084
780,7456
780,9152
780,9508
780,10858
780,13386
780,13473
781,248
781,1370
781,3132
781,5138
781,6164
781,7456
781,8883
782,248
782,7333
783,249
783,496
783,498
783,2444
783,2849
783,3396
783,3917
783,6658
783,6890
783,7750
783,8858
783,8952
783,9069
783,9096
783,10459
784,250
785,250
786,251
787,251
788,252
789,252
789,2364
790,252
790,2364
791,252
791,2364
792,252
792,3353
792,4708
792,6091
792,11235
793,252
794,253
794,5335
795,253
795,5335
796,253
797,253
797,298
797,514
797,780
797,2649
797,3577
797,4610
797,5432
797,6074
797,6954
797,7355
797,7447
797,13709
798,254
798,7757
798,9181
798,9975
799,254
799,584
799,633
799,1784
799,4087
799,7324
800,254
800,7556
800,9005
800,10299
801,254
801,6726
801,9005
801,9044
801,9375
801,10299
801,10312
801,11272
801,12534
802,255
803,256
803,561
803,4513
803,6742
804,258
805,258
806,258
806,3472
806,8187
806,13141
807,258
808,258
808,1515
808,1590
808,1976
808,3449
808,3472
808,4124
808,4848
808,4950
808,5874
808,6341
808,8187
808,8313
808,9778
808,13141
809,259
809,328
809,1397
809,2266
809,2360
809,2375
809,4512
809,5489
809,5960
809,6536
810,260
811,260
812,261
812,3029
812,4973
812,7300
812,10310
812,10443
813,261
813,4973
814,262
815,262
816,262
817,262
818,262
819,263
819,941
819,5218
819,6644
819,7372
819,7419
819,7445
819,12649
820,263
821,263
822,263
822,757
822,941
822,2216
822,2538
822,3834
822,4048
822,4401
822,5218
822,6107
822,6644
822,6657
822,6684
822,6825
822,6977
822,7107
822,7292
822,7372
822,7416
822,7419
822,7445
822,7533
822,7570
822,7602
822,7653
822,7671
822,7682
822,7849
822,7960
822,9183
822,9219
822,9327
822,9354
822,9372
822,10306
822,11818
822,11840
822,12015
822,12649
823,264
823,355
823,1116
823,3086
823,3346
823,5014
823,5026
823,5211
823,5232
823,6291
823,7004
823,7044
823,8440
823,8469
823,9925
823,11602
823,13308
824,264
824,5232
824,7063
825,265
826,265
827,265
828,266
829,266
830,266
831,266
831,339
832,267
833,267
834,267
835,267
835,341
836,268
836,11563
837,268
838,268
839,269
840,269
841,270
842,271
843,271
844,271
844,6428
845,271
845,6428
846,272
847,272
848,273
848,1103
848,1793
848,1835
848,1979
848,2038
848,2200
848,2300
848,2414
848,2573
848,2638
848,2755
848,2884
848,3879
848,4241
848,4701
848,4740
848,4922
848,5129
848,5355
848,5502
848,5817
848,6155
848,6503
848,6596
848,7383
848,7406
848,7411
848,7468
848,7484
848,7488
848,7503
848,7535
848,7576
848,7957
848,7989
848,8512
848,8515
848,9003
848,9010
848,9164
848,9215
848,9217
848,9341
848,9444
848,10197
848,10260
848,10903
848,11249
848,11332
848,11863
848,11935
848,12046
848,12053
848,12154
848,12397
848,12548
848,12870
848,13567
849,273
849,1553
849,2008
849,4391
849,5157
849,5502
849,5944
849,6155
849,8849
849,8861
849,10152
849,12308
850,273
850,5536
850,6155
851,274
851,2072
851,2488
851,3728
851,4014
851,5259
851,5441
852,274
852,1952
852,2036
852,3386
852,4032
852,5223
852,5404
852,6253
852,7988
852,8295
852,9216
852,9330
852,9440
852,9819
852,10449
852,10606
852,10813
852,11766
852,12494
852,12677
852,12706
852,12786
852,12979
852,13345
853,275
853,1333
853,9040
853,12010
854,275
855,275
855,765
855,1333
855,2084
855,3964
855,4070
855,4778
855,5128
855,5808
855,6655
855,6912
855,8279
855,9040
855,9196
855,9816
855,12010
855,13654
856,276
857,276
857,6585
857,7869
858,277
858,7741
859,277
860,277
860,2568
860,4141
860,5378
860,6727
860,7906
861,277
861,7347
862,277
863,278
863,1705
863,7697
863,12384
864,278
864,7697
865,278
865,6367
865,12384
866,279
866,753
866,4513
866,5873
866,7636
867,280
867,6519
868,280
869,280
869,6519
870,281
870,6306
871,282
871,965
871,4015
872,282
872,2059
873,282
874,282
874,965
874,2282
874,3270
874,3360
874,4015
874,4607
874,4761
874,9729
875,283
875,6415
876,283
877,283
877,1071
877,1784
877,2489
877,2525
877,2746
877,2835
877,3674
877,4100
877,4438
877,5331
877,6415
877,6692
877,7258
877,7274
877,7278
877,7511
877,7897
877,7965
877,7992
877,9373
877,9414
877,10610
877,11262
877,11312
877,11965
877,12025
877,12085
877,12890
877,13525
877,13536
878,283
878,2489
878,5331
878,5978
878,6221
878,6415
878,6421
879,283
879,2489
879,5331
879,5760
879,5978
879,6221
879,6415
880,284
880,2335
881,284
881,1395
881,1790
881,1823
881,2335
881,4360
881,5033
881,6264
881,7294
881,7366
881,12178
881,12262
882,284
882,7294
882,7366
883,285
883,3792
884,285
884,1412
884,1501
884,1648
884,1896
884,2018
884,2244
884,2400
884,2966
884,3351
884,3792
884,3934
884,4114
884,4384
884,4564
884,5429
884,6611
884,6669
884,7002
884,7340
884,8795
884,11320
885,285
885,1412
885,2603
885,8795
885,11320
885,12347
886,285
886,3792
887,286
888,286
889,286
890,287
891,287
892,287
893,288
893,13705
894,288
895,288
895,2111
895,6626
895,8200
895,10270
895,10745
895,10917
895,11256
895,13528
895,13556
895,13562
895,13574
896,288
897,288
897,619
897,702
897,2074
897,2111
897,2889
897,4301
897,4555
897,4560
897,6626
897,7822
897,8202
897,8319
897,8332
897,8391
897,9141
897,10270
897,10486
897,10757
897,11176
897,11177
897,11256
897,11321
897,11405
897,12618
898,289
898,6733
899,289
899,5563
899,9053
899,9089
899,10305
899,11266
899,11271
899,11350
900,289
900,6733
901,289
901,6733
902,290
902,6586
903,290
903,848
903,2047
903,5529
903,6527
903,6586
903,6699
903,7458
904,290
905,290
905,2047
905,3211
905,4572
905,5529
905,6527
905,6586
905,7458
906,291
906,774
906,3934
906,5568
907,291
907,5568
908,292
909,292
910,292
910,13649
911,292
912,293
913,293
914,293
915,294
915,2898
915,3413
915,3835
915,4012
915,5249
915,6565
915,8069
915,9990
915,12867
916,294
917,294
917,549
917,1344
917,1757
917,2898
917,3413
917,3835
917,3862
917,4012
917,4442
917,4660
917,5249
917,6565
917,7403
917,7595
917,9174
917,9990
917,12194
918,295
919,295
920,296
920,1970
920,2205
920,2394
920,2595
920,2948
920,3388
920,3447
920,4696
920,6718
920,7577
920,7652
920,7664
921,296
921,3447
921,7577
921,8902
922,296
922,2595
922,3447
922,6718
922,7652
922,8261
922,12624
923,296
923,1705
923,2578
923,3447
923,6718
923,7577
923,7652
923,7697
923,8261
923,9212
923,10613
923,11189
923,11589
923,12624
924,297
924,5979
924,7096
924,7144
924,7806
924,9510
924,10271
924,10528
924,11164
924,12599
924,12723
924,13683
925,298
925,780
925,2085
925,4998
925,7355
925,7447
925,13709
926,298
926,7447
927,299
927,1634
927,2514
927,3041
927,4231
927,4316
927,5675
927,7644
927,8788
927,9955
927,10054
927,13472
928,299
928,1006
928,1070
928,1721
928,1751
928,1772
928,6014
928,7326
929,299
929,1634
929,3041
929,4231
929,5675
929,8788
929,9955
929,10054
929,13472
930,299
930,703
930,1006
930,1070
930,1229
930,1557
930,1634
930,1721
930,1751
930,1772
930,2012
930,3142
930,3993
930,4231
930,4556
930,5108
930,5675
930,6014
930,6472
930,7041
930,7181
930,7241
930,7510
930,7644
930,8550
930,8564
930,8777
930,8835
930,8840
930,8850
930,9103
930,9194
930,9406
930,9453
930,9455
930,9953
930,10729
930,11257
930,11706
930,11711
930,13318
930,13483
931,299
931,703
931,1006
931,1634
931,1721
931,1751
931,3142
931,4231
931,4556
931,5108
931,5675
931,6014
931,6472
931,7041
931,7241
931,7326
931,7644
931,8564
931,8835
931,8850
931,9194
931,9406
931,9455
931,10729
931,11706
932,300
932,7287
933,300
933,323
933,7287
933,13595
934,300
934,323
934,7287
934,13595
935,300
935,323
936,301
937,301
938,301
938,3680
938,4403
938,9826
938,10889
939,302
939,3158
939,3569
939,6546
939,7646
939,7792
940,302
941,302
941,3158
941,3569
941,6546
942,303
943,303
944,303
945,304
945,10707
946,304
946,8764
947,304
947,315
947,343
947,1686
947,1999
947,2048
947,2265
947,3177
947,4583
947,4603
947,5280
947,7259
947,7281
947,7761
947,8011
947,8537
947,9171
947,9185
947,10005
947,10304
947,10317
947,10727
947,12151
947,12570
948,305
949,305
949,1245
949,3256
949,6453
949,7059
949,7708
950,305
950,563
950,590
950,1245
950,6170
950,7059
950,7708
951,305
951,673
951,3256
951,11656
952,306
953,306
954,307
955,307
956,307
957,308
958,308
959,309
959,320
959,329
959,340
959,566
959,1621
959,2288
959,2350
959,4381
959,5030
959,5556
959,12216
959,12438
960,309
960,403
960,566
960,600
960,971
960,1181
960,1220
960,1372
960,1621
960,2232
960,2302
960,2326
960,2568
960,2658
960,2765
960,3519
960,3770
960,4862
960,5030
960,5181
960,5556
960,5605
960,6035
960,7503
960,7588
960,7687
960,8954
960,9165
960,11521
960,13666
960,13693
961,310
961,2292
961,2655
961,3023
961,9035
962,311
962,1837
962,2011
962,5382
962,5761
962,6651
962,7210
962,8036
962,10248
962,12326
963,312
964,313
965,314
966,314
967,315
968,315
969,315
970,316
970,733
971,316
972,316
973,316
973,6569
974,316
974,733
974,5329
974,6569
975,317
976,317
977,318
977,12588
978,318
978,1410
978,7340
979,319
980,319
981,319
982,319
983,319
984,319
984,1238
984,1925
984,8255
985,320
986,320
987,321
988,321
989,321
990,321
991,321
992,322
992,7136
992,9111
993,324
994,325
994,784
994,2307
994,2510
994,3891
994,7316
994,7566
995,325
996,327
996,13653
996,13678
997,327
997,3240
997,5323
997,6126
997,7733
997,8930
997,9488
997,10682
997,12124
997,12541
997,13653
997,13674
997,13678
998,328
998,2360
998,4512
999,330
999,5554
1000,330
1000,5554
1001,330
1002,330
1003,330
1003,5554
1004,331
1004,342
1004,344
1004,6033
1004,6590
1004,6616
1004,9883
1004,11235
1005,331
1005,2442
1006,331
1006,342
1006,2442
1006,2830
1006,5468
1006,5831
1006,6033
1006,6590
1006,6616
1006,11087
1006,12685
1006,12830
1007,331
1007,342
1007,6033
1007,6590
1008,332
1009,332
1010,333
1010,1371
1010,1997
1010,2249
1010,2370
1010,2472
1010,2608
1010,2682
1010,2733
1010,2735
1010,2931
1010,3402
1010,3411
1010,3495
1010,3811
1010,4319
1010,4471
1010,4725
1010,4727
1010,5066
1010,5447
1010,5486
1010,5762
1010,5799
1010,6019
1010,6023
1010,6157
1010,6268
1010,6278
1010,6352
1010,6477
1010,6531
1010,7191
1010,7309
1010,7461
1010,7517
1010,8185
1010,9417
1010,9452
1010,10316
1011,333
1011,3257
1011,4578
1011,5228
1011,5343
1012,333
1012,399
1012,549
1012,717
1012,1095
1012,1244
1012,1405
1012,1917
1012,2115
1012,2457
1012,2753
1012,2931
1012,2969
1012,2970
1012,3013
1012,3330
1012,4858
1012,4901
1012,5326
1012,5389
1012,5486
1012,5538
1012,6298
1013,333
1013,7309
1014,334
1014,5198
1014,5352
1014,5521
1014,5752
1014,5793
1014,6792
1014,7657
1014,10834
1015,334
1015,5198
1015,5352
1015,5521
1015,5752
1015,5793
1015,6792
1015,7657
1015,10834
1016,334
1016,708
1016,3417
1016,4724
1016,7373
1016,7657
1016,7918
1016,10834
1016,13670
1017,335
1017,1192
1017,2461
1017,12465
1018,335
1019,335
1020,335
1020,1058
1021,335
1021,2461
1021,3962
1021,9910
1021,12465
1021,13360
1022,336
1023,336
1024,337
1024,5653
1025,337
1025,5360
1025,5653
1025,6245
1025,9291
1026,338
1027,338
1028,339
1029,339
1030,339
1031,341
1031,2141
1031,6194
1031,7114
1031,8512
1031,9045
1032,342
1032,344
1032,11321
1033,343
1033,2265
1033,3946
1033,7761
1033,9185
1033,10317
1034,344
1035,344
1035,6616
1035,8682
1035,9726
1035,12848
1036,345
1037,345
1037,1944
1037,8097
1037,9767
1038,345
1039,346
1039,6975
1040,346
1041,347
1042,347
1042,4537
1043,348
1044,348
1044,7347
1045,348
1045,1172
1045,5143
1046,348
1047,350
1047,9125
1048,351
1049,351
1049,3018
1049,5753
1050,353
1050,608
1050,4491
1050,6865
1050,13724
1051,354
1052,354
1053,355
1053,1116
1053,3346
1053,5014
1053,5026
1053,5211
1053,6291
1053,7004
1053,11602
1053,13308
1054,356
1054,2325
1055,356
1055,2325
1055,2734
1056,358
1056,973
1056,2288
1056,2517
1056,3806
1056,5934
1056,12350
1057,359
1058,359
1058,2454
1058,5571
1058,5671
1058,6002
1058,7480
1058,7739
1058,10548
1058,12587
1059,359
1059,9546
1060,359
1060,1144
1060,2454
1060,5359
1060,5571
1060,5671
1060,6002
1060,7480
1060,7739
1060,9838
1060,10475
1060,10548
1060,11269
1060,11677
1060,12587
1060,13425
1061,360
1062,360
1063,360
1064,361
1064,6729
1065,361
1065,3295
1065,6729
1066,362
1067,362
1068,362
1069,363
1069,3468
1069,4678
1069,5751
1069,5783
1069,6018
1069,6257
1069,7089
1069,7399
1069,8299
1069,10307
1069,10474
1069,10551
1069,10617
1069,10618
1069,10669
1069,10736
1069,13558
1070,363
1070,524
1070,1339
1070,5672
1070,7089
1070,7247
1070,12473
1071,363
1071,414
1071,433
1071,907
1071,1294
1071,1356
1071,1459
1071,1501
1071,1648
1071,1954
1071,2122
1071,2763
1071,3170
1071,3363
1071,3838
1071,4435
1071,4892
1071,6018
1071,6396
1071,6460
1071,6590
1071,6688
1071,7026
1071,7089
1071,7202
1071,7257
1071,7459
1071,7524
1071,7553
1071,8170
1071,10566
1071,10609
1071,11235
1071,11913
1071,11955
1071,12040
1071,12049
1071,12168
1071,12496
1071,12548
1071,12740
1071,12847
1071,12922
1072,364
1072,5544
1073,365
1073,1135
1073,3448
1074,365
1074,1135
1074,3309
1074,3448
1075,366
1075,741
1075,6874
1075,7079
1075,11605
1075,11745
1076,366
1077,366
1078,367
1079,367
1080,367
1081,367
1082,368
1082,414
1082,5628
1082,7970
1083,368
1084,369
1084,462
1084,785
1084,6639
1084,7115
1084,7178
1084,7300
1084,7348
1084,7351
1084,7755
1084,8662
1084,9137
1084,10442
1084,10741
1084,11246
1084,11816
1084,13465
1085,369
1085,464
1085,554
1085,5495
1085,6612
1085,6639
1085,7115
1085,7178
1085,7300
1085,7348
1085,7351
1085,7755
1085,8662
1085,9137
1085,10107
1085,10442
1085,10741
1085,11246
1085,11314
1085,11816
1085,13465
1086,369
1086,436
1086,462
1086,499
1086,534
1086,554
1086,587
1086,779
1086,785
1086,819
1086,1341
1086,2116
1086,3029
1086,5495
1086,5499
1086,5677
1086,6587
1086,6612
1086,7115
1086,7139
1086,7154
1086,7300
1086,7345
1086,7348
1086,7351
1086,7400
1086,7832
1086,7865
1086,8905
1086,9061
1086,10096
1086,10310
1086,10727
1086,13664
1087,369
1087,436
1087,462
1087,464
1087,499
1087,534
1087,554
1087,587
1087,779
1087,785
1087,819
1087,1341
1087,2116
1087,3029
1087,5495
1087,5499
1087,5677
1087,6587
1087,6612
1087,6639
1087,7115
1087,7139
1087,7154
1087,7178
1087,7300
1087,7348
1087,7351
1087,7400
1087,7755
1087,7832
1087,7865
1087,8662
1087,8905
1087,9061
1087,9137
1087,10107
1087,10310
1087,10442
1087,10443
1087,10741
1087,11246
1087,11314
1087,11816
1087,12266
1087,12280
1087,12359
1087,13465
1087,13664
1088,370
1088,3782
1088,5283
1089,370
1090,370
1090,3075
1090,5283
1090,8717
1090,10697
1090,12188
1091,371
1092,371
1093,372
1093,6827
1094,372
1094,601
1094,820
1094,3884
1094,6568
1094,6827
1094,7694
1094,10472
1095,372
1096,373
1097,373
1098,373
1099,373
1100,374
1101,374
1102,374
1103,375
1104,375
1104,7375
1105,375
1105,1503
1105,3215
1105,7334
1106,376
1107,376
1108,377
1109,377
1110,377
1111,378
1111,4503
1112,378
1113,378
1114,379
1115,379
1115,2757
1115,3861
1115,7612
1115,8535
1115,9114
1115,9147
1115,11770
1115,11800
1115,11864
1116,379
1117,379
1117,1425
1117,1508
1117,1509
1117,1576
1117,1696
1117,1832
1117,2359
1117,2677
1117,2736
1117,2757
1117,3651
1117,3704
1117,3711
1117,3861
1117,3983
1117,4152
1117,4599
1117,4729
1117,5134
1117,5340
1117,5473
1117,5530
1117,6290
1117,6775
1117,7612
1117,8226
1117,8535
1117,9079
1117,9531
1117,9533
1117,9547
1117,9753
1117,9758
1117,10933
1117,10965
1117,11013
1117,11648
1117,11770
1117,11800
1117,13130
1117,13285
1117,13344
1118,380
1118,707
1118,3630
1118,3700
1118,3941
1119,380
1120,380
1120,3630
1120,3933
1120,7358
1121,381
1121,6209
1122,381
1122,3180
1122,6209
1122,6663
1122,8774
1122,9737
1123,381
1123,6209
1123,10451
1124,382
1125,382
1126,383
1127,384
1128,384
1129,385
1130,385
1130,5646
1130,8352
1130,8531
1130,12904
1131,385
1132,386
1133,387
1133,801
1133,953
1133,1343
1133,3271
1133,4045
1133,6004
1133,6349
1133,6766
1134,387
1134,801
1134,6004
1134,6349
1135,387
1136,387
1136,874
1136,1528
1136,3271
1136,4045
1136,6679
1136,6766
1136,9760
1137,388
1137,11545
1138,388
1139,388
1140,389
1141,389
1141,3437
1141,4144
1142,389
1142,3340
1142,3437
1142,3481
1142,4144
1143,389
1144,390
1144,401
1144,1290
1144,1378
1144,1631
1145,390
1145,1030
1145,1258
1145,1631
1145,2980
1145,3523
1145,3970
1145,5561
1145,5589
1145,5807
1145,5896
1145,7775
1145,11607
1146,390
1146,1013
1146,3970
1146,5561
1146,5807
1147,390
1147,401
1147,810
1147,1013
1147,1030
1147,1290
1147,1692
1147,2980
1147,3523
1147,3970
1147,5561
1147,5896
1147,8224
1147,8364
1147,8406
1147,9820
1148,390
1149,391
1149,947
1149,11364
1150,392
1151,392
1152,392
1152,728
1153,393
1153,4206
1154,393
1155,393
1156,393
1157,394
1157,5877
1158,394
1159,395
1159,5858
1159,7138
1160,395
1160,5858
1160,7871
1161,395
1162,395
1163,396
1164,397
1165,397
1165,527
1165,675
1165,738
1165,748
1165,821
1165,6056
1165,8320
1165,10031
1166,397
1167,397
1168,398
1169,398
1170,399
1170,1373
1170,2338
1170,2575
1170,2824
1170,3030
1170,3296
1170,4329
1170,5223
1170,6364
1170,7187
1170,7279
1170,7462
1170,7592
1170,9467
1171,399
1172,400
1173,400
1174,401
1174,1290
1174,1378
1174,2980
1174,3970
1174,5807
1174,8211
1174,8364
1174,11291
1174,13431
1174,13481
1174,13491
1175,401
1175,810
1175,1290
1175,1378
1175,2965
1175,6669
1175,7719
1175,8926
1176,401
1177,401
1178,402
1179,402
1180,403
1180,1220
1181,403
1181,1220
1181,9165
1182,403
1182,569
1182,1773
1182,1824
1182,2215
1182,2449
1182,2658
1182,2781
1182,3125
1182,3375
1182,3519
1182,3539
1182,3770
1182,4299
1182,4664
1182,4695
1182,4784
1182,6035
1182,6441
1182,6605
1182,6752
1182,6807
1182,6930
1182,7212
1182,7231
1182,7243
1182,7308
1182,7381
1182,7462
1182,7472
1182,7503
1182,7516
1182,7596
1182,7929
1182,7940
1182,8020
1182,8310
1182,8789
1182,8938
1182,9214
1182,9281
1182,9401
1182,9422
1182,9480
1182,10081
1182,10253
1182,10291
1182,10489
1182,10495
1182,10565
1182,10686
1182,10713
1182,10956
1182,11249
1182,11813
1182,12298
1182,13393
1183,403
1183,600
1183,1220
1183,9165
1184,404
1184,4489
1184,5443
1185,404
1185,935
1185,972
1185,1226
1185,1368
1185,1482
1185,1893
1185,4059
1185,4609
1185,4877
1185,5047
1185,5140
1185,5443
1185,5461
1185,6336
1185,8057
1185,9310
1185,9368
1185,10514
1185,10766
1186,405
1186,5323
1186,6126
1186,7081
1186,11122
1187,405
1187,5323
1187,6126
1187,7081
1188,405
1188,5323
1188,6126
1188,7081
1188,11122
1189,405
1189,2270
1189,2971
1189,3801
1189,3908
1189,5323
1189,5368
1189,6126
1189,6711
1189,7081
1189,7245
1189,7449
1189,7997
1189,9167
1189,9231
1189,10273
1189,11122
1189,12760
1189,13653
1189,13678
1190,406
1190,9029
1191,406
1192,406
1192,11680
1193,406
1194,406
1195,407
1195,5748
1196,407
1196,5094
1196,5748
1196,7195
1196,8392
1196,9483
1196,10435
1196,11287
1196,12684
1197,407
1197,5094
1197,5748
1197,8392
1197,10435
1197,11287
1197,12684
1198,407
1198,8392
1198,10435
1198,11287
1198,12684
1199,408
1199,4986
1200,408
1200,1192
1200,5142
1200,6541
1201,409
1202,410
1202,507
1203,410
1204,411
1205,411
1206,412
1207,412
1207,9125
1208,412
1208,2412
1208,2491
1209,413
1210,413
1211,413
1212,414
1213,414
1213,1356
1214,414
1215,414
1216,415
1216,3120
1216,5962
1217,415
1217,7754
1217,8463
1217,12379
1218,415
1218,4261
1219,416
1220,416
1221,416
1222,416
1223,416
1224,417
1224,850
1224,7313
1224,8433
1225,417
1225,571
1225,591
1225,666
1225,827
1225,850
1225,3871
1225,7313
1225,8415
1225,8433
1225,10436
1225,13066
1225,13117
1226,417
1226,666
1227,418
1227,5927
1228,419
1228,7772
1229,419
1229,7772
1230,420
1231,420
1232,420
1233,421
1234,421
1234,6745
1235,421
1235,6745
1236,422
1237,422
1238,423
1239,423
1239,425
1239,451
1239,459
1239,465
1239,1591
1239,2649
1239,4005
1239,4610
1239,4937
1239,5289
1239,5948
1239,6169
1239,6365
1239,6418
1239,6454
1239,6505
1239,6563
1239,7162
1239,7214
1239,7288
1239,7574
1239,8679
1239,8882
1239,8977
1239,9152
1239,9172
1239,9505
1239,9508
1239,9991
1239,10280
1239,10858
1239,11206
1239,11368
1239,11594
1239,11937
1239,12362
1239,12406
1239,12455
1239,12552
1239,13386
1239,13473
1240,424
1241,424
1242,424
1243,425
1243,12362
1243,12406
1243,12455
1244,425
1244,1968
1244,2103
1244,2649
1244,3002
1244,3740
1244,4002
1244,4614
1244,4842
1244,4916
1244,4955
1244,5313
1244,7666
1244,10327
1244,10516
1244,11745
1244,11917
1245,425
1245,4002
1245,4842
1246,426
1246,3229
1246,4356
1246,6896
1246,7255
1246,8180
1246,8303
1246,11278
1246,11840
1246,11946
1246,12015
1246,13393
1246,13401
1247,426
1247,755
1247,2860
1247,4714
1247,7255
1247,8608
1248,426
1248,755
1248,761
1248,782
1248,1720
1248,2378
1248,2860
1248,3229
1248,4356
1248,4714
1248,4800
1248,6896
1248,7255
1248,8180
1248,8303
1248,8608
1248,8665
1248,11209
1248,11946
1248,12894
1249,427
1250,427
1251,427
1252,427
1253,427
1254,428
1255,428
1256,428
1257,428
1258,428
1259,428
1259,3400
1259,4274
1259,5319
1260,428
1261,429
1262,429
1262,6980
1263,430
1264,430
1265,430
1265,2412
1265,3248
1265,3620
1265,11088
1266,431
1266,9015
1267,431
1268,431
1269,431
1270,431
1271,431
1272,432
1273,432
1274,433
1274,1110
1275,433
1276,433
1276,1110
1276,3321
1276,4498
1276,5547
1276,5872
1276,5937
1276,6329
1276,6562
1276,6758
1276,6952
1276,7371
1276,9075
1276,9129
1276,9512
1276,11687
1276,11779
1276,11792
1276,13188
1277,434
1278,434
1278,12616
1279,434
1280,434
1281,435
1281,7358
1282,435
1282,7358
1283,436
1283,7139
1283,8905
1283,9061
1283,10096
1283,10310
1283,10443
1283,10727
1284,436
1284,779
1284,3029
1284,5495
1284,5677
1284,7139
1284,7832
1284,11816
1284,12266
1284,12280
1284,12359
1284,13664
1285,437
1285,10669
1285,10723
1285,10736
1285,13280
1285,13558
1285,13591
1286,437
1286,13591
1287,438
1287,8285
1288,438
1288,1937
1288,2726
1288,3504
1288,4355
1288,6452
1288,6696
1288,7586
1288,8285
1288,8576
1288,8853
1288,9722
1288,10492
1288,12230
1288,12353
1289,438
1289,725
1289,3073
1289,3232
1289,7715
1289,9638
1289,11001
1289,11304
1289,11717
1289,12669
1289,12781
1290,438
1291,439
1292,439
1292,10434
1292,12412
1293,440
1294,440
1295,441
1296,441
1297,442
1298,442
1298,3943
1298,7624
1299,442
1299,3943
1299,7624
1300,443
1300,2847
1300,3893
1300,4321
1300,5072
1300,6141
1300,6417
1300,6609
1300,6656
1300,6680
1300,7892
1300,7896
1300,7904
1300,7953
1300,8123
1300,8642
1300,8852
1300,9476
1300,9931
1300,11846
1300,12133
1300,12477
1301,443
1301,553
1301,672
1301,1016
1301,1124
1301,2847
1301,2945
1301,3893
1301,4337
1301,5072
1301,5158
1301,5908
1301,6141
1301,6417
1301,6487
1301,6559
1301,6680
1301,6746
1301,7364
1301,7892
1301,7904
1301,8123
1301,8642
1301,9680
1301,9931
1301,10679
1301,11846
1301,11983
1302,444
1303,444
1304,444
1304,3243
1304,8049
1304,8536
1304,9251
1304,11238
1304,12330
1305,445
1305,478
1306,445
1306,478
1307,445
1307,478
1307,858
1307,2390
1307,6353
1307,7172
1307,9309
1307,9941
1307,11973
1307,12179
1308,445
1308,478
1308,1240
1309,446
1310,446
1310,1644
1310,4746
1310,7725
1310,8015
1310,11763
1311,447
1312,447
1312,12613
1312,12619
1313,447
1314,448
1315,448
1315,2532
1315,5522
1315,6664
1315,9017
1315,9796
1315,11180
1316,448
1317,449
1318,449
1319,449
1320,450
1320,4226
1320,4459
1320,4473
1320,5801
1320,7415
1320,7670
1321,450
1321,4226
1321,4459
1321,6361
1321,7670
1321,7940
1322,450
1322,973
1322,2288
1322,5309
1322,5801
1322,6361
1322,8498
1323,451
1323,584
1323,1103
1323,1177
1323,1200
1323,1224
1323,1243
1323,1260
1323,1367
1323,2070
1323,2082
1323,2631
1323,2705
1323,2761
1323,3409
1323,3823
1323,4241
1323,4701
1323,4972
1323,5094
1323,5605
1323,5748
1323,5876
1323,6063
1323,6365
1323,6505
1323,6530
1323,6681
1323,6695
1323,7195
1323,7252
1323,7269
1323,7305
1323,7324
1323,7325
1323,7408
1323,7504
1323,7573
1323,7645
1323,7673
1323,7684
1323,7699
1323,8112
1323,8194
1323,8238
1323,8392
1323,9157
1323,9161
1323,9315
1323,9367
1323,9442
1323,9483
1323,9586
1323,9644
1323,10028
1323,10207
1323,10289
1323,10435
1323,10488
1323,10730
1323,10939
1323,11092
1323,11275
1323,11287
1323,11912
1323,13676
1323,13693
1323,13708
1324,451
1324,1103
1324,1909
1324,2067
1324,3413
1324,5249
1324,6365
1324,6385
1324,6400
1324,6530
1324,7058
1324,7505
1324,7629
1324,9172
1324,12191
1324,12252
1325,451
1325,1516
1325,1902
1325,2085
1325,2104
1325,4998
1325,5289
1325,5567
1325,6169
1325,6608
1325,7355
1325,7452
1325,8600
1325,9169
1325,9356
1325,10142
1325,11137
1325,11426
1325,12343
1326,452
1326,1552
1326,2910
1326,3435
1326,4939
1326,6424
1326,11033
1326,13038
1326,13041
1326,13272
1327,453
1327,4276
1327,11825
1328,453
1328,6750
1328,7903
1328,7934
1328,8026
1328,11334
1328,13096
1329,454
1330,454
1331,455
1331,575
1331,5284
1331,8198
1331,9023
1331,9559
1331,11760
1331,12796
1332,455
1332,1345
1333,455
1333,1345
1333,3581
1333,7746
1333,7770
1333,7784
1333,7791
1333,8088
1333,8198
1333,9023
1333,9087
1333,9090
1333,9568
1333,10437
1333,10510
1333,10660
1333,10780
1333,10880
1333,11102
1333,11699
1333,11740
1333,11760
1333,11775
1333,12796
1333,13392
1334,455
1334,9023
1335,455
1335,8198
1336,456
1336,3357
1336,4343
1336,12847
1337,456
1337,3357
1337,3876
1337,4343
1337,9565
1337,12847
1338,456
1338,932
1338,2279
1338,3876
1338,4176
1338,4343
1338,4768
1338,4830
1338,6518
1338,9022
1338,9565
1338,12568
1338,12847
1339,457
1340,457
1341,457
1342,457
1342,12597
1343,457
1344,457
1345,458
1345,8012
1345,8240
1345,9116
1345,10277
1345,10278
1346,459
1346,7167
1346,12161
1347,459
1347,718
1347,1591
1347,1597
1347,2120
1347,2895
1347,2903
1347,3584
1347,4345
1347,5573
1347,6542
1347,7166
1347,7167
1347,8704
1347,8772
1347,11426
1347,12161
1347,12177
1347,12251
1347,12454
1348,460
1349,460
1349,11023
1350,461
1351,461
1352,462
1352,7300
1352,8662
1352,10107
1352,11314
1353,463
1353,2304
1354,463
1354,2304
1354,2597
1355,463
1355,825
1355,2304
1355,2597
1355,9905
1356,463
1356,2304
1356,9905
1356,11012
1356,13459
1356,13551
1357,463
1357,2304
1358,463
1358,2304
1359,464
1359,587
1360,466
1361,466
1362,467
1363,467
1364,467
1364,1071
1364,7963
1364,9217
1364,10544
1364,11208
1364,11312
1364,13571
1365,467
1365,4580
1366,468
1366,2526
1366,2892
1366,4264
1366,5685
1366,8211
1366,8379
1366,8926
1366,11291
1366,12008
1366,12427
1366,13418
1366,13431
1366,13469
1366,13570
1367,468
1367,2526
1367,4264
1368,468
1368,702
1368,983
1368,1096
1368,2526
1368,4264
1369,468
1369,820
1369,1945
1369,2526
1369,2892
1369,4264
1369,5685
1369,10472
1370,469
1370,641
1370,7105
1370,7393
1371,469
1371,641
1371,5629
1371,7105
1371,7393
1371,8115
1372,469
1372,7105
1373,470
1374,470
1374,1098
1374,5565
1374,6062
1374,6391
1374,7118
1374,7149
1374,7810
1374,8834
1374,9519
1374,9526
1374,11791
1374,12593
1374,13629
1375,470
1375,944
1376,470
1376,944
1376,7149
1376,7810
1376,8834
1376,9519
1376,9526
1376,11791
1377,470
1378,471
1378,8270
1379,471
1380,471
1381,473
1381,481
1381,2829
1382,474
1383,474
1383,3081
1384,474
1385,474
1386,474
1387,475
1388,475
1388,1841
1388,2329
1388,3246
1388,3441
1388,3663
1388,4438
1388,5326
1388,6025
1388,6316
1388,6647
1388,6673
1388,6722
1388,7177
1388,7258
1388,7478
1388,7511
1388,7550
1388,7723
1388,7897
1388,8607
1388,8741
1388,8821
1388,8871
1388,9486
1388,9615
1388,9825
1388,9922
1388,10266
1388,10599
1388,10645
1388,10749
1388,10789
1388,10913
1388,11239
1388,11372
1388,11388
1388,11720
1388,11781
1388,11881
1388,11885
1388,11886
1388,12719
1388,12880
1388,12881
1388,13357
1388,13385
1388,13536
1388,13555
1389,475
1389,2329
1389,3663
1389,6217
1389,7478
1389,7723
1389,8871
1389,9486
1389,9615
1389,10913
1389,11054
1389,11239
1389,11720
1389,12100
1390,477
1390,5236
1391,477
1391,8849
1391,10152
1391,11003
1392,477
1393,477
1393,1178
1393,1316
1393,2864
1393,7120
1393,11213
1394,479
1395,480
1396,480
1396,2142
1396,4096
1396,6252
1396,12869
1396,13000
1396,13726
1397,481
1397,2829
1398,482
1399,483
1399,7075
1400,483
1400,7075
1401,483
1401,7075
1402,484
1403,485
1404,485
1405,485
1406,486
1407,486
1408,486
1409,486
1410,487
1411,488
1412,489
1413,490
1413,6704
1414,490
1414,6704
1414,9127
1415,491
1415,560
1415,3416
1415,3689
1415,4099
1415,4156
1415,5166
1415,5405
1415,6520
1415,8393
1415,8555
1415,8848
1415,8867
1416,491
1416,1426
1416,1457
1416,1548
1416,1749
1416,3617
1416,3689
1416,3705
1416,4099
1416,4156
1416,4216
1416,4332
1416,4596
1416,5354
1416,5405
1416,5409
1416,5452
1416,5720
1416,5784
1416,6089
1416,6149
1416,6383
1416,6384
1416,6403
1416,6453
1416,7420
1416,11206
1416,13041
1417,493
1418,493
1419,494
1420,494
1421,495
1422,495
1422,6584
1423,496
1423,6890
1423,7750
1423,8858
1423,9096
1423,10459
1423,10479
1423,11384
1423,11736
1424,497
1425,497
1426,497
1427,498
1427,1262
1427,6658
1427,6801
1427,7714
1427,7722
1427,9069
1427,9560
1427,10118
1427,10604
1427,13438
1428,499
1428,7345
1428,7865
1428,8662
1428,8905
1428,10096
1428,10107
1428,11314
1429,499
1429,7154
1430,501
1431,501
1432,501
1433,501
1433,1144
1433,6659
1434,501
1435,502
1435,1646
1435,3340
1435,3714
1435,4144
1435,4645
1435,9256
1436,502
1437,502
1437,3340
1438,503
1439,503
1440,504
1441,504
1442,504
1442,3797
1443,505
1443,844
1444,505
1444,844
1444,5529
1444,6589
1444,6954
1444,7359
1444,7420
1444,8974
1444,13722
1445,505
1445,844
1445,1213
1445,2803
1445,3031
1445,3211
1445,3242
1445,4572
1445,5642
1445,6954
1445,12354
1446,505
1446,844
1446,1213
1446,2803
1446,5642
1446,7522
1446,7678
1446,9695
1447,506
1448,506
1449,507
1450,507
1451,508
1451,1855
1451,5630
1451,6591
1451,7272
1451,11374
1452,509
1453,509
1453,601
1454,510
1454,6091
1455,510
1455,1859
1455,2022
1455,2631
1455,4434
1455,6691
1455,6883
1455,9644
1455,10972
1455,11036
1455,11275
1455,11285
1455,11484
1455,12787
1455,12897
1455,13676
1456,510
1456,6091
1457,510
1457,649
1458,510
1458,1180
1458,1950
1458,3353
1458,4708
1458,6091
1458,7182
1458,7668
1458,9644
1458,11036
1458,11235
1458,11285
1459,510
1459,3353
1459,6091
1460,512
1460,4135
1461,512
1462,512
1462,4135
1463,512
1463,4135
1463,10677
1464,513
1465,513
1466,514
1466,1661
1466,4536
1466,5432
1466,5653
1466,5694
1466,6096
1466,6202
1466,8669
1466,8782
1466,9291
1466,9754
1467,514
1467,5432
1468,515
1469,515
1470,515
1471,516
1471,3532
1471,5010
1471,7339
1471,7611
1472,516
1473,516
1473,904
1473,1732
1473,2811
1473,3887
1473,4001
1473,5010
1473,5022
1473,5301
1473,5316
1473,5488
1473,5496
1473,6192
1473,6218
1473,6241
1473,7339
1473,7486
1473,7975
1473,8053
1473,8322
1473,10303
1473,11221
1473,12118
1473,13466
1474,518
1474,3911
1474,3916
1474,4015
1474,4553
1475,518
1476,518
1476,3703
1476,3911
1476,3916
1476,3930
1476,4015
1476,4288
1476,4553
1476,8580
1476,11873
1476,12961
1476,13111
1476,13341
1477,519
1477,2375
1477,3927
1477,5960
1478,519
1479,519
1480,521
1480,2968
1480,3207
1480,3881
1480,6434
1480,7253
1480,10531
1481,521
1482,521
1482,2682
1482,4892
1482,6236
1482,6688
1482,12058
1483,521
1484,521
1484,969
1484,2283
1484,2464
1484,2968
1484,3143
1484,3204
1484,3207
1484,3496
1484,3767
1484,4892
1484,6434
1484,6688
1484,6891
1484,8179
1484,10561
1484,12058
1484,12805
1484,12836
1485,522
1485,5763
1486,522
1486,5763
1487,522
1487,5763
1488,522
1488,6303
1489,523
1490,523
1491,523
1492,524
1492,1047
1492,1069
1492,2311
1492,4641
1492,5616
1492,5823
1492,11811
1492,12056
1493,525
1493,1048
1494,525
1494,1048
1494,2129
1494,3058
1494,5693
1494,7394
1495,526
1495,2532
1495,12172
1495,12647
1496,526
1497,527
1498,527
1499,528
1500,529
1501,530
1502,530
1502,903
1502,1091
1502,2206
1502,2457
1502,2969
1502,2970
1502,3109
1502,6223
1502,9703
1502,11744
1502,12636
1502,13527
1503,530
1503,1091
1503,1807
1503,3600
1503,5338
1503,9018
1503,10429
1503,11168
1503,11751
1503,12990
1504,531
1504,6271
1505,531
1506,531
1506,1202
1506,1449
1506,2023
1506,2131
1506,2277
1506,4458
1506,4686
1506,6117
1506,6442
1506,6591
1506,8082
1506,8147
1506,9619
1506,9649
1506,11071
1506,11929
1507,532
1507,1204
1507,1712
1507,3972
1508,532
1508,1204
1508,5206
1508,5503
1509,532
1509,1204
1509,1712
1509,3653
1509,4718
1509,5083
1509,5503
1509,7077
1509,9371
1509,10012
1510,532
1510,3653
1510,7077
1510,9371
1510,11783
1511,532
1511,3009
1511,3653
1511,3796
1511,5083
1511,5503
1511,7077
1511,9371
1511,10012
1512,533
1512,5613
1512,6398
1513,534
1514,534
1514,587
1514,1341
1514,2116
1515,535
1516,535
1517,535
1518,535
1519,535
1520,536
1520,685
1520,5796
1521,536
1521,685
1521,5796
1521,12172
1522,537
1522,7050
1522,7694
1522,8342
1522,9360
1523,537
1523,898
1523,1492
1523,3552
1523,3699
1523,4098
1523,7422
1523,7428
1523,7625
1523,7694
1524,538
1525,538
1525,8693
1526,538
1527,538
1527,8517
1527,9932
1528,539
1528,559
1529,539
1529,559
1529,1525
1529,2086
1529,5269
1530,539
1530,1525
1531,540
1532,540
1532,1619
1532,6638
1532,9498
1533,540
1534,540
1534,1619
1535,540
1535,1299
1535,1619
1535,5177
1535,5888
1535,6665
1535,7404
1535,7958
1535,8592
1535,9208
1535,10179
1535,11952
1535,12095
1535,12558
1536,541
1536,781
1536,6183
1537,541
1537,4202
1538,541
1538,781
1538,4202
1538,6183
1539,541
1539,781
1539,4202
1539,6183
1540,542
1540,1793
1540,9335
1540,11359
1540,11940
1541,542
1542,542
1542,5083
1542,9335
1542,11359
1542,12053
1543,543
1544,543
1545,543
1545,3519
1545,4766
1545,5722
1545,6474
1545,7848
1545,7918
1545,8137
1545,9398
1545,12396
1545,13700
1546,544
1547,544
1547,1500
1547,9837
1547,10206
1547,13012
1548,545
1548,3118
1548,4363
1549,545
1550,545
1550,598
1550,692
1550,2524
1550,3118
1550,4213
1550,4363
1550,7966
1551,546
1551,1536
1551,3316
1551,4505
1551,8263
1552,546
1553,546
1554,547
1555,547
1556,548
1557,548
1557,3308
1558,548
1558,2475
1558,2583
1558,3308
1558,4251
1558,5344
1558,5764
1558,5981
1558,7337
1559,549
1559,4442
1560,550
1561,550
1561,3113
1562,550
1563,550
1564,551
1564,11530
1565,551
1565,7371
1566,552
1566,652
1567,552
1568,552
1569,552
1570,552
1571,553
1571,5922
1572,553
1572,603
1572,5922
1572,6066
1573,553
1573,6442
1573,11483
1573,11573
1574,553
1574,811
1575,554
1575,819
1575,5495
1575,5677
1576,555
1577,555
1577,10281
1578,555
1578,3556
1579,555
1579,1304
1579,1507
1579,2636
1579,3556
1579,6070
1579,6710
1579,8345
1579,8372
1579,10281
1580,556
1581,556
1582,557
1582,8259
1583,557
1583,4320
1584,557
1584,914
1584,3107
1584,5377
1584,13590
1585,557
1586,560
1586,3689
1586,4099
1586,4156
1586,5166
1586,5405
1586,6520
1586,11142
1587,560
1587,6520
1588,562
1589,562
1590,562
1591,562
1592,563
1593,563
1593,5185
1593,13611
1594,564
1595,564
1596,565
1596,6106
1596,7552
1597,565
1597,941
1597,1702
1597,2846
1597,3382
1597,3509
1597,5228
1597,5822
1597,5879
1597,6106
1597,6347
1597,6537
1597,6937
1597,7354
1597,7369
1597,7396
1597,7439
1597,7490
1597,7552
1597,7623
1597,8046
1597,9605
1597,10105
1597,10265
1597,12294
1597,12392
1598,566
1598,5556
1599,566
1599,600
1599,804
1599,1037
1599,1311
1599,1327
1599,1581
1599,1754
1599,1835
1599,1998
1599,2765
1599,3428
1599,3604
1599,3922
1599,4759
1599,4876
1599,4880
1599,5355
1599,5767
1599,5857
1599,5978
1599,5986
1599,6036
1599,6098
1599,6483
1599,6701
1599,7235
1599,7261
1599,7344
1599,7376
1599,7471
1599,7615
1599,7643
1599,7747
1599,8975
1599,9387
1599,9768
1599,10248
1599,10589
1599,10788
1599,11975
1599,11976
1599,12326
1599,12366
1599,12855
1599,13651
1599,13666
1600,567
1601,567
1601,12330
1602,568
1602,884
1602,1520
1602,1760
1602,2446
1602,3624
1602,11676
1602,12484
1602,12628
1603,568
1604,568
1604,4746
1604,7926
1605,569
1605,1824
1605,3982
1605,6441
1605,7614
1606,569
1606,1332
1606,1824
1606,2523
1606,3043
1606,3198
1606,3901
1606,3982
1606,4362
1606,6441
1606,7087
1606,7614
1606,7906
1606,8108
1606,8212
1606,8583
1606,9546
1606,13683
1607,569
1607,715
1607,764
1607,1118
1607,1119
1607,1373
1607,1374
1607,1582
1607,1668
1607,1690
1607,1727
1607,1824
1607,2338
1607,2355
1607,2380
1607,2449
1607,2509
1607,2575
1607,2612
1607,2654
1607,2693
1607,2824
1607,2911
1607,2962
1607,3030
1607,3125
1607,3173
1607,3276
1607,3296
1607,3312
1607,3386
1607,3519
1607,3541
1607,3544
1607,3640
1607,3784
1607,3794
1607,3887
1607,3982
1607,4001
1607,4104
1607,4279
1607,4329
1607,4613
1607,4664
1607,4671
1607,4784
1607,4790
1607,4853
1607,4863
1607,4942
1607,4992
1607,5022
1607,5080
1607,5115
1607,5223
1607,5235
1607,5316
1607,5357
1607,5404
1607,5590
1607,5603
1607,5724
1607,5852
1607,5907
1607,5909
1607,6035
1607,6084
1607,6137
1607,6156
1607,6178
1607,6220
1607,6364
1607,6441
1607,6444
1607,6650
1607,6736
1607,6964
1607,7152
1607,7159
1607,7243
1607,7248
1607,7268
1607,7279
1607,7297
1607,7330
1607,7331
1607,7382
1607,7386
1607,7462
1607,7463
1607,7592
1607,7593
1607,7596
1607,7660
1607,7886
1607,7945
1607,8001
1607,8020
1607,8130
1607,8347
1607,8800
1607,8839
1607,8995
1607,9220
1607,9286
1607,9385
1607,9420
1607,9604
1607,9731
1607,9769
1607,9782
1607,10116
1607,10219
1607,10251
1607,10489
1607,10622
1607,10702
1607,10717
1607,10772
1607,10849
1607,11008
1607,11223
1607,11242
1607,11292
1607,11366
1607,11848
1607,11849
1607,12153
1607,12164
1607,12365
1607,12371
1607,12431
1607,12512
1607,12654
1607,12895
1607,12905
1607,12960
1607,13094
1607,13264
1607,13367
1607,13462
1607,13474
1608,569
1608,1824
1608,2454
1608,2523
1608,3901
1608,3982
1608,5671
1608,6002
1608,6441
1608,13425
1609,570
1610,570
1610,6439
1611,570
1612,571
1613,571
1613,10436
1613,13066
1613,13117
1613,13164
1614,571
1615,572
1616,573
1617,573
1618,574
1619,575
1619,711
1619,2026
1619,2153
1619,2988
1619,4421
1619,4897
1619,5284
1619,5408
1619,5616
1619,6733
1619,7123
1619,7163
1619,7285
1619,7318
1619,7526
1619,7564
1619,7768
1619,8804
1619,10279
1619,11598
1619,11942
1619,13579
1619,13669
1620,576
1621,576
1621,1398
1621,4618
1621,5146
1621,6204
1621,6622
1622,577
1622,5782
1623,578
1624,579
1625,579
1626,579
1627,579
1628,580
1629,581
1630,581
1631,581
1632,582
1633,583
1634,583
1634,710
1635,583
1636,583
1636,1517
1636,2717
1636,5704
1636,10632
1636,11708
1636,12002
1637,583
1637,5704
1638,584
1638,633
1638,2082
1638,3823
1638,4087
1638,4972
1638,5194
1638,5743
1638,6063
1638,6530
1638,6771
1638,7305
1638,7634
1638,8473
1638,8812
1638,12513
1638,13361
1639,585
1640,585
1641,585
1642,586
1643,586
1644,586
1645,588
1646,588
1646,2901
1646,4182
1647,590
1648,590
1648,673
1648,6170
1649,590
1650,590
1650,1245
1650,3256
1650,11656
1651,591
1651,3871
1651,7313
1651,8415
1652,592
1652,1935
1652,5965
1652,7229
1652,11408
1652,13390
1653,592
1653,2532
1653,5965
1653,6803
1653,7758
1654,593
1655,593
1655,595
1655,1161
1655,2978
1655,3607
1655,3780
1655,4168
1655,4194
1655,4296
1655,4923
1655,4965
1655,6297
1655,6571
1655,7039
1655,10450
1655,10725
1655,10863
1655,12617
1656,593
1656,2978
1656,3187
1656,4081
1656,4965
1656,9806
1657,594
1658,594
1658,6776
1659,595
1660,595
1660,806
1660,1161
1660,3780
1660,4168
1660,4296
1660,5791
1660,6297
1660,6308
1660,6471
1660,6571
1660,6875
1660,7039
1660,10450
1660,10725
1660,10863
1661,595
1661,4153
1661,13022
1662,596
1663,596
1664,596
1665,596
1666,597
1667,597
1668,597
1669,597
1670,598
1671,599
1672,599
1673,599
1674,599
1675,600
1675,804
1675,1181
1675,1581
1675,2312
1675,2765
1675,3428
1675,3922
1675,4876
1675,6036
1675,6701
1675,7344
1675,7376
1675,7471
1675,7643
1676,600
1676,4917
1676,7687
1676,7811
1677,600
1677,5145
1678,600
1678,5145
1678,6031
1679,601
1679,820
1679,10472
1680,601
1681,602
1681,2417
1682,602
1682,2417
1682,3172
1682,9439
1682,11896
1682,11970
1683,602
1684,603
1684,6066
1685,603
1686,604
1687,604
1688,604
1689,604
1690,605
1691,606
1691,3940
1691,4543
1691,10487
1692,607
1693,607
1694,607
1695,607
1695,6767
1696,609
1696,2873
1697,610
1698,610
1698,5251
1698,6263
1698,6392
1698,8982
1699,611
1700,612
1701,612
1702,612
1703,613
1703,824
1704,613
1704,824
1705,613
1705,824
1706,614
1706,3070
1706,3097
1706,5275
1707,614
1707,2405
1707,2487
1707,3097
1707,5275
1707,5307
1707,6055
1707,10296
1707,10430
1707,12220
1708,615
1709,615
1710,616
1711,616
1712,616
1713,616
1714,617
1714,803
1715,617
1715,803
1715,1025
1715,1152
1715,2630
1715,3368
1715,3531
1715,5034
1715,5734
1715,5781
1715,5789
1715,5831
1715,6025
1715,6201
1715,6600
1715,7663
1715,9011
1715,9313
1715,9584
1715,13383
1716,617
1716,803
1717,618
1717,798
1717,1253
1717,3020
1718,619
1719,619
1719,702
1720,619
1721,620
1722,620
1723,620
1724,621
1725,621
1725,747
1725,6607
1726,621
1726,5699
1726,6235
1727,622
1728,622
1729,624
1729,768
1729,3417
1729,4705
1729,5148
1729,7905
1729,8031
1729,8560
1729,9162
1729,9359
1729,9466
1729,9735
1729,10365
1729,10694
1729,12447
1729,12451
1730,624
1731,624
1732,625
1732,883
1732,8521
1732,9390
1732,10163
1732,10698
1732,11152
1732,11354
1732,11378
1732,11866
1732,11878
1732,13087
1733,625
1733,1739
1733,2519
1733,3019
1733,3935
1733,4103
1733,4493
1733,6462
1733,9012
1733,9138
1733,9390
1733,9460
1733,10831
1733,12243
1733,12640
1733,13680
1734,626
1734,5879
1735,626
1736,626
1737,626
1737,729
1737,878
1737,6497
1738,627
1739,627
1739,8453
1739,8847
1740,627
1741,628
1742,629
1743,629
1744,629
1745,630
1746,630
1747,630
1748,631
1749,631
1750,631
1750,791
1750,1018
1751,632
1751,676
1751,1531
1751,1626
1751,2297
1751,2495
1751,3062
1751,5190
1751,5238
1751,7161
1751,7304
1751,7716
1751,7732
1751,10641
1751,12150
1751,12227
1751,13110
1752,632
1753,632
1754,632
1755,632
1755,2081
1756,632
1757,632
1758,632
1758,1531
1758,3062
1759,632
1759,8844
1759,9773
1759,9940
1759,11785
1760,632
1760,5238
1761,633
1761,1480
1761,2082
1761,3823
1761,6063
1762,634
1762,5091
1762,6219
1762,13261
1763,635
1763,766
1763,1530
1763,3954
1763,4031
1763,6560
1764,635
1764,945
1764,1530
1764,4806
1764,6878
1765,635
1765,766
1765,6560
1766,635
1766,766
1767,635
1767,1530
1767,5786
1767,6560
1767,9507
1768,636
1769,636
1770,636
1771,637
1771,6893
1771,9032
1772,637
1773,638
1773,3337
1773,4055
1773,6991
1773,6998
1774,638
1774,3725
1774,4503
1774,5421
1774,5500
1774,7679
1775,639
1775,787
1775,2194
1776,640
1777,640
1777,11920
1778,640
1779,640
1780,641
1781,642
1782,642
1782,9473
1783,642
1783,712
1783,959
1783,1718
1783,1749
1783,5825
1783,6247
1783,6314
1783,6381
1783,7577
1783,9536
1783,9870
1784,643
1785,643
1786,644
1787,644
1788,645
1788,705
1788,735
1788,2324
1788,2660
1788,3003
1788,9850
1789,645
1789,705
1789,713
1789,735
1789,2324
1789,2660
1789,3003
1789,5617
1789,6462
1789,13079
1789,13091
1790,645
1790,705
1790,706
1790,735
1790,1423
1790,2324
1790,2660
1791,646
1791,13614
1792,646
1793,646
1794,646
1794,13614
1795,647
1795,1271
1796,647
1796,1271
1796,2135
1797,647
1797,1271
1798,648
1799,648
1800,649
1801,650
1801,855
1801,1548
1801,1776
1801,2375
1801,4670
1801,5960
1801,7040
1801,7906
1801,8212
1801,8464
1801,9348
1801,13482
1801,13666
1802,650
1802,1776
1802,2375
1802,2791
1802,4670
1802,5960
1802,9348
1803,650
1803,1776
1803,2375
1803,4670
1803,5960
1803,6671
1803,9348
1803,13495
1804,650
1804,2354
1804,10838
1804,11776
1805,651
1806,651
1807,651
1808,651
1809,653
1809,9291
1810,653
1811,653
1812,654
1813,654
1813,2021
1813,2226
1813,2273
1813,3341
1813,4691
1813,6048
1813,6881
1813,8457
1813,10256
1813,11367
1813,11861
1814,654
1815,654
1816,655
1817,656
1817,4779
1818,656
1819,657
1820,659
1821,659
1821,9275
1822,660
1823,660
1824,660
1824,2265
1825,661
1825,4530
1825,7014
1826,661
1827,662
1828,662
1829,663
1829,875
1829,3088
1829,13315
1830,663
1831,663
1832,664
1832,4979
1833,664
1834,664
1835,664
1836,664
1837,664
1838,664
1838,4979
1839,665
1840,665
1841,667
1841,4331
1842,669
1843,669
1843,6367
1844,669
1845,670
1846,670
1847,671
1847,1243
1847,2797
1847,4933
1847,5010
1848,671
1848,1080
1848,1224
1848,1243
1848,2797
1848,4933
1848,6123
1849,672
1849,4337
1849,5158
1850,673
1851,674
1851,1622
1851,2947
1851,3259
1851,3950
1851,4462
1851,6430
1851,7148
1852,674
1853,674
1854,675
1855,675
1856,675
1857,676
1857,3500
1857,8143
1857,10581
1857,11017
1857,11084
1857,11392
1857,12775
1858,676
1858,3103
1858,3500
1858,4659
1858,8143
1858,11084
1858,11392
1859,676
1859,3881
1859,10643
1859,12382
1860,676
1860,3103
1860,3500
1860,4659
1860,7254
1860,10581
1860,10879
1860,11017
1860,12775
1861,678
1861,6008
1862,678
1862,6008
1863,678
1863,6008
1864,678
1865,678
1866,678
1867,679
1868,680
1868,7230
1868,13094
1869,681
1870,681
1870,1038
1870,1376
1870,1401
1870,2213
1870,3403
1870,4608
1870,4844
1870,5361
1870,6288
1870,8245
1870,8271
1870,9492
1870,9651
1870,10973
1871,682
1872,683
1872,6389
1873,683
1873,2073
1873,2547
1873,3576
1873,3592
1873,5815
1873,6389
1873,7260
1873,8375
1874,684
1875,684
1876,684
1877,685
1877,5387
1877,6553
1877,10538
1877,11771
1878,685
1879,686
1880,686
1881,686
1882,686
1883,687
1883,4625
1883,7979
1883,8134
1884,687
1884,2348
1884,2836
1884,3116
1884,4140
1884,4464
1884,4625
1884,7363
1884,7390
1884,7423
1884,10412
1884,12320
1885,688
1885,6523
1885,8247
1886,688
1886,8188
1887,688
1887,5060
1887,6523
1887,8247
1887,12565
1888,688
1889,690
1890,690
1891,692
1892,692
1892,9094
1892,10026
1892,10798
1892,13183
1893,693
1894,694
1895,694
1896,694
1897,694
1898,695
1899,695
1899,5869
1900,696
1901,696
1902,696
1903,697
1903,5621
1904,697
1905,697
1905,10072
1906,698
1907,698
1907,1693
1907,2624
1907,5286
1907,5545
1907,5687
1907,6258
1907,6399
1908,698
1908,6258
1909,699
1909,3464
1909,3678
1909,6158
1909,9445
1910,699
1910,789
1910,2488
1910,2737
1910,2843
1910,3464
1910,3678
1910,4559
1910,5190
1910,6158
1910,7026
1910,7575
1910,9445
1910,11020
1910,12678
1910,12934
1911,700
1912,700
1913,701
1913,7647
1914,702
1915,703
1915,1006
1915,2012
1915,7241
1915,8835
1915,10092
1916,703
1916,6472
1917,703
1917,6472
1918,703
1918,6472
1918,8564
1919,704
1919,13660
1920,704
1920,13660
1921,704
1921,13660
1922,704
1922,13660
1923,706
1924,706
1924,1114
1925,706
1926,706
1927,707
1928,707
1929,708
1929,3417
1929,4724
1929,7119
1929,7213
1929,7973
1929,8068
1929,8560
1929,9162
1929,9359
1929,9722
1929,9775
1929,9785
1929,10841
1929,10903
1929,11304
1929,12292
1929,12379
1930,708
1930,768
1930,3417
1930,7973
1930,8031
1930,9207
1930,9359
1930,9775
1930,12195
1930,12292
1931,708
1931,4724
1932,709
1933,709
1934,709
1934,2831
1934,6592
1934,8716
1934,9409
1934,9443
1934,12328
1934,12505
1935,711
1936,712
1937,712
1937,6381
1938,713
1939,713
1939,5442
1940,714
1940,5997
1941,714
1942,714
1943,714
1944,715
1944,1690
1944,3794
1944,5235
1944,5907
1944,6178
1944,6220
1945,715
1945,2693
1945,6220
1946,716
1947,716
1947,722
1948,716
1948,722
1949,716
1949,722
1950,717
1950,1244
1950,4901
1950,6298
1950,7576
1950,9000
1951,717
1951,923
1951,1244
1951,1350
1951,1672
1951,1858
1951,1917
1951,2115
1951,2457
1951,2753
1951,2969
1951,2970
1951,3408
1951,4957
1951,6199
1951,6298
1951,7935
1951,8000
1951,8561
1951,8708
1951,9000
1951,9366
1951,10147
1951,10518
1951,10571
1951,10587
1951,10640
1951,11396
1951,11913
1951,11955
1951,12040
1951,12049
1951,13575
1952,719
1952,6988
1952,9285
1953,719
1953,6988
1954,719
1954,6988
1955,720
1956,721
1956,972
1956,3359
1956,7673
1957,721
1958,721
1958,7116
1959,721
1960,722
1961,723
1961,10907
1961,10926
1962,723
1963,723
1964,723
1965,724
1965,2554
1965,5923
1965,5959
1966,724
1967,725
1967,3465
1967,3770
1967,3806
1967,4821
1967,5309
1967,5801
1967,7429
1967,7472
1967,7588
1967,7670
1967,7929
1967,7940
1967,8031
1967,8177
1967,12298
1967,13455
1968,725
1969,725
1969,1085
1969,2090
1969,3073
1969,3232
1969,6368
1969,6783
1969,9638
1969,10925
1969,11001
1969,11304
1969,11717
1969,12669
1969,12781
1970,725
1971,726
1971,2154
1971,2872
1971,2958
1971,5557
1971,5691
1971,8061
1971,9801
1971,12698
1972,726
1973,726
1973,4590
1973,5161
1973,5691
1973,5790
1973,8474
1974,726
1974,4590
1974,5691
1974,5790
1974,8061
1974,9801
1974,12698
1975,726
1975,5691
1975,5790
1976,727
1977,727
1978,727
1979,728
1979,7098
1980,729
1981,730
1981,8425
1982,731
1982,10761
1983,731
1984,732
1984,2046
1984,5716
1984,8424
1985,733
1986,734
1987,734
1988,734
1989,735
1990,736
1991,736
1992,736
1993,736
1994,737
1995,737
1995,10095
1995,11307
1996,737
1997,738
1998,738
1999,738
2000,738
2001,739
2002,739
2002,13600
2003,739
2004,739
2005,740
2005,12338
2006,740
2006,3959
2006,5748
2006,12338
2007,741
2008,741
2008,2440
2008,3214
2008,5492
2008,6133
2008,12204
2008,13618
2009,742
2009,5524
2009,6486
2009,8062
2009,10670
2009,11411
2010,742
2010,5524
2011,742
2011,5524
2012,742
2012,5524
2012,6486
2012,8062
2013,743
2014,744
2014,1589
2014,8997
2015,744
2015,1589
2015,1664
2015,3505
2015,8156
2015,8997
2016,746
2016,4931
2017,746
2017,4183
2018,746
2018,2675
2018,4183
2018,8797
2019,747
2020,747
2020,5004
2020,6607
2021,747
2022,747
2022,8546
2023,748
2024,748
2025,749
2025,4558
2025,6419
2025,6476
2025,6700
2025,7617
2025,8976
2025,9170
2025,9229
2025,9984
2025,10503
2026,749
2027,749
2028,749
2029,750
2030,750
2031,752
2032,752
2032,1007
2033,752
2034,754
2034,7665
2035,754
2036,754
2037,754
2038,755
2039,755
2039,4800
2039,11209
2040,756
2040,1480
2040,4016
2040,5721
2040,6621
2040,9112
2040,10671
2040,11278
2040,12490
2040,13084
2041,758
2041,763
2041,2247
2041,9058
2042,758
2043,758
2043,763
2043,2247
2044,759
2045,759
2046,759
2047,760
2048,760
2049,760
2050,760
2051,761
2051,782
2051,2378
2051,3127
2051,4454
2051,7255
2051,8303
2051,8608
2051,8665
2052,761
2052,2378
2052,3127
2052,4443
2052,4454
2052,5349
2052,5728
2052,6617
2052,6646
2052,6694
2052,8025
2052,8284
2052,8599
2052,9446
2052,10542
2052,10557
2052,10593
2052,12525
2053,761
2053,1170
2053,2244
2053,2378
2053,2421
2053,2770
2053,3771
2053,5049
2053,5182
2053,5539
2053,5728
2053,6618
2053,6648
2053,6682
2053,7193
2053,7391
2053,8587
2053,8668
2053,8719
2053,8725
2053,9384
2053,9933
2053,10533
2053,10732
2053,12518
2054,761
2054,3127
2055,762
2056,762
2057,762
2058,762
2058,2644
2058,11166
2058,11187
2059,762
2060,763
2061,764
2061,2338
2061,2509
2061,2962
2061,3173
2061,3784
2061,6364
2061,6964
2061,7660
2061,8347
2061,8995
2061,9286
2061,10192
2061,10251
2061,10622
2061,11008
2061,12078
2061,12153
2061,12431
2062,764
2062,1937
2062,2207
2062,2533
2062,3060
2062,3161
2062,3210
2062,3707
2062,4355
2062,5778
2062,6285
2062,8285
2062,8576
2062,12393
2063,764
2063,2854
2063,4895
2063,5485
2063,6093
2063,6404
2063,6787
2063,9143
2063,9515
2063,10739
2063,12055
2064,765
2065,765
2066,766
2067,766
2068,766
2068,3954
2068,4031
2069,767
2069,13174
2070,767
2071,768
2071,2445
2071,3465
2071,7940
2071,8031
2071,11015
2071,11401
2071,11806
2071,12438
2071,12725
2072,769
2073,769
2074,770
2074,5372
2075,770
2076,770
2077,771
2077,3085
2078,771
2079,772
2080,772
2081,773
2082,773
2082,985
2082,3965
2083,773
2083,3965
2083,5792
2084,773
2084,3965
2084,5792
2085,774
2085,4114
2086,775
2087,776
2088,776
2088,865
2088,1526
2088,2058
2088,4566
2088,5048
2088,5246
2088,8033
2088,8584
2088,9176
2088,9432
2088,9459
2088,10778
2088,11926
2088,12552
2089,776
2089,1526
2089,1553
2089,2286
2089,6583
2090,776
2091,777
2092,777
2093,777
2094,778
2094,12018
2095,778
2095,2665
2095,2705
2095,3639
2095,4504
2095,4709
2095,5367
2095,5742
2095,10728
2096,778
2097,778
2098,781
2099,783
2099,1564
2099,1884
2099,3140
2099,5898
2099,7219
2099,7336
2099,9097
2099,11636
2099,11990
2099,12874
2099,13514
2100,783
2100,1564
2100,1884
2100,3140
2100,5079
2100,5898
2100,7219
2100,7336
2100,9097
2100,11636
2100,11990
2100,12874
2100,13514
2101,786
2101,4146
2101,6467
2102,788
2102,7104
2102,7112
2103,788
2104,788
2105,788
2106,788
2107,789
2107,3464
2107,4341
2107,4724
2107,6158
2107,7026
2107,9445
2107,10136
2107,10456
2107,11020
2107,11382
2107,12438
2107,12934
2108,789
2108,963
2109,790
2110,790
2110,4384
2111,791
2112,791
2113,792
2114,793
2115,793
2116,793
2117,793
2118,793
2119,794
2119,7325
2120,795
2121,795
2121,7626
2122,795
2123,795
2124,796
2124,1558
2125,799
2126,799
2126,1916
2126,1922
2126,3286
2126,4137
2126,6662
2126,7591
2126,9067
2126,9293
2126,10249
2126,10552
2126,10625
2126,10636
2127,800
2127,5180
2128,800
2128,1942
2128,5261
2128,5348
2128,7040
2128,10100
2128,12487
2129,800
2129,5180
2130,800
2130,1034
2130,2671
2130,3679
2130,3682
2130,5180
2130,5901
2130,6037
2130,7185
2130,7764
2130,8141
2130,8333
2130,9574
2130,9739
2130,11381
2130,13089
2131,800
2131,1184
2131,1487
2131,3412
2131,4490
2131,6270
2131,8381
2132,801
2132,1343
2132,6349
2132,8387
2132,13638
2133,802
2133,6791
2134,802
2134,6791
2135,802
2135,6791
2136,804
2137,804
2137,6036
2138,804
2138,4759
2138,7643
2139,804
2139,822
2139,1355
2139,7519
2139,8072
2140,805
2140,6631
2141,805
2141,2416
2141,6631
2141,10586
2142,805
2142,2416
2142,2909
2142,4573
2142,4849
2142,6631
2142,10765
2143,806
2144,806
2144,2806
2144,3187
2144,3780
2144,4194
2144,4956
2144,5739
2144,5905
2144,6308
2144,6763
2144,7141
2144,10444
2144,11569
2145,807
2146,807
2146,4261
2147,807
2148,808
2149,808
2150,808
2150,13648
2151,808
2152,809
2152,1185
2152,7163
2152,8792
2152,8920
2152,9845
2153,809
2153,1185
2153,1457
2153,1504
2153,1776
2153,4668
2153,5814
2153,6390
2153,7906
2153,8464
2153,8920
2153,9564
2153,10839
2153,13707
2154,809
2154,1426
2154,6233
2154,8920
2154,12401
2154,12459
2155,810
2155,1290
2155,8211
2155,8364
2156,810
2156,6323
2156,10463
2157,810
2157,5110
2157,6323
2157,10463
2158,810
2158,4454
2158,5728
2158,6617
2158,12104
2158,13281
2159,810
2159,1922
2159,2206
2159,3303
2159,6223
2159,6323
2159,9698
2159,9703
2159,11540
2159,11744
2160,811
2161,811
2161,1035
2162,811
2163,812
2163,10453
2164,812
2164,1887
2164,2465
2164,6551
2164,8095
2164,10171
2164,10453
2164,11115
2164,12927
2165,812
2165,1887
2165,2465
2165,3612
2165,3889
2165,4581
2165,5505
2165,8095
2165,10171
2165,10453
2165,11115
2165,12927
2165,13695
2166,812
2166,3612
2166,10811
2167,813
2167,13276
2168,813
2169,813
2170,813
2171,814
2171,7064
2171,8875
2172,814
2172,2036
2172,2533
2172,8085
2173,814
2174,814
2174,3865
2174,11196
2174,13158
2175,814
2175,1617
2175,3865
2175,5171
2175,6478
2175,7406
2175,7484
2175,9868
2175,9942
2175,11857
2175,12951
2175,13414
2175,13453
2175,13485
2176,816
2177,817
2177,12142
2178,817
2179,819
2179,5677
2179,10741
2179,11246
2180,820
2180,3884
2180,6568
2181,821
2182,821
2183,821
2184,822
2185,822
2185,1355
2185,6927
2185,7826
2185,10806
2185,12962
2185,12973
2186,822
2187,822
2188,823
2189,823
2189,3549
2189,10983
2189,11197
2190,826
2190,1571
2190,2411
2190,3497
2190,4874
2190,5516
2190,5649
2190,6097
2190,7217
2190,7573
2190,12007
2191,826
2191,6852
2191,9957
2191,11828
2192,826
2192,5831
2193,826
2193,2411
2194,827
2195,827
2196,828
2197,828
2198,828
2199,829
2200,829
2201,829
2201,1314
2202,830
2203,830
2204,830
2204,13679
2205,830
2206,830
2207,831
2207,4615
2208,831
2208,3903
2208,4615
2208,6859
2209,832
2209,12995
2210,832
2211,832
2212,832
2213,833
2213,6670
2214,833
2214,1281
2214,1419
2214,2936
2214,3112
2214,3201
2214,3614
2214,3948
2214,4962
2214,6433
2214,6670
2214,7397
2214,9530
2214,12141
2215,833
2216,833
2216,2476
2216,2686
2216,3570
2216,4884
2216,5829
2216,8038
2216,12521
2216,13342
2217,834
2217,2052
2217,2725
2217,6580
2217,6751
2217,7495
2217,7776
2217,8547
2217,10217
2217,10497
2217,12131
2218,834
2218,2052
2218,2127
2218,2725
2218,3307
2218,6580
2218,6751
2218,12131
2219,834
2219,1075
2219,2030
2219,2052
2219,2725
2219,6580
2219,6751
2219,7370
2219,7495
2219,12131
2220,834
2220,2052
2220,2208
2220,2725
2220,9658
2220,12030
2221,834
2222,834
2223,834
2224,835
2225,835
2225,921
2225,1032
2225,1595
2225,3173
2225,4102
2225,4835
2225,5557
2225,5600
2225,5608
2225,8199
2225,8673
2225,9686
2225,10049
2226,835
2226,921
2226,1854
2226,4102
2226,4835
2226,5600
2226,8199
2226,8673
2226,9686
2227,835
2227,1854
2227,4835
2228,835
2228,921
2228,1032
2228,1595
2228,2475
2228,3173
2228,3308
2228,4251
2228,4835
2228,4872
2228,5600
2228,5608
2228,5986
2228,6483
2228,7337
2229,836
2229,10184
2229,11433
2229,11499
2229,11516
2230,836
2230,5063
2231,837
2231,3531
2231,5034
2231,5831
2231,11224
2231,12830
2232,837
2232,2630
2232,5734
2232,5789
2232,7663
2232,13383
2233,837
2233,3531
2233,11950
2234,838
2235,838
2236,839
2236,1948
2236,2954
2237,839
2238,839
2238,2954
2239,839
2239,856
2239,1541
2239,1948
2239,2229
2239,2954
2239,5046
2240,840
2240,2539
2240,2654
2240,4992
2240,7382
2241,841
2242,841
2243,841
2244,842
2244,896
2244,2751
2245,842
2245,1346
2245,1433
2245,1785
2245,2207
2245,2570
2245,2625
2245,2761
2245,3060
2245,3129
2245,3179
2245,3253
2245,3470
2245,3541
2245,3546
2245,3707
2245,3990
2245,4134
2245,4208
2245,4263
2245,4317
2245,4548
2245,4741
2245,4863
2245,5300
2245,5371
2245,5433
2245,5546
2245,5778
2245,5907
2245,6285
2245,6289
2245,6309
2245,6404
2245,6408
2245,7502
2245,7632
2245,8121
2245,8152
2245,8606
2245,8927
2245,9595
2245,10951
2245,12880
2245,12907
2246,843
2246,1044
2246,9048
2246,12421
2247,844
2248,844
2248,1213
2248,2803
2248,3031
2248,3242
2248,5642
2248,8712
2248,9695
2249,844
2250,845
2250,1458
2250,1994
2250,3439
2250,3833
2251,845
2251,1300
2251,3833
2251,4334
2251,5078
2251,5092
2251,5362
2251,8399
2251,8626
2251,12815
2252,846
2252,1185
2252,4546
2252,6149
2252,8658
2252,11137
2253,847
2254,847
2255,847
2256,847
2256,1462
2257,847
2258,847
2259,847
2260,847
2261,848
2262,849
2263,849
2263,1228
2263,2848
2263,3267
2263,3291
2263,3868
2263,3900
2263,4122
2263,9750
2264,849
2264,1301
2264,1309
2264,1862
2264,2237
2264,3870
2264,8337
2264,9589
2264,10899
2264,12739
2265,849
2266,851
2266,930
2266,4109
2266,5003
2266,5230
2266,5637
2266,6882
2266,10133
2266,10167
2266,13012
2267,851
2268,852
2268,4267
2269,852
2269,4267
2269,8603
2269,9082
2269,11802
2270,853
2270,2926
2270,4106
2270,7175
2271,853
2272,853
2273,853
2273,1042
2273,1340
2273,1739
2273,2647
2273,2730
2273,2926
2273,3427
2273,3826
2273,4103
2273,4106
2273,5877
2273,7175
2273,9368
2273,9378
2273,9734
2273,12243
2273,13680
2274,854
2275,854
2275,1011
2275,2044
2275,2185
2275,2494
2275,4979
2275,5911
2275,7455
2275,7604
2276,854
2277,855
2277,1776
2277,11475
2278,855
2279,856
2280,857
2281,857
2282,857
2283,858
2284,858
2284,1480
2284,2082
2284,2390
2284,3823
2284,7634
2285,859
2286,859
2286,3191
2286,4961
2286,5052
2286,5378
2286,6753
2286,8109
2286,8689
2286,9225
2287,859
2287,9830
2287,12471
2288,860
2288,5656
2289,861
2289,1874
2290,862
2290,996
2290,4791
2290,7738
2290,11289
2290,11669
2290,12694
2290,13397
2291,862
2292,862
2292,2904
2292,4791
2292,7738
2292,8066
2292,8126
2292,9745
2293,862
2293,996
2293,4791
2293,7738
2293,7911
2293,8066
2293,10809
2293,12129
2294,863
2295,863
2295,2657
2295,4030
2295,5626
2296,864
2297,864
2297,2139
2297,7844
2298,864
2299,865
2300,866
2300,1267
2300,1325
2300,1427
2300,2219
2300,3193
2300,4854
2300,4884
2300,5553
2300,7925
2300,8017
2300,8038
2300,8590
2300,9013
2300,9405
2300,9852
2300,10598
2300,12521
2301,866
2301,7230
2301,9407
2301,10598
2302,866
2303,866
2304,867
2304,3919
2304,4480
2305,867
2306,867
2306,4198
2306,5243
2307,868
2307,3068
2307,11860
2308,868
2309,869
2309,5298
2310,870
2310,2199
2311,870
2311,2199
2311,6496
2311,8232
2311,10830
2311,11270
2311,12003
2311,12663
2311,13226
2312,871
2312,7639
2313,871
2314,871
2315,872
2316,872
2316,2589
2316,2637
2316,2665
2316,3866
2316,4075
2316,4504
2316,6667
2316,7108
2316,8112
2316,12774
2317,873
2317,1653
2317,3138
2317,8213
2318,873
2318,1653
2318,3138
2318,4450
2319,873
2319,8162
2319,9521
2319,9741
2320,873
2320,987
2320,1653
2320,1876
2320,1971
2320,2039
2320,2175
2320,2210
2320,2223
2320,2264
2320,2397
2320,2410
2320,3128
2320,3138
2320,3490
2320,3505
2320,3555
2320,4297
2320,4440
2320,4450
2320,4571
2320,5342
2320,5644
2320,5867
2320,8162
2320,9521
2320,9741
2320,10906
2320,10966
2320,11668
2321,873
2321,987
2321,1653
2321,1876
2321,1971
2321,2175
2321,2210
2321,2223
2321,2264
2321,2410
2321,3128
2321,3138
2321,3490
2321,3505
2321,3555
2321,4297
2321,4440
2321,4450
2321,4571
2321,5342
2321,5867
2321,8162
2321,9521
2321,9741
2321,10906
2321,10966
2322,874
2322,1528
2322,6679
2322,9760
2323,874
2323,1528
2324,875
2324,9513
2324,13184
2325,876
2326,876
2327,877
2328,877
2328,9544
2328,13559
2329,877
2329,3759
2329,4376
2329,4866
2329,6133
2329,6661
2329,8742
2329,8900
2329,9031
2329,13420
2330,879
2331,879
2331,1662
2331,4091
2332,879
2332,1319
2332,1662
2332,4091
2333,880
2334,880
2334,2563
2334,4682
2334,5656
2334,8622
2334,9551
2334,9987
2334,10078
2334,10104
2334,10448
2334,10957
2334,11018
2334,11107
2334,11353
2334,13013
2335,881
2336,881
2337,881
2338,882
2338,4914
2339,882
2339,8962
2340,882
2341,883
2342,883
2343,884
2343,1520
2344,884
2344,1520
2344,2446
2344,3624
2344,11676
2344,12484
2344,12628
2344,13004
2345,885
2345,2493
2345,3684
2345,4621
2345,4978
2345,10114
2345,13376
2346,885
2346,890
2346,1141
2346,1471
2346,1664
2346,2424
2346,2493
2346,2626
2346,3231
2346,3438
2346,4291
2346,4350
2346,4621
2346,4697
2346,4717
2346,4917
2346,4978
2346,4980
2346,5016
2346,5291
2346,5501
2346,5572
2346,5994
2346,6065
2346,6330
2346,6332
2346,6454
2346,6676
2346,7130
2346,7227
2346,8164
2346,8362
2346,8389
2346,9539
2346,9569
2346,9716
2346,9858
2346,9994
2346,11037
2346,11226
2346,11399
2346,12395
2346,12629
2346,12832
2346,13068
2346,13366
2346,13376
2347,886
2348,886
2349,887
2349,2002
2349,3940
2349,7686
2349,9037
2349,9041
2349,9062
2350,887
2350,2002
2350,3940
2350,7686
2350,9037
2350,9041
2350,9062
2351,887
2351,3940
2351,7686
2351,9037
2351,9041
2352,888
2352,8496
2353,888
2353,2820
2353,4827
2353,6230
2353,8200
2353,8248
2353,8496
2353,8779
2353,9091
2353,9241
2353,9883
2353,10034
2353,10603
2353,10656
2353,10757
2353,10775
2353,11321
2353,11695
2353,11943
2353,13486
2354,888
2354,8496
2354,8588
2355,888
2355,4827
2355,8248
2355,10603
2355,10775
2355,13486
2356,889
2357,889
2358,889
2359,889
2360,890
2360,4350
2360,6330
2361,891
2361,1756
2362,891
2363,891
2363,1187
2363,1719
2363,3171
2363,4187
2363,4306
2364,892
2365,893
2366,893
2367,894
2367,1841
2367,2079
2367,2329
2368,894
2368,2079
2368,4444
2369,894
2369,1351
2369,1561
2369,1563
2369,1853
2369,2079
2369,2098
2369,2203
2369,2656
2369,3459
2369,3510
2369,3733
2369,3803
2369,3844
2369,4415
2369,4444
2369,4542
2369,4839
2369,5652
2369,5698
2369,5768
2369,5935
2369,6540
2369,6633
2369,7476
2369,7511
2369,8047
2369,8135
2369,9463
2369,12839
2370,894
2371,894
2371,1351
2371,1561
2371,2079
2371,2203
2371,2656
2371,3459
2371,3803
2371,3844
2371,4542
2371,4839
2371,4912
2371,5299
2371,5446
2371,5523
2371,5768
2372,894
2372,11370
2373,895
2373,2702
2373,3150
2373,5692
2373,8640
2374,895
2374,9321
2374,11893
2374,13665
2375,895
2375,1313
2375,1598
2375,1706
2375,1735
2375,2702
2375,3150
2375,3775
2375,3816
2375,4626
2375,4824
2375,5101
2375,5613
2375,7083
2375,7088
2375,8640
2375,9607
2375,10163
2375,10698
2375,11893
2375,12059
2376,895
2376,1266
2376,1735
2376,2681
2376,2851
2376,9321
2377,895
2377,2681
2377,3221
2377,3597
2377,4271
2377,4493
2377,7052
2377,10584
2377,10619
2377,12106
2378,896
2379,896
2380,896
2381,897
2381,3841
2381,3872
2381,3942
2381,7323
2381,8964
2382,898
2383,899
2383,10765
2383,13361
2384,899
2384,10765
2385,899
2385,1179
2385,2296
2385,4073
2385,6432
2386,900
2387,900
2388,900
2389,900
2390,900
2391,901
2391,1196
2391,1862
2391,2237
2391,5462
2391,8337
2391,10618
2391,11556
2391,12739
2391,13160
2392,902
2392,7537
2393,902
2393,3564
2393,7537
2394,902
2394,3564
2394,7537
2394,10305
2394,11266
2394,11271
2394,11350
2394,11352
2394,11832
2394,13522
2395,903
2395,4565
2396,903
2396,1145
2396,1466
2396,2074
2396,2111
2396,4105
2396,4301
2396,4555
2396,4560
2396,4565
2396,4807
2396,6626
2396,8202
2396,8280
2396,8319
2396,8332
2396,8391
2396,11256
2397,903
2397,4565
2397,8202
2397,8391
2398,903
2398,8202
2398,8280
2398,8391
2399,904
2399,1732
2399,2811
2399,5488
2399,6192
2399,7339
2399,7975
2399,8789
2399,8954
2399,11928
2399,11981
2400,905
2400,988
2400,2436
2400,6465
2400,8519
2400,9255
2400,11998
2400,12273
2401,905
2401,988
2401,1565
2401,2062
2401,3595
2401,6958
2401,7131
2401,11925
2401,12514
2402,905
2402,2118
2402,2436
2402,3557
2402,4591
2402,6371
2402,7773
2402,9839
2403,906
2403,2720
2403,3175
2403,5845
2403,6901
2403,11501
2403,13198
2404,907
2404,2908
2404,4547
2404,6115
2404,10780
2405,908
2406,908
2407,909
2408,910
2408,2316
2408,4374
2408,8763
2408,11389
2408,12859
2409,911
2409,8474
2410,911
2411,911
2411,8474
2412,911
2413,911
2413,8474
2414,912
2415,912
2416,912
2417,912
2418,913
2419,913
2419,6171
2420,914
2420,1020
2420,5377
2420,11843
2421,914
2422,914
2423,915
2423,2151
2423,4326
2423,5025
2423,5373
2423,9575
2424,915
2424,4326
2424,5025
2424,5130
2424,5373
2424,7235
2424,7551
2424,9575
2424,13041
2425,916
2425,3337
2426,916
2427,916
2428,916
2429,917
2430,917
2430,1914
2430,2308
2430,11664
2431,917
2432,917
2433,918
2433,8888
2434,918
2434,3907
2435,919
2435,10815
2436,919
2437,919
2437,4484
2438,919
2438,3139
2439,920
2439,3874
2440,920
2440,3439
2441,920
2441,3149
2442,920
2442,2084
2442,3233
2442,3439
2442,3616
2442,3964
2442,5460
2442,6247
2442,8073
2442,11069
2442,11837
2443,921
2444,921
2444,4145
2444,4380
2444,5096
2444,5557
2444,5608
2444,9876
2445,921
2446,921
2446,1115
2446,4102
2446,4835
2446,5557
2446,5600
2446,5608
2447,921
2448,922
2448,2740
2448,4413
2448,5836
2448,6446
2449,922
2449,3521
2449,8968
2449,10121
2449,10899
2449,11410
2450,922
2450,1352
2450,1451
2450,1506
2450,1836
2450,2213
2450,2427
2450,2640
2450,2740
2450,3304
2450,4413
2450,5156
2450,5361
2450,5439
2450,5555
2450,5836
2450,5974
2450,6104
2450,6446
2450,6447
2450,6459
2450,8173
2450,8231
2450,8249
2450,8351
2450,8384
2450,9724
2450,10973
2450,11095
2450,11100
2450,11133
2450,11342
2450,12564
2450,12571
2450,12583
2450,12612
2450,12698
2450,12810
2450,13370
2451,923
2451,6199
2451,8708
2451,10571
2451,11955
2451,12040
2452,923
2452,1350
2452,1672
2452,1917
2452,2457
2452,2753
2452,2969
2452,3408
2452,7935
2452,8000
2452,8561
2452,8752
2452,10528
2452,10718
2452,10722
2452,11014
2452,11991
2453,923
2453,1858
2453,6199
2454,924
2455,924
2456,924
2457,925
2458,925
2458,4487
2458,9772
2459,925
2460,925
2461,925
2461,1875
2461,4487
2461,5684
2461,7430
2462,926
2462,954
2462,1382
2463,926
2463,1382
2464,926
2465,926
2466,926
2467,926
2467,954
2467,1382
2467,3079
2468,927
2469,927
2469,5082
2469,6064
2470,927
2470,1513
2470,2303
2470,3478
2470,3977
2470,5082
2470,5353
2470,8654
2471,928
2472,928
2473,928
2474,929
2475,929
2475,968
2475,4097
2476,929
2477,930
2477,5230
2477,6882
2477,10167
2478,930
2478,5230
2479,931
2479,7343
2480,931
2480,2103
2480,2679
2480,3587
2480,3740
2480,4614
2480,7237
2480,7343
2480,7508
2480,10445
2480,11220
2480,11755
2481,931
2481,7343
2481,11363
2482,932
2482,4830
2482,6781
2483,933
2483,2961
2484,933
2484,3010
2484,3749
2484,4838
2484,5527
2484,12631
2485,933
2486,934
2486,4400
2486,7513
2487,934
2487,2543
2487,3919
2487,4400
2487,4480
2487,7276
2487,7513
2487,9146
2488,935
2489,935
2489,6456
2490,936
2491,936
2492,937
2493,939
2493,11412
2494,940
2494,1186
2494,4789
2494,5430
2494,5606
2494,5890
2494,8954
2494,9927
2494,10451
2494,11833
2494,12500
2495,940
2495,2708
2495,5715
2496,940
2496,1186
2496,1797
2496,2201
2496,2543
2496,2708
2496,3217
2496,3683
2496,3978
2496,4300
2496,4789
2496,5606
2496,5715
2496,5816
2496,5890
2496,8090
2496,8334
2496,9379
2496,9464
2497,941
2497,6937
2497,11229
2498,941
2498,6644
2498,12838
2499,942
2499,1554
2499,1813
2499,1817
2499,2033
2499,3508
2500,942
2500,1132
2500,1813
2500,1817
2500,2033
2500,2389
2500,2750
2500,2937
2500,3164
2500,3508
2500,4479
2500,5403
2500,6356
2500,6713
2500,6732
2500,6767
2500,7254
2500,8143
2500,9680
2500,10581
2500,10879
2500,11017
2500,11084
2500,11392
2500,12775
2501,943
2501,1991
2501,5401
2501,10191
2502,944
2502,1098
2503,944
2503,3125
2503,6752
2503,6930
2503,7212
2503,8310
2503,8938
2503,9281
2503,9401
2503,10081
2503,10253
2503,10565
2503,10686
2503,10713
2503,10956
2503,11249
2503,11311
2503,11422
2503,13345
2504,945
2504,6878
2505,945
2506,946
2506,987
2506,2223
2506,4028
2506,4550
2506,4571
2507,946
2507,3185
2508,946
2508,1060
2508,2499
2508,4325
2508,4390
2508,5644
2508,11668
2508,12856
2509,946
2509,3567
2509,8197
2509,10869
2509,12849
2510,948
2511,948
2511,2979
2511,3066
2511,9930
2512,948
2512,2979
2512,3027
2512,3066
2513,949
2513,3783
2513,5784
2514,950
2514,3212
2514,11951
2515,950
2515,2448
2516,950
2516,4549
2517,950
2517,6435
2517,7956
2518,951
2518,4342
2518,7099
2518,10744
2519,951
2520,951
2520,1936
2520,2122
2520,7988
2520,10744
2520,10813
2520,11905
2521,952
2521,2297
2521,6007
2521,6144
2522,952
2522,2297
2522,2476
2522,3430
2522,4592
2522,5487
2522,5549
2522,5560
2522,6320
2522,10053
2522,10724
2522,11964
2522,12060
2522,12072
2523,952
2524,952
2524,6851
2525,952
2525,1656
2525,2073
2525,2297
2525,5487
2525,5560
2525,5847
2525,6007
2525,6144
2525,6281
2525,10053
2525,10724
2525,11964
2525,12060
2525,12072
2526,953
2527,954
2528,954
2528,996
2528,4867
2528,10062
2528,10809
2528,12129
2529,955
2530,955
2531,956
2532,956
2532,1262
2532,3638
2532,5098
2532,8667
2532,8756
2532,8952
2532,11476
2532,13407
2533,957
2534,957
2535,957
2535,3520
2535,8034
2536,957
2537,959
2537,1749
2537,5825
2538,960
2538,1968
2538,3927
2539,961
2539,1099
2539,2121
2539,2834
2539,3047
2539,3401
2539,4133
2539,5411
2539,7427
2539,7735
2540,961
2540,2121
2540,2834
2540,3328
2540,3401
2540,3590
2540,3741
2540,4133
2540,4142
2540,4765
2540,5411
2540,7427
2540,7520
2540,7735
2540,8317
2540,10454
2540,12091
2540,12742
2540,12996
2541,962
2542,962
2543,963
2544,963
2544,1660
2544,2843
2544,2944
2544,2987
2544,7575
2544,10284
2545,964
2545,5398
2545,5437
2545,6556
2546,964
2547,964
2547,4944
2547,5398
2547,5437
2547,5887
2547,6021
2547,6515
2547,8265
2548,964
2548,5396
2548,5398
2548,5437
2548,5648
2549,964
2549,5396
2549,5398
2549,5437
2549,5887
2550,964
2551,965
2551,1000
2551,2282
2551,3360
2551,4469
2551,4607
2551,4761
2552,966
2552,6127
2553,966
2553,1302
2553,2772
2553,5413
2553,8263
2554,966
2554,1302
2554,1429
2554,2428
2554,2745
2554,2772
2554,5413
2554,6127
2554,6634
2554,8263
2554,8981
2554,11681
2555,967
2556,967
2556,1480
2556,2003
2556,2161
2556,3424
2556,4016
2556,4517
2556,4731
2556,5540
2556,5721
2556,5738
2556,6379
2556,6621
2556,6972
2556,7215
2556,10595
2556,10788
2556,10851
2556,11574
2556,12092
2557,968
2558,968
2559,969
2559,3000
2560,969
2561,969
2561,1900
2561,3000
2561,4734
2562,969
2562,3000
2563,969
2563,3000
2563,4734
2563,8042
2563,9014
2563,12325
2564,970
2564,2672
2564,11939
2565,970
2565,2672
2566,970
2566,2672
2566,12005
2567,970
2568,971
2568,9364
2568,12052
2569,971
2569,7040
2569,9348
2570,971
2570,9364
2571,971
2571,7040
2571,9348
2571,9364
2572,971
2573,972
2573,1748
2573,2373
2573,2623
2573,3692
2573,3999
2573,5288
2573,6049
2573,8267
2573,10222
2574,972
2574,1165
2574,4487
2575,972
2575,1033
2575,1038
2575,1279
2575,1414
2575,2144
2575,2314
2575,2435
2575,2492
2575,2933
2575,4561
2575,4811
2575,5105
2575,5204
2575,5383
2575,5397
2575,5511
2575,5717
2575,5795
2575,5968
2575,6041
2575,6210
2575,6897
2575,7061
2575,7126
2575,7888
2575,7952
2575,8059
2575,8155
2575,8321
2575,8654
2575,8925
2575,9634
2575,9660
2575,9807
2575,9843
2575,10226
2575,10833
2575,10884
2575,10914
2575,10995
2575,11079
2575,11096
2575,11212
2575,11357
2575,11557
2575,12713
2575,12795
2575,12829
2575,12975
2575,13365
2576,972
2576,6494
2577,973
2578,973
2579,974
2580,975
2580,1286
2580,1499
2580,2599
2580,3524
2580,5881
2580,6566
2580,12893
2580,12998
2581,975
2581,1286
2581,1499
2581,2599
2581,2858
2581,3524
2581,3576
2581,5881
2581,6566
2581,12893
2581,12998
2581,13537
2582,975
2582,5228
2583,976
2583,2205
2583,8416
2584,976
2584,1799
2584,3830
2585,977
2586,978
2587,979
2587,1570
2587,2976
2587,5352
2587,5793
2587,6573
2587,8153
2587,8193
2587,8860
2587,10210
2587,10238
2587,10652
2587,11035
2588,979
2588,4276
2589,979
2590,979
2591,980
2591,5663
2592,980
2593,981
2593,3926
2593,5262
2594,981
2595,981
2596,981
2597,981
2597,3926
2597,5262
2597,10711
2597,10853
2597,12559
2598,982
2599,982
2600,984
2601,984
2601,3440
2601,3442
2601,4653
2601,8318
2601,8991
2601,8999
2602,984
2603,984
2604,984
2604,4653
2605,985
2605,8434
2606,985
2607,985
2608,985
2609,985
2610,986
2610,1965
2610,2172
2611,986
2611,1292
2611,1630
2611,1965
2611,2102
2611,2172
2611,2565
2611,3017
2611,3888
2611,4175
2611,4262
2611,5050
2611,8326
2611,11099
2612,989
2612,1320
2612,1715
2613,989
2613,1038
2613,1279
2613,1320
2613,1402
2613,1527
2613,1715
2613,1971
2613,2243
2613,2264
2613,2366
2613,3148
2613,3329
2613,3586
2613,3850
2613,4009
2613,4150
2613,4368
2613,4523
2613,4538
2613,4619
2613,5105
2613,5342
2613,5506
2613,5627
2613,5865
2613,5968
2613,6021
2613,6305
2613,6333
2613,6772
2613,8044
2613,8733
2613,11096
2613,12173
2614,990
2614,5493
2614,8530
2614,8978
2615,990
2616,990
2617,991
2617,5742
2618,991
2619,991
2620,991
2620,2665
2620,3474
2620,3937
2620,5122
2620,5742
2621,991
2621,11807
2622,992
2622,1770
2622,2615
2622,6172
2623,993
2624,993
2625,994
2626,994
2627,994
2628,994
2628,4931
2629,995
2630,995
2631,995
2631,2337
2632,996
2633,996
2633,2248
2633,2582
2633,2904
2633,4000
2633,6122
2633,7738
2633,7911
2633,9095
2633,10069
2633,10455
2633,10731
2633,10878
2633,12733
2634,997
2634,2000
2635,997
2636,997
2636,2000
2636,12319
2637,998
2637,1843
2637,1973
2637,2271
2637,2310
2637,2604
2637,2632
2637,2664
2637,3317
2637,3535
2637,4006
2637,4930
2637,5061
2637,5224
2637,6003
2637,6690
2637,7072
2637,7211
2637,7296
2637,7470
2637,7475
2637,7491
2637,7681
2637,7706
2637,7895
2637,7979
2637,7995
2637,8134
2637,8297
2637,8350
2637,8875
2637,9168
2637,9188
2637,9192
2637,9193
2637,9199
2637,9468
2637,9648
2637,9710
2637,9799
2637,9873
2637,10023
2637,10071
2637,10119
2637,10128
2637,10137
2637,10198
2637,10212
2637,10805
2637,11534
2637,12209
2637,12244
2637,12637
2637,12917
2637,13075
2637,13356
2638,998
2638,1843
2638,1967
2638,1973
2638,2090
2638,2450
2638,2632
2638,3073
2638,3317
2638,5224
2638,6690
2638,6929
2638,7072
2638,7151
2638,7296
2638,7491
2638,7681
2638,7884
2638,8250
2638,8573
2638,8647
2638,9178
2638,9199
2638,9226
2638,9333
2638,9808
2638,10130
2638,10246
2638,10546
2638,10680
2638,11051
2638,11230
2638,11264
2638,11798
2638,11877
2638,11930
2638,11984
2638,12272
2638,12409
2638,13543
2639,998
2639,1147
2639,1882
2639,2445
2639,2476
2639,2686
2639,2810
2639,2935
2639,3430
2639,3465
2639,3570
2639,4387
2639,4665
2639,4903
2639,4981
2639,5433
2639,5507
2639,6102
2639,6184
2639,6196
2639,6320
2639,6386
2639,6495
2639,6506
2639,6786
2639,6789
2639,7211
2639,7470
2639,7979
2639,8134
2639,8606
2639,8853
2639,9473
2639,12655
2639,12917
2640,999
2640,3774
2640,3864
2641,999
2641,1321
2641,2662
2641,8832
2642,999
2642,1108
2642,1321
2642,2480
2642,2502
2642,9624
2643,1000
2643,1822
2644,1000
2644,1484
2644,1822
2644,2741
2644,3936
2644,4469
2644,4590
2644,4662
2644,5088
2644,5414
2644,10976
2644,11009
2644,13080
2645,1001
2645,7999
2645,8071
2645,9490
2645,9493
2646,1001
2647,1001
2647,1788
2647,2036
2647,2122
2647,3889
2647,5505
2647,7536
2647,8085
2647,9144
2647,11250
2647,12703
2648,1002
2649,1003
2649,3808
2649,10114
2650,1003
2650,1667
2650,1872
2650,2741
2650,3355
2650,12779
2651,1003
2652,1003
2653,1004
2653,2567
2653,5837
2654,1004
2654,2096
2654,2321
2654,2567
2654,5837
2654,8243
2655,1004
2655,2567
2656,1004
2656,1299
2656,2096
2656,2321
2656,2567
2656,5177
2656,5837
2657,1005
2657,3633
2658,1005
2658,8124
2658,8677
2659,1005
2659,1065
2659,1473
2659,2335
2659,2428
2659,2516
2659,2745
2659,3633
2659,3846
2659,4080
2659,4834
2659,5799
2659,8263
2660,1007
2661,1008
2662,1008
2663,1009
2664,1009
2665,1010
2665,3789
2665,4101
2665,9332
2666,1010
2666,1615
2666,1923
2666,9332
2666,9365
2666,9756
2666,9841
2666,10521
2666,10581
2666,10680
2666,10720
2666,11017
2666,11217
2666,11722
2666,11869
2666,11877
2666,12309
2666,12492
2666,12548
2666,12787
2667,1010
2667,1243
2667,1615
2667,1859
2667,1923
2667,3123
2667,3227
2667,3789
2667,4101
2667,4494
2667,5215
2667,5876
2667,6369
2667,6624
2667,6635
2667,6681
2667,6883
2667,7543
2667,7583
2667,7603
2667,7615
2667,7700
2667,8595
2667,8718
2667,8748
2667,9157
2667,9161
2667,9213
2667,9332
2667,9367
2667,9433
2667,10056
2667,10079
2667,10623
2667,10720
2667,11912
2667,12315
2667,12420
2667,12501
2667,12585
2667,13702
2667,13708
2668,1011
2669,1011
2670,1011
2671,1012
2671,1092
2671,1465
2671,4222
2671,5358
2671,5533
2671,7282
2671,7613
2671,8282
2672,1012
2672,3652
2673,1012
2673,1092
2673,5358
2673,7282
2674,1013
2675,1013
2675,4125
2676,1013
2676,1258
2676,3523
2676,5589
2676,5896
2677,1014
2677,1566
2677,11024
2678,1014
2678,1146
2678,1566
2678,1585
2678,1730
2678,2031
2678,2285
2678,2942
2678,3146
2678,3979
2678,4238
2678,4846
2678,5174
2678,5813
2678,8309
2678,8404
2678,9728
2678,11024
2679,1014
2680,1014
2681,1015
2681,11834
2681,12479
2681,12568
2682,1016
2682,6746
2683,1016
2683,6746
2684,1016
2684,1494
2684,5516
2684,6746
2684,9392
2684,10228
2684,11929
2684,12761
2685,1017
2685,4368
2685,6333
2685,8044
2685,8733
2685,10158
2685,12970
2685,13103
2685,13346
2686,1017
2687,1017
2687,1402
2687,1527
2687,2243
2687,2366
2687,3329
2687,4368
2687,4523
2687,6333
2687,8044
2687,12173
2687,13103
2688,1018
2689,1018
2689,10466
2690,1018
2691,1019
2692,1020
2693,1020
2694,1021
2694,2038
2694,2267
2694,2300
2694,2902
2694,3955
2694,4762
2694,5745
2694,5817
2694,7435
2694,7468
2694,7528
2694,11873
2694,12961
2694,13341
2695,1021
2695,2267
2695,2300
2695,3955
2695,4406
2695,5817
2695,7435
2695,7468
2695,7528
2695,8961
2695,9003
2695,9868
2695,9942
2695,10085
2695,10753
2695,11857
2695,12951
2695,13414
2695,13440
2695,13453
2695,13485
2696,1022
2696,2703
2697,1022
2698,1023
2698,6574
2698,7689
2699,1023
2699,7689
2700,1023
2700,6574
2701,1024
2702,1024
2702,2668
2702,9346
2703,1025
2703,5789
2704,1025
2705,1025
2706,1025
2706,1539
2706,4116
2706,4398
2706,7507
2706,7920
2706,9621
2706,9759
2706,9771
2707,1026
2707,10236
2708,1027
2708,1964
2709,1027
2709,1964
2710,1027
2710,1964
2711,1028
2711,2179
2711,7579
2712,1028
2712,2179
2713,1028
2714,1029
2715,1029
2715,2420
2716,1029
2716,1821
2716,2420
2717,1030
2717,1466
2717,1631
2717,2303
2717,3815
2717,3977
2717,4301
2717,5353
2717,5773
2717,6372
2718,1031
2718,1725
2718,1978
2718,2327
2718,2585
2718,3230
2718,4027
2718,5334
2718,5776
2718,5829
2718,5913
2719,1031
2720,1031
2720,9166
2720,10268
2721,1031
2721,1725
2721,2208
2721,2585
2721,4502
2722,1032
2723,1032
2724,1032
2725,1032
2725,5427
2725,6513
2726,1033
2726,2933
2726,10226
2727,1033
2728,1033
2729,1034
2730,1034
2730,1386
2730,2095
2730,2166
2730,2671
2730,3296
2730,3679
2730,5180
2730,6037
2730,8221
2730,9739
2730,11025
2730,13098
2731,1034
2732,1034
2733,1035
2733,6842
2733,7329
2734,1035
2734,3191
2734,6656
2734,6680
2734,6753
2734,7102
2734,7329
2734,7771
2734,7896
2734,8014
2734,9102
2734,9557
2734,10646
2734,10728
2734,13140
2735,1035
2735,3965
2736,1036
2737,1037
2737,2495
2737,6679
2737,8327
2737,8714
2737,9233
2737,10796
2737,11302
2737,11829
2737,13427
2737,13448
2738,1037
2738,4439
2739,1037
2739,6679
2739,8714
2739,10463
2739,10480
2740,1037
2740,6679
2740,8168
2740,8377
2740,10774
2740,10978
2740,11915
2740,12929
2740,12959
2741,1037
2742,1037
2742,4439
2743,1037
2743,2495
2743,4041
2743,9558
2743,12253
2744,1038
2744,7126
2744,9807
2744,10995
2744,11212
2745,1038
2745,1971
2745,2264
2745,4150
2745,5342
2745,8733
2745,11365
2746,1038
2746,3095
2747,1039
2748,1039
2748,1101
2748,2796
2748,8717
2748,9411
2748,9905
2748,11924
2749,1039
2749,2796
2749,8717
2749,9699
2749,11012
2750,1039
2750,10733
2750,12683
2750,12701
2750,13551
2751,1039
2751,1101
2751,1636
2751,2352
2751,2796
2751,2820
2751,3620
2751,3980
2751,4648
2751,4796
2751,4951
2751,5497
2751,9787
2751,11276
2751,11321
2751,12864
2752,1039
2752,2796
2752,2820
2752,3980
2752,4951
2753,1040
2753,1954
2754,1040
2755,1040
2755,8183
2755,8225
2756,1040
2756,1954
2756,8183
2756,8225
2757,1041
2757,1099
2757,1652
2757,1668
2757,2026
2757,3047
2757,3269
2757,5408
2757,5871
2757,5904
2757,5962
2757,6148
2757,6153
2757,6535
2757,7747
2757,9233
2757,10572
2757,10876
2757,11302
2757,11957
2757,11976
2757,11982
2757,12080
2757,12327
2757,12380
2757,12721
2757,12930
2758,1041
2758,10572
2758,12721
2759,1041
2760,1041
2760,10796
2761,1041
2762,1041
2762,6153
2763,1041
2763,8819
2763,10572
2763,11749
2763,12380
2763,12721
2764,1042
2764,1739
2764,3826
2764,4103
2764,4106
2764,9734
2764,9798
2764,12243
2764,13680
2765,1042
2766,1043
2766,1218
2767,1043
2767,1218
2768,1045
2769,1045
2769,2097
2770,1046
2770,1250
2770,2329
2770,3028
2770,6327
2770,6610
2770,6723
2770,7413
2770,8767
2770,11397
2771,1046
2772,1046
2773,1046
2774,1047
2774,5823
2775,1048
2776,1049
2777,1049
2777,1782
2777,2071
2777,2819
2777,4647
2777,4713
2777,5107
2777,5859
2777,5972
2777,5993
2777,6273
2777,9611
2777,9693
2777,9711
2777,10189
2777,10963
2778,1049
2778,1782
2778,2819
2778,4647
2778,4713
2778,5859
2778,5972
2778,6273
2778,9611
2778,9711
2778,10963
2779,1050
2779,1090
2779,3263
2779,4703
2779,5607
2779,6032
2779,6159
2779,8167
2779,8686
2779,9563
2779,9571
2779,9694
2779,11026
2779,11265
2779,11341
2779,11415
2779,12656
2779,12946
2779,13043
2780,1050
2780,1090
2780,3320
2780,3565
2780,3994
2780,4160
2780,4386
2780,4429
2780,4622
2780,4703
2780,6159
2780,6778
2780,8167
2780,9571
2781,1051
2781,2047
2781,2147
2781,3211
2781,5529
2781,7315
2781,7487
2781,7674
2782,1052
2782,7953
2783,1052
2784,1053
2784,2455
2784,9752
2785,1054
2785,4748
2786,1054
2786,2605
2786,3147
2786,3866
2786,4402
2786,4748
2787,1054
2787,1550
2787,2297
2787,2605
2787,3147
2787,3916
2787,4402
2787,4748
2787,7440
2788,1055
2788,2887
2789,1055
2789,1276
2789,11834
2790,1055
2791,1055
2792,1055
2793,1055
2793,1251
2793,1293
2793,2168
2793,2381
2793,3474
2793,3734
2793,4024
2793,4314
2793,4661
2793,5196
2793,6034
2793,11494
2793,11665
2793,11667
2793,11671
2794,1055
2794,1251
2794,2887
2794,11470
2794,11665
2795,1056
2795,1619
2795,4854
2795,7230
2795,8048
2795,9632
2795,10585
2795,11330
2795,12533
2796,1056
2796,1900
2796,3696
2797,1056
2797,1900
2797,5341
2798,1057
2799,1057
2800,1058
2801,1059
2801,1216
2801,1592
2801,2751
2801,3262
2801,3374
2801,4043
2801,5868
2801,9251
2801,9747
2801,11439
2802,1059
2802,2810
2803,1059
2803,4617
2804,1059
2804,3421
2804,10168
2805,1060
2805,1654
2805,3153
2805,3318
2805,4097
2805,5169
2805,6057
2805,6248
2805,6261
2805,6450
2805,6756
2805,8281
2805,8666
2805,8686
2805,8867
2806,1060
2806,1453
2806,1787
2806,2010
2806,2499
2806,3426
2806,4021
2806,4325
2806,4847
2806,5169
2806,5237
2806,5409
2806,5577
2806,5644
2806,5976
2806,5983
2807,1060
2808,1060
2809,1060
2809,2499
2810,1061
2810,1724
2811,1062
2812,1062
2812,8384
2813,1062
2813,1734
2813,2253
2813,2298
2813,2383
2813,2798
2813,2837
2813,3159
2813,3652
2813,4369
2813,4815
2813,4953
2813,5112
2813,5963
2813,6236
2813,8209
2813,10057
2813,10929
2813,11019
2813,12899
2814,1063
2815,1063
2815,7946
2816,1064
2816,2946
2817,1064
2817,2946
2817,3613
2817,10613
2817,11279
2817,13055
2818,1064
2818,6387
2819,1065
2819,1473
2819,2516
2819,4834
2820,1065
2821,1066
2822,1066
2822,7522
2823,1067
2823,1850
2823,2971
2824,1067
2824,1233
2824,1850
2824,3276
2824,3546
2824,4853
2824,5100
2824,5316
2824,5546
2824,6309
2824,6408
2824,8720
2825,1068
2825,7533
2826,1068
2826,2216
2826,2538
2826,7570
2827,1068
2827,1363
2827,1366
2827,1478
2827,1947
2827,2661
2827,3184
2827,4515
2827,4683
2827,5135
2827,5548
2827,5729
2827,5819
2827,5855
2827,6053
2827,6337
2827,6338
2827,7291
2827,7548
2827,8289
2827,8343
2827,8354
2827,8604
2827,8894
2827,8918
2827,9885
2827,9916
2827,11971
2827,13271
2828,1068
2828,2216
2828,2538
2828,7570
2828,7602
2829,1068
2829,4683
2829,5729
2829,6053
2829,8354
2829,9885
2829,9916
2829,11971
2829,13271
2830,1068
2830,1363
2830,1366
2830,1478
2830,1947
2830,2661
2830,3184
2830,4515
2830,4683
2830,5135
2830,5548
2830,5729
2830,5819
2830,5855
2830,6053
2830,6337
2830,6338
2830,7291
2830,7383
2830,7533
2830,7548
2830,7602
2830,8289
2830,8343
2830,8354
2830,8487
2830,8604
2830,8894
2830,8918
2830,9885
2830,9916
2830,11971
2830,13271
2831,1069
2831,11811
2832,1069
2832,11811
2833,1069
2834,1069
2835,1069
2835,1277
2835,2882
2835,6856
2835,7360
2835,8371
2835,11811
2836,1069
2837,1070
2837,1751
2837,1772
2837,6014
2837,7326
2838,1071
2838,1476
2838,1601
2838,1652
2838,1784
2838,2525
2838,3286
2838,3326
2838,3441
2838,3663
2838,3674
2838,3824
2838,4100
2838,4438
2838,4534
2838,4990
2838,5023
2838,5839
2838,5871
2838,6316
2838,6451
2838,6620
2838,6623
2838,6706
2838,6969
2838,7177
2838,7274
2838,7417
2838,7437
2838,7438
2838,7454
2838,7587
2838,7894
2838,7897
2838,8524
2838,8607
2838,8825
2838,9344
2838,9373
2838,9486
2838,10504
2838,10650
2838,12474
2839,1071
2839,7963
2840,1071
2840,1476
2840,1563
2840,1625
2840,1652
2840,1784
2840,1792
2840,1998
2840,2200
2840,2230
2840,2328
2840,2489
2840,2525
2840,2556
2840,2835
2840,3246
2840,3286
2840,3326
2840,3441
2840,3635
2840,3674
2840,3733
2840,3824
2840,4100
2840,4990
2840,5326
2840,5331
2840,5349
2840,5666
2840,5760
2840,5839
2840,5871
2840,5935
2840,6025
2840,6316
2840,6415
2840,6451
2840,6540
2840,6627
2840,6633
2840,6683
2840,6685
2840,6692
2840,6709
2840,6722
2840,6946
2840,7048
2840,7192
2840,7199
2840,7201
2840,7258
2840,7278
2840,7417
2840,7437
2840,7511
2840,7581
2840,7587
2840,7599
2840,7897
2840,7965
2840,7992
2840,8005
2840,8025
2840,8030
2840,8035
2840,8135
2840,8690
2840,8699
2840,8741
2840,8757
2840,9150
2840,9241
2840,9349
2840,9350
2840,9373
2840,9414
2840,9435
2840,9469
2840,9905
2840,10093
2840,10126
2840,11245
2840,11262
2840,11313
2840,11372
2840,11899
2840,11922
2840,11965
2840,11985
2840,12025
2840,12085
2840,12087
2840,12102
2840,12116
2840,12890
2840,13119
2840,13489
2840,13525
2840,13536
2841,1071
2842,1072
2843,1072
2844,1072
2845,1072
2846,1072
2847,1072
2848,1072
2849,1073
2850,1073
2851,1073
2852,1073
2853,1074
2854,1074
2854,4392
2854,8219
2855,1074
2856,1074
2856,1906
2856,3431
2857,1075
2858,1075
2859,1075
2859,2030
2859,3619
2859,7370
2859,7495
2859,7936
2859,10684
2859,12528
2860,1076
2860,5517
2860,6512
2860,9642
2861,1076
2862,1077
2862,6510
2863,1077
2864,1077
2865,1077
2866,1078
2867,1078
2868,1079
2868,3996
2869,1079
2869,3996
2869,6125
2870,1079
2870,3996
2870,6125
2871,1079
2871,3996
2871,6125
2872,1079
2872,3639
2872,3996
2872,4181
2872,6125
2872,6175
2872,8112
2873,1080
2873,6123
2874,1080
2874,6123
2875,1081
2875,3557
2875,5036
2875,5507
2875,10245
2875,12980
2876,1081
2876,2380
2876,3932
2876,4056
2876,4365
2876,4731
2876,4742
2876,4959
2876,5155
2876,5399
2876,5570
2876,5738
2876,5864
2876,6195
2876,6371
2876,8532
2876,10129
2876,10997
2876,11260
2876,13105
2877,1082
2877,10793
2878,1082
2879,1083
2880,1083
2880,2071
2880,2881
2880,4951
2880,10135
2880,10189
2880,10232
2880,11306
2880,11325
2881,1083
2882,1083
2882,2376
2882,2852
2882,2906
2882,2998
2882,3920
2882,8256
2882,9597
2883,1083
2884,1084
2884,8081
2884,10178
2884,12104
2885,1084
2886,1084
2887,1084
2887,5552
2887,13305
2888,1085
2888,6783
2889,1085
2889,5401
2889,5509
2889,6783
2889,11409
2890,1085
2890,5401
2891,1085
2891,1386
2891,1991
2891,3377
2891,3497
2891,4376
2891,5401
2891,5813
2891,6490
2891,6783
2891,10323
2892,1086
2892,6957
2893,1086
2894,1086
2895,1086
2896,1087
2897,1087
2898,1088
2898,1522
2898,3336
2898,5767
2898,5986
2899,1088
2899,1278
2899,1391
2899,3664
2899,3810
2899,4022
2899,4563
2899,4680
2899,5041
2899,5828
2899,5850
2899,5918
2899,8628
2899,9322
2899,11283
2900,1088
2900,1391
2900,1717
2900,1748
2900,1978
2900,2373
2900,2623
2900,2868
2900,3692
2900,3999
2900,4521
2900,5041
2900,5288
2900,5535
2900,5918
2900,5966
2900,6260
2900,6740
2901,1088
2901,1278
2901,1391
2901,2373
2901,2738
2901,2810
2901,3181
2901,3230
2901,3664
2901,3810
2901,4022
2901,4154
2901,4283
2901,4302
2901,4563
2901,4680
2901,4981
2901,5828
2901,5850
2901,5918
2901,5927
2901,6085
2901,6738
2901,8628
2902,1089
2902,9894
2903,1090
2904,1090
2904,3320
2904,4429
2904,5076
2904,6778
2904,11105
2905,1091
2906,1091
2906,1807
2906,5338
2906,9018
2906,10429
2906,11751
2906,12990
2907,1092
2908,1093
2908,3454
2908,6197
2908,9626
2909,1093
2909,3454
2909,7414
2909,7493
2909,8196
2909,9959
2909,10010
2909,10257
2909,10314
2909,11859
2909,13391
2909,13470
2910,1093
2910,3454
2911,1093
2911,3454
2912,1093
2912,3454
2912,10478
2913,1094
2913,2511
2913,13023
2914,1094
2914,2511
2915,1095
2915,2115
2915,2556
2915,2760
2915,4650
2915,4858
2915,7332
2915,7443
2916,1097
2916,2686
2916,3374
2916,4143
2917,1097
2917,1147
2917,1882
2917,2114
2917,2898
2917,3574
2917,3896
2917,4969
2917,5487
2917,7434
2917,8991
2917,10169
2917,12132
2917,12316
2918,1098
2919,1098
2919,11791
2919,12593
2920,1098
2920,7744
2920,11791
2921,1099
2922,1100
2923,1100
2924,1100
2925,1100
2926,1100
2926,2692
2926,3084
2926,3660
2926,6168
2927,1101
2928,1101
2929,1102
2930,1102
2930,1176
2930,1943
2930,2289
2930,3701
2930,7384
2930,7635
2931,1102
2931,7635
2932,1102
2933,1102
2934,1103
2934,9172
2935,1104
2935,11414
2936,1104
2936,1467
2936,4385
2937,1104
2937,1467
2938,1105
2938,3376
2938,6376
2939,1105
2940,1105
2941,1105
2942,1105
2943,1106
2943,4837
2944,1106
2945,1107
2946,1107
2947,1108
2948,1108
2948,1293
2948,2513
2948,9624
2948,11667
2948,12473
2948,13647
2949,1109
2949,1483
2949,4159
2949,5339
2950,1109
2950,1483
2950,4159
2950,5339
2950,5420
2950,6874
2951,1109
2952,1110
2952,3321
2952,5937
2952,6329
2952,6562
2952,6952
2953,1111
2954,1111
2955,1111
2956,1112
2957,1112
2957,1415
2958,1112
2958,1415
2959,1112
2959,1415
2960,1113
2960,1982
2960,2439
2960,2804
2960,3529
2960,4011
2960,5493
2960,6491
2960,8978
2960,11576
2960,13323
2961,1114
2962,1114
2963,1114
2964,1114
2965,1114
2966,1115
2967,1115
2968,1116
2968,11602
2968,13308
2969,1117
2969,1612
2969,6142
2970,1117
2971,1117
2971,1612
2972,1118
2972,4279
2972,5235
2973,1118
2973,1531
2973,2509
2973,2693
2973,2962
2973,3312
2973,3541
2973,3544
2973,3640
2973,3784
2973,4671
2973,5316
2973,5590
2973,5724
2973,5907
2973,6035
2973,7331
2973,7462
2973,7463
2973,7596
2973,7660
2973,10555
2973,12537
2974,1118
2974,1399
2974,4976
2974,5235
2974,7069
2974,7474
2974,7593
2974,7712
2974,7901
2974,8272
2974,8283
2974,8436
2974,8475
2974,9468
2975,1118
2975,2338
2975,2355
2975,2654
2975,3030
2975,3173
2975,3296
2975,3541
2975,5022
2975,5080
2975,6084
2975,6364
2975,7279
2975,7592
2975,13287
2976,1119
2976,2912
2976,4790
2976,6156
2976,7834
2976,10202
2976,13443
2977,1119
2978,1120
2979,1120
2980,1120
2981,1120
2982,1121
2983,1121
2983,9602
2984,1121
2985,1122
2985,1984
2985,2840
2985,2856
2985,3026
2985,3589
2985,3925
2985,4009
2985,4619
2985,6162
2985,6318
2985,6359
2985,6492
2985,6968
2985,8874
2985,8956
2985,9842
2985,13685
2986,1122
2986,5155
2987,1122
2987,5719
2987,7222
2988,1122
2988,5719
2988,5957
2988,6274
2989,1123
2990,1123
2990,4026
2990,4286
2991,1123
2991,4286
2992,1123
2992,4286
2993,1124
2993,7364
2994,1124
2994,2847
2994,5072
2995,1125
2995,2637
2995,3276
2995,3863
2995,3887
2995,9220
2995,9420
2995,11849
2996,1125
2997,1125
2997,1626
2997,12215
2998,1125
2998,1626
2998,6939
2998,12215
2999,1126
3000,1127
3000,2063
3000,3847
3000,12634
3001,1127
3002,1127
3002,2063
3003,1127
3003,2004
3003,2063
3003,2778
3003,3688
3003,3717
3003,3847
3003,5215
3004,1128
3004,5395
3004,7655
3005,1128
3005,1442
3005,5395
3005,5931
3005,6637
3005,7655
3005,10742
3005,12197
3005,12403
3005,12470
3005,12646
3005,13422
3005,13553
3006,1128
3006,1442
3006,4001
3006,4323
3006,5395
3006,5931
3006,6241
3006,6637
3006,6726
3006,7655
3006,9005
3006,9156
3006,10299
3006,11227
3006,12076
3006,12403
3007,1129
3008,1129
3008,3659
3008,12818
3009,1129
3010,1129
3011,1130
3012,1131
3012,5011
3013,1131
3013,5011
3013,5504
3014,1131
3014,3827
3014,5011
3014,5504
3014,7972
3015,1132
3015,3572
3015,13619
3016,1133
3016,1329
3016,3241
3016,4165
3017,1133
3017,1329
3017,3241
3017,4165
3017,6208
3018,1134
3018,1989
3018,2340
3018,2542
3018,4506
3018,4735
3018,10172
3019,1136
3019,4186
3019,5311
3019,7546
3019,9617
3020,1136
3020,3039
3020,3057
3020,7546
3021,1136
3021,7546
3022,1136
3022,7546
3023,1136
3023,1877
3023,3039
3023,4186
3023,5281
3023,5311
3023,5670
3023,7387
3023,7392
3023,7546
3023,7938
3023,8052
3023,9223
3023,9964
3023,10644
3023,10743
3023,11324
3023,11375
3023,11376
3023,11822
3023,11827
3024,1137
3025,1137
3026,1138
3026,2190
3026,5283
3026,5592
3026,12188
3027,1138
3027,7934
3027,11457
3028,1139
3028,10481
3029,1139
3029,3783
3029,4097
3029,5976
3030,1139
3030,1298
3030,13006
3031,1139
3031,1638
3031,10232
3031,11214
3031,11325
3032,1141
3032,1847
3032,2470
3032,4697
3032,6676
3032,7227
3032,8362
3032,10333
3032,12395
3032,13719
3033,1141
3033,6410
3034,1142
3034,1541
3034,2212
3034,2711
3034,3054
3034,9635
3034,11412
3035,1142
3036,1142
3037,1142
3038,1142
3039,1143
3039,5137
3040,1143
3041,1144
3042,1144
3043,1144
3044,1144
3044,1276
3044,6659
3044,9838
3044,11677
3044,11834
3045,1145
3046,1145
3046,1466
3046,4301
3047,1145
3048,1145
3049,1146
3050,1146
3051,1146
3052,1147
3052,2114
3052,4660
3052,8945
3052,10951
3052,12516
3053,1147
3053,4992
3053,5115
3053,6220
3053,6422
3053,6789
3053,7297
3053,7979
3054,1147
3054,2476
3054,3430
3054,3570
3054,5433
3054,5507
3054,6196
3055,1148
3055,9608
3055,9657
3055,11050
3055,11574
3055,12099
3056,1148
3056,2460
3056,4857
3056,5455
3057,1148
3058,1148
3058,1889
3058,2620
3058,4857
3058,5093
3058,5455
3058,6528
3058,11958
3058,12542
3059,1149
3060,1150
3060,1391
3060,3750
3060,4845
3060,6077
3060,6281
3060,7056
3060,7982
3060,8176
3060,8395
3060,8520
3060,8539
3060,9001
3060,9418
3060,9553
3060,9764
3060,10209
3060,10782
3060,10801
3060,11957
3060,12075
3060,12196
3060,12626
3060,12667
3060,12677
3060,12758
3060,12807
3060,12989
3061,1150
3061,1182
3061,1795
3061,2185
3061,2300
3061,2397
3061,2494
3061,2573
3061,2755
3061,3081
3061,3185
3061,3881
3061,3955
3061,4426
3061,4845
3061,5609
3061,5911
3061,6077
3061,6382
3061,6579
3061,7056
3061,7455
3061,7468
3061,7982
3061,8176
3061,8487
3061,8520
3061,8539
3061,9001
3061,9418
3061,9764
3061,10209
3061,10549
3061,10801
3061,10940
3061,12667
3061,12758
3061,12806
3061,12807
3061,12963
3061,13170
3061,13284
3062,1151
3063,1152
3064,1152
3065,1152
3065,1167
3065,9726
3065,10498
3066,1152
3067,1153
3067,1941
3067,2367
3067,2430
3067,3745
3067,4470
3067,5037
3067,6150
3067,6322
3067,7431
3067,7451
3067,7589
3067,7653
3067,8032
3067,8269
3067,8578
3067,8611
3067,8743
3067,8892
3067,12057
3067,12714
3067,12837
3068,1153
3068,1358
3068,1431
3068,1502
3068,1686
3068,2119
3068,2367
3068,2953
3068,3115
3068,3991
3068,4054
3068,4470
3068,4600
3068,4767
3068,5037
3068,5481
3068,5657
3068,5894
3068,6017
3068,6029
3068,6150
3068,6314
3068,6322
3068,7295
3068,7328
3068,7341
3068,7431
3068,7444
3068,7446
3068,7515
3068,7539
3068,7571
3068,7589
3068,7967
3068,8032
3068,8114
3068,8554
3068,8575
3068,8578
3068,8743
3068,9343
3068,9875
3068,9936
3068,9939
3068,10005
3068,10259
3068,11348
3068,11411
3068,11907
3068,13456
3068,13492
3068,13545
3069,1154
3069,13419
3070,1154
3071,1154
3071,1330
3071,2577
3071,2697
3071,3110
3071,3591
3071,6311
3071,6707
3071,7410
3071,7541
3071,7972
3071,9919
3072,1154
3072,9919
3073,1155
3073,1714
3073,5008
3073,11009
3073,13131
3074,1155
3074,1714
3074,5008
3075,1155
3076,1155
3076,5008
3076,8283
3076,11326
3076,11571
3077,1155
3077,4386
3077,4886
3077,5008
3077,5759
3077,6103
3077,11009
3078,1156
3078,1277
3078,6500
3078,6784
3079,1157
3079,1162
3079,1311
3079,1581
3079,4764
3079,4853
3079,4880
3079,5002
3079,5062
3079,5497
3079,5532
3079,5558
3079,5810
3079,6438
3079,6691
3079,7159
3079,7886
3079,9377
3079,9428
3079,9604
3079,9639
3079,11975
3079,12563
3079,12688
3079,12772
3080,1157
3080,2631
3080,3264
3080,4434
3080,9644
3081,1157
3081,1327
3081,1522
3081,2257
3081,3336
3081,4872
3081,5767
3081,5986
3081,6098
3081,6483
3081,8061
3081,9167
3082,1157
3082,10418
3082,13634
3083,1158
3084,1158
3085,1158
3086,1159
3087,1159
3088,1160
3088,7299
3088,7702
3089,1160
3090,1160
3090,3532
3090,5292
3091,1160
3092,1160
3093,1160
3094,1160
3095,1161
3095,6571
3096,1162
3097,1162
3097,1217
3097,3531
3097,4852
3097,5062
3097,5497
3097,5696
3097,5810
3097,6483
3098,1162
3099,1162
3100,1162
3101,1163
3102,1164
3103,1164
3104,1164
3104,1549
3104,1645
3104,2617
3104,2972
3104,3505
3104,4944
3104,6294
3104,6489
3104,6777
3104,7930
3104,8395
3104,8686
3104,11145
3104,11415
3104,12196
3105,1166
3106,1166
3106,2197
3107,1166
3107,2197
3108,1166
3108,2197
3108,4888
3108,5185
3108,8518
3108,8958
3108,9043
3108,9403
3109,1166
3110,1167
3111,1167
3112,1168
3112,2468
3112,3005
3112,3368
3112,4157
3112,6251
3112,6597
3112,9577
3112,9780
3112,11233
3112,11683
3113,1169
3114,1169
3114,2164
3114,4431
3114,10214
3115,1170
3115,6648
3115,9900
3115,10568
3115,10732
3115,11821
3115,12518
3115,12534
3116,1170
3116,6648
3117,1171
3118,1171
3119,1171
3120,1172
3120,5143
3120,9541
3120,9694
3120,11026
3120,12656
3121,1172
3121,1613
3121,5143
3121,9563
3122,1172
3122,5143
3123,1173
3123,1655
3123,1726
3123,2212
3123,2868
3123,3054
3123,3056
3123,3218
3123,4039
3123,8386
3124,1173
3124,8386
3125,1173
3126,1173
3126,1758
3126,10215
3127,1174
3127,8235
3128,1174
3129,1174
3129,3949
3129,6730
3129,8235
3129,9687
3129,9783
3129,13337
3129,13388
3129,13552
3130,1175
3131,1175
3131,2590
3132,1175
3133,1175
3134,1175
3135,1176
3135,4003
3136,1176
3136,1388
3136,3151
3136,3676
3137,1176
3137,1228
3137,4003
3137,6073
3138,1177
3138,5605
3138,8838
3138,9311
3138,9900
3138,9927
3138,10041
3138,10451
3138,11821
3138,12651
3138,13124
3138,13568
3139,1177
3139,2627
3139,3332
3139,5119
3139,5256
3139,5605
3139,5748
3139,6598
3139,7402
3139,8838
3139,9311
3139,9900
3139,9927
3139,10041
3139,10451
3139,11339
3139,11821
3139,13124
3139,13568
3140,1178
3140,1316
3141,1178
3141,1316
3141,4938
3142,1179
3142,5188
3142,10506
3143,1179
3143,4365
3143,5188
3144,1180
3144,7182
3144,9572
3145,1180
3146,1180
3146,3967
3146,7182
3146,9572
3147,1180
3147,3967
3147,7182
3147,9572
3148,1180
3149,1181
3150,1181
3151,1181
3152,1182
3152,1795
3152,4426
3152,6077
3153,1183
3153,2112
3153,5348
3154,1183
3154,1794
3154,2229
3154,2539
3154,3790
3154,4291
3154,7130
3154,8369
3154,8389
3154,9779
3154,10114
3154,11080
3154,13366
3155,1183
3155,3575
3155,5348
3156,1184
3157,1187
3157,4306
3158,1187
3158,4306
3159,1187
3159,4249
3159,4306
3159,7501
3159,9631
3160,1188
3160,3084
3160,3152
3160,3660
3160,4350
3160,6330
3160,10964
3161,1188
3161,4524
3162,1188
3162,1471
3162,3348
3162,4717
3162,4883
3162,4980
3162,5291
3162,6065
3162,12954
3163,1189
3163,3638
3164,1189
3165,1189
3166,1189
3167,1189
3167,1257
3167,3778
3168,1189
3168,1257
3168,3778
3168,5314
3168,7289
3169,1190
3170,1190
3171,1190
3172,1190
3173,1191
3173,2927
3174,1191
3174,4316
3175,1191
3175,1915
3176,1193
3177,1193
3177,5889
3178,1194
3179,1194
3179,1895
3179,2020
3179,6341
3179,8149
3180,1194
3181,1195
3181,2786
3181,3906
3181,8489
3181,13302
3182,1196
3183,1196
3183,5027
3183,12739
3183,13044
3184,1196
3184,4119
3185,1197
3185,4040
3185,4154
3185,5944
3186,1197
3186,1717
3186,1748
3186,1830
3186,2373
3186,2537
3186,3195
3186,3692
3186,3932
3186,4597
3186,4995
3186,5288
3186,5535
3186,5920
3186,6049
3187,1197
3187,1598
3187,1706
3187,3692
3187,6049
3188,1198
3188,1305
3188,6228
3188,6522
3189,1199
3190,1199
3190,3286
3190,5023
3190,6969
3190,7454
3190,10590
3191,1199
3192,1199
3193,1199
3193,3286
3193,5023
3193,6969
3193,7454
3194,1200
3195,1201
3196,1201
3196,12816
3197,1201
3198,1201
3199,1202
3199,2131
3199,6117
3199,8147
3200,1202
3200,2131
3200,3191
3200,4064
3200,4686
3200,6117
3200,7248
3200,8839
3200,9385
3200,9420
3200,9769
3200,9782
3201,1202
3201,2131
3201,2313
3201,3191
3201,4064
3201,4553
3201,4686
3201,5097
3201,6117
3201,6234
3201,6250
3201,8082
3201,8255
3201,8689
3201,8839
3201,9225
3201,9429
3201,10491
3201,11082
3201,12077
3201,13140
3201,13172
3202,1203
3202,1461
3202,4977
3202,11162
3203,1203
3203,1426
3203,2558
3203,2974
3203,3609
3203,3846
3203,4668
3203,6403
3203,6453
3203,7879
3203,8193
3203,9289
3203,9495
3203,10184
3203,10210
3203,10577
3204,1203
3204,1549
3204,1711
3204,1765
3204,2108
3204,2145
3204,2151
3204,2276
3204,4197
3204,4644
3204,4706
3204,4732
3204,5862
3204,6226
3204,6489
3204,6779
3204,9297
3204,10233
3204,11121
3205,1205
3205,3615
3206,1205
3206,3615
3207,1206
3208,1206
3209,1207
3209,2474
3209,3304
3209,4535
3210,1207
3211,1207
3212,1208
3212,1655
3212,1726
3212,2001
3212,3056
3212,3218
3212,3485
3212,3507
3212,8217
3212,8314
3212,8385
3212,12664
3213,1208
3213,2001
3213,3056
3213,3485
3213,3507
3213,8217
3214,1208
3214,1655
3214,3056
3214,3218
3214,8314
3214,8385
3215,1209
3215,5036
3216,1209
3216,6764
3216,7776
3217,1209
3217,3867
3217,4753
3217,6383
3217,6739
3218,1209
3218,1758
3218,2868
3218,3324
3218,3867
3218,4039
3218,6412
3218,6764
3218,6879
3218,7134
3218,7776
3218,8262
3218,8386
3219,1210
3220,1210
3220,2759
3221,1210
3222,1210
3222,2759
3223,1210
3223,2759
3224,1211
3225,1212
3225,8990
3226,1212
3226,2054
3226,4723
3226,6739
3226,8990
3226,12239
3226,13460
3227,1214
3228,1214
3229,1215
3230,1215
3230,3603
3230,5240
3231,1215
3231,1740
3231,1768
3231,2434
3231,8312
3232,1216
3232,1592
3232,2583
3232,3262
3232,4640
3232,5344
3232,5623
3232,6184
3232,6506
3232,6786
3232,7211
3232,7979
3232,8134
3232,9710
3232,10119
3232,10137
3232,10198
3232,10212
3232,10825
3232,11386
3232,11439
3232,12013
3232,12117
3232,12370
3232,12637
3232,12992
3232,13009
3232,13080
3232,13082
3232,13365
3233,1216
3233,1592
3233,1860
3233,2583
3233,3262
3233,4043
3233,4640
3233,5344
3233,5623
3233,5868
3233,6734
3233,13685
3234,1217
3235,1219
3236,1219
3237,1219
3238,1221
3238,1463
3238,3344
3239,1221
3240,1221
3241,1221
3241,1463
3241,3344
3241,4361
3241,5068
3241,5732
3241,5848
3242,1221
3243,1222
3243,1429
3243,2529
3243,2663
3243,3662
3243,6634
3243,8091
3243,11062
3243,12101
3244,1222
3244,3052
3244,8382
3244,10006
3244,10133
3245,1222
3246,1222
3247,1222
3247,1622
3247,2947
3247,3259
3247,3950
3247,4462
3248,1222
3248,1622
3248,1640
3248,2947
3248,3259
3248,3418
3248,3950
3248,4462
3248,9849
3248,10562
3249,1222
3250,1222
3251,1223
3251,4392
3252,1223
3252,4392
3253,1223
3254,1223
3254,3064
3255,1223
3256,1223
3257,1223
3257,1251
3257,1993
3257,2181
3257,2231
3257,3064
3257,3734
3257,4051
3257,4314
3257,4392
3257,4661
3257,8219
3257,11665
3257,11667
3257,12734
3258,1225
3259,1225
3259,5257
3260,1225
3260,1981
3260,2182
3260,2528
3260,2872
3260,5044
3260,5257
3260,5712
3260,5840
3260,8244
3260,9765
3260,11385
3260,12263
3260,13507
3261,1226
3261,1368
3261,1893
3261,4486
3261,5709
3261,6336
3262,1227
3263,1227
3264,1227
3265,1227
3266,1228
3266,2447
3266,2530
3266,2888
3266,3111
3266,3455
3266,4985
3266,5029
3266,5263
3266,5774
3266,5806
3266,5826
3266,7774
3266,8264
3267,1229
3267,7181
3267,8550
3267,8840
3267,9453
3268,1230
3268,9381
3268,9743
3269,1230
3269,1892
3269,3730
3269,6287
3269,6757
3269,11503
3269,12708
3269,12857
3269,12878
3270,1230
3270,9381
3270,9743
3271,1230
3272,1231
3273,1231
3274,1231
3275,1231
3275,11556
3276,1232
3277,1232
3278,1233
3279,1234
3279,4340
3280,1234
3281,1234
3281,4340
3282,1234
3283,1235
3283,4375
3283,5809
3283,7554
3283,10909
3284,1235
3285,1236
3286,1236
3286,2343
3286,2961
3287,1236
3287,10930
3287,12808
3288,1236
3289,1236
3289,2332
3290,1237
3291,1237
3292,1237
3293,1237
3294,1237
3295,1237
3296,1238
3297,1238
3298,1238
3299,1238
3299,3279
3299,4203
3299,11968
3300,1239
3300,5228
3300,5292
3300,5702
3301,1239
3301,2494
3301,4239
3301,5730
3302,1239
3302,3227
3302,5215
3302,5702
3302,5730
3303,1239
3304,1239
3305,1239
3306,1239
3307,1239
3308,1240
3309,1240
3310,1241
3310,4623
3310,8544
3311,1242
3312,1242
3313,1242
3314,1242
3315,1242
3316,1242
3316,2923
3317,1243
3318,1245
3319,1245
3320,1245
3320,1495
3320,7915
3320,11802
3320,12472
3321,1246
3322,1248
3323,1249
3323,2172
3323,2251
3323,3397
3323,4148
3323,7804
3323,12180
3323,12228
3324,1249
3325,1249
3326,1249
3326,2251
3327,1250
3327,6377
3327,7987
3327,8283
3328,1250
3328,1792
3328,2973
3328,6217
3328,6377
3328,6706
3328,7086
3328,7924
3328,7987
3328,8767
3328,8825
3328,8868
3328,8876
3328,10749
3329,1250
3329,2581
3329,3452
3329,6217
3329,6706
3329,7086
3329,8876
3330,1251
3330,2386
3330,3734
3331,1252
3332,1252
3333,1252
3334,1252
3335,1253
3335,2696
3335,3287
3335,3805
3335,3958
3335,12114
3336,1254
3337,1254
3338,1254
3338,11756
3339,1254
3339,2913
3340,1255
3340,6145
3341,1255
3341,6145
3341,6286
3341,6779
3341,8214
3342,1255
3342,2507
3342,2994
3342,3195
3342,3473
3342,4541
3342,4597
3342,4995
3342,6145
3342,12693
3342,12732
3342,13378
3343,1256
3343,3258
3343,4162
3343,5494
3343,9640
3344,1256
3344,3258
3344,4162
3344,5494
3345,1256
3346,1256
3347,1257
3348,1257
3348,3778
3349,1257
3349,3778
3350,1258
3350,1317
3350,1631
3350,5589
3350,5807
3351,1259
3351,6467
3351,8637
3351,9501
3351,10061
3351,11852
3351,12436
3352,1260
3352,3530
3352,5002
3352,5496
3352,6695
3352,6821
3352,6872
3352,7426
3352,8194
3352,10547
3353,1260
3354,1261
3354,1903
3354,2183
3354,2932
3354,6034
3354,8922
3355,1261
3355,1637
3355,1656
3355,1688
3355,1903
3355,2183
3355,2235
3355,2648
3355,2932
3355,3155
3355,4330
3355,5916
3355,5999
3355,6034
3355,8922
3355,9056
3355,9590
3355,10689
3355,11116
3355,11205
3355,11671
3355,12654
3355,12887
3355,12888
3356,1262
3356,6801
3356,7714
3357,1263
3357,5854
3358,1263
3359,1264
3359,8079
3359,8540
3359,8558
3359,11132
3359,11149
3359,11203
3360,1264
3360,2625
3360,5546
3360,6289
3360,7297
3361,1264
3361,1690
3361,1805
3361,3794
3361,3818
3361,5419
3361,5681
3361,5988
3361,6030
3361,6102
3361,6786
3361,7116
3361,8079
3361,8540
3361,9411
3362,1264
3363,1264
3363,5041
3364,1265
3365,1265
3366,1265
3367,1266
3367,5638
3367,6206
3368,1268
3368,3391
3368,6690
3368,7072
3368,9193
3368,10143
3369,1268
3369,2099
3369,2754
3369,3391
3370,1269
3370,1690
3370,3312
3370,3640
3370,5590
3370,5907
3370,6137
3370,6178
3370,7660
3370,9191
3371,1269
3371,8900
3371,11120
3371,11278
3371,11621
3371,12490
3371,12715
3371,13084
3372,1270
3372,3332
3373,1270
3374,1270
3374,2627
3374,3089
3374,3332
3374,5119
3374,6598
3374,6632
3374,7244
3374,7402
3374,7545
3374,8632
3374,9311
3374,10267
3374,10496
3374,10568
3374,11010
3374,11238
3374,11319
3374,11339
3374,12675
3374,12781
3374,13093
3374,13145
3374,13166
3374,13515
3374,13561
3375,1272
3375,1872
3376,1272
3376,1872
3376,2741
3376,5543
3376,8927
3377,1273
3378,1273
3378,12583
3378,12612
3379,1273
3380,1273
3380,3732
3380,4253
3380,5073
3380,5162
3380,5509
3380,6144
3380,11582
3381,1273
3382,1274
3383,1274
3383,1641
3384,1275
3385,1275
3386,1275
3387,1275
3387,12652
3388,1275
3389,1276
3390,1276
3390,6636
3390,6693
3390,9431
3391,1276
3391,11834
3392,1276
3393,1277
3393,2882
3393,6856
3393,7360
3394,1277
3395,1278
3395,2810
3395,12485
3395,12612
3396,1278
3396,2301
3396,2738
3396,6013
3396,9370
3397,1279
3397,5968
3397,7126
3397,7952
3398,1279
3398,2144
3398,2764
3398,5383
3398,6041
3398,6897
3399,1279
3399,5204
3399,5245
3399,5383
3399,6041
3399,6210
3399,7173
3400,1280
3400,4642
3400,4703
3400,5607
3400,6032
3401,1280
3401,1493
3401,3140
3401,4221
3401,4295
3401,4642
3401,5064
3401,5079
3401,6362
3401,6431
3401,7073
3401,10438
3401,10525
3401,11934
3401,13404
3402,1281
3402,3614
3402,7397
3403,1282
3404,1282
3405,1283
3405,4778
3405,5128
3405,5318
3405,7133
3405,7147
3405,7222
3406,1283
3406,4070
3406,5128
3406,6912
3406,13654
3407,1284
3408,1284
3408,2069
3408,3659
3408,6414
3408,6448
3408,7110
3408,8953
3408,11969
3409,1284
3409,3659
3409,8953
3409,11969
3410,1284
3411,1285
3411,2924
3411,5088
3411,5160
3412,1286
3412,1499
3412,2599
3412,2858
3412,3524
3412,5881
3412,6566
3413,1286
3413,1499
3413,2599
3413,3524
3413,5881
3413,7790
3413,12445
3414,1287
3415,1287
3415,6480
3415,7499
3416,1287
3417,1287
3418,1288
3418,9357
3418,10369
3419,1288
3420,1288
3421,1288
3421,2032
3421,8028
3421,9312
3421,9357
3421,10369
3421,12187
3422,1289
3423,1290
3424,1291
3425,1291
3426,1291
3427,1291
3428,1292
3428,1630
3428,2102
3428,4699
3429,1293
3429,2168
3429,4024
3430,1293
3430,2168
3430,4024
3431,1294
3431,6396
3432,1295
3433,1295
3433,1636
3433,6256
3434,1295
3435,1296
3436,1296
3436,3618
3436,3817
3436,4184
3437,1297
3438,1297
3439,1297
3440,1298
3441,1298
3442,1299
3443,1299
3443,5177
3444,1300
3444,8919
3445,1300
3445,6424
3446,1300
3447,1301
3447,3521
3447,3870
3447,4413
3447,8832
3447,9588
3447,10174
3447,10874
3447,11301
3447,13153
3448,1301
3448,3870
3448,5234
3448,8277
3449,1301
3449,1984
3450,1303
3451,1303
3452,1303
3452,6325
3452,8148
3453,1303
3453,8148
3454,1304
3455,1304
3456,1304
3456,3556
3456,8345
3456,8372
3457,1304
3457,8345
3457,11854
3457,12316
3457,13515
3458,1305
3459,1305
3460,1306
3460,1307
3460,2198
3460,2603
3460,2629
3460,2842
3460,3071
3460,3169
3460,3265
3460,3923
3460,4095
3460,5647
3460,5772
3460,8394
3461,1306
3461,1849
3461,2198
3461,3435
3461,4939
3461,5421
3462,1307
3462,2198
3462,2629
3462,2842
3462,3071
3462,3169
3462,3923
3462,4095
3463,1308
3463,3099
3463,3497
3463,3743
3463,3752
3463,6097
3463,9675
3463,9746
3463,10271
3463,10521
3463,10747
3463,10990
3463,12719
3463,12889
3464,1308
3464,1670
3464,3044
3464,3099
3464,3425
3464,3497
3464,3743
3464,3752
3464,5095
3464,5531
3464,5619
3464,6097
3464,6110
3464,12921
3465,1309
3465,1995
3465,2374
3465,6346
3466,1309
3466,1995
3466,2374
3466,6090
3466,6346
3467,1310
3467,7078
3468,1310
3468,7078
3469,1310
3469,7078
3469,7632
3470,1311
3471,1311
3471,5416
3471,6174
3472,1312
3473,1313
3473,2598
3474,1313
3474,1598
3474,4196
3474,11893
3475,1313
3475,2377
3475,4482
3475,5176
3475,6625
3475,6855
3475,7262
3475,13665
3476,1314
3476,3276
3476,3677
3476,4436
3476,4631
3476,6436
3476,6928
3476,8347
3476,11081
3477,1314
3478,1314
3478,1680
3478,2296
3478,3649
3478,4073
3478,4631
3478,4736
3478,6432
3478,6436
3478,6449
3478,8237
3478,8307
3479,1314
3479,6231
3480,1315
3481,1315
3481,1616
3481,3048
3481,3769
3481,5480
3481,5535
3481,11028
3481,11577
3482,1316
3483,1317
3483,1692
3483,2456
3484,1317
3484,1692
3484,5464
3484,8224
3484,8406
3484,9820
3485,1317
3485,8211
3485,8364
3485,8406
3486,1317
3486,1692
3487,1318
3488,1319
3489,1319
3490,1319
3490,8236
3491,1319
3492,1319
3492,4187
3492,4249
3492,8556
3492,12306
3493,1320
3493,4523
3493,5506
3494,1320
3495,1321
3496,1322
3497,1322
3498,1323
3498,6932
3498,8139
3499,1323
3499,6932
3499,8139
3499,12073
3500,1323
3500,6932
3500,8139
3500,12073
3501,1323
3501,1846
3501,2790
3501,6218
3501,6932
3501,8139
3501,12073
3502,1324
3503,1324
3503,3909
3503,4750
3503,6588
3503,7509
3503,9081
3503,9209
3503,10620
3503,13450
3504,1325
3504,1427
3504,5553
3504,7925
3504,8017
3504,8038
3504,8590
3504,12521
3505,1325
3505,1427
3505,2122
3505,2779
3505,4408
3505,4430
3505,4704
3505,5416
3505,5603
3505,6340
3505,7672
3505,11932
3506,1325
3507,1325
3507,4660
3507,4969
3508,1325
3508,1427
3508,8017
3509,1325
3509,1427
3509,5114
3510,1325
3510,8048
3511,1325
3511,2418
3511,3598
3511,4044
3511,5308
3511,5553
3511,5866
3511,5885
3511,6465
3511,11932
3512,1325
3512,1427
3512,4358
3512,4884
3512,5178
3512,8017
3512,9013
3512,9408
3512,10598
3512,10692
3512,12521
3513,1326
3514,1326
3514,1378
3514,11061
3514,12775
3514,12812
3515,1326
3516,1327
3516,6483
3517,1328
3518,1328
3518,2739
3518,5104
3518,5747
3518,6140
3518,6410
3518,7184
3518,7349
3518,9479
3518,12344
3519,1330
3519,3591
3520,1330
3520,2025
3520,2577
3520,4949
3520,6311
3520,7410
3520,7541
3521,1331
3522,1331
3523,1331
3524,1331
3525,1332
3526,1333
3526,6655
3526,8279
3526,9196
3527,1333
3527,6655
3527,9040
3527,9196
3528,1334
3529,1334
3530,1334
3531,1334
3532,1335
3532,4532
3532,6660
3533,1336
3534,1336
3534,2379
3534,3533
3534,4322
3534,5053
3534,5479
3534,6134
3534,6279
3534,10901
3534,13667
3535,1336
3535,2379
3535,4322
3535,5053
3535,6134
3535,6279
3535,10901
3535,13667
3536,1336
3537,1336
3538,1336
3539,1337
3539,8659
3539,13643
3540,1337
3540,2348
3540,3116
3540,4140
3540,7363
3540,10412
3540,12112
3540,12320
3541,1337
3541,3622
3542,1338
3543,1338
3543,8319
3543,8332
3543,9727
3543,10745
3543,11769
3544,1338
3545,1339
3546,1339
3547,1339
3548,1340
3548,3427
3549,1340
3549,2004
3550,1340
3550,8308
3551,1341
3551,2116
3552,1342
3552,4315
3552,5731
3553,1342
3554,1342
3554,5731
3555,1343
3556,1343
3556,6615
3556,8387
3556,13638
3557,1343
3558,1344
3558,3835
3558,7595
3559,1344
3559,1556
3559,1992
3559,2028
3559,2222
3559,2242
3559,3283
3559,3554
3559,3637
3559,3647
3559,4245
3559,4312
3559,4960
3559,5444
3559,6139
3559,6197
3559,6668
3559,6967
3559,7168
3559,7205
3559,7525
3559,7572
3559,7658
3559,7877
3559,8016
3559,8050
3559,8144
3559,8186
3559,8827
3559,8976
3559,8980
3559,8989
3559,9182
3559,9190
3559,9477
3559,9626
3559,10263
3559,10503
3559,11371
3559,12111
3559,12324
3559,12644
3559,12809
3560,1344
3560,3301
3560,6736
3561,1344
3562,1345
3563,1345
3564,1345
3564,10510
3564,10880
3565,1346
3565,5371
3565,10867
3566,1347
3567,1347
3568,1347
3569,1348
3570,1348
3571,1348
3571,2498
3571,3089
3571,4428
3571,5796
3572,1349
3572,5632
3572,10510
3572,10660
3572,11740
3573,1349
3573,3501
3573,5015
3573,7385
3574,1350
3574,8000
3574,8708
3574,10518
3575,1352
3575,2427
3575,9815
3576,1352
3576,1506
3576,3968
3576,5164
3576,6104
3576,6195
3576,6286
3576,6459
3577,1353
3578,1353
3579,1353
3580,1353
3580,3014
3581,1353
3581,1969
3581,2043
3581,10397
3581,11614
3582,1354
3583,1354
3583,5942
3583,13297
3584,1354
3585,1355
3585,6927
3585,7826
3585,8143
3585,9680
3585,11017
3585,11923
3586,1356
3587,1357
3587,8323
3587,8330
3587,8390
3588,1357
3589,1357
3590,1357
3591,1358
3591,1431
3591,1502
3591,1686
3591,2119
3591,7328
3591,10259
3592,1358
3592,1431
3592,1502
3592,2119
3592,2760
3592,3115
3592,7328
3592,7431
3593,1358
3593,4690
3593,5037
3593,6017
3593,6727
3593,7444
3593,7539
3593,7875
3593,7915
3593,8554
3593,10582
3594,1359
3595,1359
3595,1891
3596,1360
3597,1360
3598,1360
3599,1361
3599,12914
3600,1361
3601,1361
3601,3644
3602,1361
3603,1362
3604,1362
3604,8132
3604,8183
3604,8225
3605,1362
3606,1362
3607,1363
3607,4515
3608,1364
3609,1364
3610,1364
3610,4957
3611,1365
3612,1365
3613,1365
3614,1365
3615,1365
3616,1365
3617,1365
3618,1366
3618,1478
3618,1947
3618,2719
3618,3184
3618,4683
3618,5135
3618,5548
3618,5729
3618,6053
3618,6337
3618,7291
3618,7383
3618,7548
3618,7957
3618,8343
3618,8487
3618,9003
3618,12585
3619,1366
3619,1478
3619,1947
3619,2661
3619,5729
3619,6053
3619,6337
3619,7291
3619,8343
3619,8789
3620,1366
3620,2538
3620,2661
3620,5135
3620,5548
3620,6165
3620,7244
3620,7291
3620,7383
3620,7416
3620,7602
3620,8049
3620,8064
3620,9540
3620,10690
3620,10982
3620,12475
3620,12651
3621,1366
3621,7883
3622,1367
3622,7195
3622,8238
3622,10207
3622,10939
3622,13676
3622,13693
3623,1369
3624,1369
3624,1491
3624,12953
3625,1370
3625,4437
3626,1371
3626,2472
3626,3402
3626,4854
3626,5066
3626,5762
3626,5799
3626,6157
3626,6268
3626,6477
3626,8038
3627,1371
3627,5066
3627,9417
3627,10316
3628,1371
3629,1371
3629,9417
3629,10316
3630,1372
3630,2232
3631,1372
3631,1676
3631,1746
3631,1897
3631,1929
3631,1979
3631,1986
3631,2222
3631,2302
3631,2326
3631,2536
3631,2586
3631,2650
3631,2902
3631,3011
3631,3049
3631,3298
3631,3434
3631,3647
3631,3735
3631,4131
3631,4419
3631,4424
3631,4675
3631,4775
3631,4862
3631,5233
3631,6503
3631,7205
3631,7224
3631,7265
3631,8043
3631,8064
3631,8869
3631,9190
3631,9215
3631,9383
3631,9469
3631,9923
3631,10080
3631,10293
3631,10602
3631,10690
3631,10750
3631,10759
3631,12532
3631,12536
3631,13675
3632,1372
3632,2232
3632,2536
3632,3434
3632,6674
3633,1373
3633,3640
3633,5724
3633,5852
3633,5907
3633,6364
3633,7462
3633,7463
3633,7596
3633,8800
3633,12006
3634,1374
3634,2563
3634,4664
3634,7382
3634,7386
3634,7740
3634,8622
3634,9551
3634,10448
3634,10957
3634,11018
3634,11353
3634,12428
3634,13338
3635,1375
3635,1661
3635,3260
3635,6096
3635,6202
3635,7000
3635,8106
3635,9034
3635,11610
3636,1376
3636,1401
3636,2265
3636,4282
3636,6288
3636,6380
3636,7208
3636,8337
3636,8357
3636,9830
3637,1376
3637,1401
3637,4282
3637,6288
3637,6380
3638,1376
3639,1377
3640,1377
3640,5930
3641,1377
3641,5930
3642,1377
3643,1377
3644,1378
3645,1379
3646,1379
3646,3477
3646,3613
3647,1379
3647,1819
3647,3206
3647,3848
3647,4028
3647,4584
3647,6229
3647,7117
3647,8251
3647,8275
3647,10898
3647,11273
3648,1380
3648,1608
3648,3286
3648,4307
3648,4364
3648,4639
3648,5633
3648,6606
3648,7567
3648,7675
3648,11851
3648,13294
3649,1380
3649,2746
3649,5633
3649,5652
3649,5698
3649,5935
3649,8047
3650,1380
3650,1608
3650,4364
3650,7567
3651,1380
3651,6606
3651,7675
3651,11851
3651,13418
3652,1380
3652,1608
3652,4307
3652,4364
3652,4639
3652,5633
3652,6007
3652,6606
3652,7567
3652,7675
3652,11851
3653,1381
3654,1381
3655,1381
3655,2916
3655,6121
3656,1382
3657,1383
3657,1612
3657,5702
3657,6785
3657,7107
3657,7283
3657,7354
3657,7369
3657,7565
3657,8089
3658,1384
3659,1384
3660,1385
3661,1385
3662,1385
3663,1385
3663,6686
3663,9197
3663,10724
3664,1386
3664,11025
3664,13098
3665,1386
3666,1386
3667,1387
3667,3809
3667,3810
3667,4022
3667,6335
3668,1387
3668,1523
3668,3809
3668,4093
3668,5029
3668,5039
3668,5168
3668,5263
3668,5674
3668,5719
3668,5735
3668,5774
3668,5826
3668,5863
3668,6051
3668,6274
3669,1387
3669,5039
3669,5735
3669,5957
3669,6274
3669,9607
3670,1387
3671,1388
3671,1928
3671,5950
3671,12454
3671,12463
3672,1388
3673,1388
3673,5295
3674,1389
3674,3949
3674,8602
3674,10292
3675,1389
3675,8602
3676,1390
3676,1549
3676,1714
3676,2272
3676,2290
3676,4386
3676,5076
3676,5171
3676,8785
3676,9625
3676,11326
3676,11461
3676,11571
3677,1391
3677,2064
3677,4358
3677,6740
3678,1392
3678,5910
3678,6318
3679,1392
3679,1629
3679,1984
3679,2840
3679,3026
3679,3048
3679,3589
3679,5480
3679,5639
3679,5864
3679,5910
3679,6162
3679,6968
3679,7240
3679,9493
3679,9645
3679,10227
3679,13348
3680,1393
3680,8985
3681,1394
3682,1394
3682,2625
3682,5161
3682,5433
3682,5546
3682,6289
3682,7297
3682,7463
3682,8078
3682,9690
3682,9747
3682,10060
3682,10512
3682,10634
3682,10935
3682,11362
3682,12227
3682,12584
3682,12912
3683,1394
3683,7944
3683,12584
3684,1395
3684,1790
3684,1823
3684,12178
3684,12262
3685,1395
3685,1682
3685,2091
3685,7914
3686,1396
3687,1397
3688,1397
3688,3716
3689,1398
3689,4618
3690,1399
3691,1399
3691,7069
3691,8475
3691,9281
3691,10686
3691,10956
3691,13629
3692,1399
3693,1400
3693,3072
3694,1400
3694,3072
3695,1402
3695,1527
3695,2366
3695,3329
3696,1402
3697,1403
3697,2784
3697,4702
3697,6926
3697,7534
3697,9718
3697,11282
3697,11525
3697,11568
3697,12549
3697,13340
3697,13540
3698,1404
3699,1404
3699,8487
3700,1404
3701,1404
3702,1405
3703,1405
3703,1909
3704,1406
3705,1406
3705,2871
3706,1406
3706,2871
3707,1407
3708,1407
3709,1408
3710,1408
3710,1833
3710,2259
3710,2419
3710,2596
3710,2727
3710,3506
3710,3804
3710,4501
3710,4673
3710,4805
3710,5276
3710,5884
3710,5897
3710,8157
3710,8222
3710,9333
3710,10127
3710,10145
3710,10982
3710,11051
3710,11280
3710,11394
3710,11798
3710,12770
3710,12801
3710,12968
3710,13071
3710,13092
3710,13112
3710,13121
3711,1408
3711,2596
3711,3506
3711,5897
3711,8232
3711,10830
3711,12561
3712,1408
3712,8222
3712,9333
3713,1408
3714,1409
3715,1409
3716,1409
3717,1409
3718,1410
3719,1412
3719,1648
3719,6611
3719,6886
3720,1412
3720,1501
3720,1648
3720,2018
3720,2400
3720,4384
3720,5429
3721,1412
3721,1648
3722,1412
3722,1648
3723,1413
3724,1414
3724,2435
3724,5397
3724,5511
3724,7061
3725,1414
3725,5511
3725,7061
3726,1415
3727,1416
3728,1416
3729,1416
3730,1417
3730,8935
3731,1418
3731,1535
3732,1418
3732,1535
3733,1418
3733,12449
3734,1418
3735,1419
3735,2936
3735,4235
3736,1419
3736,2936
3736,3201
3736,4235
3737,1419
3737,2936
3738,1420
3738,2617
3738,5624
3738,6312
3739,1420
3739,2723
3739,3095
3739,3167
3739,3932
3739,4575
3739,4754
3739,5046
3739,5627
3739,5775
3739,6312
3739,6735
3739,8084
3739,8265
3739,9550
3739,11095
3739,11357
3740,1420
3740,2723
3740,3932
3740,4575
3740,5046
3740,6312
3740,6735
3740,7150
3741,1421
3742,1422
3743,1422
3743,1708
3743,3160
3743,5279
3743,8637
3743,12423
3744,1423
3745,1423
3746,1423
3747,1423
3747,6534
3748,1425
3748,1576
3748,4152
3749,1425
3749,1508
3749,1509
3749,1576
3749,1696
3749,1832
3749,2359
3749,2736
3749,3651
3749,3704
3749,3861
3749,4152
3749,4422
3749,4599
3749,6290
3749,6775
3749,7612
3749,8173
3749,8226
3749,8249
3749,8351
3749,9531
3749,9533
3749,10933
3749,11013
3749,11129
3749,11439
3749,13130
3749,13285
3750,1426
3750,1769
3750,5755
3750,6089
3750,7359
3750,7420
3750,11850
3750,12318
3750,12411
3751,1427
3751,8048
3751,9632
3751,12042
3752,1427
3753,1427
3754,1427
3755,1427
3755,4854
3756,1428
3756,1950
3757,1428
3757,1950
3758,1428
3758,1950
3759,1428
3759,1950
3760,1428
3760,1950
3760,12672
3761,1429
3762,1429
3762,2274
3762,2496
3762,2656
3762,2772
3762,4328
3762,4707
3762,5272
3762,5299
3762,5389
3762,5413
3762,9413
3762,11110
3763,1429
3764,1430
3764,2254
3764,8685
3764,9684
3765,1430
3765,8685
3766,1431
3766,1502
3766,2119
3766,4470
3766,5037
3766,7589
3767,1431
3767,3991
3767,6029
3767,7446
3767,7967
3767,8743
3767,9875
3768,1432
3768,10817
3768,12136
3769,1432
3769,5733
3769,12136
3770,1432
3770,1878
3770,2028
3770,2126
3770,2863
3770,4082
3770,4967
3770,5351
3770,6397
3770,7525
3770,10074
3770,11219
3770,12871
3771,1432
3771,12136
3772,1433
3772,3179
3772,3990
3772,5300
3773,1433
3773,5722
3774,1433
3774,5722
3775,1434
3775,4427
3776,1434
3776,4427
3777,1434
3777,4427
3778,1434
3778,4427
3779,1435
3780,1435
3781,1436
3781,2093
3781,2195
3781,3152
3781,10964
3782,1436
3782,8302
3782,8544
3782,12832
3782,13068
3782,13376
3783,1437
3783,1568
3783,1949
3783,2899
3783,3480
3783,4808
3784,1437
3784,1568
3784,1949
3784,2899
3784,5515
3784,6424
3784,10327
3784,11917
3784,13248
3785,1437
3785,1459
3785,1568
3785,2763
3785,6414
3785,6448
3786,1437
3786,3369
3786,7485
3787,1437
3787,4078
3787,4808
3787,5107
3787,5972
3787,5993
3787,11217
3787,11429
3787,11856
3788,1438
3789,1438
3790,1439
3790,3636
3790,3902
3790,4399
3790,6521
3791,1439
3792,1440
3793,1440
3793,7226
3794,1440
3794,5818
3794,7226
3795,1441
3795,9774
3796,1443
3797,1443
3798,1443
3799,1444
3800,1444
3801,1444
3802,1444
3803,1445
3803,3869
3803,5406
3803,5459
3803,6004
3803,8465
3803,12296
3804,1445
3804,2100
3804,3249
3804,3869
3804,8465
3804,9402
3804,9426
3805,1445
3805,2100
3805,3249
3805,3869
3805,8465
3806,1445
3806,3869
3806,8465
3807,1445
3807,3869
3807,8465
3808,1446
3809,1446
3809,6047
3810,1446
3810,1495
3810,1698
3810,10035
3810,11346
3811,1447
3812,1447
3813,1448
3813,7949
3814,1448
3815,1448
3816,1448
3817,1448
3818,1449
3818,4287
3818,12133
3819,1449
3819,6144
3819,12751
3820,1449
3820,2847
3820,3893
3820,4287
3820,8642
3820,9545
3820,12572
3820,13661
3821,1450
3822,1451
3822,2462
3822,6459
3823,1451
3823,8173
3823,8249
3823,8351
3823,9724
3823,11100
3823,11133
3823,11439
3823,12583
3824,1451
3824,6318
3824,9917
3825,1452
3826,1452
3827,1452
3828,1452
3829,1453
3829,1711
3829,2276
3829,3324
3829,3426
3829,4021
3829,4324
3829,4977
3829,5862
3829,6128
3829,6412
3829,8393
3829,8700
3829,9289
3830,1454
3831,1455
3831,1684
3831,3880
3831,8839
3831,10323
3831,10570
3831,10940
3831,11682
3831,11703
3831,12316
3831,12981
3831,13515
3832,1455
3832,1547
3832,1561
3832,1684
3832,2203
3832,2591
3832,3459
3832,3803
3832,3880
3832,3969
3832,4229
3832,4605
3832,5183
3832,5303
3832,5768
3832,6189
3832,6672
3832,7236
3832,7421
3832,7649
3832,10323
3832,10570
3832,11703
3833,1456
3834,1456
3835,1456
3836,1457
3836,2108
3836,2145
3836,4007
3836,4366
3836,11056
3837,1457
3837,1769
3837,1839
3837,1961
3837,2828
3837,3693
3837,3781
3837,4272
3837,4954
3837,5933
3837,5983
3837,6021
3837,6390
3837,11663
3838,1458
3839,1458
3839,3874
3840,1458
3840,1810
3840,1994
3840,6247
3841,1460
3842,1460
3842,6493
3843,1460
3843,6493
3843,9593
3843,9786
3843,9814
3843,10240
3843,12391
3843,12782
3844,1460
3844,1553
3844,6464
3844,6583
3845,1460
3845,3081
3845,4096
3845,6493
3845,12812
3845,12987
3845,13698
3846,1461
3847,1461
3847,4451
3847,7174
3847,8393
3848,1461
3848,1822
3848,1930
3848,2756
3848,3617
3848,5453
3848,10134
3848,12312
3849,1461
3849,6748
3850,1462
3851,1462
3851,7314
3852,1463
3852,3344
3853,1464
3854,1464
3854,2739
3854,6193
3855,1464
3855,3929
3855,6193
3855,12435
3856,1465
3856,5220
3856,8282
3857,1465
3858,1465
3858,2787
3859,1466
3859,2074
3859,4105
3859,4301
3859,4555
3859,4560
3859,4807
3859,6626
3859,8280
3859,8319
3859,8332
3859,10270
3859,10624
3859,10745
3859,10917
3859,11256
3859,11693
3859,11769
3859,11891
3859,12720
3859,13416
3859,13528
3859,13556
3859,13562
3860,1467
3860,4385
3861,1468
3862,1468
3863,1468
3864,1468
3865,1468
3865,9437
3866,1469
3866,8041
3866,8060
3867,1469
3867,2227
3868,1469
3868,2227
3868,4067
3868,7198
3868,9126
3869,1469
3870,1470
3870,1934
3870,1987
3870,2799
3870,3491
3870,3839
3870,4058
3870,4147
3870,4927
3870,4978
3870,5173
3870,5598
3870,8111
3870,8493
3870,8907
3870,9813
3870,10094
3870,11047
3870,12967
3871,1471
3871,4717
3871,4980
3871,5291
3871,6065
3872,1472
3873,1472
3874,1472
3875,1473
3876,1474
3877,1474
3878,1474
3879,1475
3880,1475
3881,1475
3882,1475
3882,1934
3882,2718
3882,3491
3882,5070
3882,8149
3883,1475
3883,2718
3883,4276
3883,4318
3883,5070
3884,1475
3884,6362
3885,1476
3885,1792
3885,1998
3885,2200
3885,3246
3885,3326
3885,3635
3885,3824
3885,6451
3885,6709
3885,6722
3885,7199
3885,7201
3885,7417
3885,7437
3885,8005
3885,8699
3885,9414
3885,9469
3885,10544
3885,10590
3885,10789
3885,11312
3885,11886
3886,1476
3886,6316
3887,1477
3887,2458
3887,3177
3888,1478
3888,1947
3888,5729
3889,1478
3889,1947
3889,5729
3889,6053
3889,6337
3889,7291
3889,11091
3889,12745
3890,1479
3891,1481
3892,1481
3893,1481
3893,4443
3893,8025
3894,1482
3894,3349
3894,4166
3894,5610
3894,6851
3894,6996
3894,7357
3894,7494
3894,8514
3895,1482
3895,1640
3895,2584
3895,2743
3895,3074
3895,3349
3895,3702
3895,3717
3895,3956
3895,4085
3895,4166
3895,4421
3895,5207
3895,5215
3895,5610
3895,5730
3895,6102
3895,6328
3895,6782
3895,6852
3895,7357
3895,7494
3895,7615
3895,7700
3895,8636
3895,8804
3895,9228
3895,9525
3895,9924
3895,10750
3895,12203
3895,12417
3895,12517
3895,12977
3896,1483
3897,1484
3898,1484
3898,2534
3899,1485
3899,4111
3900,1485
3900,2005
3900,3762
3900,5219
3900,7306
3901,1485
3902,1486
3903,1486
3904,1486
3905,1487
3906,1488
3906,2315
3906,3292
3906,6261
3907,1488
3907,1744
3907,2240
3907,2800
3907,3292
3907,3593
3907,4285
3907,5442
3907,5668
3907,5683
3907,6741
3907,8096
3907,8206
3907,8218
3907,9673
3907,9677
3907,13046
3908,1488
3909,1489
3910,1489
3910,2227
3911,1490
3911,1825
3911,1892
3911,2862
3911,4280
3911,6652
3911,9387
3911,10509
3911,12102
3911,12855
3911,12977
3912,1490
3912,1892
3912,2862
3912,6287
3912,6652
3913,1490
3913,1779
3913,1825
3913,1892
3913,2022
3913,2862
3913,3219
3913,3394
3913,4065
3913,4180
3913,4280
3913,4562
3913,4579
3913,6287
3913,6652
3913,8739
3913,9313
3913,9387
3913,10696
3913,10701
3913,11915
3913,11968
3913,12033
3913,13439
3914,1491
3915,1493
3916,1493
3916,6786
3917,1493
3917,2286
3917,3479
3917,5580
3918,1494
3919,1494
3919,9392
3919,9619
3920,1494
3920,5516
3920,8109
3920,13108
3921,1495
3921,12472
3922,1495
3922,12472
3923,1496
3924,1497
3925,1497
3926,1497
3926,7256
3926,10484
3927,1498
3928,1498
3929,1498
3930,1500
3931,1500
3931,9434
3932,1502
3932,3115
3932,4767
3932,7571
3933,1502
3933,2019
3933,3115
3933,4054
3933,4600
3933,5037
3933,7431
3933,7515
3933,7539
3934,1503
3934,3215
3934,7334
3935,1505
3936,1505
3937,1505
3938,1506
3938,2640
3938,3292
3938,5156
3938,5555
3938,6104
3939,1506
3939,6104
3940,1507
3941,1507
3942,1508
3942,10511
3943,1508
3943,3732
3943,5162
3943,5509
3943,6775
3943,8226
3943,9531
3943,9533
3943,10933
3943,11013
3943,11582
3943,12988
3944,1508
3944,2359
3944,2736
3944,3651
3944,3704
3944,4152
3944,4422
3944,6290
3944,6775
3944,9531
3944,9533
3944,10933
3944,11013
3944,13130
3945,1508
3946,1508
3946,1517
3946,2717
3946,10632
3946,11708
3946,12002
3947,1509
3947,2677
3947,4729
3947,5530
3948,1509
3948,2677
3948,3983
3948,4729
3949,1509
3949,2677
3950,1509
3950,2677
3950,3983
3950,4729
3950,5530
3950,7775
3950,12712
3951,1510
3952,1511
3953,1511
3954,1511
3955,1511
3956,1513
3957,1513
3957,2303
3957,8118
3957,9717
3957,12942
3958,1514
3958,13626
3959,1515
3959,3449
3959,8900
3960,1515
3961,1516
3961,7214
3961,9356
3961,10142
3961,11137
3961,12343
3961,12551
3961,13301
3962,1516
3962,2125
3962,2558
3962,2974
3962,6675
3962,10577
3962,13050
3963,1517
3964,1517
3965,1517
3965,2717
3966,1517
3967,1519
3968,1519
3969,1519
3970,1519
3971,1520
3972,1521
3973,1521
3974,1522
3974,3336
3974,5767
3974,5986
3975,1522
3975,2257
3975,3336
3975,8989
3975,9579
3975,10286
3976,1522
3976,3336
3976,6098
3977,1523
3977,5674
3978,1523
3978,2152
3978,3455
3978,5029
3978,5263
3978,5774
3978,5826
3978,6173
3978,6253
3979,1524
3980,1525
3980,2086
3981,1525
3982,1526
3983,1526
3983,4566
3983,9432
3983,10778
3983,11926
3984,1526
3984,4566
3984,9432
3984,10778
3984,11926
3985,1527
3985,3329
3986,1527
3986,3329
3987,1528
3988,1528
3989,1529
3990,1529
3991,1529
3992,1529
3992,5883
3993,1529
3994,1532
3994,1820
3995,1532
3995,1820
3995,2397
3995,2698
3995,2723
3995,2856
3995,4913
3995,5201
3995,6735
3995,10121
3996,1533
3997,1533
3998,1533
3998,2013
3998,2613
3998,3686
3998,3915
3998,5346
3998,6044
3998,8340
3998,9391
3998,9436
3998,9457
3998,9598
3998,10991
3998,11044
3998,11819
3998,12032
3999,1533
3999,3686
3999,3915
3999,5346
3999,6044
4000,1534
4001,1534
4002,1534
4003,1534
4004,1535
4005,1535
4006,1536
4007,1537
4008,1537
4008,3022
4008,8102
4008,8325
4008,8335
4008,8717
4008,9699
4008,11012
4008,13381
4008,13622
4009,1538
4010,1538
4010,4211
4011,1539
4011,4474
4011,7507
4011,7920
4011,9316
4011,9759
4012,1539
4012,4398
4012,9621
4012,10947
4013,1539
4014,1540
4014,3415
4014,4924
4015,1541
4016,1542
4016,7340
4017,1542
4017,7607
4017,8086
4017,9708
4017,10161
4017,10656
4017,10810
4017,11943
4017,12851
4018,1543
4019,1543
4020,1543
4021,1543
4022,1543
4023,1543
4024,1543
4025,1544
4026,1544
4027,1544
4028,1544
4029,1544
4030,1544
4031,1544
4032,1545
4033,1545
4033,1742
4033,2383
4033,4656
4033,12269
4033,13195
4033,13212
4033,13244
4033,13250
4033,13408
4033,13487
4034,1545
4034,1742
4034,4656
4034,11337
4035,1546
4036,1547
4036,1684
4036,4605
4037,1548
4037,4540
4037,5886
4037,6510
4037,7302
4038,1549
4038,2617
4038,3772
4038,3936
4038,4944
4038,5437
4038,6489
4038,8306
4038,8785
4038,12866
4039,1549
4039,3034
4039,4706
4039,6187
4039,6489
4040,1550
4040,7440
4041,1551
4042,1551
4043,1551
4043,2441
4044,1551
4045,1553
4045,1603
4045,1884
4045,2532
4045,3933
4045,4339
4045,5079
4045,6464
4045,6583
4045,8836
4045,10088
4045,11934
4045,12886
4046,1554
4047,1555
4048,1555
4049,1556
4049,8582
4049,9552
4049,11805
4050,1556
4050,3554
4051,1556
4051,1992
4051,2028
4051,2242
4051,6139
4051,6197
4051,7168
4051,7658
4052,1559
4052,4635
4053,1559
4054,1561
4055,1561
4055,4248
4055,5652
4055,5935
4056,1561
4057,1561
4058,1562
4059,1562
4060,1562
4061,1562
4062,1562
4063,1563
4063,2098
4063,2422
4063,3733
4063,7425
4063,9241
4063,10603
4063,10775
4064,1564
4065,1565
4065,2062
4065,3362
4066,1565
4067,1565
4068,1566
4068,4238
4068,8404
4069,1566
4070,1566
4071,1567
4071,1908
4072,1567
4072,1908
4072,4207
4072,4993
4072,5150
4072,6253
4072,6780
4072,7685
4072,8870
4072,11810
4072,12357
4072,13361
4073,1568
4074,1569
4075,1569
4075,2020
4075,4126
4076,1569
4076,8513
4077,1570
4077,1896
4077,2976
4077,3771
4077,6573
4077,7391
4078,1571
4078,2884
4078,4740
4078,4874
4078,4922
4078,7573
4078,12681
4078,13200
4078,13304
4078,13322
4078,13329
4079,1571
4079,4874
4079,7573
4080,1571
4080,3141
4080,4554
4080,4874
4080,5034
4080,5734
4080,5781
4080,6028
4080,6375
4080,7573
4080,7663
4080,7707
4080,8128
4080,8293
4080,9117
4080,9313
4080,9364
4080,9584
4080,9676
4080,9719
4080,10535
4080,12052
4081,1572
4081,1975
4082,1572
4082,1975
4082,3725
4082,4503
4083,1572
4084,1572
4084,6924
4085,1573
4085,3054
4085,6760
4086,1573
4086,3281
4086,4260
4086,4793
4087,1574
4088,1574
4089,1575
4089,4588
4089,5725
4089,6714
4089,7457
4090,1575
4090,2522
4090,2965
4090,3851
4090,5484
4090,5725
4090,6484
4090,8926
4090,9665
4090,10507
4090,10650
4090,12756
4091,1576
4092,1577
4092,4912
4092,5446
4093,1577
4093,1579
4093,3205
4093,4570
4093,4912
4093,5446
4093,5523
4093,10060
4094,1578
4094,2504
4094,5640
4094,9956
4094,10543
4094,11433
4095,1578
4096,1578
4096,3962
4096,5636
4096,8041
4096,8060
4096,9848
4096,9956
4096,10543
4097,1579
4097,5523
4098,1579
4098,4248
4098,5446
4098,5523
4099,1580
4099,3890
4100,1580
4100,2518
4100,3392
4100,5581
4101,1580
4102,1580
4102,7179
4103,1581
4103,3922
4103,6036
4103,6701
4103,7643
4104,1582
4105,1582
4106,1582
4106,3030
4106,5080
4106,7592
4106,8049
4106,9540
4106,10690
4106,10904
4106,10982
4106,12475
4106,12651
4107,1582
4108,1583
4109,1583
4110,1583
4111,1584
4112,1584
4113,1584
4114,1584
4115,1585
4115,1730
4115,3979
4115,4846
4116,1585
4117,1586
4117,2715
4118,1586
4118,2715
4118,10807
4119,1587
4119,5243
4120,1588
4120,3510
4120,3648
4120,5013
4120,5664
4120,7578
4120,7756
4120,7777
4120,7798
4120,8454
4120,8485
4120,9050
4120,9102
4120,9114
4120,9616
4120,10646
4120,10784
4120,10942
4120,11086
4120,11701
4120,11799
4120,12018
4120,12065
4120,12741
4120,12783
4120,12852
4120,13001
4120,13616
4121,1588
4121,5013
4122,1588
4123,1588
4123,3510
4123,3648
4123,3814
4123,5013
4123,5664
4123,7062
4123,7756
4123,7777
4123,8454
4123,8485
4123,9050
4123,9102
4123,10646
4123,11777
4124,1590
4124,1976
4124,3472
4124,8187
4124,9778
4125,1590
4126,1592
4126,2064
4126,6030
4127,1593
4128,1593
4128,9106
4129,1593
4130,1594
4131,1594
4131,2089
4131,4037
4131,5810
4131,8145
4131,8627
4131,8913
4131,9762
4131,9962
4131,10007
4131,10070
4131,10862
4131,11512
4131,13189
4132,1594
4133,1595
4134,1595
4134,2689
4134,4434
4134,5696
4134,6368
4135,1595
4135,1714
4135,4434
4135,4435
4135,5386
4135,6368
4135,9704
4135,11323
4135,11694
4135,13021
4135,13131
4136,1596
4137,1596
4138,1598
4138,2423
4138,2851
4138,4626
4138,4875
4138,5101
4138,7218
4138,9405
4138,9855
4138,10163
4138,10698
4138,12059
4138,13147
4139,1598
4139,2448
4139,3420
4139,3999
4139,4196
4139,4626
4139,5966
4139,6260
4139,7083
4139,12440
4140,1599
4141,1599
4141,11068
4142,1599
4143,1599
4143,3963
4143,5948
4144,1600
4145,1600
4146,1600
4146,3981
4147,1600
4148,1600
4149,1600
4149,3981
4150,1601
4150,3991
4150,7244
4150,7416
4150,8049
4150,8064
4150,8269
4150,9311
4150,10904
4151,1601
4151,4534
4152,1602
4152,2016
4152,4120
4153,1602
4154,1602
4154,4108
4155,1603
4155,8023
4156,1603
4156,6915
4157,1603
4157,2286
4157,3407
4157,4204
4157,5064
4157,6431
4157,7073
4157,9077
4158,1604
4159,1604
4160,1604
4161,1605
4162,1606
4163,1606
4164,1606
4164,2150
4164,4797
4164,7658
4164,9477
4164,9988
4164,10923
4164,11493
4165,1607
4166,1609
4167,1609
4167,4412
4168,1610
4169,1610
4170,1610
4170,12609
4171,1610
4172,1611
4173,1611
4174,1611
4175,1613
4175,2171
4175,11739
4176,1613
4177,1613
4178,1614
4178,4233
4179,1616
4179,3267
4180,1616
4180,11028
4180,11577
4181,1617
4182,1617
4182,9592
4182,10910
4183,1618
4183,4254
4184,1618
4184,4380
4185,1620
4186,1620
4187,1620
4188,1620
4189,1620
4190,1620
4191,1621
4192,1622
4192,2947
4192,3259
4192,4462
4192,9849
4193,1622
4193,3259
4193,10562
4194,1622
4194,2947
4194,3259
4194,3560
4194,3950
4194,4123
4194,4462
4194,4603
4194,4798
4194,5209
4194,6765
4194,10788
4195,1623
4196,1623
4196,2101
4196,2929
4196,4149
4196,5229
4196,7473
4197,1624
4197,2809
4197,3162
4197,3766
4197,4453
4197,6090
4197,6515
4197,6737
4197,8331
4197,9591
4197,10154
4197,11197
4198,1625
4198,1784
4198,2835
4198,7278
4198,8599
4198,9448
4198,9482
4198,10318
4198,10542
4198,11358
4199,1625
4199,1652
4199,1784
4199,1792
4199,2328
4199,3286
4199,5023
4199,5871
4199,6685
4199,6946
4199,7048
4199,7438
4199,7587
4199,7897
4199,8030
4199,8035
4199,8690
4199,8757
4199,9150
4199,9435
4199,9448
4199,9482
4199,9861
4199,9971
4199,10262
4199,10318
4199,10492
4199,11208
4199,11922
4199,12080
4199,12087
4199,12100
4199,12353
4200,1625
4200,6221
4200,7258
4200,7278
4200,8821
4200,9861
4200,10266
4200,11372
4200,11388
4200,11781
4200,11885
4200,12025
4200,13525
4200,13536
4201,1625
4202,1626
4203,1626
4203,2495
4204,1627
4205,1627
4205,5092
4206,1627
4206,2729
4206,3432
4206,3552
4206,3699
4206,7428
4206,7625
4206,10309
4207,1628
4207,3605
4207,4745
4207,5883
4207,6401
4208,1628
4208,5074
4208,7874
4209,1628
4209,1718
4209,1932
4209,3484
4209,3550
4209,4294
4209,6061
4209,8282
4210,1628
4210,1683
4210,1886
4210,3605
4210,4174
4210,4255
4210,4745
4210,5074
4210,5406
4210,6401
4210,6755
4210,6993
4210,7238
4210,7874
4210,9008
4210,10129
4210,10204
4210,11203
4210,11260
4211,1629
4211,1984
4211,6968
4212,1631
4213,1632
4213,5255
4213,7122
4213,7667
4213,7891
4213,12289
4214,1633
4214,3963
4214,5948
4215,1635
4216,1635
4217,1635
4218,1635
4219,1635
4220,1636
4220,9743
4220,12916
4221,1637
4221,2932
4221,5999
4221,11671
4221,13706
4222,1637
4223,1637
4224,1637
4224,5999
4225,1637
4225,10637
4226,1637
4226,2235
4227,1638
4228,1638
4229,1638
4230,1639
4230,2832
4230,3082
4230,5315
4230,8146
4231,1639
4231,2832
4231,3082
4231,5315
4231,6243
4231,6741
4231,9673
4231,9677
4232,1639
4232,2547
4232,2832
4232,3082
4232,5315
4232,8146
4233,1639
4233,2547
4233,2832
4233,3082
4233,5315
4233,9438
4234,1640
4235,1640
4235,3123
4235,6369
4235,7583
4236,1640
4237,1640
4238,1641
4239,1641
4240,1641
4241,1642
4242,1642
4243,1643
4243,1905
4244,1643
4244,1905
4244,2639
4244,4940
4244,12450
4244,13509
4245,1643
4245,1905
4245,2227
4245,2639
4245,4940
4245,7157
4245,12450
4246,1644
4247,1645
4247,2617
4248,1645
4248,3046
4248,3710
4248,3777
4248,4227
4248,5038
4248,8175
4248,8323
4248,9806
4248,10943
4248,11029
4248,11434
4248,12986
4249,1646
4249,3340
4249,3714
4249,4645
4250,1647
4250,5121
4251,1647
4251,4977
4251,6114
4251,7117
4252,1647
4252,1819
4252,1852
4252,1939
4252,3206
4252,3848
4252,6114
4253,1649
4254,1649
4255,1650
4256,1650
4256,5175
4257,1650
4258,1650
4258,2333
4258,2687
4258,3852
4258,4432
4258,4654
4258,5175
4258,5464
4258,5811
4258,7027
4258,7034
4258,7043
4258,8119
4258,8407
4258,8410
4258,8458
4258,8674
4258,9949
4258,11564
4258,11646
4259,1651
4260,1651
4261,1651
4261,3855
4261,4342
4261,7099
4261,7932
4262,1652
4262,2328
4262,5871
4262,7587
4262,8030
4262,8690
4262,10126
4262,10220
4263,1652
4263,1792
4263,4311
4263,5349
4263,5666
4263,7199
4263,8690
4263,9349
4263,9414
4263,9905
4263,12890
4263,13119
4264,1652
4264,5408
4264,6148
4264,6535
4265,1654
4265,4383
4265,6099
4265,7060
4266,1654
4266,2435
4266,3252
4266,5397
4266,7061
4267,1656
4267,2648
4267,3155
4267,5916
4267,8900
4267,11120
4267,11278
4267,12015
4267,12490
4267,12715
4267,13084
4268,1656
4269,1657
4270,1657
4270,4253
4270,5877
4271,1658
4271,2959
4271,9158
4271,12727
4272,1659
4273,1659
4274,1659
4275,1659
4276,1660
4277,1661
4278,1662
4278,4167
4278,4966
4278,5665
4278,8190
4278,8304
4278,9822
4279,1663
4280,1663
4280,6357
4281,1663
4281,3543
4281,6357
4281,6443
4281,7621
4282,1664
4282,8389
4283,1665
4284,1665
4285,1665
4286,1665
4287,1666
4288,1666
4288,10814
4289,1666
4290,1667
4290,3355
4291,1667
4291,3355
4292,1667
4293,1667
4294,1668
4294,1845
4294,7248
4294,8839
4294,9385
4294,9420
4294,9731
4294,9769
4294,9782
4294,9789
4294,10702
4294,10849
4294,11008
4294,11242
4294,12630
4295,1668
4295,6650
4296,1669
4297,1669
4297,2628
4297,3316
4297,5952
4297,6179
4297,6959
4298,1669
4299,1670
4299,5619
4299,6110
4299,10540
4300,1670
4300,5619
4300,6110
4300,10540
4301,1672
4302,1672
4302,5629
4303,1673
4304,1673
4305,1673
4306,1673
4307,1673
4308,1673
4309,1674
4310,1674
4311,1674
4312,1674
4313,1674
4314,1675
4315,1675
4315,2521
4315,11404
4315,13620
4316,1675
4317,1676
4318,1676
4318,2302
4318,7190
4318,7251
4318,8869
4318,9383
4318,9387
4319,1677
4319,3984
4319,9584
4320,1677
4320,2022
4320,3984
4320,9011
4320,9584
4320,10547
4320,12729
4321,1677
4321,3219
4321,3984
4321,4180
4321,12926
4322,1677
4322,1760
4322,8324
4322,13667
4323,1677
4323,2022
4323,3984
4323,8398
4323,9011
4323,10629
4323,11386
4323,11409
4323,12068
4323,12697
4323,12984
4324,1678
4325,1679
4325,2322
4325,2604
4325,5599
4326,1680
4326,9419
4327,1681
4328,1682
4329,1682
4329,2091
4329,4132
4329,7914
4330,1683
4330,4174
4330,6755
4330,7238
4331,1683
4332,1683
4333,1685
4334,1685
4335,1685
4336,1686
4336,1999
4336,5280
4336,7259
4336,7281
4336,7761
4336,8011
4336,8537
4336,10005
4336,10304
4336,10317
4336,12570
4337,1686
4337,4182
4337,7129
4337,10005
4337,10304
4338,1686
4338,5280
4339,1687
4340,1687
4341,1688
4341,9056
4341,9590
4342,1688
4343,1688
4344,1688
4345,1688
4345,11205
4345,11278
4345,12654
4346,1689
4347,1689
4348,1690
4349,1691
4350,1691
4351,1692
4352,1692
4352,5561
4352,5896
4352,8224
4352,9820
4353,1693
4353,5687
4353,6399
4354,1694
4354,1974
4354,2260
4354,4455
4354,4577
4354,5213
4354,5611
4354,5917
4354,6405
4354,8220
4354,8967
4355,1694
4355,1848
4355,2260
4355,4455
4355,4554
4355,4577
4355,5213
4355,5471
4355,5611
4355,5917
4355,6283
4355,6405
4355,6484
4355,8087
4355,8220
4355,8784
4355,10159
4356,1694
4356,5213
4357,1695
4358,1695
4358,2358
4358,5559
4359,1695
4359,5559
4360,1695
4360,2358
4360,4864
4360,5559
4361,1695
4362,1696
4362,1832
4363,1696
4363,3704
4364,1697
4364,2992
4365,1698
4366,1698
4367,1699
4367,5612
4367,6482
4367,7696
4368,1699
4368,3791
4368,5612
4368,6937
4368,7964
4368,9454
4369,1699
4370,1700
4371,1700
4372,1700
4373,1700
4373,8292
4374,1701
4375,1701
4376,1701
4376,5441
4377,1702
4378,1702
4378,6347
4379,1702
4379,3382
4379,7439
4380,1702
4381,1702
4382,1703
4383,1703
4384,1703
4384,6211
4385,1704
4386,1704
4387,1705
4388,1705
4388,7697
4389,1706
4389,3150
4389,3816
4390,1707
4391,1707
4392,1707
4393,1708
4393,3160
4394,1708
4394,3160
4394,3167
4394,4685
4394,5775
4395,1708
4396,1708
4397,1709
4397,2034
4397,2678
4397,7676
4398,1709
4398,1785
4398,2357
4398,3091
4398,5147
4398,6502
4399,1709
4399,2034
4399,2678
4399,7676
4400,1709
4400,2357
4400,5147
4400,6502
4401,1710
4402,1710
4403,1710
4404,1710
4405,1710
4406,1711
4406,4197
4406,5862
4407,1711
4407,3288
4407,4009
4407,4619
4407,4644
4407,6163
4408,1712
4408,3796
4408,5503
4408,7077
4408,8635
4408,10012
4409,1713
4409,4567
4410,1713
4411,1714
4411,10477
4412,1715
4413,1716
4413,3365
4413,4332
4413,5125
4413,5354
4413,12200
4414,1716
4414,4802
4414,5267
4414,5354
4414,6045
4414,10228
4415,1716
4415,2549
4415,3343
4415,3365
4415,4035
4415,4198
4415,4332
4415,4711
4415,4802
4415,5125
4415,5267
4415,5354
4415,6045
4415,7506
4415,7922
4415,10228
4415,12200
4415,13089
4416,1717
4416,3040
4416,4783
4416,5247
4417,1717
4417,1946
4417,1978
4417,3692
4417,6335
4418,1718
4419,1718
4419,1932
4419,3484
4419,6061
4419,9485
4419,12050
4420,1719
4420,3348
4420,4060
4420,4416
4420,5469
4421,1719
4422,1719
4422,4187
4422,7501
4423,1719
4423,2323
4423,2713
4423,7559
4424,1719
4425,1720
4425,5001
4426,1720
4426,3375
4426,5001
4427,1721
4427,1772
4427,2012
4427,7237
4427,7326
4428,1721
4428,1751
4428,8840
4428,9103
4428,9733
4429,1722
4430,1722
4430,13265
4431,1722
4432,1722
4432,9450
4432,13394
4433,1723
4433,5576
4434,1723
4434,5576
4435,1723
4435,5576
4436,1724
4437,1726
4438,1727
4439,1727
4440,1727
4441,1728
4442,1728
4442,13177
4443,1729
4444,1729
4444,8215
4445,1730
4446,1730
4446,2285
4447,1731
4447,3511
4448,1731
4448,3511
4448,3739
4448,5750
4449,1731
4449,3511
4449,3739
4450,1731
4450,2585
4450,3511
4450,5750
4451,1732
4451,2811
4451,7693
4451,7975
4451,8322
4452,1732
4452,7975
4452,8954
4452,12500
4452,13095
4453,1732
4453,5316
4453,11875
4454,1732
4454,7243
4454,7330
4454,7462
4454,7592
4454,8995
4454,11242
4454,12371
4455,1732
4455,5301
4455,6218
4456,1733
4457,1733
4457,8250
4457,8508
4457,12892
4458,1733
4459,1733
4460,1734
4460,3058
4460,4815
4460,4953
4460,7394
4460,8209
4460,11871
4461,1734
4461,1752
4461,2080
4461,2418
4461,4044
4461,4815
4461,8738
4461,10302
4461,10819
4461,10997
4461,12274
4461,12373
4461,12389
4461,12662
4461,13003
4461,13077
4461,13104
4462,1735
4462,2702
4462,7220
4463,1736
4463,2587
4463,5266
4464,1736
4465,1736
4465,2587
4465,5266
4465,8195
4465,9587
4465,11005
4465,11031
4465,11078
4466,1736
4467,1737
4467,2443
4467,4481
4468,1737
4468,2443
4468,4034
4468,4481
4469,1738
4470,1738
4471,1738
4472,1738
4473,1738
4473,4192
4473,9599
4474,1739
4474,12243
4475,1740
4475,1835
4475,2041
4475,2529
4475,3662
4475,6641
4475,6694
4475,8091
4475,11338
4476,1741
4477,1741
4478,1741
4479,1741
4480,1741
4481,1742
4482,1743
4483,1743
4483,8414
4483,10192
4484,1744
4484,5442
4485,1745
4486,1746
4486,2222
4486,2232
4486,5558
4486,10602
4486,10750
4487,1747
4488,1750
4489,1750
4490,1750
4491,1750
4492,1752
4493,1753
4494,1753
4495,1753
4496,1755
4496,3540
4496,5569
4496,7421
4497,1755
4497,5569
4497,7421
4498,1755
4499,1756
4499,9161
4500,1757
4500,7559
4500,9174
4500,9990
4501,1757
4502,1758
4502,5920
4502,13643
4503,1758
4503,1863
4503,2426
4503,3867
4503,5920
4503,5989
4503,13643
4504,1759
4504,4780
4505,1759
4506,1759
4506,4780
4506,8947
4507,1759
4507,4780
4508,1760
4508,3624
4509,1760
4510,1760
4510,2446
4511,1761
4511,2593
4512,1761
4512,2593
4512,3709
4513,1761
4513,2593
4513,5450
4514,1762
4515,1762
4515,10949
4516,1762
4517,1763
4517,6989
4517,13230
4518,1763
4519,1764
4520,1764
4521,1764
4521,4178
4521,6382
4522,1764
4522,2380
4522,3050
4522,4237
4522,5069
4523,1765
4523,8382
4524,1765
4524,8686
4524,11415
4525,1765
4526,1766
4527,1766
4528,1766
4528,7035
4529,1767
4529,6575
4529,10151
4529,11213
4529,11946
4530,1767
4531,1767
4532,1767
4533,1767
4534,1767
4534,6575
4534,10151
4534,11213
4535,1768
4536,1768
4536,4242
4536,4966
4537,1768
4537,5702
4538,1768
4539,1768
4540,1769
4541,1770
4542,1770
4542,3539
4542,4695
4542,7308
4542,7381
4542,7516
4543,1771
4544,1771
4545,1771
4545,2272
4545,2341
4545,2652
4545,2815
4545,3102
4545,3753
4545,8356
4545,9589
4545,9806
4545,9818
4546,1771
4547,1771
4548,1772
4548,6014
4549,1773
4549,2781
4549,3539
4549,4695
4549,5828
4549,6636
4549,7308
4549,7516
4549,7921
4549,8789
4549,8954
4549,10500
4549,11422
4549,11521
4549,11814
4549,12938
4550,1774
4551,1774
4551,2689
4551,4184
4551,4417
4551,4689
4551,4891
4551,7562
4551,8360
4551,10950
4551,11789
4552,1774
4552,4417
4552,4751
4553,1774
4554,1775
4555,1775
4555,9407
4556,1775
4556,7909
4557,1775
4557,5623
4557,7909
4558,1777
4558,6259
4559,1777
4560,1777
4560,3436
4560,5202
4560,8848
4561,1777
4562,1777
4562,2256
4562,3712
4562,5697
4562,6259
4563,1778
4564,1778
4564,6845
4564,8501
4564,10109
4565,1778
4565,6845
4565,8501
4565,10109
4566,1778
4566,6845
4566,8501
4566,9889
4566,10109
4566,11565
4566,13247
4567,1779
4567,3279
4567,11968
4568,1780
4568,5420
4568,9788
4569,1780
4570,1780
4570,5420
4570,9748
4570,9788
4570,13005
4570,13236
4571,1780
4572,1781
4573,1781
4573,3133
4573,5470
4573,10536
4573,10674
4573,11892
4574,1781
4574,1873
4574,10674
4575,1781
4575,3133
4575,5470
4576,1781
4577,1781
4577,3133
4577,10674
4578,1781
4578,3133
4579,1781
4579,3133
4579,10674
4580,1782
4581,1783
4582,1783
4583,1783
4584,1783
4584,8340
4585,1784
4585,4438
4586,1785
4586,3541
4586,4134
4586,5907
4586,6404
4587,1785
4588,1786
4588,2312
4588,2413
4588,2751
4588,8346
4588,9251
4588,9747
4589,1786
4589,2413
4589,4033
4589,9236
4589,11145
4590,1786
4590,2413
4590,4033
4591,1786
4591,2413
4591,5756
4591,5865
4591,13040
4592,1786
4593,1787
4594,1787
4594,3567
4595,1789
4596,1789
4596,4646
4597,1790
4598,1791
4599,1791
4600,1791
4600,6863
4600,8411
4601,1791
4602,1792
4602,3685
4602,4311
4603,1792
4603,3685
4603,4580
4604,1792
4604,11358
4605,1793
4606,1793
4606,1835
4606,2573
4606,2638
4606,2755
4606,5355
4606,7257
4606,7267
4606,7271
4606,9472
4606,10524
4606,10532
4606,10536
4606,10566
4606,10609
4606,10699
4606,10758
4606,11359
4606,11906
4606,11923
4606,11935
4606,11940
4606,12053
4606,12113
4606,12466
4606,12496
4606,12548
4606,13704
4607,1794
4607,1994
4607,2229
4607,3724
4607,8073
4607,8189
4607,8641
4607,10857
4607,11178
4608,1794
4608,2125
4608,5634
4608,5994
4608,6384
4608,8245
4608,9651
4609,1794
4609,2229
4609,2588
4609,4917
4609,5016
4609,5572
4609,8389
4609,9837
4609,10850
4609,11066
4609,13694
4610,1796
4610,5310
4611,1796
4611,5310
4612,1796
4613,1797
4613,3683
4614,1798
4615,1799
4615,3583
4616,1799
4616,3583
4616,3917
4616,7750
4616,8982
4617,1800
4618,1801
4618,5585
4618,13137
4619,1802
4620,1803
4620,4739
4620,5132
4620,6245
4620,7303
4620,7650
4621,1803
4621,5132
4621,7303
4621,7650
4622,1803
4622,3960
4622,4739
4622,5132
4622,5337
4622,6245
4622,6548
4622,6638
4622,7303
4622,7379
4622,7547
4622,7650
4622,7978
4622,9175
4622,9776
4622,11807
4622,12221
4623,1804
4623,2885
4623,7647
4624,1804
4625,1804
4626,1805
4627,1805
4628,1805
4629,1805
4630,1806
4631,1806
4631,10945
4632,1806
4632,4023
4632,7501
4632,10945
4633,1807
4633,3600
4633,11168
4634,1807
4634,3600
4634,5338
4634,9018
4634,10429
4634,11168
4634,11433
4634,11751
4634,12990
4635,1807
4635,3600
4636,1807
4636,3600
4637,1808
4638,1808
4639,1809
4640,1809
4641,1809
4642,1810
4642,6247
4643,1810
4643,6247
4644,1810
4644,5460
4645,1811
4645,5350
4645,7432
4646,1811
4647,1811
4647,2204
4647,2354
4647,4316
4647,5327
4647,5350
4647,7432
4647,7742
4648,1812
4649,1812
4650,1812
4651,1814
4652,1815
4652,3335
4652,3816
4652,4082
4652,8791
4652,8917
4653,1815
4653,1904
4653,7250
4654,1815
4654,6533
4655,1815
4655,4277
4656,1816
4657,1817
4657,2033
4657,2389
4657,2750
4657,4479
4657,6356
4658,1818
4658,3629
4659,1818
4659,3629
4660,1818
4661,1818
4661,3629
4662,1818
4663,1818
4664,1819
4664,3848
4665,1819
4666,1819
4667,1821
4667,2420
4668,1821
4668,2420
4669,1821
4670,1821
4671,1822
4671,2855
4672,1822
4672,7984
4672,12174
4672,12399
4672,12423
4673,1822
4673,7984
4673,11660
4674,1824
4674,3982
4675,1825
4676,1826
4676,4258
4676,12407
4677,1826
4677,4258
4677,12407
4678,1827
4678,2007
4678,6507
4678,9230
4679,1827
4679,2007
4679,3515
4679,5114
4679,6507
4679,9230
4679,10801
4679,11551
4679,13516
4680,1827
4681,1828
4682,1829
4682,3827
4683,1829
4683,2036
4683,2122
4683,2425
4683,5505
4683,6209
4683,7536
4683,13062
4684,1830
4685,1831
4686,1831
4687,1831
4688,1831
4689,1832
4689,2757
4689,3711
4689,5134
4689,5473
4689,8535
4689,9079
4689,9547
4689,9753
4689,9758
4689,11800
4689,12691
4689,13344
4690,1833
4691,1834
4692,1834
4692,8094
4693,1836
4693,4521
4693,5439
4693,5555
4693,6447
4693,6740
4693,8538
4693,8558
4693,9847
4693,10867
4693,11132
4693,11149
4693,13060
4694,1836
4694,11475
4695,1837
4695,2189
4695,2503
4695,4078
4695,4258
4695,4399
4695,4830
4695,7562
4696,1837
4696,4078
4697,1838
4698,1839
4698,3186
4698,3367
4698,3781
4698,3846
4698,5042
4698,7174
4698,7962
4699,1840
4699,3078
4699,3974
4699,5380
4699,5980
4699,7242
4700,1840
4700,2132
4700,3078
4700,3974
4700,5380
4700,5980
4700,5981
4700,7242
4700,9342
4701,1840
4701,3904
4701,4744
4701,5114
4701,7242
4702,1841
4702,6025
4703,1841
4703,4100
4703,7478
4704,1841
4705,1842
4706,1842
4707,1843
4707,2310
4707,2632
4707,3317
4707,3535
4707,5599
4707,6003
4707,7296
4707,7491
4707,7681
4708,1844
4709,1844
4710,1844
4711,1845
4711,2040
4711,2241
4711,4468
4712,1845
4712,2040
4712,2241
4712,9663
4713,1845
4713,2040
4713,2241
4713,4468
4713,9663
4713,12925
4714,1845
4715,1846
4715,2790
4716,1847
4717,1847
4718,1847
4719,1848
4719,4554
4719,8220
4720,1848
4720,4554
4720,8128
4720,10977
4721,1849
4722,1850
4723,1850
4724,1851
4725,1851
4726,1851
4727,1852
4728,1852
4728,13055
4729,1852
4729,6114
4730,1852
4731,1852
4732,1852
4732,2946
4732,4977
4732,6114
4732,13055
4733,1853
4733,2098
4733,3733
4733,6633
4734,1853
4734,11338
4735,1854
4735,4102
4735,10119
4735,10198
4736,1855
4737,1856
4737,3211
4737,5289
4738,1856
4739,1856
4740,1856
4740,8883
4741,1857
4742,1857
4742,3032
4743,1858
4744,1859
4744,6691
4744,6883
4744,11036
4744,11285
4745,1859
4746,1859
4746,2631
4746,6691
4747,1860
4747,4640
4748,1861
4749,1861
4749,1904
4749,2964
4749,4569
4749,7250
4749,11933
4750,1862
4750,2237
4751,1862
4752,1863
4752,2426
4752,5989
4752,9847
4752,11132
4752,11149
4753,1863
4753,7736
4754,1863
4754,2426
4754,5989
4754,7083
4755,1864
4755,8151
4756,1864
4756,8151
4757,1865
4758,1865
4759,1865
4759,3632
4759,4189
4759,13159
4760,1866
4761,1866
4761,9997
4761,11050
4761,13548
4762,1866
4763,1866
4764,1867
4765,1867
4766,1868
4767,1868
4768,1869
4769,1869
4770,1869
4771,1869
4771,1918
4771,5785
4772,1870
4772,1983
4773,1870
4773,1983
4773,4519
4774,1871
4775,1871
4776,1871
4777,1871
4778,1872
4779,1873
4780,1874
4781,1874
4782,1874
4783,1876
4783,2175
4783,3555
4783,4325
4783,5644
4783,6099
4783,10908
4783,11668
4784,1877
4784,7234
4784,7392
4784,7938
4784,8052
4784,8253
4785,1877
4785,7938
4785,11375
4785,11376
4786,1878
4786,3018
4786,10202
4787,1878
4787,2101
4787,7473
4788,1878
4788,6205
4789,1879
4789,4011
4790,1879
4790,2294
4790,3698
4790,4865
4790,6416
4790,6857
4790,6860
4790,8593
4790,8842
4790,9937
4790,9946
4790,10004
4790,12974
4790,13498
4791,1879
4791,2294
4791,3698
4792,1879
4792,10004
4793,1879
4794,1880
4795,1881
4796,1881
4797,1881
4798,1881
4799,1881
4800,1882
4801,1882
4801,2686
4801,2810
4801,3288
4801,4903
4801,4981
4801,5237
4801,5549
4801,6196
4801,6386
4802,1883
4802,2584
4803,1883
4803,2556
4803,2584
4803,2606
4803,2760
4803,3636
4803,3702
4803,4399
4803,6781
4803,7332
4803,7443
4803,10259
4803,11910
4804,1884
4804,3140
4804,4461
4804,8965
4804,12790
4804,13043
4805,1885
4806,1885
4807,1885
4808,1885
4809,1886
4809,5074
4809,5360
4810,1887
4811,1888
4812,1888
4813,1888
4814,1889
4814,5947
4815,1889
4816,1889
4817,1890
4818,1890
4819,1891
4820,1891
4820,5780
4820,7647
4821,1891
4822,1893
4823,1894
4823,1931
4823,2027
4823,6917
4823,7031
4824,1894
4824,6917
4824,7031
4824,8445
4825,1895
4826,1897
4826,2302
4826,4424
4827,1897
4827,3011
4827,3298
4827,4862
4827,5233
4827,6503
4828,1897
4829,1897
4829,4419
4829,7265
4830,1897
4830,2302
4830,4424
4831,1898
4832,1898
4833,1898
4833,13149
4834,1898
4835,1898
4836,1898
4837,1898
4838,1898
4839,1899
4840,1899
4841,1900
4841,4019
4841,7121
4842,1900
4842,4734
4843,1900
4843,4734
4843,6434
4844,1900
4844,4734
4844,8214
4845,1901
4845,3802
4845,4336
4845,5247
4845,5265
4845,5345
4845,5802
4845,6286
4846,1901
4846,6213
4847,1901
4848,1902
4848,5360
4848,6245
4848,9291
4849,1903
4850,1903
4850,6034
4851,1904
4852,1906
4853,1906
4854,1909
4855,1909
4856,1909
4857,1909
4858,1909
4859,1909
4860,1909
4861,1909
4862,1909
4863,1909
4864,1909
4865,1909
4866,1909
4867,1909
4867,3567
4868,1909
4869,1909
4870,1909
4871,1909
4872,1909
4873,1909
4873,8730
4873,10597
4873,13644
4874,1909
4874,8677
4874,8730
4874,10597
4874,13644
4875,1909
4875,3537
4875,6120
4875,8483
4875,8730
4875,13644
4876,1909
4876,8730
4876,13644
4877,1909
4877,8730
4877,13644
4878,1909
4879,1909
4880,1909
4881,1909
4881,7401
4882,1909
4882,7401
4883,1910
4883,2711
4883,6366
4884,1910
4884,2097
4885,1910
4886,1910
4886,2039
4886,4598
4887,1910
4887,1924
4888,1910
4888,6864
4889,1911
4890,1911
4891,1911
4892,1911
4892,3008
4892,3377
4893,1912
4894,1912
4895,1913
4895,6989
4895,13230
4896,1914
4896,2308
4896,4805
4896,11664
4897,1914
4897,2308
4897,11664
4898,1915
4898,11127
4898,11130
4899,1915
4899,9757
4899,10844
4900,1916
4900,5253
4900,5805
4900,7591
4900,9293
4901,1916
4901,5253
4901,5805
4901,7591
4901,9293
4901,10703
4901,12780
4902,1917
4902,2457
4902,2753
4903,1918
4904,1918
4905,1919
4906,1920
4907,1920
4908,1921
4909,1922
4909,8871
4910,1922
4910,9293
4911,1922
4912,1922
4913,1923
4913,6635
4913,7603
4913,8595
4913,8718
4913,9433
4913,11912
4914,1923
4915,1924
4916,1924
4917,1924
4918,1925
4919,1925
4920,1926
4920,13632
4921,1927
4922,1927
4923,1928
4923,2576
4923,2895
4923,3584
4923,6224
4923,6796
4923,9198
4924,1929
4924,3644
4924,3647
4924,4424
4924,4775
4925,1929
4926,1929
4927,1929
4928,1929
4929,1929
4929,3540
4929,4533
4929,11609
4930,1930
4930,10100
4931,1930
4931,1942
4931,5261
4931,5348
4931,8141
4931,10100
4931,11093
4931,12487
4932,1931
4932,2027
4933,1932
4933,3484
4933,5324
4933,6061
4933,10612
4933,12050
4934,1932
4934,12050
4935,1932
4936,1932
4937,1933
4938,1933
4938,5693
4938,6945
4938,7402
4939,1933
4940,1933
4941,1934
4942,1935
4943,1935
4944,1935
4944,7229
4944,13390
4945,1938
4946,1939
4946,6910
4947,1939
4947,3894
4948,1939
4948,3894
4948,6910
4948,7638
4949,1940
4949,7961
4950,1940
4950,2941
4950,7961
4951,1941
4951,2430
4951,8269
4951,8611
4951,8892
4952,1941
4953,1943
4953,3701
4953,7635
4954,1944
4955,1945
4956,1945
4957,1945
4958,1946
4958,4022
4958,5918
4959,1946
4959,5841
4960,1946
4960,5841
4961,1946
4962,1946
4962,5477
4962,5841
4962,9380
4962,10626
4963,1946
4963,5250
4964,1947
4965,1947
4966,1948
4967,1949
4968,1949
4968,5287
4969,1949
4970,1951
4970,6363
4971,1951
4971,6363
4972,1952
4972,7988
4972,9819
4973,1953
4974,1953
4975,1953
4976,1953
4977,1954
4978,1954
4979,1955
4979,5961
4980,1955
4981,1955
4981,5961
4981,12933
4981,13375
4982,1955
4983,1956
4984,1956
4984,11034
4984,11343
4985,1956
4985,11034
4986,1956
4987,1956
4988,1957
4988,4828
4988,10909
4989,1957
4989,4972
4989,12346
4990,1957
4991,1958
4992,1958
4993,1959
4994,1959
4995,1959
4995,3145
4995,4520
4996,1960
4996,6067
4996,12528
4997,1960
4997,10517
4998,1960
4999,1960
5000,1960
5001,1960
5002,1961
5003,1961
5004,1962
5004,8201
5005,1962
5005,3364
5005,3487
5005,8136
5005,12133
5006,1963
5006,4123
5007,1963
5007,2795
5007,4123
5008,1966
5009,1966
5009,4367
5010,1966
5011,1966
5011,4367
5011,6613
5012,1967
5013,1967
5014,1967
5015,1969
5016,1969
5017,1969
5018,1970
5019,1970
5019,7577
5020,1970
5021,1970
5022,1972
5023,1972
5024,1972
5025,1972
5026,1973
5026,4010
5026,7884
5026,8400
5026,8573
5026,8647
5026,9178
5026,9199
5026,9204
5026,9226
5026,9427
5026,10130
5026,10157
5026,10272
5026,10289
5026,10546
5026,10932
5026,11225
5026,11298
5026,11340
5026,11831
5026,11846
5026,12011
5026,12548
5026,12700
5026,13566
5027,1974
5027,2473
5027,3615
5027,4577
5027,6405
5028,1975
5028,3725
5029,1975
5030,1975
5031,1976
5031,8313
5031,8685
5031,9778
5032,1976
5033,1977
5034,1977
5035,1977
5036,1977
5037,1978
5037,4582
5038,1979
5038,1986
5038,2326
5038,2536
5038,2586
5038,3011
5038,3671
5038,6503
5038,7234
5038,7392
5038,7938
5038,8052
5038,8618
5038,8731
5038,9217
5038,9341
5038,9363
5038,9424
5038,9907
5038,9923
5038,9964
5038,10080
5038,10197
5038,10293
5038,10644
5038,11324
5038,11332
5038,11822
5038,11827
5038,11863
5038,12046
5038,12147
5038,12156
5038,12232
5038,12405
5038,13444
5038,13675
5038,13677
5039,1979
5039,2200
5039,2300
5039,3879
5039,4983
5039,5129
5039,5343
5039,5412
5039,7535
5039,7576
5039,7957
5039,9723
5039,13675
5040,1980
5040,2825
5040,3452
5040,3671
5040,4006
5040,4885
5040,6514
5040,7186
5040,7352
5040,9425
5040,9468
5041,1980
5041,3519
5041,3770
5041,5145
5041,7294
5041,7503
5041,8726
5041,9150
5041,9160
5041,9214
5041,9480
5041,13215
5042,1980
5042,4983
5043,1980
5044,1981
5044,7059
5044,7708
5044,12263
5044,12356
5045,1981
5046,1981
5047,1981
5047,2872
5048,1983
5049,1984
5049,5239
5049,5245
5049,5425
5049,5864
5049,6359
5049,7173
5050,1985
5050,11098
5050,12247
5051,1985
5052,1986
5052,3011
5052,4131
5052,4595
5052,5233
5053,1986
5053,3298
5054,1987
5054,2799
5054,3839
5054,4147
5054,12900
5055,1987
5055,4058
5056,1988
5057,1990
5057,6275
5058,1990
5058,3009
5059,1990
5059,5595
5059,5834
5059,6275
5060,1990
5061,1991
5062,1991
5062,3377
5062,3497
5062,5002
5062,6490
5062,10749
5063,1992
5063,3637
5064,1992
5064,7316
5065,1992
5066,1992
5067,1993
5068,1993
5069,1993
5070,1993
5071,1994
5072,1994
5072,3874
5072,11161
5072,13173
5073,1996
5073,9744
5074,1996
5075,1997
5075,3811
5076,1997
5076,3811
5077,1997
5078,1997
5079,1997
5079,3811
5079,6278
5079,8185
5080,1998
5080,3635
5080,3991
5080,7244
5080,7416
5080,8064
5080,9311
5080,9469
5080,9540
5080,9900
5080,10288
5080,10496
5080,12475
5081,1998
5081,6698
5082,1999
5082,4335
5083,2002
5083,4893
5084,2003
5084,2161
5084,6379
5084,6972
5084,7215
5085,2004
5086,2004
5087,2005
5087,3762
5087,7306
5088,2005
5088,7306
5089,2005
5090,2005
5090,7306
5091,2005
5092,2006
5093,2006
5093,3668
5093,5714
5093,6504
5094,2007
5095,2010
5096,2010
5096,5214
5097,2011
5097,6234
5097,7210
5097,8036
5098,2013
5099,2013
5099,2613
5099,9391
5099,9436
5099,9457
5099,9598
5100,2013
5101,2014
5102,2014
5103,2014
5104,2014
5105,2014
5106,2014
5107,2015
5108,2015
5109,2015
5109,12689
5109,12854
5110,2016
5110,3367
5110,6580
5110,8393
5110,8547
5110,8555
5111,2016
5111,4007
5112,2016
5112,3446
5112,5116
5112,6403
5112,12426
5113,2017
5113,2163
5113,9658
5114,2017
5114,2787
5114,3033
5114,3992
5114,4139
5115,2017
5115,4139
5116,2018
5116,7020
5117,2018
5117,2244
5117,3351
5118,2018
5118,2400
5118,5429
5118,7020
5119,2019
5120,2019
5121,2020
5121,3192
5121,3525
5121,3885
5121,3910
5122,2020
5123,2021
5123,3341
5123,4691
5124,2021
5124,3341
5124,4691
5124,6048
5125,2021
5126,2022
5126,12014
5126,12086
5127,2022
5127,10480
5128,2023
5128,4458
5128,7275
5129,2023
5129,4034
5129,4458
5129,5516
5129,8706
5129,8889
5129,9707
5129,11026
5129,12656
5129,12761
5130,2024
5131,2024
5131,2170
5131,4840
5131,11571
5131,12956
5132,2025
5133,2026
5133,8333
5133,9574
5133,9739
5134,2028
5134,6967
5134,7168
5134,11371
5134,12809
5135,2028
5135,2242
5135,3283
5135,7168
5136,2028
5136,3283
5136,7168
5136,8989
5136,9182
5137,2028
5137,2242
5137,7168
5137,8050
5138,2028
5139,2028
5139,7168
5139,8664
5139,9227
5140,2028
5140,4855
5140,6700
5140,7168
5140,8664
5140,9227
5140,9984
5140,10298
5140,11493
5140,12311
5141,2028
5142,2028
5142,2150
5142,10923
5143,2028
5143,7168
5144,2028
5144,3647
5144,4245
5144,6668
5144,7168
5144,7205
5144,7572
5144,8827
5144,9626
5144,10797
5144,11281
5144,11322
5144,12014
5144,12086
5144,12183
5144,12390
5144,12530
5144,12546
5144,12575
5144,12741
5144,13391
5144,13399
5144,13572
5145,2028
5145,4245
5145,8186
5146,2028
5146,2790
5146,3114
5146,3237
5146,3283
5146,3319
5146,3334
5146,3370
5146,3647
5146,4245
5146,6100
5146,6176
5146,6668
5146,7205
5146,7464
5146,7572
5146,8131
5146,8646
5146,8827
5146,9182
5146,9227
5146,11211
5146,11377
5146,11882
5146,12390
5146,12546
5147,2028
5147,3319
5147,3334
5147,3370
5147,3647
5147,4245
5147,6100
5147,6668
5147,7168
5147,7205
5147,7464
5147,7572
5147,8186
5147,8827
5147,8989
5147,9182
5147,9626
5147,11211
5147,11281
5147,12183
5147,12224
5147,12546
5148,2028
5148,8159
5149,2028
5150,2028
5151,2028
5151,7168
5152,2028
5152,7168
5153,2028
5154,2028
5155,2028
5156,2028
5156,7168
5157,2028
5158,2028
5158,7168
5159,2028
5159,7168
5160,2028
5160,7168
5161,2029
5162,2029
5163,2029
5164,2031
5164,8404
5165,2031
5166,2032
5167,2035
5167,3224
5168,2037
5168,2330
5169,2038
5169,5155
5169,5570
5170,2039
5170,4598
5171,2039
5171,4598
5172,2040
5173,2040
5174,2040
5175,2041
5175,6641
5175,6646
5175,10861
5175,11059
5176,2041
5176,6641
5176,6646
5176,6694
5176,8025
5176,9687
5176,13552
5177,2041
5177,7030
5177,9387
5177,12116
5178,2042
5178,6167
5178,13049
5179,2042
5180,2042
5180,6167
5181,2043
5181,2622
5181,4241
5181,5636
5181,5679
5181,7266
5181,8534
5181,13086
5182,2044
5182,2185
5182,6985
5182,10047
5183,2044
5184,2044
5184,2185
5184,2494
5184,5343
5184,5911
5184,6906
5184,7455
5185,2045
5186,2045
5187,2046
5187,2320
5187,8424
5188,2049
5189,2050
5190,2050
5190,3650
5190,4333
5191,2050
5192,2050
5193,2050
5193,3650
5193,4333
5194,2051
5194,9582
5195,2051
5195,9732
5196,2051
5196,3363
5196,4526
5196,7459
5196,8077
5196,13615
5197,2051
5197,2392
5197,4526
5197,13615
5198,2053
5199,2053
5199,2636
5199,2913
5199,3553
5199,6070
5199,9561
5200,2054
5200,4723
5200,5702
5200,6720
5200,6869
5201,2054
5201,2766
5201,5851
5202,2054
5202,2466
5202,3163
5202,4723
5202,12192
5202,12239
5202,12276
5202,12643
5203,2055
5204,2055
5205,2055
5206,2055
5207,2055
5208,2056
5208,8329
5208,8940
5208,10092
5208,10148
5208,10231
5208,12526
5209,2056
5209,8116
5209,8172
5209,8940
5209,9517
5210,2056
5210,6476
5210,6754
5210,7976
5210,8940
5210,9071
5210,10148
5210,11903
5210,13560
5211,2057
5212,2057
5213,2058
5214,2059
5214,2282
5214,3270
5214,3360
5214,4607
5214,4761
5215,2060
5216,2060
5217,2060
5218,2060
5218,3223
5219,2061
5220,2061
5220,9641
5220,11901
5220,13449
5221,2061
5221,2866
5221,5043
5221,5435
5221,7538
5221,9118
5221,9641
5221,11303
5221,11901
5221,12451
5221,13449
5221,13452
5221,13541
5222,2063
5223,2064
5223,2327
5223,4027
5223,5776
5223,5829
5223,5913
5224,2064
5224,4358
5224,4387
5224,4903
5224,5114
5224,5178
5224,5250
5225,2065
5225,8453
5225,8847
5226,2066
5227,2066
5228,2067
5228,9255
5229,2067
5229,3499
5229,4199
5230,2068
5231,2068
5232,2069
5232,4441
5232,6414
5232,6448
5232,7549
5232,9019
5232,10715
5233,2070
5234,2070
5234,3409
5234,7699
5235,2070
5235,3123
5235,4657
5235,6369
5235,7252
5235,9315
5236,2071
5237,2071
5237,2881
5238,2072
5238,5441
5239,2073
5240,2074
5240,6626
5240,8202
5240,8391
5241,2074
5242,2075
5243,2075
5244,2075
5245,2075
5246,2076
5247,2076
5248,2076
5249,2076
5249,10918
5249,11101
5250,2076
5250,5133
5250,9620
5250,10666
5250,10918
5250,11004
5250,12687
5250,12763
5250,12776
5250,12841
5251,2077
5252,2077
5253,2077
5253,12295
5253,12670
5254,2078
5254,2920
5255,2078
5256,2080
5256,5541
5257,2081
5258,2081
5259,2081
5260,2083
5260,2802
5260,4038
5261,2083
5261,2802
5261,4038
5262,2083
5262,2802
5262,4038
5262,10452
5262,11890
5262,11908
5263,2084
5263,3964
5264,2084
5264,3964
5264,4070
5264,5128
5264,6912
5264,9040
5264,13654
5265,2084
5265,5128
5265,13654
5266,2086
5266,5269
5267,2087
5267,3899
5268,2087
5268,10754
5269,2087
5270,2088
5271,2088
5271,4639
5271,6606
5272,2088
5273,2089
5274,2089
5275,2090
5276,2090
5277,2090
5278,2091
5278,4132
5278,7914
5279,2091
5279,4132
5279,7914
5279,12799
5279,13573
5280,2091
5281,2092
5282,2092
5283,2093
5283,2195
5283,9790
5284,2093
5285,2093
5285,2195
5285,9695
5286,2094
5286,3257
5286,4766
5287,2094
5288,2094
5289,2094
5290,2095
5290,2166
5290,3296
5291,2095
5291,3296
5291,3682
5291,5180
5291,5901
5291,6324
5291,6731
5291,8131
5291,9159
5291,10153
5292,2096
5293,2096
5294,2097
5294,6914
5294,7017
5295,2098
5295,4876
5295,5764
5295,8135
5295,8522
5296,2099
5297,2100
5297,9402
5297,9426
5298,2100
5299,2100
5300,2100
5300,3869
5300,8465
5301,2101
5302,2101
5302,5229
5302,6732
5303,2101
5303,5099
5304,2103
5305,2103
5306,2105
5306,2497
5307,2105
5307,2497
5308,2106
5309,2106
5309,3590
5309,7584
5310,2107
5311,2107
5312,2108
5313,2108
5313,2145
5313,4201
5314,2109
5315,2109
5316,2109
5317,2109
5318,2110
5318,7216
5319,2111
5320,2111
5321,2111
5322,2111
5322,4796
5322,5418
5322,5838
5322,11075
5323,2112
5323,4672
5323,7626
5323,8705
5323,9206
5323,10883
5324,2113
5325,2113
5326,2113
5327,2113
5328,2113
5329,2117
5330,2117
5331,2117
5332,2117
5333,2117
5334,2118
5334,12143
5335,2118
5335,5779
5335,6173
5336,2119
5336,4767
5336,7295
5336,7967
5337,2119
5337,5037
5337,7341
5337,7431
5337,7571
5338,2120
5339,2123
5340,2123
5340,4483
5340,4818
5340,9606
5341,2123
5341,9606
5342,2123
5342,4818
5342,9341
5342,11863
5342,12154
5343,2123
5343,4483
5343,12673
5344,2124
5345,2124
5345,6088
5346,2124
5346,6088
5347,2125
5347,2558
5347,2974
5347,4366
5348,2125
5348,2974
5348,4366
5348,10577
5349,2125
5350,2126
5351,2127
5351,3307
5351,7936
5351,9723
5351,11815
5352,2127
5352,2688
5352,3307
5352,4692
5352,7912
5352,7936
5352,11815
5352,11843
5352,12235
5352,12258
5352,12418
5353,2128
5354,2128
5354,3245
5354,3854
5354,5915
5354,5929
5354,6152
5354,6653
5354,9142
5354,13426
5355,2129
5355,3394
5355,9313
5355,12876
5356,2129
5357,2130
5358,2130
5359,2130
5360,2132
5360,3078
5360,3974
5360,5980
5361,2132
5362,2132
5362,3904
5362,5981
5362,11153
5362,12023
5363,2132
5363,3974
5364,2132
5364,3974
5365,2132
5365,3974
5366,2133
5367,2133
5367,9639
5368,2133
5368,9639
5369,2133
5370,2133
5371,2134
5371,3200
5372,2134
5373,2135
5374,2135
5375,2136
5376,2136
5377,2136
5378,2138
5379,2139
5380,2139
5381,2140
5382,2141
5382,7114
5383,2141
5384,2142
5384,13726
5385,2143
5386,2143
5386,8325
5387,2143
5387,8325
5387,10480
5388,2144
5389,2144
5389,2492
5389,4811
5389,5204
5389,5383
5389,6041
5389,6210
5389,6897
5390,2144
5390,4538
5390,5105
5390,7090
5390,12439
5391,2146
5392,2147
5393,2148
5394,2148
5394,9461
5395,2148
5396,2149
5396,4286
5396,9025
5396,9095
5396,10630
5396,11107
5397,2149
5398,2149
5399,2149
5400,2149
5401,2150
5402,2150
5403,2151
5403,4847
5403,6226
5403,8393
5403,11145
5404,2152
5405,2152
5405,5967
5405,6173
5406,2153
5406,7163
5407,2155
5407,9395
5408,2155
5409,2155
5410,2156
5411,2156
5412,2157
5413,2157
5414,2157
5415,2158
5416,2158
5417,2158
5418,2159
5419,2159
5420,2160
5420,7174
5421,2160
5421,5582
5421,8026
5421,11334
5422,2160
5423,2160
5423,3404
5423,5582
5423,7174
5423,9848
5423,11140
5424,2161
5424,4731
5424,5738
5425,2161
5425,6379
5425,11966
5426,2162
5427,2162
5428,2163
5429,2163
5430,2164
5431,2165
5432,2165
5433,2166
5433,3679
5433,3873
5433,4895
5433,5295
5434,2166
5434,2250
5434,3873
5434,3891
5434,4895
5434,5295
5435,2168
5436,2168
5437,2169
5437,9888
5437,10832
5437,10890
5437,11835
5437,12982
5438,2169
5438,2234
5438,2407
5438,4794
5438,8182
5439,2169
5440,2169
5440,6830
5440,11835
5441,2170
5442,2171
5443,2171
5444,2171
5445,2172
5445,2565
5445,2934
5445,3017
5445,3888
5445,4175
5445,4262
5445,5050
5445,8326
5446,2173
5446,3822
5446,4145
5446,12158
5447,2174
5448,2174
5449,2175
5450,2175
5450,3080
5450,8867
5451,2176
5452,2176
5453,2176
5454,2176
5455,2176
5456,2177
5457,2177
5457,5723
5457,7751
5458,2178
5458,2619
5459,2178
5459,2619
5460,2178
5461,2179
5462,2180
5463,2181
5463,3064
5464,2181
5465,2181
5466,2182
5467,2183
5468,2183
5469,2184
5469,12737
5470,2184
5471,2184
5471,12737
5472,2185
5473,2185
5474,2185
5475,2186
5476,2186
5476,5200
5477,2187
5477,2537
5477,5047
5477,5140
5478,2188
5479,2188
5480,2188
5481,2189
5482,2189
5482,2503
5482,4768
5482,4830
5482,6219
5482,8018
5483,2190
5484,2191
5485,2191
5485,4787
5485,4873
5486,2192
5486,6550
5487,2192
5487,6550
5488,2192
5489,2192
5489,5001
5489,6550
5490,2193
5491,2193
5491,5839
5492,2196
5493,2196
5494,2197
5495,2197
5496,2197
5496,8518
5496,8958
5497,2201
5497,3217
5497,13384
5498,2203
5498,3803
5498,5768
5498,6672
5498,8140
5499,2204
5499,7742
5500,2204
5501,2204
5502,2204
5503,2204
5504,2204
5505,2204
5506,2205
5506,2258
5506,8798
5506,9212
5506,9382
5506,10891
5506,12624
5506,12923
5507,2205
5508,2206
5508,3109
5508,13527
5509,2206
5510,2206
5511,2206
5511,3109
5512,2209
5512,2314
5512,2315
5512,2764
5512,3252
5512,6423
5512,8626
5512,10828
5512,12577
5513,2209
5514,2209
5514,2840
5514,3048
5514,5480
5514,7240
5514,7888
5514,8330
5514,9496
5514,10160
5514,10527
5514,11074
5514,11079
5514,11089
5514,12661
5515,2209
5515,2764
5516,2209
5516,5201
5516,8174
5516,11027
5516,12999
5517,2210
5517,3128
5517,4550
5517,8243
5517,9504
5518,2211
5518,4915
5519,2211
5520,2211
5520,4915
5521,2211
5521,4915
5522,2211
5523,2211
5524,2213
5524,4844
5524,5361
5525,2213
5526,2214
5527,2215
5527,2658
5527,4299
5527,7381
5527,7503
5527,7698
5528,2216
5528,2538
5529,2216
5529,7570
5530,2216
5530,7533
5530,8655
5531,2216
5532,2216
5533,2216
5534,2216
5534,2538
5534,5216
5534,6165
5534,6353
5534,7533
5534,7570
5534,7602
5534,7937
5534,8055
5534,9567
5534,11427
5535,2217
5536,2217
5536,3772
5536,3936
5536,4172
5536,4232
5536,4446
5536,4638
5536,4747
5536,5414
5536,8306
5536,9804
5536,10140
5536,10931
5536,11030
5536,11356
5536,12082
5536,12795
5536,12835
5536,12891
5536,12941
5536,12988
5536,13123
5536,13160
5537,2217
5537,3772
5537,3936
5537,4172
5537,4232
5537,4446
5537,4638
5537,4747
5537,5414
5537,8306
5537,8605
5537,8785
5537,9804
5537,9843
5537,10140
5537,10931
5537,11030
5537,11070
5537,11100
5537,11356
5537,11390
5537,12082
5537,12795
5537,12835
5537,12941
5537,12988
5537,13123
5537,13160
5538,2217
5538,3772
5538,3936
5538,4232
5538,4446
5538,4638
5538,5414
5538,8306
5538,11030
5538,12082
5538,12795
5538,12835
5538,12941
5538,12988
5538,13123
5538,13160
5539,2218
5540,2220
5541,2220
5542,2220
5542,6406
5543,2221
5544,2221
5544,6031
5545,2221
5546,2222
5546,7658
5546,9477
5546,12324
5547,2222
5547,7525
5547,7658
5548,2222
5548,7525
5548,7658
5548,9477
5548,12324
5549,2225
5549,6239
5550,2226
5550,6987
5550,8457
5550,10678
5550,12088
5551,2226
5551,3341
5551,8358
5551,10531
5551,11829
5551,13427
5551,13448
5552,2226
5552,8457
5552,11367
5553,2226
5554,2227
5555,2227
5556,2227
5557,2228
5558,2228
5558,3499
5558,3878
5558,4932
5558,5648
5559,2230
5560,2230
5560,3702
5560,6086
5560,6683
5560,7727
5560,8005
5560,10504
5560,10509
5560,13395
5561,2230
5562,2230
5563,2231
5564,2231
5565,2232
5565,3278
5565,6674
5566,2233
5566,8616
5566,8959
5567,2233
5567,4252
5567,6811
5567,8895
5567,11527
5568,2234
5568,2407
5568,9144
5568,11250
5569,2234
5569,2407
5570,2234
5570,11250
5571,2234
5571,2407
5572,2234
5572,2407
5572,8182
5573,2234
5573,2407
5573,9144
5573,10870
5573,11193
5573,11250
5573,12020
5574,2234
5574,2407
5574,8182
5575,2234
5576,2235
5577,2236
5577,4755
5577,8287
5577,8966
5577,9970
5577,11628
5578,2236
5579,2236
5580,2236
5581,2237
5582,2237
5582,11520
5582,12679
5582,12833
5582,13044
5583,2238
5584,2238
5584,5384
5584,8348
5585,2239
5586,2239
5587,2239
5588,2240
5588,8146
5589,2241
5590,2241
5591,2242
5591,3283
5591,9182
5591,12456
5592,2242
5592,6668
5592,8144
5592,8186
5593,2243
5594,2243
5595,2244
5595,2421
5595,2770
5595,5049
5596,2245
5596,8644
5597,2245
5598,2245
5599,2245
5600,2245
5600,8644
5601,2246
5602,2246
5603,2246
5604,2248
5604,2493
5604,2582
5604,10069
5604,13086
5605,2248
5605,4964
5605,9803
5605,10069
5606,2248
5606,4000
5607,2248
5607,2582
5607,2964
5607,4968
5607,8066
5607,9642
5607,11669
5608,2249
5608,3402
5608,4471
5608,5762
5608,5799
5608,6268
5608,6352
5608,7517
5609,2250
5609,3891
5609,5654
5610,2250
5611,2251
5611,7804
5611,12383
5612,2251
5613,2252
5614,2253
5614,2837
5615,2253
5615,2298
5615,2383
5615,2798
5615,2837
5615,3652
5615,4369
5615,5112
5615,5963
5615,6236
5615,10057
5615,10929
5615,11019
5616,2254
5616,8685
5616,9684
5617,2255
5618,2255
5619,2256
5619,4038
5619,5202
5619,5697
5620,2257
5621,2257
5622,2258
5623,2259
5623,2727
5623,3804
5623,4673
5623,5276
5623,5897
5624,2260
5624,6484
5625,2261
5625,6971
5625,7746
5625,7823
5625,11147
5625,13243
5626,2261
5627,2261
5627,3581
5627,6971
5627,7746
5627,7791
5627,7823
5627,8257
5627,9090
5627,10437
5627,11699
5628,2261
5629,2262
5630,2262
5631,2262
5631,9443
5632,2263
5633,2263
5634,2263
5635,2268
5635,5970
5635,12417
5636,2268
5636,2780
5636,2863
5636,3858
5636,4967
5636,5120
5636,5733
5636,5970
5636,5975
5636,6580
5636,8547
5636,12180
5636,12208
5637,2269
5638,2270
5639,2270
5639,5368
5640,2270
5640,3908
5640,5323
5640,6126
5640,13653
5640,13678
5641,2270
5641,3908
5641,13653
5641,13678
5642,2271
5642,6690
5642,7995
5642,8297
5642,8350
5642,9168
5642,9186
5642,9188
5642,9193
5642,9389
5642,9648
5642,9873
5642,10128
5642,11230
5642,11243
5642,11270
5642,11308
5642,12003
5642,12209
5642,12637
5642,12663
5642,12706
5642,12777
5642,12952
5642,13062
5642,13124
5643,2272
5643,2767
5643,5875
5644,2272
5644,4850
5644,8227
5645,2272
5645,4850
5645,8227
5646,2273
5647,2274
5647,4328
5648,2274
5648,3314
5648,4328
5648,5267
5648,5272
5648,12006
5648,12365
5649,2275
5649,9166
5649,11136
5650,2275
5651,2277
5652,2278
5653,2278
5653,7134
5654,2280
5655,2280
5656,2281
5657,2281
5658,2281
5659,2281
5659,7193
5659,9384
5659,10533
5659,11251
5660,2282
5660,2655
5660,3270
5660,4607
5660,9704
5660,10784
5660,11086
5660,11323
5660,11694
5660,12695
5660,13021
5661,2283
5661,3496
5661,3767
5661,6891
5661,9281
5661,10956
5662,2283
5662,3207
5662,3496
5662,3767
5662,4186
5662,5311
5662,6434
5662,6891
5662,9341
5662,11332
5662,12232
5663,2284
5663,4820
5663,10117
5664,2284
5664,3727
5664,4820
5665,2284
5665,4820
5666,2285
5666,5174
5667,2285
5668,2286
5668,3479
5668,10088
5669,2286
5669,3479
5670,2287
5670,3732
5670,4870
5670,6438
5670,6708
5670,8181
5670,11046
5670,11072
5670,11231
5670,11239
5670,11309
5670,11421
5670,11961
5670,12757
5670,12792
5670,12919
5670,12943
5670,12971
5671,2287
5672,2287
5672,4870
5672,6438
5672,6708
5672,8181
5672,11231
5672,11309
5672,11421
5672,11961
5672,12595
5672,12757
5672,12792
5672,12919
5672,12943
5672,12971
5673,2287
5673,11309
5673,11421
5673,12919
5674,2289
5675,2289
5675,3529
5676,2290
5677,2290
5678,2290
5679,2290
5680,2290
5680,2551
5680,3023
5680,4064
5680,4388
5680,4612
5680,7086
5680,11008
5681,2291
5682,2291
5683,2291
5684,2291
5684,13216
5685,2292
5686,2293
5687,2293
5687,3238
5688,2293
5688,3238
5689,2293
5690,2293
5691,2294
5692,2295
5692,3195
5692,3473
5692,11213
5693,2295
5693,3973
5694,2295
5694,3973
5694,4056
5694,4217
5694,4959
5694,5155
5694,5167
5694,5203
5694,5345
5694,5393
5694,5402
5694,5534
5694,5570
5694,5794
5694,5924
5694,6054
5694,6212
5694,6239
5694,6243
5694,6427
5694,7773
5694,11146
5694,11315
5694,11556
5694,13349
5695,2296
5696,2296
5696,9451
5697,2297
5698,2298
5699,2299
5699,7203
5700,2299
5700,4323
5700,6602
5700,7203
5700,8634
5700,10560
5701,2299
5701,2323
5701,5436
5702,2301
5703,2302
5704,2303
5705,2303
5706,2305
5706,6506
5706,6786
5707,2305
5708,2305
5709,2305
5710,2305
5710,6506
5711,2305
5712,2306
5713,2306
5714,2306
5714,8150
5714,9831
5715,2306
5715,9601
5715,10960
5716,2307
5716,2510
5717,2309
5717,2545
5717,3758
5717,6057
5718,2309
5718,3758
5719,2311
5719,5823
5720,2311
5721,2312
5721,4759
5721,5099
5721,5857
5721,13651
5722,2312
5722,2751
5722,2810
5722,5099
5722,5477
5722,6782
5722,8346
5722,10770
5722,11817
5723,2313
5724,2313
5724,3851
5724,5484
5725,2314
5726,2315
5726,2748
5726,3107
5726,11026
5726,12656
5727,2315
5727,8164
5728,2317
5729,2317
5730,2317
5731,2318
5731,6814
5731,6829
5732,2318
5732,2917
5732,5379
5732,6814
5733,2318
5733,5379
5733,6814
5734,2319
5734,5835
5735,2319
5735,4734
5735,5835
5735,7497
5735,8483
5736,2319
5736,5835
5737,2320
5738,2320
5739,2321
5740,2322
5740,2450
5740,4017
5740,5224
5740,5599
5741,2322
5742,2323
5742,7898
5743,2323
5744,2323
5745,2324
5746,2326
5746,3049
5746,7224
5746,7265
5746,8618
5746,9215
5746,9325
5747,2327
5747,4027
5747,4387
5747,4903
5747,5849
5747,6102
5747,8538
5747,9847
5747,11132
5747,11149
5747,11203
5747,13061
5748,2328
5748,2556
5748,2760
5748,7199
5748,7587
5748,7599
5748,8030
5748,8690
5749,2329
5749,5760
5749,5978
5750,2331
5751,2331
5752,2332
5752,4296
5752,6471
5752,7039
5753,2332
5753,6471
5754,2332
5754,3046
5754,3777
5754,4296
5754,5038
5754,6119
5754,7039
5755,2334
5756,2334
5757,2334
5758,2336
5758,6666
5758,7993
5758,8316
5758,9038
5758,11705
5759,2336
5759,2859
5759,6666
5759,7981
5759,7993
5759,8316
5759,9038
5759,9202
5759,9828
5759,10962
5759,11705
5760,2337
5761,2338
5761,2355
5761,2589
5761,2654
5761,3243
5761,3784
5761,3980
5761,4104
5761,4504
5761,4664
5761,4829
5761,4942
5761,5022
5761,5115
5761,5357
5761,6035
5761,6076
5761,6787
5761,7185
5761,7404
5761,7886
5761,8049
5761,8124
5761,8536
5761,8677
5761,9251
5761,9369
5761,9604
5761,9636
5761,10202
5761,11238
5761,12330
5761,12632
5761,12774
5761,12896
5762,2338
5763,2338
5763,6364
5764,2338
5764,2355
5764,5022
5764,8800
5764,11366
5765,2339
5766,2341
5766,2652
5766,9818
5767,2342
5767,2438
5767,3333
5767,4395
5768,2342
5769,2342
5769,3333
5769,4395
5770,2342
5771,2343
5772,2344
5773,2344
5774,2344
5775,2344
5776,2345
5777,2345
5777,5839
5778,2346
5778,2368
5778,7204
5778,8722
5779,2346
5780,2346
5780,3311
5780,4540
5780,5375
5780,5391
5780,5886
5780,6016
5780,12424
5780,13390
5781,2349
5781,2645
5781,5002
5782,2349
5782,4805
5782,5002
5782,5809
5783,2350
5783,4423
5784,2351
5785,2351
5786,2351
5786,6703
5787,2352
5787,4648
5787,9689
5787,13459
5788,2352
5788,3046
5788,3710
5788,3777
5788,4648
5788,5038
5788,6119
5789,2353
5790,2353
5791,2353
5791,3944
5791,4920
5791,6024
5792,2354
5793,2354
5793,5327
5794,2355
5795,2356
5795,8455
5796,2356
5796,5958
5796,8455
5796,11511
5796,11588
5796,13253
5796,13311
5797,2356
5798,2356
5798,8455
5799,2357
5799,5147
5800,2357
5801,2357
5802,2358
5803,2358
5804,2358
5804,4864
5805,2358
5806,2359
5806,3651
5806,6290
5806,9751
5807,2359
5808,2359
5809,2361
5810,2361
5811,2361
5812,2361
5813,2361
5814,2361
5815,2361
5816,2362
5817,2362
5818,2363
5819,2363
5819,3290
5820,2363
5821,2363
5821,3290
5821,7130
5822,2363
5823,2364
5824,2364
5825,2367
5826,2368
5827,2369
5828,2369
5829,2369
5830,2369
5831,2370
5831,6531
5831,11040
5831,11275
5831,12762
5832,2370
5833,2370
5833,6268
5833,6352
5834,2370
5834,2733
5834,2735
5834,2931
5834,3495
5834,4471
5834,8185
5835,2370
5835,12892
5836,2371
5837,2371
5838,2371
5839,2372
5839,4982
5840,2372
5841,2372
5841,3518
5841,3713
5841,4908
5841,4982
5842,2373
5842,5288
5843,2375
5843,5960
5844,2376
5844,2906
5845,2376
5845,2852
5845,2906
5845,2998
5845,3920
5845,8256
5845,9597
5846,2377
5846,2607
5846,2983
5846,4482
5846,5176
5846,6625
5846,6855
5846,10659
5846,11395
5846,11963
5846,12372
5846,12522
5846,13665
5847,2378
5848,2379
5848,3533
5848,5053
5848,6134
5848,6279
5849,2379
5849,6279
5850,2380
5851,2380
5851,4209
5852,2381
5853,2381
5854,2381
5855,2382
5855,9497
5855,9525
5855,12448
5856,2382
5856,5163
5856,5254
5856,9198
5856,10740
5856,11158
5856,12448
5857,2383
5857,2798
5857,6236
5858,2384
5859,2384
5860,2384
5861,2385
5862,2385
5862,7143
5862,11288
5862,11420
5862,12665
5863,2386
5864,2387
5865,2387
5866,2387
5867,2387
5868,2388
5869,2388
5870,2389
5870,2731
5871,2391
5871,2662
5871,4373
5871,4500
5871,5551
5872,2391
5872,10250
5873,2391
5874,2392
5874,6593
5875,2393
5875,12441
5876,2394
5876,2578
5876,3388
5876,4696
5876,12140
5877,2394
5878,2394
5878,2578
5878,3388
5878,4696
5878,8739
5878,12140
5879,2394
5880,2394
5880,2578
5880,3388
5880,4696
5880,8739
5880,8826
5880,11322
5881,2395
5881,2774
5882,2395
5883,2396
5883,5199
5884,2396
5884,5199
5885,2396
5886,2396
5886,5199
5887,2396
5888,2398
5889,2398
5889,8417
5890,2399
5891,2399
5891,5844
5891,6889
5891,9054
5891,11450
5892,2400
5893,2401
5894,2401
5895,2401
5895,5124
5896,2401
5897,2402
5897,4594
5897,9540
5898,2402
5898,2890
5898,3476
5898,4594
5898,7483
5898,7581
5898,7598
5899,2402
5899,4594
5899,7483
5899,7581
5899,7598
5900,2403
5901,2403
5901,8691
5902,2403
5903,2404
5904,2405
5904,12513
5905,2405
5905,5996
5905,6284
5905,7949
5906,2406
5907,2406
5908,2406
5908,4110
5908,5434
5909,2408
5910,2408
5911,2408
5912,2408
5913,2409
5913,4188
5913,7712
5914,2409
5914,4188
5914,7712
5915,2410
5915,3843
5915,4297
5915,4440
5915,5867
5915,8637
5916,2412
5916,2491
5916,3248
5917,2412
5918,2413
5919,2414
5919,4646
5919,5490
5919,6273
5919,7411
5919,7693
5919,8246
5920,2414
5920,5083
5920,8246
5921,2415
5922,2415
5923,2416
5924,2416
5925,2419
5925,10145
5926,2419
5926,10145
5926,12770
5927,2424
5927,3231
5927,5821
5928,2424
5928,4906
5929,2424
5929,5082
5929,5397
5929,5795
5929,8155
5929,8654
5929,8925
5929,10119
5929,10198
5929,10527
5929,10825
5929,11323
5929,11386
5929,11439
5929,12415
5929,12713
5929,13171
5929,13365
5930,2424
5930,3231
5931,2425
5932,2425
5932,3889
5932,5376
5932,5505
5933,2425
5933,4239
5933,4890
5934,2428
5934,2745
5934,6390
5935,2429
5935,2637
5935,3395
5935,3838
5936,2429
5936,2637
5936,2699
5936,3838
5936,9431
5936,10649
5936,10992
5937,2431
5937,3165
5937,3186
5937,3693
5937,5453
5937,5933
5937,11663
5938,2431
5938,3165
5938,3186
5938,3693
5938,5933
5938,11663
5939,2432
5940,2432
5941,2433
5942,2433
5942,13295
5943,2434
5943,3639
5943,5367
5943,6175
5944,2434
5945,2434
5946,2434
5947,2434
5948,2436
5949,2437
5949,2633
5949,5985
5949,6601
5949,7465
5950,2437
5950,6601
5950,7465
5950,12385
5950,13526
5951,2437
5951,5985
5951,13245
5952,2438
5952,3333
5952,4046
5952,4395
5953,2440
5953,3214
5953,6133
5953,13618
5954,2441
5954,6081
5955,2442
5956,2445
5956,4944
5956,10231
5957,2446
5958,2447
5958,2888
5958,4495
5958,7433
5958,8549
5958,9653
5958,11810
5959,2448
5960,2448
5960,6049
5960,8794
5961,2449
5961,3125
5961,7503
5961,7929
5961,8180
5961,8310
5961,8789
5961,8938
5961,8954
5961,9422
5961,10044
5961,10253
5961,10291
5961,10495
5961,10500
5961,10565
5961,10752
5961,11521
5961,11813
5961,11814
5961,11833
5961,12938
5962,2449
5962,3125
5962,3338
5962,3516
5962,5907
5962,6752
5962,7212
5962,7331
5962,8020
5962,8310
5962,8789
5962,9401
5962,10253
5962,10489
5962,10495
5962,11292
5963,2449
5963,3125
5963,6752
5963,7212
5963,7231
5963,7463
5963,8310
5963,9401
5963,10081
5963,10253
5963,10495
5963,10565
5963,10713
5963,10752
5963,11422
5964,2449
5964,3125
5964,3161
5964,3794
5964,4784
5964,5907
5964,5909
5964,6220
5964,7243
5964,8004
5964,8020
5965,2451
5966,2451
5967,2451
5968,2451
5968,7815
5969,2452
5969,6842
5969,11217
5970,2452
5970,2666
5970,3188
5970,4681
5970,6422
5970,6842
5970,8120
5970,9762
5970,11217
5970,12238
5970,12301
5970,12650
5971,2453
5971,11347
5972,2453
5973,2456
5974,2456
5975,2456
5976,2459
5976,3112
5976,7675
5977,2459
5978,2459
5979,2459
5980,2460
5981,2460
5981,2471
5981,2543
5981,4349
5981,5474
5981,5510
5981,5578
5981,7861
5982,2461
5982,12465
5983,2461
5984,2462
5984,9589
5984,11410
5984,12810
5985,2462
5986,2462
5987,2463
5988,2464
5989,2464
5989,10242
5989,12206
5990,2464
5991,2464
5991,12206
5992,2464
5993,2465
5994,2465
5995,2466
5996,2466
5996,12192
5996,12643
5997,2466
5997,12276
5998,2466
5998,12192
5998,12643
5998,13671
5999,2467
5999,4816
5999,7688
6000,2467
6001,2468
6001,6251
6001,6597
6001,11233
6001,11683
6002,2469
6003,2469
6003,2714
6004,2470
6004,3739
6004,5438
6005,2470
6005,13719
6006,2471
6006,4349
6006,5474
6007,2472
6007,5762
6007,5799
6007,8185
6008,2472
6009,2473
6010,2474
6010,8525
6011,2474
6012,2474
6012,2537
6012,2621
6012,4623
6013,2474
6014,2474
6014,2537
6015,2475
6016,2475
6016,3308
6016,4251
6016,5981
6017,2477
6018,2477
6019,2477
6020,2477
6021,2477
6022,2478
6023,2478
6023,2504
6024,2479
6024,3174
6024,4219
6024,4688
6024,4785
6024,5456
6024,5705
6024,5737
6024,7885
6024,7928
6024,7999
6024,8029
6024,10579
6024,12157
6025,2481
6026,2481
6026,3418
6026,4354
6026,8651
6027,2482
6027,12004
6028,2482
6028,3478
6028,3977
6028,5353
6029,2482
6029,3815
6029,5773
6029,6064
6029,10976
6029,12415
6029,12713
6030,2482
6031,2483
6032,2483
6033,2483
6034,2484
6034,5243
6035,2485
6036,2485
6037,2486
6038,2486
6039,2486
6039,11428
6040,2486
6040,11428
6041,2487
6042,2488
6043,2490
6044,2490
6045,2490
6046,2491
6047,2492
6047,4811
6048,2493
6048,4621
6048,4682
6048,9858
6049,2494
6050,2494
6050,5911
6051,2496
6051,2772
6051,4707
6051,5413
6051,9413
6051,9608
6052,2496
6052,9413
6053,2497
6054,2498
6055,2499
6056,2499
6057,2500
6058,2500
6059,2500
6060,2500
6061,2501
6062,2501
6063,2501
6064,2503
6065,2503
6066,2504
6067,2505
6067,4621
6067,4623
6067,8286
6067,8544
6067,10196
6068,2505
6069,2505
6069,4318
6069,6958
6069,10183
6070,2506
6071,2506
6072,2506
6073,2507
6073,2570
6073,4263
6073,4548
6073,4665
6073,6645
6073,8142
6073,8355
6073,8609
6073,9683
6073,10141
6073,11052
6073,13699
6074,2508
6074,5770
6075,2508
6076,2508
6076,8500
6077,2509
6077,2962
6077,4671
6077,4853
6077,10251
6077,11366
6078,2509
6078,5590
6078,5907
6078,8800
6078,10772
6078,11242
6078,13287
6079,2509
6079,6964
6080,2511
6081,2512
6082,2512
6083,2512
6084,2513
6084,2925
6085,2514
6086,2514
6087,2514
6088,2515
6089,2515
6090,2518
6091,2518
6092,2518
6092,3253
6092,3392
6092,4208
6092,4317
6092,8130
6093,2518
6093,3253
6093,3392
6093,4208
6093,4317
6093,5825
6093,8130
6094,2518
6094,3392
6094,4317
6095,2519
6095,12653
6096,2520
6096,3474
6096,3680
6096,3889
6096,4230
6096,4403
6096,4829
6096,10889
6096,12576
6096,12791
6096,12903
6097,2520
6098,2520
6098,4829
6098,6768
6099,2521
6100,2522
6100,5725
6101,2522
6101,5632
6101,5725
6101,11252
6101,12823
6102,2523
6102,8108
6102,8583
6102,9546
6103,2523
6104,2524
6105,2524
6105,4363
6105,9180
6106,2527
6106,4817
6107,2527
6107,4088
6107,4817
6107,9705
6108,2528
6108,5712
6109,2528
6110,2529
6110,3035
6110,3662
6110,8382
6111,2529
6111,2663
6111,3662
6111,8091
6112,2529
6112,8091
6112,8382
6113,2529
6113,8382
6114,2529
6115,2530
6115,3111
6115,4985
6115,5806
6115,6058
6116,2530
6116,3111
6116,5806
6117,2531
6117,3303
6117,4410
6118,2531
6118,3303
6118,4410
6118,5055
6119,2532
6120,2532
6121,2532
6122,2532
6123,2532
6124,2532
6125,2532
6126,2532
6127,2532
6128,2532
6129,2532
6130,2532
6131,2532
6132,2533
6132,3455
6132,6253
6133,2534
6134,2534
6134,3687
6135,2534
6136,2534
6137,2535
6138,2535
6139,2535
6140,2536
6140,3434
6141,2536
6141,3434
6142,2537
6143,2537
6143,4623
6144,2537
6145,2537
6146,2537
6147,2538
6148,2538
6148,7602
6149,2539
6150,2539
6151,2539
6151,6293
6151,10997
6152,2540
6152,10170
6153,2540
6154,2540
6155,2540
6156,2541
6156,8801
6156,11109
6157,2541
6158,2541
6159,2541
6159,8188
6160,2543
6161,2544
6161,4475
6161,6282
6162,2544
6163,2545
6163,4197
6163,5347
6163,9297
6163,12908
6164,2546
6164,5023
6164,6240
6164,7051
6164,8273
6164,12077
6165,2546
6166,2546
6167,2547
6167,5139
6168,2547
6168,5815
6169,2548
6170,2548
6170,3493
6170,4169
6170,4347
6170,4485
6170,9763
6171,2549
6171,3343
6171,4198
6171,7922
6172,2549
6172,3343
6173,2550
6174,2550
6175,2551
6175,3023
6175,4388
6175,4612
6176,2551
6176,4388
6176,4612
6176,6143
6176,8474
6176,9801
6177,2551
6178,2552
6179,2552
6180,2552
6181,2552
6182,2553
6183,2553
6183,12322
6184,2554
6184,5959
6184,7385
6185,2554
6185,4564
6186,2555
6187,2555
6188,2555
6189,2555
6190,2555
6191,2556
6191,7332
6192,2556
6192,2760
6192,9904
6193,2557
6194,2557
6195,2559
6196,2560
6197,2560
6197,3542
6198,2561
6198,5525
6198,5566
6199,2561
6199,5566
6199,12396
6199,13289
6199,13292
6200,2561
6200,5566
6201,2561
6201,5525
6201,5566
6202,2562
6203,2562
6204,2562
6205,2562
6205,7563
6206,2563
6207,2564
6207,8814
6208,2564
6208,8814
6208,10559
6208,10687
6208,11423
6208,11899
6209,2564
6210,2564
6210,8814
6210,9057
6210,10559
6210,10687
6210,11899
6210,11997
6210,13421
6211,2565
6211,4931
6212,2566
6213,2566
6214,2568
6214,13623
6215,2569
6216,2569
6217,2569
6218,2571
6218,3133
6218,10690
6218,10982
6219,2571
6220,2572
6221,2572
6222,2572
6223,2572
6224,2573
6224,2755
6224,7257
6225,2574
6226,2576
6226,6224
6226,6796
6226,13690
6227,2576
6227,6224
6227,6796
6228,2577
6228,7410
6228,7541
6229,2578
6229,8739
6230,2578
6230,4696
6230,6731
6230,7185
6230,8870
6230,9159
6230,9555
6230,10153
6231,2579
6232,2579
6233,2580
6234,2580
6235,2580
6236,2580
6236,12132
6237,2581
6238,2581
6238,6377
6238,6535
6238,7025
6238,8336
6238,12434
6239,2583
6240,2583
6240,3384
6240,5344
6241,2585
6241,5200
6241,7526
6241,9742
6242,2585
6243,2586
6243,3278
6243,7979
6243,8853
6243,8945
6244,2588
6245,2589
6246,2590
6247,2590
6248,2590
6248,5942
6248,6133
6248,12771
6248,13531
6249,2591
6249,4229
6249,6189
6250,2591
6250,4229
6250,5303
6251,2592
6252,2592
6253,2592
6254,2592
6255,2592
6255,9733
6256,2592
6257,2594
6257,12255
6258,2594
6259,2594
6260,2594
6260,4401
6260,6107
6260,7292
6260,7439
6260,7671
6261,2594
6262,2594
6263,2594
6264,2595
6264,8261
6264,8739
6265,2596
6265,3506
6265,4501
6265,5276
6265,5884
6265,5897
6266,2597
6266,10600
6267,2597
6268,2598
6268,5617
6268,6570
6269,2598
6270,2600
6270,5861
6271,2601
6272,2601
6272,3108
6272,4742
6272,5155
6272,5570
6272,5609
6272,6195
6272,6371
6272,11268
6273,2602
6274,2603
6275,2603
6276,2605
6276,3147
6276,3866
6277,2605
6277,3147
6277,3866
6278,2605
6278,3074
6278,3147
6278,3866
6279,2605
6279,3147
6279,3866
6280,2607
6281,2608
6281,3402
6281,6023
6281,6268
6281,6352
6281,7461
6281,9452
6282,2608
6282,6023
6282,6157
6282,7461
6283,2609
6284,2609
6285,2609
6285,4023
6286,2610
6286,5220
6286,7442
6287,2610
6288,2611
6289,2611
6290,2612
6290,2661
6290,4683
6290,5548
6291,2613
6291,9598
6292,2613
6293,2614
6294,2614
6294,5333
6295,2616
6295,6643
6296,2616
6297,2616
6298,2616
6299,2616
6300,2617
6301,2618
6301,6113
6301,6136
6302,2619
6303,2619
6304,2619
6305,2619
6305,6646
6306,2620
6307,2622
6307,3471
6307,5828
6307,6636
6307,7256
6307,7266
6307,7434
6307,7921
6307,8514
6307,11112
6307,12548
6308,2623
6308,4313
6309,2624
6309,7659
6310,2626
6311,2626
6312,2627
6312,5119
6312,5746
6312,6598
6312,7244
6312,7402
6312,8838
6312,9311
6312,9900
6312,9971
6312,9976
6312,10041
6312,10496
6312,10568
6312,10732
6312,11339
6312,11821
6312,12475
6312,13113
6312,13145
6312,13515
6312,13561
6312,13568
6313,2627
6313,3332
6313,9971
6313,9976
6314,2627
6315,2627
6316,2628
6317,2628
6317,3316
6318,2628
6318,2954
6318,4291
6318,6450
6319,2629
6319,3169
6319,3923
6320,2631
6320,9644
6321,2634
6321,2651
6321,4495
6321,5130
6321,5163
6321,5373
6321,6166
6321,6222
6321,6264
6322,2634
6322,2651
6322,8076
6322,10221
6322,10235
6322,12036
6323,2635
6324,2635
6325,2635
6326,2635
6327,2635
6328,2635
6329,2636
6329,6070
6330,2636
6330,6070
6331,2636
6332,2636
6333,2637
6334,2637
6335,2637
6336,2637
6336,4504
6337,2637
6337,3354
6337,3937
6337,8003
6338,2637
6339,2637
6339,2699
6340,2638
6341,2639
6341,9556
6342,2640
6342,3304
6342,5836
6342,6456
6343,2641
6344,2641
6344,5903
6345,2641
6345,5903
6346,2641
6346,5903
6346,8734
6347,2642
6348,2642
6349,2643
6350,2643
6351,2643
6352,2644
6353,2644
6354,2645
6354,5514
6355,2645
6356,2645
6356,5514
6357,2645
6357,5514
6358,2646
6359,2646
6360,2646
6361,2646
6361,9368
6362,2646
6363,2647
6363,2971
6363,9231
6364,2647
6364,2730
6364,2926
6364,2971
6364,7175
6364,8727
6364,8783
6364,9378
6364,9475
6364,9879
6364,10261
6364,11845
6364,11875
6364,13531
6365,2647
6365,3427
6365,7175
6365,9378
6365,11875
6366,2648
6367,2649
6367,6954
6367,11453
6368,2650
6369,2650
6370,2651
6371,2651
6372,2653
6372,3522
6372,9036
6373,2655
6374,2656
6375,2657
6376,2658
6377,2659
6377,7998
6377,9821
6378,2659
6378,7998
6378,9498
6379,2659
6379,7998
6379,9498
6380,2662
6381,2663
6382,2663
6383,2663
6383,3662
6383,8091
6384,2663
6385,2665
6386,2665
6386,3866
6387,2665
6388,2665
6389,2666
6389,3188
6389,4681
6389,7279
6389,7979
6390,2668
6390,3498
6391,2668
6391,3498
6391,6852
6391,8430
6391,9228
6391,9957
6391,12140
6392,2668
6392,2960
6392,3498
6392,6782
6392,6852
6392,6919
6392,8075
6392,8430
6392,9228
6392,9871
6392,9957
6392,10573
6392,10750
6392,12140
6393,2669
6394,2669
6395,2669
6395,12818
6396,2669
6397,2670
6398,2670
6399,2670
6400,2670
6401,2671
6402,2671
6402,2928
6402,3679
6402,5180
6402,6037
6402,12916
6403,2672
6404,2672
6405,2672
6405,11939
6406,2673
6407,2673
6407,2823
6408,2675
6408,6920
6409,2675
6410,2676
6410,7645
6410,12281
6411,2678
6412,2678
6413,2679
6414,2679
6414,8183
6415,2679
6416,2680
6417,2682
6417,3411
6417,9428
6417,9669
6417,9944
6417,10550
6417,12741
6417,12753
6417,12783
6417,12825
6417,13001
6417,13391
6418,2682
6419,2682
6420,2682
6421,2682
6421,9428
6421,10550
6422,2683
6422,5123
6422,5169
6422,5409
6423,2683
6423,4888
6423,5450
6423,6634
6423,10969
6423,11062
6423,12101
6424,2683
6425,2683
6426,2684
6426,7207
6427,2684
6428,2685
6428,10441
6429,2686
6429,2810
6429,5114
6429,7121
6430,2687
6430,4432
6430,7034
6430,8472
6430,11646
6431,2687
6431,4432
6431,7034
6431,7043
6431,8472
6432,2687
6433,2688
6434,2689
6435,2689
6436,2690
6437,2690
6438,2691
6438,3708
6438,5126
6439,2691
6440,2692
6441,2692
6441,6168
6442,2693
6443,2693
6443,4741
6443,5907
6444,2693
6444,3639
6444,7660
6445,2694
6446,2694
6446,6270
6446,10938
6447,2695
6448,2695
6449,2695
6450,2696
6450,3287
6450,3805
6450,4902
6450,8816
6451,2696
6451,3287
6451,3805
6451,4902
6451,8816
6452,2696
6452,3805
6452,8816
6453,2697
6453,3110
6453,7972
6454,2697
6454,3110
6454,3882
6454,6707
6454,7319
6454,7972
6455,2697
6455,3882
6455,4833
6456,2698
6456,2856
6456,7263
6457,2699
6458,2699
6459,2699
6460,2699
6461,2700
6461,4602
6461,11685
6462,2701
6462,5114
6462,5237
6462,7090
6463,2703
6464,2704
6465,2704
6466,2704
6466,6810
6466,7007
6467,2704
6467,6810
6467,7007
6468,2705
6468,3887
6468,5643
6469,2705
6470,2705
6471,2706
6471,3170
6471,8427
6472,2706
6473,2706
6473,3859
6473,7172
6473,8812
6473,8922
6473,8973
6473,9235
6473,9309
6473,10433
6473,11864
6473,11995
6473,12166
6474,2706
6474,8803
6475,2707
6475,6372
6475,11039
6475,12524
6476,2709
6477,2709
6478,2710
6478,3802
6478,4217
6478,4742
6478,4959
6478,5155
6478,5240
6478,5345
6478,5393
6478,5402
6478,5507
6478,5534
6478,6054
6478,6195
6478,6213
6478,8074
6478,10129
6478,11151
6479,2711
6480,2712
6480,6880
6480,6936
6481,2713
6482,2713
6483,2714
6484,2715
6485,2716
6485,7184
6485,7349
6485,9479
6486,2717
6486,2771
6486,3040
6486,4638
6486,4783
6486,5704
6486,5740
6486,6254
6486,8601
6486,10958
6487,2718
6487,3362
6488,2718
6488,5070
6489,2719
6489,3184
6490,2721
6490,6640
6490,12201
6491,2721
6492,2722
6492,5195
6493,2722
6494,2722
6494,4036
6494,5195
6494,6103
6494,6128
6494,12936
6494,13685
6495,2723
6495,4575
6495,6735
6495,7140
6496,2724
6497,2724
6497,12834
6498,2725
6499,2728
6500,2728
6500,5285
6500,8551
6500,8880
6501,2728
6501,5285
6501,8551
6502,2732
6502,8370
6503,2733
6504,2734
6505,2736
6506,2737
6506,5259
6507,2737
6508,2741
6509,2741
6509,3914
6509,4910
6509,5726
6509,7561
6510,2741
6511,2742
6512,2743
6512,6782
6512,6852
6512,9228
6513,2743
6513,4861
6513,6795
6513,7304
6513,7482
6513,8636
6514,2744
6515,2744
6516,2744
6517,2744
6518,2744
6519,2744
6520,2745
6520,5389
6520,6634
6521,2746
6522,2746
6523,2746
6524,2747
6525,2748
6526,2748
6527,2748
6528,2748
6529,2749
6530,2750
6530,3164
6530,6713
6530,10837
6531,2752
6532,2752
6533,2752
6534,2752
6535,2754
6535,3391
6536,2756
6536,7028
6537,2756
6537,4216
6537,4596
6537,5452
6537,5720
6537,5784
6537,6089
6537,6130
6537,6149
6537,6203
6537,9497
6537,9666
6537,10808
6537,10822
6537,11056
6538,2756
6538,4988
6538,7028
6538,8919
6539,2757
6540,2757
6541,2758
6541,3095
6541,4541
6541,5694
6541,10995
6542,2758
6543,2758
6544,2758
6545,2759
6546,2759
6547,2761
6547,3470
6547,7502
6547,8152
6547,10935
6548,2762
6549,2762
6550,2763
6551,2763
6551,5786
6552,2766
6552,4249
6553,2766
6554,2768
6555,2768
6556,2768
6557,2768
6558,2768
6559,2769
6560,2769
6561,2770
6561,6618
6561,6682
6561,10505
6562,2771
6563,2771
6563,5740
6563,6254
6564,2772
6565,2772
6566,2773
6567,2773
6567,7757
6567,9975
6568,2773
6569,2774
6570,2775
6571,2775
6572,2776
6572,5593
6573,2777
6573,6432
6574,2778
6574,3688
6574,4795
6574,8121
6574,8321
6575,2778
6576,2778
6577,2779
6577,3151
6577,8475
6577,11066
6578,2779
6579,2779
6579,3151
6579,3676
6579,4279
6579,6267
6580,2780
6581,2780
6581,3858
6582,2781
6582,6605
6582,9183
6582,9354
6582,10306
6582,11818
6582,11840
6582,12015
6582,12649
6583,2782
6583,4223
6584,2782
6584,4223
6585,2783
6586,2783
6587,2783
6588,2783
6589,2784
6590,2785
6591,2785
6592,2785
6593,2785
6594,2786
6595,2787
6595,8938
6595,10044
6595,10756
6596,2787
6596,3677
6597,2787
6597,5220
6597,9755
6597,10975
6598,2788
6599,2788
6599,5620
6599,6067
6600,2788
6600,5620
6600,6067
6601,2789
6602,2792
6603,2792
6604,2792
6605,2792
6606,2793
6607,2793
6608,2794
6608,4666
6609,2795
6609,4123
6610,2796
6611,2799
6612,2800
6612,8218
6613,2801
6614,2801
6614,5402
6614,5534
6614,6212
6615,2802
6616,2802
6617,2803
6617,3031
6617,12354
6617,12950
6618,2803
6619,2805
6620,2805
6621,2806
6622,2806
6623,2807
6624,2807
6625,2808
6626,2810
6626,4277
6626,5051
6627,2811
6627,8053
6627,9490
6627,10303
6627,11221
6627,13466
6628,2811
6628,5470
6629,2811
6629,8322
6630,2811
6630,8322
6630,10622
6630,10772
6631,2812
6631,3653
6631,7879
6631,9289
6632,2812
6632,3653
6632,10001
6632,10011
6633,2813
6634,2814
6635,2814
6636,2814
6637,2815
6637,8356
6638,2815
6638,3261
6638,7984
6639,2815
6639,3261
6640,2816
6640,3036
6640,4738
6640,5781
6640,11385
6640,13507
6641,2816
6641,3036
6641,3379
6641,4646
6641,4738
6641,7693
6642,2817
6643,2817
6644,2818
6645,2818
6646,2818
6647,2819
6648,2820
6648,3980
6648,6076
6648,8200
6648,9141
6648,9241
6648,9787
6648,9883
6648,10161
6648,10507
6648,10656
6648,10757
6648,10775
6648,10932
6648,11321
6648,11924
6648,11943
6648,12004
6648,12851
6648,12948
6648,13566
6649,2820
6649,3380
6649,12981
6650,2821
6651,2821
6652,2821
6653,2821
6654,2821
6655,2822
6656,2823
6657,2825
6657,3452
6657,3563
6657,3671
6657,4006
6657,4863
6657,5812
6657,6514
6657,7211
6657,7352
6657,7450
6657,7593
6657,8618
6657,12405
6658,2826
6658,5900
6658,7146
6658,13671
6659,2826
6659,5900
6659,7146
6660,2826
6660,3027
6660,13671
6661,2826
6661,3027
6662,2827
6663,2827
6664,2828
6664,6021
6665,2830
6665,5468
6666,2830
6666,5468
6666,11762
6666,12830
6667,2830
6667,5468
6667,6590
6667,12830
6668,2830
6668,9678
6668,11087
6669,2833
6670,2833
6670,3850
6670,4742
6670,4757
6670,5003
6670,5345
6670,5407
6670,5701
6670,5865
6670,6305
6670,8203
6670,10156
6670,13349
6671,2833
6671,8203
6672,2835
6672,6685
6672,7199
6673,2835
6673,6685
6673,7192
6673,8757
6673,9349
6673,9435
6673,10093
6674,2836
6675,2836
6676,2836
6677,2836
6678,2836
6679,2836
6680,2836
6681,2837
6682,2837
6683,2838
6684,2838
6685,2839
6685,4898
6685,6973
6685,10874
6685,13153
6686,2839
6686,4898
6686,6904
6686,7204
6686,8722
6687,2841
6687,5991
6688,2841
6688,6446
6688,13699
6689,2841
6689,5991
6690,2842
6690,3265
6690,5647
6690,5772
6691,2844
6692,2844
6693,2844
6694,2844
6695,2844
6696,2845
6696,3345
6697,2845
6697,3345
6697,11163
6698,2846
6699,2846
6699,7173
6699,9605
6699,10265
6699,10748
6700,2846
6701,2847
6701,6487
6702,2847
6703,2848
6703,3267
6703,3291
6703,3900
6704,2850
6704,4035
6705,2850
6705,3565
6705,3976
6705,8021
6705,8163
6706,2851
6707,2851
6707,3535
6707,4875
6707,5093
6707,5735
6707,6042
6707,6274
6707,12462
6708,2851
6709,2852
6709,2998
6709,8256
6710,2853
6710,3611
6710,4202
6711,2853
6712,2854
6713,2856
6713,11134
6714,2857
6715,2857
6716,2858
6717,2859
6717,9828
6718,2859
6718,10962
6719,2860
6719,6550
6720,2861
6721,2861
6722,2861
6723,2861
6724,2862
6725,2863
6725,4967
6726,2864
6727,2864
6728,2864
6728,5720
6729,2864
6729,3502
6730,2865
6730,3787
6730,3832
6730,7073
6730,12886
6730,13404
6731,2865
6731,3787
6731,3832
6732,2865
6732,3832
6733,2865
6733,12886
6734,2865
6735,2866
6735,5043
6735,5435
6736,2866
6736,5435
6736,9118
6736,13452
6737,2867
6737,5709
6737,7011
6737,8890
6737,13691
6738,2867
6738,4474
6738,5709
6738,8672
6738,9316
6738,10981
6739,2867
6739,4474
6739,5709
6739,8672
6739,9187
6739,9316
6739,10981
6739,11057
6740,2867
6741,2869
6742,2869
6743,2869
6744,2870
6744,3208
6745,2870
6746,2870
6747,2870
6748,2871
6749,2872
6750,2872
6751,2872
6752,2873
6753,2874
6754,2874
6755,2875
6756,2876
6757,2876
6758,2877
6759,2877
6760,2877
6761,2878
6761,3454
6761,7414
6762,2878
6763,2879
6764,2879
6765,2879
6766,2879
6767,2879
6767,4000
6767,4549
6767,5797
6767,6762
6767,9569
6767,10760
6767,11158
6767,11954
6768,2880
6769,2880
6770,2880
6770,7531
6771,2881
6771,4689
6771,10936
6771,11093
6771,12748
6771,12868
6771,13673
6772,2882
6773,2883
6774,2883
6775,2883
6776,2884
6776,4922
6776,13304
6777,2885
6778,2886
6779,2887
6780,2887
6781,2887
6782,2889
6783,2889
6784,2889
6785,2890
6785,12006
6785,12365
6786,2890
6786,3476
6786,9540
6787,2891
6788,2893
6789,2893
6790,2894
6791,2894
6792,2896
6793,2896
6794,2896
6795,2896
6796,2897
6796,9871
6797,2897
6797,8524
6797,11830
6797,12894
6798,2897
6799,2897
6800,2898
6800,3413
6800,5249
6801,2898
6802,2899
6803,2899
6803,6922
6804,2899
6805,2899
6805,6960
6805,8365
6805,8381
6806,2900
6807,2900
6808,2901
6808,4182
6809,2901
6810,2902
6810,3209
6810,7284
6810,7690
6811,2902
6811,3209
6811,5788
6811,9164
6811,9444
6811,10255
6812,2902
6812,3209
6812,5788
6813,2903
6813,6542
6813,7166
6813,8549
6813,8704
6813,8772
6813,10829
6814,2904
6814,6122
6815,2904
6816,2904
6816,4000
6816,6122
6816,9702
6816,9823
6816,13012
6817,2905
6818,2905
6818,3860
6819,2906
6820,2906
6821,2907
6822,2907
6823,2909
6823,6631
6823,7899
6824,2909
6824,6631
6824,7899
6824,10835
6824,10837
6824,11842
6824,12509
6825,2911
6825,4476
6825,5830
6826,2911
6827,2912
6827,10312
6827,11106
6827,11616
6827,12879
6828,2913
6829,2914
6830,2914
6831,2914
6832,2915
6833,2915
6833,4926
6834,2915
6834,4926
6835,2916
6835,3883
6835,6417
6836,2916
6837,2917
6837,3631
6838,2918
6839,2918
6840,2918
6841,2918
6842,2918
6843,2918
6844,2918
6845,2918
6846,2918
6847,2919
6848,2920
6849,2921
6850,2921
6851,2922
6852,2922
6853,2922
6854,2922
6855,2922
6856,2923
6857,2924
6857,5088
6858,2924
6859,2924
6860,2924
6861,2925
6862,2925
6863,2927
6864,2927
6865,2927
6866,2927
6867,2928
6868,2928
6868,6716
6869,2929
6870,2929
6871,2932
6871,3876
6871,9022
6871,9056
6871,9590
6872,2934
6873,2934
6873,8326
6874,2934
6874,4699
6875,2935
6875,4387
6875,4903
6875,7979
6875,8134
6876,2935
6877,2937
6877,9554
6878,2937
6878,9554
6879,2937
6880,2938
6881,2938
6882,2938
6883,2939
6883,9573
6883,11145
6883,11582
6883,11873
6883,11892
6883,11962
6883,12000
6883,12961
6883,13111
6883,13341
6883,13365
6884,2939
6885,2939
6885,9661
6885,13111
6886,2939
6887,2940
6887,4583
6888,2940
6889,2941
6890,2941
6891,2942
6892,2942
6893,2943
6893,5005
6893,6069
6893,6072
6893,7286
6894,2943
6894,4499
6894,5005
6894,6069
6894,7286
6894,8736
6895,2944
6896,2945
6896,7892
6896,11983
6897,2945
6897,6609
6898,2946
6899,2948
6900,2948
6901,2948
6901,7321
6902,2948
6903,2949
6904,2949
6905,2949
6905,3100
6905,9473
6906,2949
6907,2950
6908,2950
6909,2950
6910,2951
6910,7982
6910,10213
6910,11872
6910,12667
6910,12758
6911,2951
6911,7249
6911,9506
6911,12123
6912,2951
6913,2951
6914,2951
6914,8308
6914,9841
6915,2952
6916,2952
6917,2952
6917,8204
6918,2952
6918,8204
6919,2952
6920,2955
6920,4712
6921,2955
6922,2957
6923,2957
6924,2957
6925,2957
6926,2957
6926,3715
6926,6227
6926,8093
6926,8884
6927,2957
6927,3715
6927,8093
6927,8884
6928,2958
6928,4113
6929,2960
6930,2960
6931,2961
6932,2963
6933,2963
6934,2963
6935,2965
6936,2966
6936,7002
6937,2966
6938,2967
6939,2967
6939,3386
6939,5235
6939,5907
6939,5909
6940,2967
6941,2967
6942,2967
6943,2972
6944,2972
6944,6294
6945,2973
6945,7086
6945,9024
6945,9636
6946,2973
6946,12236
6947,2973
6947,6377
6947,6706
6947,7086
6947,7924
6947,8825
6947,8876
6947,9922
6947,10240
6947,10645
6947,12391
6947,12434
6948,2975
6949,2975
6950,2977
6951,2977
6952,2977
6953,2978
6953,4965
6954,2980
6954,3523
6954,3970
6954,5807
6955,2981
6955,8184
6956,2981
6957,2981
6958,2982
6958,13027
6959,2982
6960,2982
6961,2983
6961,6383
6961,7302
6961,9497
6962,2983
6962,3416
6962,7879
6962,9289
6962,9497
6962,9666
6962,10808
6962,10822
6962,11033
6962,11137
6962,12746
6963,2984
6964,2984
6964,9357
6965,2984
6965,7917
6966,2984
6967,2984
6968,2984
6969,2984
6969,9357
6969,12170
6970,2985
6971,2985
6972,2986
6973,2986
6973,3268
6973,4069
6973,4917
6973,6010
6973,7687
6974,2988
6975,2989
6975,4240
6975,4887
6975,5317
6975,5574
6975,6458
6976,2990
6977,2991
6978,2991
6979,2991
6980,2992
6981,2992
6982,2992
6983,2993
6984,2994
6985,2995
6986,2995
6986,4130
6986,7861
6987,2995
6988,2995
6988,4130
6989,2996
6989,4351
6989,5071
6989,9314
6989,9353
6989,9355
6990,2997
6991,2997
6991,3750
6992,2997
6993,2997
6994,2999
6995,2999
6996,3003
6997,3004
6998,3004
6999,3004
7000,3005
7000,4157
7000,9577
7001,3005
7002,3005
7003,3005
7003,3368
7003,4157
7003,9577
7003,9780
7004,3005
7005,3006
7006,3006
7007,3006
7008,3006
7009,3007
7009,5016
7010,3007
7010,9733
7011,3008
7012,3009
7012,10012
7013,3010
7014,3010
7015,3012
7016,3012
7016,8265
7016,9550
7017,3013
7017,3330
7017,4901
7017,7627
7018,3013
7019,3014
7020,3014
7021,3014
7022,3014
7023,3015
7023,6715
7023,12358
7024,3015
7024,4030
7024,5626
7024,6715
7024,12358
7025,3015
7025,3795
7025,4030
7025,5626
7025,6715
7025,12358
7026,3016
7027,3017
7028,3017
7029,3018
7030,3018
7031,3018
7032,3019
7032,3856
7032,10418
7032,11809
7032,12527
7033,3021
7033,10672
7034,3021
7035,3021
7036,3021
7037,3021
7038,3022
7038,8102
7038,8335
7038,12882
7039,3022
7039,8102
7040,3022
7040,8102
7040,8335
7041,3023
7041,8317
7041,11010
7041,11319
7041,12675
7041,13166
7042,3024
7042,7704
7043,3024
7044,3024
7045,3026
7045,5425
7045,5507
7045,6318
7045,9493
7045,11151
7046,3026
7047,3027
7047,13671
7048,3028
7049,3029
7050,3029
7051,3030
7051,7592
7052,3030
7052,7592
7053,3031
7054,3033
7054,3608
7054,4021
7054,5577
7054,8393
7054,10626
7055,3033
7055,3608
7056,3035
7057,3035
7058,3035
7059,3037
7060,3037
7060,9622
7061,3037
7061,9622
7062,3038
7063,3039
7063,10743
7063,11376
7064,3041
7065,3041
7065,5473
7065,6706
7066,3042
7067,3042
7067,3746
7067,8559
7067,8612
7068,3042
7068,3433
7069,3043
7069,8212
7070,3044
7070,3099
7070,3743
7070,3752
7070,7217
7071,3045
7072,3045
7073,3046
7073,3777
7073,5038
7073,9806
7073,11434
7073,12986
7074,3046
7075,3049
7075,5532
7075,5558
7076,3050
7077,3050
7078,3051
7078,6757
7078,7116
7078,9618
7079,3051
7079,6757
7079,9618
7080,3052
7081,3052
7081,4455
7082,3052
7083,3052
7084,3052
7084,6445
7084,7717
7084,10224
7084,10628
7084,10716
7084,11403
7085,3053
7086,3053
7086,4137
7086,8749
7086,13119
7087,3053
7088,3053
7089,3053
7089,4045
7090,3054
7091,3054
7091,4508
7091,8217
7091,8386
7091,8519
7091,10215
7092,3055
7093,3055
7094,3055
7095,3056
7096,3056
7097,3058
7097,7394
7098,3058
7099,3058
7100,3059
7101,3061
7101,3913
7102,3062
7103,3062
7103,4549
7103,12091
7103,12321
7104,3062
7104,12150
7104,12972
7105,3063
7106,3063
7107,3064
7108,3065
7108,5040
7108,5109
7108,10614
7108,12017
7108,12430
7109,3066
7109,4500
7109,7066
7110,3067
7111,3067
7112,3068
7112,3690
7113,3068
7113,3690
7114,3069
7115,3069
7116,3070
7117,3070
7118,3070
7119,3072
7120,3072
7121,3074
7122,3074
7123,3075
7124,3075
7125,3076
7125,11838
7125,12222
7126,3077
7127,3077
7127,8663
7127,11753
7128,3078
7128,5380
7129,3079
7130,3080
7131,3080
7132,3080
7133,3081
7133,4904
7133,10824
7133,12806
7134,3081
7135,3081
7135,3691
7135,4371
7135,4904
7135,6471
7135,10824
7136,3083
7136,8620
7137,3083
7137,8620
7138,3083
7139,3085
7139,11430
7140,3086
7140,7044
7141,3086
7141,7044
7142,3087
7143,3087
7143,12437
7144,3087
7145,3088
7145,4516
7146,3088
7146,4516
7147,3089
7147,13413
7148,3090
7148,3751
7148,9853
7149,3091
7150,3091
7151,3091
7151,7067
7152,3092
7153,3092
7154,3093
7154,5212
7155,3093
7155,5212
7156,3093
7156,5212
7157,3094
7158,3094
7159,3094
7159,12440
7160,3095
7161,3096
7162,3096
7163,3098
7163,3695
7164,3100
7165,3101
7166,3102
7166,11011
7167,3102
7168,3103
7168,7248
7169,3103
7170,3103
7171,3104
7172,3104
7173,3105
7173,3347
7173,5804
7174,3105
7174,3347
7175,3105
7175,3347
7175,5804
7176,3105
7176,3347
7176,4072
7176,5804
7177,3106
7177,3800
7178,3106
7178,3800
7178,6233
7178,8981
7178,11681
7179,3106
7179,3800
7180,3107
7181,3107
7182,3108
7183,3110
7184,3110
7184,3882
7184,7319
7185,3110
7186,3112
7186,4962
7187,3112
7187,10999
7188,3112
7189,3113
7190,3114
7191,3114
7192,3115
7192,4600
7193,3115
7193,4600
7194,3117
7194,8369
7194,8641
7194,9779
7195,3119
7195,10572
7195,10876
7195,11982
7195,12327
7195,12721
7195,12930
7196,3119
7197,3119
7198,3119
7199,3121
7200,3122
7201,3122
7201,4613
7202,3122
7203,3123
7203,6369
7204,3123
7204,6369
7205,3123
7205,6369
7206,3123
7206,3300
7206,6369
7206,7983
7206,11517
7206,12313
7206,13181
7207,3124
7207,4851
7207,7641
7208,3124
7208,4851
7209,3125
7209,4784
7209,9731
7209,11292
7209,12164
7210,3125
7210,3338
7210,3516
7210,3640
7210,4784
7210,5907
7210,6964
7210,7297
7210,7331
7210,11008
7211,3126
7212,3126
7213,3126
7214,3126
7215,3127
7215,4454
7215,6646
7215,8025
7215,10542
7216,3127
7216,4454
7216,5728
7216,6617
7216,7591
7216,8284
7216,10552
7217,3127
7217,8284
7218,3128
7219,3128
7220,3129
7221,3130
7222,3130
7223,3131
7223,4782
7223,6545
7223,8063
7223,8315
7223,12214
7223,12374
7224,3131
7224,4782
7224,6545
7224,8063
7224,8315
7224,12214
7225,3131
7225,4782
7225,6545
7225,8063
7225,8315
7225,12214
7225,12374
7226,3132
7226,4610
7226,6074
7227,3134
7228,3134
7229,3135
7229,4378
7230,3135
7230,9690
7231,3135
7232,3136
7233,3139
7234,3141
7234,8293
7234,9676
7235,3141
7236,3142
7237,3143
7238,3143
7239,3143
7240,3143
7241,3144
7241,5172
7241,6589
7242,3145
7243,3146
7244,3146
7245,3148
7246,3148
7247,3148
7248,3149
7248,9293
7248,10445
7248,11755
7249,3151
7250,3151
7250,3676
7251,3151
7251,3676
7252,3151
7253,3151
7253,4181
7253,6175
7254,3151
7255,3151
7256,3151
7256,3676
7257,3151
7257,3676
7258,3151
7259,3151
7259,3676
7260,3151
7260,3676
7260,6267
7260,9191
7261,3151
7261,3676
7262,3151
7262,3676
7262,6267
7263,3151
7264,3151
7264,6267
7265,3151
7266,3151
7266,3676
7266,4279
7266,6267
7267,3151
7267,3676
7268,3151
7268,3676
7269,3152
7269,10964
7270,3153
7271,3153
7271,4575
7271,6248
7271,6261
7271,6756
7272,3153
7272,3318
7272,3426
7272,5237
7273,3154
7273,4693
7273,5939
7273,7609
7273,7709
7274,3155
7275,3156
7276,3156
7277,3157
7278,3157
7279,3157
7280,3158
7281,3159
7281,4369
7281,5112
7282,3161
7282,4969
7282,8069
7282,10529
7282,12538
7283,3161
7283,12582
7284,3162
7284,3802
7284,6515
7285,3163
7285,12239
7286,3167
7286,3589
7286,4357
7286,4685
7286,4754
7286,4757
7286,5407
7286,5775
7286,6162
7286,7156
7287,3168
7288,3168
7288,3190
7289,3168
7290,3170
7290,13070
7291,3170
7292,3170
7293,3170
7293,5463
7294,3171
7295,3172
7296,3173
7297,3174
7298,3174
7299,3174
7300,3174
7301,3174
7302,3174
7302,7928
7302,7999
7302,8029
7302,10579
7303,3174
7304,3174
7305,3174
7306,3176
7307,3176
7308,3178
7309,3179
7309,6422
7309,10748
7310,3180
7310,8085
7311,3181
7311,3822
7312,3181
7313,3181
7313,4283
7313,4563
7313,6738
7314,3182
7314,13653
7314,13678
7315,3183
7315,5640
7315,6640
7315,7272
7315,7405
7315,9393
7315,10545
7315,11374
7315,12028
7315,12054
7316,3185
7316,5766
7316,6366
7317,3186
7318,3186
7319,3187
7320,3187
7321,3188
7321,5424
7322,3189
7323,3189
7323,10677
7323,12774
7323,12791
7324,3189
7325,3189
7326,3189
7326,9746
7326,12774
7327,3190
7327,5475
7328,3191
7328,6151
7328,7544
7328,9060
7328,13122
7329,3191
7330,3192
7331,3192
7332,3192
7332,3525
7332,3885
7332,3910
7333,3194
7333,3489
7334,3194
7334,3489
7335,3194
7335,3489
7336,3194
7336,3489
7337,3195
7338,3196
7339,3196
7340,3198
7340,7087
7340,8108
7340,8583
7340,9546
7341,3199
7341,3378
7341,5686
7341,7569
7341,9784
7342,3199
7342,5686
7342,7569
7343,3199
7343,3239
7343,4756
7343,5686
7343,6665
7343,7498
7343,7569
7343,7958
7344,3199
7344,5686
7344,7569
7345,3201
7345,4235
7345,9530
7346,3202
7347,3202
7348,3203
7348,6457
7349,3204
7349,3960
7349,5337
7349,6548
7350,3204
7351,3205
7351,4570
7352,3206
7353,3207
7353,3881
7353,12382
7353,12469
7354,3207
7355,3208
7355,11111
7356,3208
7356,3513
7357,3212
7358,3213
7359,3214
7360,3216
7361,3216
7361,3848
7362,3217
7362,5890
7363,3217
7363,8090
7363,10985
7364,3217
7364,5890
7364,6496
7365,3218
7366,3219
7367,3220
7368,3220
7369,3221
7370,3221
7370,7986
7371,3222
7372,3222
7372,6521
7373,3222
7374,3222
7374,3902
7374,6521
7374,6697
7374,9960
7374,10055
7374,13465
7375,3222
7375,3902
7375,6521
7375,6697
7375,7902
7375,12356
7376,3223
7377,3223
7378,3223
7379,3223
7380,3223
7381,3223
7382,3223
7383,3223
7384,3225
7385,3225
7386,3225
7387,3225
7388,3225
7389,3225
7390,3225
7391,3226
7392,3226
7392,5703
7393,3227
7393,3717
7393,3847
7393,4166
7393,5215
7393,5730
7394,3228
7395,3228
7396,3228
7397,3228
7398,3229
7398,6107
7398,7419
7398,7530
7398,7554
7399,3230
7399,5918
7399,6109
7400,3231
7400,10896
7400,11083
7401,3231
7401,9560
7402,3232
7403,3232
7404,3232
7404,9638
7404,10925
7404,11001
7404,11717
7405,3233
7405,3616
7406,3233
7406,3616
7407,3233
7408,3234
7408,8133
7408,9328
7408,13434
7409,3234
7410,3234
7411,3234
7411,9328
7412,3234
7413,3234
7413,8133
7413,9328
7414,3235
7415,3235
7416,3236
7417,3236
7418,3236
7419,3236
7420,3237
7420,4200
7420,4582
7420,10685
7421,3238
7422,3239
7423,3239
7424,3239
7424,4756
7425,3239
7425,4756
7426,3240
7427,3240
7428,3240
7429,3241
7430,3242
7431,3243
7431,9369
7431,9636
7432,3243
7433,3243
7434,3246
7435,3246
7436,3247
7437,3247
7438,3247
7439,3247
7440,3247
7440,5063
7440,9231
7441,3248
7442,3249
7443,3249
7444,3249
7444,5459
7445,3250
7446,3250
7446,8403
7447,3250
7448,3250
7448,4028
7449,3251
7450,3251
7451,3252
7451,4217
7452,3253
7452,4208
7452,4317
7453,3253
7453,4208
7454,3253
7454,4208
7455,3254
7456,3254
7457,3255
7458,3255
7459,3256
7460,3256
7460,6156
7460,7059
7460,7708
7461,3258
7462,3258
7462,9640
7462,12593
7463,3260
7464,3260
7465,3261
7466,3262
7466,4640
7467,3263
7468,3263
7468,11265
7469,3263
7469,3744
7469,5765
7469,11265
7469,12946
7470,3263
7470,3744
7470,5765
7471,3264
7472,3264
7472,8082
7472,9225
7472,10491
7472,11082
7473,3264
7473,4852
7473,5696
7473,11880
7473,12785
7474,3265
7474,5772
7475,3266
7476,3266
7476,3666
7476,12764
7477,3266
7478,3267
7479,3268
7480,3269
7481,3269
7481,5904
7482,3269
7483,3270
7484,3270
7485,3270
7485,6446
7486,3270
7486,3380
7487,3272
7488,3272
7488,5313
7488,6188
7488,7986
7488,9148
7488,10855
7488,12297
7488,12375
7489,3272
7490,3272
7491,3273
7492,3273
7493,3273
7493,8778
7494,3273
7495,3273
7496,3273
7497,3274
7497,7882
7498,3275
7499,3275
7499,5945
7500,3277
7500,5990
7501,3277
7501,5990
7502,3277
7502,5990
7502,8203
7503,3277
7503,5990
7504,3277
7504,3559
7504,5990
7505,3278
7505,7189
7505,8515
7505,11841
7506,3279
7506,4758
7507,3280
7508,3281
7508,4260
7508,4793
7509,3281
7509,4260
7510,3282
7511,3283
7512,3283
7513,3284
7513,5583
7514,3285
7514,5264
7514,5282
7515,3286
7515,7151
7515,7884
7515,8216
7515,9204
7515,9226
7515,10150
7515,10157
7515,10272
7516,3286
7517,3288
7517,4981
7517,6386
7518,3288
7519,3288
7519,4903
7519,6386
7519,9801
7520,3289
7520,4140
7520,4464
7521,3289
7522,3289
7523,3289
7524,3289
7525,3293
7525,8960
7525,9051
7525,9549
7525,9667
7526,3293
7526,8960
7526,9051
7526,9549
7526,9667
7527,3293
7527,8960
7527,9051
7527,9667
7528,3294
7529,3294
7530,3294
7531,3294
7532,3295
7533,3295
7534,3295
7535,3296
7535,4971
7535,7185
7535,8221
7536,3297
7537,3297
7537,11085
7538,3297
7539,3298
7539,4862
7540,3298
7540,4862
7540,7251
7540,9424
7541,3299
7541,5461
7541,10514
7542,3299
7542,7501
7543,3299
7543,4187
7543,4249
7544,3299
7545,3300
7546,3300
7546,7983
7546,11517
7546,12313
7547,3300
7548,3301
7549,3301
7549,6736
7550,3301
7550,6736
7551,3301
7552,3302
7552,4107
7553,3303
7554,3305
7555,3305
7556,3306
7557,3306
7558,3306
7559,3306
7560,3306
7561,3308
7562,3309
7563,3309
7564,3309
7565,3310
7566,3310
7567,3310
7568,3310
7569,3310
7570,3311
7570,6016
7570,12424
7571,3312
7571,3640
7571,5590
7571,5907
7571,7660
7572,3312
7573,3312
7573,13690
7574,3312
7575,3313
7576,3313
7576,11097
7576,13508
7577,3313
7577,13148
7578,3313
7579,3314
7579,3335
7579,5039
7579,5735
7579,6083
7579,6533
7580,3314
7580,4108
7580,4810
7580,6533
7581,3315
7582,3315
7582,7986
7583,3315
7584,3315
7585,3316
7586,3316
7587,3318
7587,4269
7587,9715
7587,10919
7587,11161
7587,12833
7587,12986
7587,13044
7587,13173
7588,3318
7589,3319
7590,3320
7591,3321
7591,5335
7591,6952
7591,7371
7592,3322
7593,3322
7593,9696
7593,12348
7594,3323
7594,12752
7595,3323
7595,4080
7596,3325
7597,3326
7597,5839
7597,6673
7597,7010
7597,10504
7597,11262
7597,11312
7597,11318
7597,11868
7597,12085
7597,13571
7598,3326
7598,3824
7599,3326
7599,3824
7600,3327
7601,3327
7602,3328
7602,4142
7603,3329
7604,3329
7604,4523
7604,4538
7605,3329
7606,3330
7607,3331
7608,3331
7609,3332
7610,3333
7611,3333
7612,3334
7612,6176
7613,3334
7613,3370
7613,4179
7613,7464
7614,3334
7614,5430
7614,7983
7615,3334
7615,5430
7616,3335
7617,3335
7618,3336
7618,10566
7618,13634
7619,3336
7620,3337
7620,13662
7621,3337
7622,3337
7622,4055
7623,3338
7624,3338
7625,3338
7625,7331
7626,3339
7627,3340
7627,3437
7627,3481
7628,3341
7628,6881
7628,10256
7629,3341
7629,11367
7629,11861
7630,3341
7630,4691
7630,6048
7631,3341
7631,4691
7632,3341
7633,3342
7634,3342
7635,3345
7636,3345
7636,10031
7637,3345
7638,3345
7639,3345
7640,3348
7641,3348
7642,3348
7642,3650
7642,4416
7643,3349
7643,4085
7643,9924
7643,12203
7644,3349
7644,4085
7644,5207
7644,7700
7644,9456
7645,3349
7646,3350
7647,3350
7647,11996
7648,3350
7649,3352
7650,3353
7651,3355
7652,3356
7653,3356
7654,3356
7654,10065
7655,3356
7656,3356
7657,3357
7658,3358
7659,3358
7660,3358
7661,3360
7661,6128
7662,3361
7663,3361
7664,3361
7665,3362
7665,8659
7666,3362
7666,4828
7666,5070
7666,7942
7666,8753
7667,3362
7668,3363
7668,7459
7669,3364
7669,3931
7669,8136
7670,3366
7671,3366
7672,3366
7672,4544
7673,3366
7674,3367
7674,6762
7675,3367
7676,3368
7677,3369
7678,3369
7679,3370
7679,7464
7680,3370
7680,6100
7680,11281
7680,12183
7681,3371
7682,3371
7683,3371
7684,3371
7685,3372
7686,3372
7687,3372
7687,4756
7688,3372
7688,10814
7688,12051
7689,3373
7690,3373
7691,3375
7691,3539
7691,4299
7691,6605
7691,7308
7692,3375
7692,6605
7692,7308
7693,3375
7693,7457
7694,3376
7694,6376
7695,3377
7696,3377
7696,6490
7697,3377
7697,3566
7697,3700
7698,3378
7699,3379
7700,3379
7700,4468
7700,4752
7701,3379
7702,3379
7702,6609
7702,11041
7702,11690
7703,3380
7703,4801
7703,6076
7703,11992
7704,3380
7705,3381
7706,3381
7707,3381
7708,3381
7709,3382
7710,3382
7710,7439
7710,9009
7710,10179
7710,11505
7710,11508
7710,12095
7711,3383
7712,3383
7713,3383
7714,3384
7715,3384
7715,4694
7715,5746
7715,5764
7715,9812
7716,3384
7716,5746
7716,8975
7717,3384
7717,4694
7718,3384
7719,3385
7720,3385
7721,3385
7722,3386
7723,3386
7724,3387
7725,3387
7726,3387
7727,3387
7727,6966
7728,3387
7729,3388
7730,3389
7731,3390
7732,3390
7733,3390
7734,3390
7734,8787
7735,3393
7735,5040
7735,9197
7735,11855
7735,12022
7735,12172
7735,12400
7736,3395
7737,3395
7738,3397
7739,3397
7740,3397
7741,3398
7741,4272
7742,3398
7743,3398
7744,3398
7745,3399
7746,3399
7747,3400
7748,3402
7748,3495
7748,4319
7748,4727
7748,5447
7748,6019
7748,6268
7748,6352
7748,6531
7748,7517
7749,3402
7750,3402
7750,4725
7750,5486
7750,5762
7750,5799
7750,6268
7750,6352
7751,3402
7751,6268
7751,6352
7752,3402
7752,3495
7752,7517
7753,3402
7753,6268
7753,6352
7753,7191
7753,8185
7753,9417
7753,9452
7754,3402
7755,3402
7756,3403
7757,3404
7757,4932
7758,3405
7759,3405
7760,3406
7761,3406
7761,6630
7761,7968
7761,10146
7761,11953
7762,3407
7763,3407
7763,4221
7763,5064
7763,5390
7763,6431
7764,3408
7764,8561
7765,3409
7766,3410
7766,9141
7766,11638
7767,3411
7768,3411
7768,5979
7769,3412
7770,3412
7770,4546
7770,10431
7770,12300
7770,12937
7771,3414
7772,3414
7773,3414
7774,3416
7775,3418
7776,3419
7777,3419
7778,3420
7778,4313
7779,3420
7780,3420
7781,3420
7782,3420
7783,3420
7783,3775
7783,4313
7784,3420
7784,4313
7785,3421
7785,10168
7786,3422
7787,3422
7787,7466
7788,3422
7789,3423
7790,3423
7791,3424
7791,4517
7792,3425
7792,5531
7793,3425
7793,5095
7793,5531
7794,3425
7794,5095
7794,5531
7795,3428
7796,3429
7796,11343
7797,3429
7798,3430
7799,3430
7800,3431
7801,3433
7802,3433
7803,3433
7803,10211
7804,3434
7805,3435
7805,8394
7806,3436
7807,3436
7808,3436
7809,3437
7810,3438
7811,3438
7811,4906
7811,6332
7811,9539
7812,3439
7813,3440
7813,5828
7813,7266
7813,7434
7813,8991
7814,3440
7814,3442
7815,3440
7816,3441
7816,5349
7816,5666
7817,3442
7818,3442
7819,3443
7820,3443
7821,3443
7822,3444
7823,3444
7824,3444
7825,3445
7826,3445
7827,3445
7828,3445
7829,3445
7830,3449
7830,6341
7831,3450
7832,3450
7833,3450
7834,3450
7835,3451
7836,3451
7836,10826
7837,3451
7837,10826
7838,3452
7838,3563
7838,3671
7838,4006
7838,5061
7838,7211
7838,8618
7838,11930
7838,12405
7839,3452
7840,3452
7840,4145
7840,11070
7840,11170
7840,12988
7840,13638
7841,3453
7842,3453
7842,12716
7843,3453
7844,3453
7845,3454
7845,8196
7846,3455
7847,3456
7848,3456
7849,3457
7850,3457
7851,3457
7852,3458
7852,3952
7853,3458
7853,3952
7854,3459
7855,3460
7856,3460
7857,3461
7857,4638
7857,8601
7857,9724
7857,10169
7857,10216
7857,11133
7857,12564
7857,12583
7857,12941
7858,3462
7859,3462
7860,3462
7861,3463
7861,4278
7862,3464
7862,11020
7863,3465
7864,3465
7865,3466
7866,3466
7867,3466
7868,3467
7868,6280
7869,3467
7869,6280
7870,3467
7871,3469
7872,3469
7872,3691
7872,11241
7872,12832
7873,3471
7874,3471
7874,6911
7874,7058
7874,12137
7875,3472
7875,13141
7876,3472
7877,3473
7878,3474
7879,3475
7880,3475
7881,3476
7882,3477
7883,3477
7884,3478
7884,9717
7885,3478
7886,3478
7886,12415
7887,3480
7887,4808
7887,6960
7887,7137
7887,8365
7887,8381
7888,3480
7889,3480
7889,4808
7889,7137
7889,13631
7890,3480
7891,3481
7892,3481
7893,3481
7894,3481
7895,3481
7896,3481
7897,3482
7898,3483
7899,3483
7900,3483
7901,3483
7902,3484
7903,3486
7904,3486
7905,3486
7906,3486
7907,3487
7908,3487
7909,3490
7910,3490
7910,10846
7911,3490
7911,7077
7911,7768
7911,10846
7912,3491
7912,4978
7912,5598
7913,3492
7914,3492
7914,9077
7914,11934
7914,13682
7915,3492
7916,3492
7917,3492
7918,3493
7918,4347
7919,3493
7919,4347
7919,9763
7920,3493
7920,4347
7921,3494
7921,3718
7922,3494
7922,8678
7923,3496
7924,3497
7925,3499
7926,3499
7927,3499
7928,3500
7929,3500
7929,5301
7929,7254
7929,10879
7929,11880
7929,11981
7929,11993
7929,12103
7929,12369
7929,12945
7930,3500
7931,3501
7932,3501
7933,3502
7934,3503
7935,3505
7935,6294
7935,8156
7935,10906
7936,3505
7937,3505
7938,3506
7938,5276
7939,3507
7940,3509
7940,7396
7941,3510
7942,3510
7943,3512
7943,5853
7944,3513
7945,3513
7946,3514
7947,3514
7948,3515
7949,3515
7950,3516
7951,3516
7952,3516
7953,3516
7954,3517
7955,3517
7956,3517
7957,3518
7958,3521
7959,3522
7960,3522
7961,3522
7962,3522
7963,3525
7963,13018
7964,3525
7965,3526
7965,4663
7966,3526
7966,8936
7967,3526
7968,3526
7969,3526
7970,3527
7971,3527
7972,3527
7973,3527
7974,3527
7975,3528
7976,3528
7977,3528
7978,3529
7979,3529
7980,3529
7981,3530
7981,7426
7982,3530
7983,3530
7984,3530
7985,3530
7986,3530
7987,3530
7988,3530
7988,11841
7988,12132
7988,12516
7988,12982
7989,3531
7989,5034
7989,5831
7990,3533
7991,3533
7992,3534
7993,3534
7994,3534
7995,3536
7996,3537
7996,6120
7997,3537
7998,3537
7999,3538
8000,3538
8001,3538
8002,3539
8002,4695
8002,7516
8003,3540
8004,3540
8004,8058
8004,9498
8005,3540
8006,3542
8007,3542
8008,3543
8008,6443
8009,3544
8009,5062
8010,3544
8010,7886
8011,3545
8012,3545
8013,3545
8014,3546
8014,6408
8015,3547
8016,3547
8016,4587
8016,4611
8016,8099
8016,8233
8017,3547
8018,3548
8019,3548
8020,3549
8021,3549
8022,3550
8023,3550
8023,11878
8023,12435
8024,3550
8025,3551
8026,3553
8027,3553
8028,3554
8029,3554
8030,3554
8031,3554
8032,3554
8033,3555
8034,3555
8034,3617
8034,3845
8034,4197
8034,4324
8034,5347
8034,5381
8034,5453
8034,6057
8035,3556
8036,3558
8037,3558
8038,3559
8039,3559
8040,3560
8040,9370
8040,12571
8041,3560
8042,3560
8043,3560
8044,3560
8045,3561
8046,3562
8047,3564
8047,6692
8047,7965
8047,11245
8047,11350
8048,3566
8049,3567
8050,3568
8051,3568
8052,3568
8053,3570
8054,3571
8055,3572
8056,3573
8057,3574
8057,3896
8057,4969
8058,3574
8058,5549
8059,3575
8060,3577
8061,3577
8062,3577
8063,3577
8064,3577
8065,3578
8066,3578
8067,3578
8068,3579
8069,3579
8070,3579
8070,6961
8070,8083
8070,9603
8071,3579
8072,3580
8072,5925
8072,6475
8073,3580
8073,5925
8073,6475
8074,3580
8074,5925
8074,6475
8075,3581
8075,11699
8076,3581
8077,3582
8078,3582
8078,6266
8078,8955
8079,3582
8079,6266
8079,8441
8080,3582
8081,3582
8082,3585
8083,3586
8084,3586
8085,3586
8086,3587
8087,3587
8088,3587
8089,3587
8090,3588
8090,5351
8091,3588
8091,5351
8092,3589
8092,6162
8093,3590
8094,3590
8095,3592
8095,8375
8096,3592
8097,3593
8097,5668
8097,8206
8098,3593
8098,5683
8099,3594
8100,3596
8101,3596
8102,3596
8102,5321
8103,3596
8104,3596
8104,5321
8105,3596
8106,3597
8107,3597
8108,3599
8109,3599
8110,3599
8111,3600
8112,3601
8113,3601
8114,3602
8115,3602
8116,3602
8117,3603
8118,3605
8118,4745
8118,5074
8119,3606
8120,3607
8121,3608
8121,4417
8122,3609
8122,3912
8122,4668
8122,4935
8122,5042
8123,3609
8123,4007
8123,4935
8123,5042
8124,3612
8125,3613
8126,3613
8127,3613
8128,3616
8129,3616
8130,3617
8130,4243
8130,5186
8130,10908
8131,3617
8131,5381
8131,5834
8131,10987
8132,3618
8133,3619
8134,3620
8134,6661
8134,10136
8134,11088
8135,3621
8136,3621
8137,3622
8138,3622
8138,8509
8139,3623
8139,6440
8140,3623
8141,3623
8142,3623
8143,3625
8144,3626
8144,9082
8145,3628
8145,4115
8146,3629
8147,3629
8148,3630
8149,3632
8150,3633
8150,5710
8151,3634
8152,3634
8152,5838
8153,3634
8153,5838
8153,10470
8154,3637
8154,6374
8155,3637
8156,3638
8157,3639
8157,4279
8157,6175
8157,8112
8158,3639
8158,4279
8158,6175
8159,3641
8159,8300
8160,3641
8161,3641
8162,3641
8162,4655
8162,7716
8162,7732
8163,3641
8164,3642
8165,3642
8166,3642
8167,3642
8167,9740
8168,3642
8168,12702
8169,3643
8169,8098
8169,8292
8169,8363
8169,8434
8170,3643
8170,8098
8170,8292
8170,8363
8170,8434
8170,10672
8170,13372
8171,3643
8171,8098
8171,8292
8171,8363
8171,8434
8172,3643
8172,8098
8172,8292
8172,8363
8172,8434
8173,3643
8173,8098
8173,8292
8173,8363
8173,8434
8174,3644
8174,4595
8174,7512
8175,3644
8175,6619
8175,9907
8176,3644
8177,3644
8177,7190
8177,7251
8178,3644
8178,4424
8178,4595
8178,6619
8178,7206
8178,7234
8178,7251
8178,7512
8178,9153
8178,9424
8178,9907
8178,9967
8178,10633
8178,10654
8178,10693
8178,10695
8178,11798
8178,12334
8178,12345
8178,12642
8178,12648
8178,13451
8178,13519
8178,13524
8179,3645
8180,3646
8181,3646
8182,3648
8182,5664
8183,3648
8183,5664
8183,6717
8183,11053
8183,13554
8184,3649
8185,3649
8186,3650
8187,3650
8188,3650
8188,4416
8189,3650
8190,3654
8190,4719
8191,3654
8191,4719
8192,3655
8193,3656
8193,6862
8194,3656
8194,6862
8195,3656
8195,6862
8196,3656
8197,3656
8197,6862
8198,3657
8199,3657
8199,12993
8200,3658
8200,7165
8200,11169
8201,3658
8201,7165
8202,3659
8203,3661
8204,3661
8205,3661
8206,3663
8206,7177
8206,8607
8206,9373
8206,9486
8206,10599
8206,11886
8206,13555
8207,3664
8208,3664
8208,3692
8208,6740
8208,7218
8208,8558
8208,10162
8208,13147
8209,3665
8210,3665
8211,3666
8212,3667
8213,3668
8213,6504
8214,3668
8215,3668
8216,3669
8217,3669
8218,3669
8219,3670
8219,7526
8220,3670
8220,6466
8221,3671
8221,12405
8221,13528
8222,3672
8223,3672
8224,3672
8225,3672
8226,3672
8227,3672
8228,3672
8229,3672
8230,3673
8231,3675
8232,3675
8233,3676
8233,9191
8234,3676
8235,3676
8236,3676
8237,3676
8238,3676
8239,3677
8240,3677
8240,3816
8241,3679
8242,3680
8242,4403
8242,6216
8242,9826
8242,10889
8242,12576
8243,3681
8244,3681
8244,4534
8244,6078
8245,3682
8246,3682
8246,7974
8247,3685
8248,3686
8248,5346
8248,6044
8249,3686
8249,5346
8250,3686
8250,5346
8251,3687
8251,12779
8252,3687
8252,5479
8252,12779
8253,3690
8254,3691
8255,3691
8255,5290
8256,3694
8257,3694
8258,3694
8259,3695
8260,3696
8261,3697
8261,4721
8262,3697
8262,4721
8263,3697
8263,13512
8264,3697
8265,3698
8266,3700
8267,3700
8267,3941
8268,3701
8269,3701
8270,3701
8271,3701
8272,3703
8272,4288
8272,5641
8273,3705
8273,13387
8273,13450
8274,3706
8275,3707
8276,3708
8277,3709
8278,3709
8279,3709
8280,3710
8281,3710
8282,3711
8283,3711
8283,5134
8283,5473
8284,3712
8285,3712
8286,3713
8287,3714
8288,3715
8289,3715
8290,3719
8291,3719
8292,3720
8293,3720
8294,3720
8295,3720
8296,3721
8297,3722
8298,3722
8299,3722
8300,3723
8301,3724
8301,8073
8301,11141
8301,13152
8302,3724
8302,8073
8303,3725
8303,4503
8304,3726
8304,4871
8305,3726
8306,3726
8306,4871
8306,5695
8307,3727
8308,3727
8309,3727
8310,3728
8311,3728
8312,3729
8313,3729
8314,3729
8314,7500
8314,8123
8314,11846
8315,3730
8315,5028
8316,3731
8316,7220
8316,8640
8317,3731
8318,3732
8319,3734
8319,4314
8320,3735
8320,4419
8320,4775
8320,4862
8321,3735
8321,7265
8321,8954
8321,10293
8322,3736
8323,3736
8323,13592
8324,3737
8325,3737
8326,3737
8326,4989
8327,3737
8327,4989
8327,5277
8327,6095
8327,9139
8328,3738
8329,3738
8330,3739
8330,5750
8331,3739
8332,3742
8333,3742
8334,3742
8335,3742
8336,3742
8337,3742
8338,3744
8339,3744
8340,3746
8341,3747
8342,3747
8343,3747
8344,3747
8345,3747
8346,3747
8347,3748
8348,3748
8349,3749
8349,10229
8349,11055
8350,3749
8350,5467
8350,10970
8350,11055
8351,3750
8351,4845
8351,6579
8352,3751
8353,3751
8354,3752
8355,3753
8356,3753
8357,3754
8358,3754
8359,3755
8359,13652
8359,13655
8360,3755
8360,13652
8360,13655
8361,3755
8362,3756
8363,3756
8364,3757
8365,3757
8365,10958
8366,3757
8367,3759
8368,3760
8369,3760
8370,3760
8370,8296
8371,3762
8372,3763
8373,3764
8374,3764
8375,3764
8376,3764
8377,3765
8378,3766
8378,4364
8378,6007
8378,8331
8378,9591
8378,10154
8379,3768
8379,4448
8380,3769
8381,3769
8382,3769
8383,3772
8384,3772
8384,3865
8384,10751
8384,13401
8385,3773
8386,3773
8386,6370
8387,3773
8388,3774
8388,3864
8388,5560
8388,12840
8389,3774
8390,3774
8391,3774
8391,3864
8391,5560
8391,12840
8392,3774
8393,3775
8394,3775
8395,3776
8396,3776
8397,3776
8398,3777
8398,6119
8399,3778
8400,3778
8401,3779
8402,3779
8402,3905
8403,3779
8403,6143
8404,3783
8405,3784
8405,4104
8405,4613
8405,6736
8406,3785
8407,3785
8407,10460
8408,3785
8408,10460
8409,3785
8409,10460
8410,3785
8411,3785
8412,3786
8412,10111
8413,3786
8414,3786
8415,3787
8416,3787
8417,3787
8417,4221
8417,4295
8417,6407
8418,3787
8419,3788
8420,3788
8420,4576
8420,10882
8421,3788
8421,4576
8421,10882
8422,3790
8422,6747
8422,11080
8422,11391
8423,3791
8424,3791
8424,5907
8424,6394
8424,6482
8424,8007
8424,9404
8425,3791
8425,6482
8425,6937
8425,7489
8425,7964
8425,9454
8426,3792
8427,3793
8428,3793
8429,3793
8430,3793
8431,3795
8432,3795
8433,3796
8433,4718
8433,5595
8433,9371
8434,3796
8434,4718
8435,3797
8436,3797
8437,3798
8437,8328
8438,3798
8438,8328
8438,12773
8439,3798
8440,3799
8441,3799
8442,3799
8442,6803
8442,11911
8442,12361
8443,3802
8443,5883
8444,3806
8444,4562
8445,3807
8446,3807
8446,7585
8447,3807
8447,7585
8448,3807
8449,3809
8450,3811
8451,3812
8452,3812
8453,3813
8453,5271
8453,5364
8454,3813
8454,5271
8454,5364
8454,5518
8454,6256
8454,6600
8454,7987
8454,9123
8454,10135
8454,10477
8454,10714
8454,11183
8455,3813
8455,5364
8455,10477
8455,10714
8455,11183
8455,11820
8455,13072
8456,3813
8457,3814
8457,4075
8457,5643
8457,6421
8457,6749
8457,9143
8457,9375
8457,9515
8457,10312
8457,10739
8457,11616
8457,12055
8457,12255
8457,12548
8458,3814
8459,3814
8460,3814
8460,5643
8460,7062
8460,7578
8460,13616
8461,3815
8461,5773
8462,3817
8463,3818
8463,5557
8463,5988
8463,9411
8463,10116
8463,10739
8463,11135
8463,11414
8463,12153
8463,12691
8464,3818
8464,4853
8464,5103
8464,5557
8464,5608
8464,6490
8464,7159
8464,7886
8464,9604
8464,11135
8464,11414
8464,12153
8465,3819
8466,3819
8466,5208
8467,3820
8467,4654
8467,5811
8467,7027
8467,7034
8467,7043
8467,9949
8467,13267
8468,3820
8469,3821
8470,3821
8471,3821
8472,3822
8472,5047
8472,5140
8472,5498
8472,6339
8472,7070
8472,7180
8473,3822
8474,3823
8474,5785
8474,7369
8475,3825
8476,3825
8476,4161
8477,3826
8477,5851
8478,3827
8479,3827
8480,3827
8481,3828
8482,3828
8482,6557
8482,10947
8483,3829
8483,9337
8484,3829
8484,7176
8484,9337
8485,3829
8485,5258
8485,7176
8485,9337
8486,3830
8487,3830
8487,5305
8487,6780
8487,7685
8487,8870
8488,3830
8489,3831
8489,5951
8489,8988
8489,9237
8490,3832
8491,3834
8491,6977
8491,7960
8492,3834
8493,3834
8494,3834
8494,6107
8494,7960
8494,9372
8495,3835
8496,3836
8497,3836
8498,3836
8499,3837
8500,3840
8501,3841
8502,3841
8502,3872
8502,8964
8503,3842
8504,3842
8505,3843
8505,8637
8505,13053
8506,3845
8506,5453
8506,6099
8506,10987
8507,3846
8508,3848
8509,3848
8509,8251
8509,10851
8510,3848
8511,3849
8512,3849
8512,6802
8512,9192
8513,3850
8513,5003
8513,5627
8513,5701
8513,5766
8513,6305
8513,6363
8514,3851
8515,3852
8516,3852
8516,5175
8517,3853
8518,3854
8519,3854
8520,3854
8521,3854
8522,3855
8523,3856
8524,3856
8524,4298
8524,12653
8525,3857
8526,3858
8526,5120
8526,5733
8527,3860
8528,3861
8528,4599
8528,7612
8528,8226
8528,12655
8529,3861
8529,7612
8530,3863
8530,11609
8531,3865
8532,3865
8533,3865
8534,3865
8535,3866
8536,3867
8537,3868
8538,3868
8539,3868
8540,3868
8541,3868
8542,3871
8543,3872
8543,8964
8544,3876
8544,4343
8544,9022
8545,3877
8545,8766
8545,8924
8546,3877
8546,8546
8547,3877
8547,8571
8548,3877
8549,3878
8550,3878
8550,4253
8550,6153
8550,7945
8550,8001
8550,8130
8550,8995
8550,9769
8550,10251
8550,12153
8550,12365
8550,12512
8551,3879
8551,12203
8552,3882
8552,6707
8553,3883
8553,5824
8553,7189
8553,8809
8553,10301
8553,12268
8554,3883
8555,3884
8555,4606
8555,6568
8556,3884
8556,6568
8557,3885
8558,3886
8559,3886
8560,3886
8561,3886
8561,5412
8562,3887
8562,5357
8563,3887
8563,4001
8564,3888
8564,5050
8565,3890
8565,7429
8565,7905
8565,8068
8565,8759
8565,9162
8565,9735
8565,10534
8566,3890
8567,3891
8568,3892
8569,3892
8570,3892
8571,3892
8572,3893
8572,8642
8572,8852
8572,12341
8573,3894
8574,3894
8575,3894
8575,6642
8575,7880
8575,9179
8576,3895
8577,3895
8578,3895
8579,3897
8580,3898
8581,3898
8581,4035
8582,3898
8583,3899
8584,3899
8585,3900
8586,3901
8587,3901
8588,3904
8588,4744
8589,3904
8589,12128
8590,3907
8591,3907
8591,4023
8591,7501
8592,3907
8592,4239
8592,4890
8592,5290
8593,3909
8593,4750
8593,7509
8593,8254
8594,3910
8595,3911
8596,3912
8597,3913
8597,4118
8598,3914
8599,3914
8600,3914
8601,3915
8602,3915
8603,3916
8604,3916
8605,3918
8606,3918
8607,3919
8607,4480
8608,3919
8609,3919
8610,3919
8610,4480
8611,3919
8612,3920
8613,3921
8614,3922
8614,7376
8615,3922
8615,7376
8616,3924
8617,3924
8618,3924
8619,3925
8619,5425
8619,8956
8619,9534
8619,9842
8619,10226
8620,3926
8620,10853
8621,3926
8621,10853
8622,3926
8622,5262
8623,3926
8624,3926
8624,5262
8625,3927
8626,3927
8627,3928
8627,6804
8627,10075
8627,10108
8627,10115
8627,11559
8627,13247
8628,3928
8629,3928
8630,3928
8630,6804
8630,10115
8631,3928
8632,3928
8633,3929
8633,5692
8634,3929
8634,7634
8635,3929
8635,5692
8636,3930
8637,3930
8637,9708
8637,10810
8638,3931
8638,9047
8639,3933
8640,3934
8641,3934
8642,3934
8642,7582
8643,3934
8644,3934
8645,3935
8646,3936
8647,3937
8648,3937
8649,3937
8650,3937
8651,3937
8652,3937
8653,3938
8654,3938
8655,3939
8656,3939
8657,3941
8657,5461
8657,9591
8658,3943
8659,3944
8659,4920
8659,9172
8660,3944
8660,4920
8660,9552
8661,3945
8662,3945
8663,3945
8664,3945
8665,3946
8666,3946
8667,3947
8668,3947
8669,3947
8670,3948
8671,3948
8672,3949
8673,3950
8674,3950
8674,10562
8675,3952
8676,3953
8676,9221
8677,3953
8677,9221
8678,3954
8678,4031
8679,3955
8680,3955
8680,10085
8681,3956
8682,3956
8683,3956
8683,5385
8684,3957
8685,3957
8686,3957
8687,3957
8688,3957
8689,3958
8690,3959
8691,3959
8692,3960
8693,3960
8693,10250
8694,3960
8694,7379
8694,8040
8695,3961
8696,3961
8697,3962
8698,3963
8699,3963
8700,3963
8701,3963
8702,3963
8703,3963
8704,3963
8705,3963
8705,5948
8706,3963
8706,9473
8707,3965
8708,3965
8708,5792
8709,3966
8710,3966
8710,9224
8711,3967
8712,3967
8713,3967
8714,3967
8715,3967
8715,5575
8715,8166
8716,3968
8716,4285
8717,3968
8718,3969
8718,7236
8718,10570
8719,3971
8720,3971
8721,3971
8722,3971
8723,3971
8724,3971
8725,3971
8726,3972
8726,5202
8727,3972
8727,5202
8728,3972
8729,3972
8730,3972
8731,3973
8732,3975
8732,5052
8733,3975
8733,10618
8733,12351
8734,3975
8735,3976
8736,3976
8737,3976
8738,3977
8738,5353
8738,13700
8739,3979
8740,3979
8741,3979
8742,3980
8742,9787
8742,10757
8742,12686
8743,3984
8744,3985
8745,3985
8746,3986
8747,3986
8748,3987
8748,4987
8749,3987
8749,4987
8750,3988
8751,3988
8752,3988
8753,3991
8754,3991
8754,7244
8754,8049
8754,8064
8754,9311
8754,9540
8754,10496
8754,10568
8754,10690
8754,10732
8754,10904
8755,3992
8756,3992
8756,4074
8756,4774
8756,4788
8756,4968
8756,7442
8756,7558
8756,8024
8756,9646
8756,12333
8757,3994
8757,4160
8757,4386
8757,4622
8757,11094
8757,11105
8758,3994
8758,4160
8759,3995
8760,3997
8761,3997
8762,3998
8763,3998
8764,3998
8765,3998
8766,3999
8766,4521
8766,6740
8767,3999
8768,4000
8768,10760
8769,4000
8770,4001
8770,6241
8770,10568
8770,10904
8770,11821
8770,13113
8770,13561
8770,13568
8771,4001
8771,6241
8771,8786
8771,9587
8771,10214
8771,10904
8771,12034
8772,4001
8773,4002
8773,5313
8773,7666
8774,4002
8775,4003
8776,4004
8776,5846
8777,4004
8777,5402
8777,5846
8777,6143
8777,9490
8778,4006
8779,4008
8780,4008
8781,4008
8782,4008
8782,9027
8783,4012
8784,4012
8785,4012
8786,4013
8786,4037
8786,12694
8786,13397
8787,4013
8787,4037
8787,7029
8788,4014
8788,4430
8788,5603
8788,6340
8788,7672
8789,4014
8789,4430
8789,4704
8790,4015
8791,4017
8792,4018
8792,4804
8792,5056
8792,5526
8793,4019
8793,5041
8794,4020
8794,4928
8795,4020
8795,4928
8796,4020
8797,4021
8798,4022
8799,4023
8799,9133
8800,4023
8801,4025
8802,4025
8803,4025
8804,4025
8805,4026
8806,4026
8807,4026
8808,4026
8809,4026
8810,4026
8810,9573
8811,4027
8811,5913
8812,4028
8813,4029
8814,4029
8815,4030
8816,4032
8816,8295
8816,9330
8816,10449
8817,4032
8818,4033
8819,4033
8819,5802
8820,4034
8821,4035
8822,4036
8822,5195
8823,4036
8824,4037
8824,8627
8824,8913
8824,9962
8825,4037
8826,4039
8826,7776
8827,4039
8827,6764
8827,7134
8827,8262
8827,10165
8827,13334
8828,4039
8828,10924
8829,4040
8830,4040
8830,4226
8830,4459
8830,8498
8830,9086
8830,12223
8831,4041
8832,4041
8833,4042
8834,4042
8835,4042
8836,4042
8837,4045
8838,4046
8839,4046
8840,4046
8841,4046
8842,4046
8843,4047
8844,4047
8845,4048
8845,6111
8845,6644
8845,7372
8846,4048
8846,6111
8847,4049
8847,7637
8847,7950
8847,12236
8848,4050
8848,4772
8849,4050
8850,4050
8851,4050
8851,4772
8852,4050
8853,4051
8854,4051
8855,4051
8855,4661
8856,4052
8857,4052
8858,4052
8859,4053
8860,4053
8861,4054
8861,5037
8861,5894
8861,6482
8861,7539
8862,4056
8863,4057
8863,4859
8863,5183
8864,4057
8864,4290
8864,4859
8864,5689
8865,4058
8866,4058
8867,4058
8868,4058
8869,4058
8870,4058
8871,4058
8872,4058
8872,8111
8872,12967
8873,4058
8874,4058
8875,4058
8876,4058
8877,4059
8877,4788
8877,4968
8877,5461
8878,4059
8879,4059
8880,4060
8881,4060
8882,4061
8883,4062
8884,4063
8885,4063
8885,5035
8886,4063
8886,5035
8887,4065
8888,4065
8888,4562
8889,4065
8890,4066
8891,4067
8892,4067
8893,4068
8894,4069
8894,6010
8895,4069
8895,7687
8896,4070
8896,6912
8897,4071
8897,4880
8898,4071
8898,5382
8898,5761
8898,6230
8898,8477
8899,4072
8900,4072
8901,4072
8902,4074
8902,4788
8902,9646
8903,4074
8904,4076
8905,4076
8906,4076
8907,4076
8907,11591
8908,4076
8908,5458
8909,4077
8909,6038
8909,7890
8909,8341
8909,8523
8909,12710
8910,4079
8911,4080
8912,4080
8913,4081
8914,4083
8915,4083
8916,4083
8917,4083
8918,4084
8919,4084
8920,4084
8921,4084
8922,4084
8923,4085
8924,4085
8925,4085
8926,4085
8927,4086
8927,4382
8927,5332
8927,5467
8927,5766
8927,6138
8927,8174
8927,8401
8927,8856
8927,8968
8927,9151
8927,9504
8927,10121
8927,10768
8927,13363
8928,4086
8929,4086
8930,4088
8931,4088
8932,4089
8933,4089
8933,4574
8933,5694
8933,5843
8933,6096
8933,7876
8934,4089
8935,4090
8936,4090
8937,4091
8938,4091
8939,4092
8940,4092
8941,4093
8941,4875
8941,5168
8941,6051
8942,4094
8943,4094
8944,4094
8945,4095
8946,4095
8947,4095
8948,4096
8948,6252
8949,4098
8950,4098
8951,4100
8951,6647
8951,7413
8952,4102
8952,5532
8952,7337
8953,4102
8954,4104
8955,4108
8956,4109
8956,5003
8956,5637
8957,4110
8958,4110
8959,4110
8960,4110
8961,4111
8962,4114
8963,4116
8963,10947
8964,4116
8965,4116
8966,4116
8967,4119
8967,5550
8968,4119
8968,5550
8969,4119
8969,5550
8970,4120
8970,4217
8970,5077
8970,5402
8970,6243
8970,8071
8970,9490
8970,9493
8970,9494
8970,10227
8970,11146
8970,11151
8970,11556
8971,4120
8972,4120
8972,4984
8973,4121
8973,9681
8974,4121
8975,4121
8976,4121
8976,4941
8976,6529
8976,9681
8977,4122
8978,4123
8979,4123
8980,4124
8980,5874
8981,4124
8981,5874
8982,4125
8982,12768
8983,4125
8984,4125
8985,4125
8986,4125
8986,13667
8987,4125
8988,4127
8989,4127
8990,4128
8991,4128
8992,4128
8993,4128
8994,4129
8995,4129
8996,4129
8997,4129
8998,4130
8999,4131
9000,4131
9001,4131
9001,5635
9001,6444
9001,11993
9001,12369
9002,4134
9002,4895
9002,6084
9002,6404
9003,4135
9004,4135
9005,4136
9005,6728
9006,4137
9007,4137
9008,4138
9009,4139
9009,4319
9009,5505
9009,6720
9009,6869
9010,4139
9010,4222
9011,4139
9011,4222
9011,9706
9011,12766
9012,4141
9013,4141
9014,4141
9015,4143
9016,4143
9017,4143
9018,4144
9019,4145
9020,4145
9021,4146
9022,4147
9023,4147
9023,8548
9024,4147
9025,4148
9026,4148
9027,4148
9028,4148
9029,4148
9030,4149
9031,4149
9032,4149
9032,7977
9033,4151
9034,4151
9034,6469
9035,4152
9036,4153
9037,4153
9037,4706
9037,6187
9038,4154
9039,4154
9040,4154
9041,4155
9041,9730
9041,11043
9041,11679
9041,11825
9042,4155
9042,9730
9042,11043
9043,4155
9043,4568
9044,4155
9044,4568
9045,4157
9046,4158
9047,4158
9048,4158
9049,4159
9050,4161
9051,4161
9052,4161
9053,4162
9054,4163
9054,6227
9054,6350
9054,7713
9054,10024
9055,4163
9055,6227
9056,4163
9057,4163
9057,6350
9058,4164
9058,7200
9058,10123
9059,4164
9059,5779
9059,6013
9059,7200
9059,11240
9059,13233
9060,4167
9060,8190
9061,4168
9061,5791
9061,6875
9062,4169
9062,4485
9063,4170
9064,4170
9065,4170
9066,4171
9067,4171
9068,4171
9069,4171
9069,12854
9069,13301
9070,4172
9071,4172
9071,4747
9071,8605
9071,8785
9071,9804
9071,9843
9071,10140
9071,10931
9071,11070
9071,11356
9071,11390
9072,4172
9072,4747
9073,4173
9073,6402
9073,12155
9074,4173
9075,4173
9075,6402
9076,4173
9076,6402
9077,4174
9078,4175
9078,4931
9079,4176
9079,6518
9079,6781
9079,6919
9079,8075
9079,10573
9080,4177
9081,4177
9082,4178
9083,4179
9084,4181
9084,7260
9085,4181
9086,4181
9087,4181
9088,4181
9089,4182
9090,4182
9091,4183
9092,4184
9093,4185
9094,4187
9094,7743
9094,8205
9094,8357
9094,12471
9095,4188
9096,4189
9097,4189
9098,4189
9099,4190
9100,4190
9101,4190
9102,4190
9103,4191
9103,11218
9103,11792
9104,4191
9105,4191
9106,4192
9107,4192
9108,4193
9108,8808
9108,11443
9109,4193
9110,4194
9110,5905
9111,4195
9112,4195
9113,4195
9114,4195
9114,8866
9114,9880
9114,10042
9115,4196
9116,4197
9117,4198
9117,5243
9117,7230
9118,4199
9118,12446
9119,4199
9120,4199
9121,4200
9122,4200
9122,9571
9123,4201
9123,7253
9123,9863
9124,4201
9125,4202
9126,4203
9127,4203
9128,4203
9129,4204
9130,4204
9131,4205
9132,4206
9133,4207
9134,4208
9135,4210
9136,4210
9136,10471
9136,12257
9137,4210
9138,4212
9139,4213
9139,6028
9139,12006
9140,4213
9141,4214
9141,5741
9142,4215
9143,4216
9143,5010
9143,7486
9143,8367
9143,9500
9144,4216
9145,4219
9145,4774
9145,5438
9145,7209
9145,7349
9145,7558
9145,9479
9146,4219
9146,7108
9147,4219
9148,4219
9149,4219
9150,4219
9151,4220
9152,4221
9152,4295
9152,5064
9152,6431
9152,7073
9152,11934
9153,4221
9154,4222
9155,4222
9155,11317
9156,4224
9157,4224
9158,4225
9159,4225
9160,4225
9161,4225
9161,9967
9162,4225
9163,4227
9163,8175
9163,8390
9163,10943
9164,4227
9164,8175
9164,8323
9164,8330
9164,8390
9164,10943
9165,4228
9166,4228
9167,4230
9168,4230
9169,4230
9170,4232
9171,4233
9172,4234
9173,4234
9174,4234
9175,4235
9175,7171
9176,4238
9177,4238
9177,5813
9178,4239
9179,4239
9180,4240
9180,5317
9180,5422
9180,5574
9180,6458
9180,7923
9180,8796
9180,12453
9181,4240
9181,6458
9182,4240
9182,4533
9182,5317
9182,5574
9182,6458
9182,8045
9182,9407
9182,12134
9182,12486
9183,4241
9184,4242
9185,4242
9185,4966
9186,4242
9186,4966
9187,4242
9188,4243
9189,4243
9190,4243
9191,4244
9191,4856
9192,4244
9192,4774
9192,4788
9192,4813
9192,4856
9192,7558
9192,10850
9192,13012
9193,4244
9194,4246
9195,4247
9196,4248
9197,4248
9198,4250
9199,4251
9200,4252
9201,4253
9201,7131
9201,13651
9202,4254
9202,7068
9202,8355
9203,4254
9204,4254
9204,8355
9205,4254
9206,4256
9206,4333
9206,6913
9206,7770
9206,8088
9207,4256
9208,4257
9208,6979
9208,8568
9208,9028
9208,9934
9209,4257
9209,4353
9209,5655
9209,6836
9209,6933
9209,8461
9209,8499
9209,8676
9209,9028
9209,9934
9210,4259
9210,5051
9210,5178
9210,5334
9210,5966
9210,6260
9211,4259
9211,4824
9211,9855
9212,4261
9213,4262
9213,7310
9213,7648
9213,9867
9214,4265
9215,4265
9216,4265
9216,6920
9217,4265
9218,4265
9219,4266
9219,4878
9220,4266
9221,4266
9222,4268
9222,13014
9223,4268
9223,11063
9224,4268
9225,4269
9226,4269
9226,9495
9227,4269
9228,4269
9228,9495
9228,9961
9228,10807
9228,10915
9228,11539
9228,11989
9229,4270
9230,4271
9231,4271
9232,4271
9233,4271
9234,4272
9235,4272
9236,4273
9237,4275
9237,6191
9238,4275
9238,6191
9239,4275
9239,6191
9240,4276
9240,5623
9241,4276
9242,4279
9242,6175
9243,4279
9244,4281
9245,4281
9246,4281
9247,4281
9248,4281
9249,4281
9250,4282
9250,6288
9250,6380
9251,4283
9252,4283
9253,4284
9254,4287
9255,4287
9255,4452
9255,5137
9255,5410
9255,6059
9255,6208
9255,8250
9255,8854
9255,9495
9255,12165
9256,4289
9257,4289
9258,4289
9259,4290
9260,4290
9261,4290
9262,4291
9262,7130
9262,12728
9263,4292
9264,4292
9264,10539
9265,4292
9265,10539
9266,4293
9267,4293
9268,4293
9268,13574
9269,4293
9269,5763
9269,6425
9270,4294
9271,4294
9272,4294
9273,4295
9274,4296
9274,7039
9275,4298
9275,7533
9276,4300
9277,4302
9277,10195
9278,4302
9278,6738
9279,4303
9280,4303
9281,4303
9282,4303
9283,4303
9284,4304
9285,4304
9286,4304
9286,12005
9287,4305
9287,7924
9287,8199
9287,8876
9288,4308
9289,4308
9289,10418
9290,4308
9291,4308
9292,4308
9293,4309
9294,4309
9295,4309
9296,4310
9297,4310
9298,4311
9299,4311
9299,4701
9299,7485
9300,4312
9300,6139
9301,4312
9302,4312
9303,4312
9303,6139
9304,4313
9305,4313
9306,4313
9307,4314
9307,10968
9308,4315
9309,4317
9310,4319
9311,4319
9311,8475
9311,9281
9312,4320
9312,6461
9313,4320
9314,4320
9314,6461
9314,8805
9315,4320
9316,4321
9316,6656
9316,7896
9316,12133
9317,4322
9318,4322
9319,4323
9319,11227
9320,4324
9321,4324
9322,4327
9322,8113
9322,10493
9323,4330
9324,4330
9325,4333
9325,6913
9326,4333
9327,4334
9327,5362
9328,4335
9329,4335
9330,4335
9330,8019
9330,10307
9331,4335
9332,4337
9333,4337
9333,5158
9334,4340
9335,4341
9335,4821
9335,7213
9335,7973
9335,8031
9335,8068
9335,8560
9335,9086
9335,9359
9335,9775
9335,12292
9335,12379
9336,4343
9336,8855
9336,9566
9336,12425
9336,12503
9336,12847
9337,4344
9337,4709
9338,4344
9338,4709
9338,11045
9339,4346
9339,8543
9339,9075
9339,11435
9339,11618
9339,12592
9339,13249
9340,4346
9341,4346
9341,9075
9341,11435
9342,4348
9343,4348
9344,4349
9344,5474
9344,5578
9345,4349
9346,4351
9347,4351
9348,4351
9349,4351
9350,4351
9351,4351
9352,4351
9353,4351
9354,4351
9354,9314
9355,4351
9356,4351
9357,4351
9358,4351
9359,4351
9360,4351
9361,4352
9362,4352
9363,4352
9364,4353
9365,4353
9366,4354
9366,8651
9367,4356
9368,4357
9368,4757
9368,5407
9368,9438
9369,4358
9369,4895
9369,5250
9369,5849
9369,6386
9369,9896
9370,4359
9371,4359
9371,4992
9372,4359
9373,4359
9374,4360
9375,4360
9376,4360
9376,12279
9377,4360
9378,4361
9379,4361
9380,4362
9381,4362
9382,4362
9383,4362
9384,4365
9385,4366
9386,4367
9386,6613
9387,4370
9388,4370
9389,4371
9390,4371
9391,4372
9391,9761
9392,4372
9393,4372
9394,4372
9395,4372
9396,4375
9397,4376
9398,4376
9399,4376
9399,4388
9399,5076
9400,4377
9401,4378
9402,4378
9403,4378
9403,10986
9403,12948
9404,4379
9405,4379
9406,4379
9407,4379
9408,4379
9409,4380
9410,4380
9411,4380
9412,4380
9413,4382
9413,5590
9413,6364
9413,7886
9413,13287
9414,4382
9414,5288
9414,5439
9414,5467
9414,5535
9414,5543
9414,6447
9415,4383
9415,10487
9415,10665
9416,4386
9417,4386
9418,4388
9419,4388
9419,4612
9420,4389
9421,4389
9422,4389
9423,4390
9424,4391
9425,4393
9426,4393
9427,4393
9428,4394
9429,4394
9430,4394
9431,4396
9432,4397
9433,4397
9433,12079
9434,4398
9434,9621
9435,4401
9435,6894
9435,12220
9436,4401
9436,7292
9436,7671
9436,7849
9437,4402
9437,12060
9437,12072
9438,4402
9439,4402
9439,8306
9440,4402
9441,4404
9442,4404
9443,4405
9443,10859
9444,4405
9444,4637
9444,5690
9444,6470
9445,4405
9446,4406
9446,5743
9446,5788
9446,5906
9447,4407
9448,4408
9448,5416
9448,6174
9449,4409
9450,4409
9451,4410
9452,4410
9453,4411
9453,4472
9454,4411
9454,4472
9455,4411
9455,4472
9456,4411
9457,4411
9458,4412
9459,4414
9460,4415
9461,4415
9462,4415
9463,4415
9464,4415
9465,4419
9466,4420
9467,4420
9468,4420
9469,4422
9469,6775
9470,4425
9470,9627
9471,4425
9472,4425
9473,4426
9473,9004
9473,9324
9474,4426
9475,4426
9476,4428
9477,4429
9478,4430
9478,4704
9479,4431
9480,4433
9481,4433
9482,4433
9483,4435
9483,5386
9483,9619
9483,9649
9483,12574
9484,4436
9485,4436
9486,4437
9487,4437
9488,4439
9489,4441
9490,4441
9490,9019
9491,4441
9492,4441
9492,9019
9492,10241
9493,4443
9494,4443
9495,4444
9495,10128
9495,11243
9495,11270
9495,11308
9495,11525
9495,12003
9495,12549
9495,12663
9496,4444
9497,4445
9498,4445
9499,4445
9500,4445
9501,4446
9502,4446
9502,5414
9503,4447
9504,4447
9504,12377
9504,13019
9505,4447
9506,4447
9507,4449
9507,10583
9508,4449
9509,4451
9510,4451
9510,9497
9511,4452
9512,4452
9513,4452
9513,5137
9513,10184
9514,4453
9515,4454
9515,8284
9516,4455
9516,6283
9517,4456
9517,5940
9518,4456
9518,6766
9519,4457
9520,4457
9521,4460
9522,4460
9523,4461
9524,4463
9525,4464
9526,4465
9527,4466
9528,4466
9529,4467
9530,4468
9531,4468
9532,4469
9533,4474
9533,8672
9533,9187
9533,9316
9534,4475
9535,4476
9536,4476
9536,5830
9537,4477
9538,4477
9539,4477
9539,6907
9540,4477
9541,4477
9542,4477
9543,4477
9544,4478
9545,4478
9546,4478
9547,4478
9548,4478
9549,4479
9550,4480
9551,4483
9552,4483
9552,4818
9553,4485
9554,4485
9555,4486
9556,4487
9556,6581
9557,4487
9557,4837
9558,4487
9558,10418
9559,4487
9560,4487
9560,5850
9560,7479
9561,4487
9561,12016
9562,4488
9562,5012
9562,12467
9563,4488
9564,4489
9564,5624
9564,5639
9564,11055
9565,4489
9566,4491
9566,6603
9566,6865
9566,11772
9566,12394
9566,13724
9567,4491
9567,6603
9567,11772
9568,4492
9569,4493
9570,4494
9571,4497
9572,4498
9573,4498
9574,4498
9575,4498
9576,4499
9576,6069
9576,6072
9577,4500
9577,5059
9578,4500
9579,4500
9579,5059
9579,5596
9580,4500
9581,4501
9581,5884
9582,4502
9583,4505
9584,4505
9585,4507
9586,4507
9587,4508
9588,4508
9588,10187
9589,4508
9589,10187
9590,4508
9591,4509
9592,4509
9593,4509
9594,4510
9595,4510
9596,4511
9597,4511
9598,4511
9599,4514
9599,7226
9599,11162
9600,4514
9601,4515
9602,4515
9602,5819
9603,4516
9604,4516
9605,4518
9606,4519
9607,4519
9608,4519
9609,4520
9609,5290
9609,7930
9609,10234
9610,4520
9611,4521
9612,4521
9613,4522
9614,4522
9614,7799
9615,4522
9616,4523
9617,4523
9618,4523
9619,4524
9620,4524
9621,4526
9621,9829
9622,4526
9623,4527
9624,4527
9625,4527
9626,4528
9627,4528
9628,4528
9629,4530
9630,4530
9631,4530
9632,4531
9632,5618
9633,4531
9633,5618
9634,4531
9634,5618
9635,4531
9635,5618
9636,4533
9636,8045
9636,10710
9637,4533
9638,4533
9639,4534
9640,4534
9641,4535
9641,4844
9642,4536
9642,5653
9642,5694
9643,4537
9644,4537
9645,4538
9645,6772
9645,11417
9646,4539
9646,5964
9647,4539
9647,5964
9648,4540
9648,5375
9648,5391
9649,4541
9650,4542
9650,7511
9651,4544
9652,4544
9653,4545
9654,4545
9654,13683
9655,4545
9656,4546
9657,4548
9658,4549
9658,6580
9658,8547
9659,4551
9660,4551
9661,4552
9662,4552
9663,4552
9664,4554
9665,4554
9666,4555
9666,4560
9666,8319
9666,8332
9666,11693
9666,11769
9666,12720
9666,13416
9667,4555
9667,4560
9667,8319
9667,8332
9668,4555
9668,4560
9668,8319
9668,8332
9669,4557
9670,4557
9671,4557
9672,4558
9673,4558
9674,4558
9675,4559
9676,4561
9676,10914
9676,12829
9677,4561
9677,5397
9677,5795
9677,7240
9677,8654
9677,8925
9677,10527
9677,10825
9677,11419
9677,12726
9677,12850
9677,12947
9678,4562
9679,4564
9679,5221
9680,4564
9681,4565
9682,4565
9683,4566
9684,4566
9684,9432
9685,4567
9686,4569
9687,4569
9688,4572
9689,4573
9690,4573
9691,4574
9692,4576
9693,4576
9694,4576
9695,4577
9695,6405
9696,4578
9697,4579
9698,4579
9698,8168
9698,8377
9698,12929
9698,12959
9699,4579
9700,4580
9701,4581
9701,6551
9701,8787
9701,11115
9701,12927
9701,13695
9702,4581
9702,13695
9703,4581
9703,6551
9704,4582
9705,4584
9705,10898
9705,11273
9706,4584
9706,6229
9706,8275
9707,4584
9707,6229
9708,4585
9709,4586
9710,4586
9710,6817
9711,4586
9712,4587
9713,4587
9714,4588
9714,6714
9715,4588
9715,13582
9716,4588
9716,6714
9716,7290
9716,7457
9716,13582
9717,4589
9718,4589
9718,12278
9718,12635
9719,4592
9719,5557
9719,5560
9719,5847
9719,6144
9719,6281
9719,10594
9719,10737
9720,4593
9721,4593
9721,8545
9722,4596
9722,10327
9722,11917
9722,13442
9723,4598
9724,4598
9725,4601
9726,4601
9727,4601
9727,6231
9727,8603
9728,4602
9729,4602
9730,4602
9731,4604
9732,4604
9733,4604
9734,4604
9735,4604
9736,4604
9737,4608
9738,4609
9738,5443
9739,4609
9739,5443
9739,13705
9740,4611
9740,4951
9741,4612
9742,4613
9742,7592
9743,4613
9744,4613
9745,4616
9746,4617
9747,4617
9748,4617
9749,4620
9750,4620
9750,7730
9750,10601
9751,4620
9751,7730
9752,4622
9753,4624
9754,4624
9755,4626
9756,4627
9756,4786
9757,4627
9757,4786
9758,4628
9758,5394
9759,4629
9760,4629
9760,9770
9761,4629
9761,9613
9761,9770
9761,9790
9761,12569
9761,12696
9762,4629
9763,4629
9764,4630
9765,4630
9766,4630
9767,4631
9768,4632
9769,4632
9770,4633
9771,4633
9772,4634
9773,4635
9774,4635
9775,4635
9776,4636
9777,4636
9778,4636
9779,4636
9780,4637
9781,4637
9781,5000
9781,5690
9781,6124
9782,4637
9782,5758
9783,4643
9784,4646
9785,4646
9786,4647
9787,4647
9788,4647
9789,4648
9789,4951
9790,4649
9791,4649
9792,4649
9793,4650
9794,4651
9795,4651
9796,4651
9797,4652
9798,4652
9799,4653
9799,7700
9800,4653
9801,4653
9802,4654
9803,4655
9804,4655
9805,4655
9806,4655
9806,7716
9806,7732
9806,10271
9806,11521
9806,12938
9807,4656
9808,4657
9809,4657
9810,4657
9811,4658
9811,6006
9812,4658
9813,4658
9813,6006
9813,6249
9814,4659
9815,4659
9816,4661
9817,4662
9818,4663
9819,4665
9820,4665
9821,4667
9821,8486
9822,4667
9822,5676
9822,6299
9823,4667
9824,4667
9825,4668
9826,4669
9827,4669
9828,4669
9829,4670
9829,8897
9830,4674
9830,4781
9830,4822
9830,8247
9830,13008
9831,4674
9832,4675
9832,7523
9832,9190
9833,4675
9834,4675
9835,4675
9836,4675
9837,4675
9838,4676
9839,4676
9840,4676
9841,4676
9842,4676
9843,4676
9844,4676
9845,4676
9846,4676
9847,4676
9848,4676
9849,4676
9850,4677
9851,4679
9851,9624
9851,11825
9852,4679
9853,4679
9854,4682
9855,4684
9856,4684
9857,4684
9858,4685
9859,4685
9860,4685
9861,4685
9862,4685
9863,4685
9864,4687
9865,4688
9866,4688
9867,4689
9868,4690
9868,6727
9868,7875
9868,8554
9868,8743
9869,4690
9869,6727
9870,4691
9871,4692
9872,4694
9873,4694
9873,10902
9874,4698
9875,4700
9875,7003
9875,11331
9876,4700
9876,9797
9876,11331
9877,4700
9877,7003
9877,9797
9877,11331
9878,4701
9879,4701
9879,6853
9879,12182
9879,12217
9880,4704
9881,4707
9881,8981
9881,11681
9881,12878
9882,4707
9883,4707
9884,4708
9885,4708
9886,4708
9887,4708
9888,4709
9889,4710
9890,4710
9891,4710
9892,4711
9893,4711
9893,6767
9894,4712
9895,4712
9896,4712
9897,4712
9898,4712
9899,4712
9900,4713
9901,4714
9902,4714
9903,4715
9904,4715
9905,4716
9906,4716
9907,4716
9908,4716
9909,4716
9910,4718
9911,4720
9912,4721
9913,4721
9914,4722
9915,4726
9916,4726
9917,4726
9918,4726
9919,4728
9919,5307
9920,4729
9921,4730
9922,4732
9923,4732
9924,4732
9925,4733
9925,7124
9926,4736
9927,4736
9928,4737
9929,4737
9929,8653
9929,9434
9929,10333
9930,4738
9930,5662
9930,6372
9931,4740
9931,4922
9931,13200
9931,13322
9932,4741
9933,4741
9933,5301
9933,6218
9934,4743
9935,4743
9935,5506
9936,4743
9937,4744
9938,4744
9939,4747
9939,8605
9939,9804
9940,4747
9941,4748
9942,4749
9943,4751
9944,4751
9945,4751
9946,4752
9947,4754
9947,10200
9948,4757
9949,4758
9950,4759
9951,4760
9952,4760
9953,4760
9953,10102
9954,4761
9955,4763
9956,4763
9957,4764
9957,11054
9957,12633
9958,4764
9959,4766
9960,4766
9960,5722
9961,4767
9962,4768
9963,4770
9964,4770
9964,5225
9964,6009
9965,4771
9965,5713
9966,4772
9967,4772
9968,4772
9969,4773
9970,4776
9970,6689
9970,12317
9971,4777
9971,5564
9971,10192
9972,4777
9972,5564
9973,4779
9974,4779
9975,4780
9976,4781
9977,4781
9978,4782
9979,4783
9980,4784
9980,6650
9980,7945
9981,4784
9982,4785
9983,4785
9984,4785
9985,4785
9986,4786
9987,4786
9987,11016
9988,4786
9989,4786
9990,4786
9991,4787
9992,4787
9992,4873
9992,6539
9993,4787
9994,4788
9995,4789
9995,5890
9996,4791
9996,7738
9996,8066
9997,4791
9998,4791
9999,4792
10000,4792
10001,4794
10002,4794
10002,11949
10003,4794
10004,4794
10005,4795
10006,4795
10007,4796
10007,6194
10008,4796
10008,10271
10008,10990
10009,4796
10009,6194
10009,8104
10010,4797
10011,4797
10012,4797
10012,6668
10012,7658
10012,9988
10013,4797
10013,7658
10013,9477
10013,9988
10014,4797
10015,4798
10015,5209
10015,5936
10015,6128
10015,6895
10016,4799
10017,4799
10018,4801
10019,4801
10020,4801
10021,4803
10022,4803
10022,8373
10023,4803
10024,4804
10025,4804
10026,4805
10026,5809
10027,4805
10028,4806
10029,4808
10029,6849
10029,13631
10030,4808
10031,4809
10032,4809
10033,4809
10034,4809
10035,4809
10036,4809
10037,4809
10038,4810
10038,6196
10039,4811
10040,4812
10040,9702
10040,9823
10040,13012
10041,4812
10042,4813
10043,4813
10044,4813
10045,4814
10045,8129
10046,4814
10046,5110
10046,8104
10046,8488
10047,4814
10048,4818
10049,4818
10049,5912
10050,4819
10051,4823
10052,4823
10052,11828
10053,4824
10053,5051
10053,5178
10053,7088
10054,4825
10055,4825
10056,4825
10057,4826
10058,4826
10059,4826
10060,4827
10060,8200
10060,8248
10061,4827
10062,4829
10063,4831
10063,5294
10064,4831
10064,6666
10064,7993
10064,8316
10065,4831
10065,5294
10065,8873
10065,9113
10066,4832
10066,6105
10066,9493
10066,9645
10066,10227
10066,11121
10066,13348
10067,4833
10068,4833
10069,4833
10069,10787
10070,4834
10070,6150
10071,4834
10071,6150
10071,12860
10072,4836
10073,4836
10074,4836
10075,4837
10076,4838
10077,4838
10078,4840
10079,4840
10080,4841
10080,7418
10081,4842
10082,4843
10083,4846
10083,8309
10083,9728
10084,4847
10085,4848
10085,4950
10086,4848
10086,4950
10086,8313
10087,4849
10088,4849
10088,7899
10089,4849
10090,4852
10091,4853
10091,7159
10091,7886
10091,9604
10092,4855
10092,6700
10092,10923
10092,12311
10093,4855
10094,4856
10095,4859
10096,4859
10097,4860
10098,4860
10099,4860
10100,4860
10101,4861
10101,12939
10102,4863
10102,7593
10103,4863
10103,5235
10103,7593
10104,4864
10105,4864
10106,4864
10107,4864
10108,4865
10109,4866
10109,6661
10109,8742
10109,8900
10110,4866
10111,4867
10112,4867
10113,4868
10114,4868
10115,4869
10115,13725
10116,4869
10117,4869
10117,5530
10117,7775
10117,12712
10117,13725
10118,4869
10118,7710
10118,13725
10119,4870
10120,4870
10121,4870
10122,4871
10122,8398
10123,4871
10124,4872
10125,4872
10126,4872
10126,5264
10127,4873
10127,6539
10128,4875
10129,4876
10130,4876
10131,4877
10131,5443
10132,4877
10133,4879
10134,4879
10135,4879
10135,6031
10136,4879
10137,4880
10137,7747
10138,4880
10139,4881
10140,4881
10141,4882
10142,4882
10143,4882
10143,5210
10144,4882
10145,4882
10145,5210
10146,4883
10146,9514
10146,10791
10146,10989
10147,4883
10147,8228
10147,8579
10147,9514
10147,9795
10147,10791
10147,10989
10147,11774
10147,12596
10148,4884
10149,4884
10149,11366
10150,4885
10151,4885
10152,4886
10152,6103
10153,4886
10153,6103
10154,4886
10154,6103
10155,4888
10155,10969
10156,4889
10157,4889
10158,4889
10159,4891
10160,4891
10161,4891
10162,4891
10163,4891
10164,4891
10165,4891
10166,4892
10166,6688
10166,7524
10166,12168
10167,4893
10168,4893
10169,4893
10169,12818
10170,4894
10170,6887
10170,9499
10171,4894
10172,4894
10173,4895
10173,5963
10173,6084
10173,9143
10173,9515
10173,10739
10174,4896
10175,4896
10176,4897
10176,5284
10177,4897
10178,4899
10179,4899
10180,4899
10181,4900
10182,4900
10183,4900
10184,4901
10185,4901
10185,6411
10185,10062
10186,4903
10187,4904
10188,4904
10188,10824
10189,4905
10190,4906
10191,4907
10192,4907
10193,4907
10194,4908
10195,4908
10196,4909
10197,4910
10198,4910
10199,4911
10199,5106
10200,4911
10201,4911
10202,4911
10202,5106
10202,8110
10202,10124
10203,4912
10204,4913
10205,4914
10206,4916
10207,4916
10208,4917
10209,4917
10210,4918
10211,4918
10211,6393
10212,4918
10212,7183
10213,4919
10214,4919
10215,4919
10216,4919
10217,4919
10218,4919
10219,4919
10220,4920
10221,4921
10221,6873
10222,4923
10222,10863
10223,4925
10224,4925
10225,4925
10226,4926
10227,4926
10228,4926
10229,4927
10229,5173
10229,5598
10229,11109
10230,4929
10231,4929
10231,8813
10232,4929
10233,4929
10233,8813
10234,4929
10234,8813
10235,4929
10236,4932
10237,4934
10238,4934
10239,4934
10240,4934
10240,5470
10241,4934
10242,4934
10243,4934
10244,4935
10245,4935
10246,4936
10247,4936
10248,4938
10249,4938
10250,4939
10251,4940
10251,7157
10252,4940
10253,4940
10253,13499
10253,13509
10254,4941
10255,4943
10255,5584
10256,4943
10256,5584
10256,5673
10256,6238
10256,8080
10256,8291
10256,10892
10256,13148
10256,13628
10257,4943
10258,4945
10259,4945
10260,4946
10261,4946
10262,4947
10263,4947
10264,4948
10265,4948
10265,10481
10265,13544
10266,4948
10266,6263
10266,6392
10266,6463
10266,9006
10267,4948
10268,4949
10269,4949
10270,4952
10271,4952
10272,4952
10273,4953
10274,4954
10275,4954
10276,4955
10277,4957
10278,4957
10278,12445
10279,4957
10280,4958
10281,4958
10282,4960
10282,6139
10282,6197
10283,4960
10284,4960
10285,4960
10286,4961
10287,4961
10288,4961
10289,4963
10290,4963
10290,9243
10291,4963
10292,4964
10293,4964
10294,4965
10295,4966
10296,4969
10296,6142
10296,11268
10296,11274
10296,13530
10297,4969
10298,4970
10299,4970
10300,4971
10301,4971
10302,4971
10303,4974
10304,4975
10305,4975
10306,4975
10307,4976
10308,4976
10308,7474
10309,4977
10309,10740
10310,4979
10311,4979
10312,4983
10312,5129
10312,5412
10312,7488
10312,7535
10312,7576
10313,4984
10313,5366
10313,5924
10313,6212
10313,6427
10313,6492
10314,4984
10315,4988
10316,4989
10317,4989
10318,4990
10319,4990
10320,4990
10321,4991
10322,4991
10323,4991
10324,4992
10324,5115
10324,9110
10324,9117
10325,4992
10325,5115
10325,9110
10325,9117
10325,12657
10326,4993
10326,5863
10326,6058
10326,6748
10326,10691
10326,13417
10327,4993
10327,8857
10328,4994
10329,4994
10330,4995
10331,4995
10331,10170
10332,4996
10333,4996
10333,6124
10334,4996
10335,4997
10335,6052
10336,4997
10336,6052
10337,4999
10338,4999
10339,4999
10340,4999
10341,5000
10342,5000
10342,8648
10343,5000
10344,5002
10345,5002
10346,5002
10347,5004
10348,5004
10348,12284
10349,5005
10350,5005
10351,5005
10352,5006
10353,5006
10354,5006
10355,5006
10355,7092
10356,5006
10356,5569
10356,7092
10357,5007
10358,5007
10359,5008
10360,5009
10361,5009
10362,5015
10363,5016
10363,5572
10363,6332
10363,8389
10364,5017
10364,5688
10364,6856
10364,7264
10364,8371
10364,11920
10364,12031
10364,12360
10364,12468
10364,13696
10365,5017
10365,5688
10365,12468
10366,5017
10366,5322
10366,5688
10366,7106
10367,5018
10368,5018
10369,5018
10370,5018
10371,5019
10372,5019
10373,5019
10373,11496
10374,5020
10374,8968
10374,10121
10375,5020
10375,8968
10376,5020
10377,5021
10378,5023
10379,5023
10380,5023
10380,6969
10380,7454
10381,5023
10382,5024
10382,5161
10382,5366
10382,5465
10382,6050
10382,7980
10383,5024
10383,5963
10384,5024
10384,5366
10384,6050
10385,5026
10385,6291
10386,5027
10386,13023
10387,5027
10388,5027
10389,5028
10390,5029
10390,5263
10390,5719
10390,5774
10390,5826
10390,8004
10390,9013
10390,9408
10390,10692
10390,10837
10390,10848
10390,11516
10390,11620
10390,11842
10390,12509
10390,12555
10391,5031
10392,5031
10393,5032
10394,5032
10394,6262
10395,5032
10395,6262
10396,5032
10397,5033
10398,5035
10399,5037
10400,5038
10401,5039
10401,5238
10401,6058
10401,6673
10402,5041
10402,12634
10403,5041
10404,5042
10405,5043
10406,5044
10407,5044
10408,5045
10408,12531
10409,5045
10410,5047
10411,5048
10412,5052
10413,5052
10414,5052
10415,5052
10416,5052
10417,5052
10417,5378
10418,5054
10419,5054
10420,5055
10421,5055
10422,5057
10423,5058
10424,5058
10425,5058
10426,5058
10427,5060
10427,6523
10427,12565
10428,5060
10429,5060
10429,9701
10430,5065
10431,5065
10432,5065
10433,5065
10434,5065
10435,5065
10436,5065
10437,5067
10438,5067
10438,9969
10438,11361
10439,5067
10440,5068
10440,5732
10440,5848
10441,5069
10442,5069
10443,5069
10443,7479
10444,5070
10445,5071
10446,5071
10447,5071
10448,5071
10449,5071
10450,5072
10450,6487
10451,5073
10451,5170
10452,5073
10453,5073
10453,5170
10454,5073
10455,5075
10456,5077
10456,5164
10456,5203
10456,7156
10456,8071
10456,9493
10456,9494
10456,9532
10456,10177
10456,11127
10456,11130
10457,5078
10458,5078
10459,5079
10460,5080
10461,5080
10461,10596
10462,5081
10463,5081
10464,5081
10465,5081
10466,5083
10467,5084
10468,5085
10469,5085
10470,5085
10471,5085
10472,5085
10473,5086
10474,5086
10475,5086
10476,5087
10477,5087
10478,5087
10479,5088
10479,9020
10480,5089
10480,11119
10481,5089
10482,5092
10482,10467
10483,5093
10483,6015
10483,6528
10484,5093
10484,6015
10484,6528
10485,5093
10486,5093
10486,6015
10486,6528
10486,9234
10487,5094
10487,5748
10487,9483
10488,5096
10489,5096
10490,5096
10491,5096
10492,5097
10493,5098
10494,5098
10495,5099
10496,5099
10497,5100
10497,13653
10497,13678
10498,5100
10499,5101
10500,5102
10501,5102
10502,5102
10503,5103
10504,5103
10505,5103
10505,6173
10506,5104
10506,5747
10506,7184
10507,5104
10507,5747
10508,5106
10509,5107
10509,5993
10510,5107
10510,5183
10510,5303
10510,5993
10511,5109
10512,5110
10512,8425
10513,5110
10514,5111
10515,5111
10515,9535
10516,5111
10517,5111
10518,5112
10519,5112
10520,5113
10521,5113
10522,5113
10523,5113
10523,9629
10523,9922
10523,10240
10524,5113
10524,6132
10524,8160
10525,5115
10526,5116
10526,6403
10527,5116
10528,5116
10528,7019
10528,10822
10529,5116
10530,5117
10531,5117
10532,5117
10533,5118
10534,5119
10535,5122
10536,5123
10537,5123
10538,5124
10539,5125
10540,5126
10541,5126
10542,5126
10542,9339
10542,12932
10543,5127
10544,5127
10545,5127
10546,5127
10547,5129
10548,5131
10549,5131
10549,6296
10550,5131
10551,5133
10552,5133
10552,12687
10552,12980
10553,5134
10554,5134
10555,5135
10555,5548
10556,5136
10557,5136
10558,5136
10559,5137
10560,5138
10561,5141
10562,5141
10563,5141
10564,5141
10565,5142
10566,5142
10567,5144
10567,6348
10568,5144
10568,6348
10569,5145
10570,5146
10571,5147
10572,5147
10573,5149
10574,5149
10575,5149
10576,5150
10576,5674
10577,5151
10577,5545
10578,5151
10578,5545
10579,5151
10580,5151
10581,5153
10582,5153
10583,5153
10584,5154
10584,9999
10585,5154
10585,10708
10586,5154
10586,5268
10586,8761
10586,9415
10587,5156
10588,5157
10589,5157
10589,7158
10589,10690
10590,5159
10591,5160
10592,5164
10592,5250
10592,5849
10592,6386
10592,6395
10593,5165
10594,5165
10595,5165
10596,5165
10597,5165
10598,5166
10599,5167
10599,6054
10600,5167
10601,5169
10601,5577
10601,5976
10602,5169
10603,5171
10603,6478
10604,5171
10604,10642
10604,12105
10604,12445
10605,5171
10606,5174
10607,5174
10608,5175
10608,9268
10609,5175
10610,5176
10611,5176
10612,5177
10613,5177
10614,5178
10614,5250
10615,5179
10616,5179
10617,5179
10617,5272
10618,5180
10619,5180
10620,5182
10621,5183
10622,5185
10623,5186
10624,5186
10625,5189
10626,5189
10627,5191
10627,5520
10628,5192
10629,5192
10630,5192
10630,6537
10630,7530
10630,7623
10631,5193
10632,5193
10633,5194
10633,6880
10633,9172
10634,5194
10635,5195
10636,5195
10637,5196
10638,5197
10638,6360
10638,7145
10638,10927
10638,11162
10638,11254
10639,5197
10640,5197
10641,5199
10642,5202
10643,5203
10643,6212
10644,5203
10644,5534
10645,5205
10646,5205
10647,5205
10648,5206
10649,5208
10650,5210
10651,5212
10652,5214
10653,5216
10654,5216
10655,5216
10655,6165
10656,5216
10657,5217
10658,5217
10659,5217
10660,5217
10661,5217
10662,5217
10662,8051
10663,5218
10664,5218
10665,5219
10666,5220
10667,5221
10667,5252
10668,5222
10669,5222
10670,5222
10671,5222
10672,5225
10672,6009
10673,5226
10673,5945
10673,10475
10673,11269
10673,13425
10674,5226
10674,10817
10675,5226
10676,5226
10676,5983
10676,8696
10676,8898
10676,9397
10676,9569
10676,9858
10677,5227
10677,5973
10677,6140
10677,6410
10677,7085
10678,5231
10679,5231
10679,8893
10680,5234
10681,5234
10681,8277
10682,5236
10683,5236
10684,5237
10685,5237
10685,6163
10685,6196
10686,5237
10687,5239
10688,5241
10688,6190
10688,12139
10689,5241
10690,5241
10691,5241
10692,5241
10693,5241
10694,5241
10695,5242
10696,5242
10697,5243
10698,5244
10699,5244
10700,5245
10701,5246
10702,5251
10703,5251
10704,5251
10705,5251
10706,5253
10706,5805
10707,5254
10708,5254
10708,8747
10708,8833
10709,5254
10709,9352
10709,10523
10709,10740
10710,5254
10711,5255
10711,6272
10711,8412
10712,5256
10713,5257
10714,5257
10715,5258
10715,6913
10716,5260
10717,5260
10718,5262
10719,5263
10719,7228
10720,5265
10720,5794
10721,5265
10722,5267
10722,9238
10722,10303
10722,11221
10722,12118
10722,13466
10723,5267
10723,6045
10723,8509
10724,5268
10725,5272
10725,12006
10726,5272
10727,5273
10728,5273
10729,5274
10730,5274
10731,5274
10732,5274
10733,5277
10733,6095
10734,5277
10734,6095
10735,5278
10736,5278
10737,5278
10738,5279
10738,8637
10739,5281
10740,5281
10741,5282
10742,5284
10743,5286
10743,6258
10743,11349
10744,5287
10745,5287
10746,5288
10747,5290
10748,5292
10749,5292
10750,5292
10751,5292
10752,5292
10753,5292
10754,5292
10755,5292
10756,5292
10757,5293
10758,5293
10759,5293
10760,5293
10761,5295
10761,5603
10761,6340
10762,5295
10763,5296
10764,5296
10765,5296
10766,5297
10767,5299
10768,5299
10769,5299
10770,5299
10771,5299
10772,5300
10772,5485
10773,5301
10773,6192
10773,6218
10774,5301
10774,6218
10775,5302
10776,5302
10777,5303
10777,5993
10778,5304
10779,5304
10779,5973
10779,6140
10780,5305
10780,5418
10781,5306
10782,5306
10783,5307
10783,6182
10783,7610
10783,11297
10783,12476
10784,5307
10785,5307
10786,5312
10786,6204
10787,5314
10787,7289
10788,5314
10788,7289
10789,5315
10790,5316
10790,7975
10790,8053
10791,5317
10791,6458
10792,5317
10792,5574
10792,6458
10793,5317
10794,5319
10795,5320
10795,13625
10796,5321
10797,5321
10798,5321
10799,5321
10800,5321
10801,5321
10802,5323
10802,6126
10803,5323
10803,6126
10804,5323
10804,6126
10804,9696
10805,5323
10805,6126
10805,6181
10806,5323
10806,6126
10807,5323
10807,6126
10808,5323
10808,6126
10809,5323
10809,6126
10809,8930
10809,9488
10809,13674
10810,5323
10810,6126
10810,7449
10811,5323
10811,6126
10811,6499
10812,5323
10812,6126
10813,5323
10813,6126
10813,6181
10814,5323
10814,6126
10815,5323
10815,6126
10816,5323
10816,6126
10817,5323
10817,6126
10817,13653
10817,13678
10818,5323
10818,6126
10818,6499
10819,5325
10819,5943
10820,5325
10820,5943
10821,5325
10821,5943
10822,5327
10823,5328
10823,11279
10823,12092
10824,5329
10825,5329
10826,5329
10827,5330
10828,5330
10829,5330
10830,5330
10831,5332
10831,6138
10832,5333
10833,5335
10834,5337
10835,5338
10836,5338
10837,5338
10838,5340
10839,5340
10840,5340
10841,5341
10842,5341
10843,5341
10843,5702
10843,5754
10844,5341
10845,5343
10846,5346
10847,5349
10848,5351
10848,11219
10849,5356
10850,5356
10851,5357
10851,8800
10851,9220
10851,12371
10852,5358
10853,5360
10854,5362
10855,5363
10856,5364
10856,6256
10856,6600
10857,5364
10858,5364
10859,5365
10860,5367
10861,5368
10861,11122
10862,5369
10862,6771
10863,5369
10864,5370
10865,5370
10866,5372
10867,5374
10868,5374
10868,11006
10869,5376
10870,5376
10870,6409
10870,8423
10871,5376
10871,7320
10871,12152
10872,5377
10873,5379
10873,9889
10873,11565
10873,13247
10874,5379
10875,5380
10876,5381
10876,5814
10877,5381
10878,5384
10879,5384
10880,5384
10881,5385
10882,5385
10883,5387
10883,6553
10884,5387
10885,5387
10886,5388
10887,5388
10888,5388
10889,5388
10890,5388
10890,12630
10891,5389
10892,5389
10893,5389
10894,5389
10895,5390
10896,5390
10897,5390
10898,5390
10899,5392
10900,5392
10901,5393
10902,5393
10902,5794
10902,6054
10903,5396
10904,5399
10904,5639
10905,5400
10906,5400
10907,5400
10908,5400
10909,5400
10910,5400
10911,5400
10912,5401
10913,5403
10913,6732
10913,6767
10914,5404
10914,6650
10914,7152
10914,8606
10915,5406
10916,5406
10917,5408
10918,5410
10919,5410
10919,7613
10920,5410
10921,5410
10922,5412
10923,5412
10924,5412
10925,5412
10926,5413
10927,5414
10928,5415
10929,5415
10930,5415
10930,8687
10930,8766
10930,8924
10931,5417
10932,5417
10933,5417
10934,5418
10934,11075
10935,5419
10935,7116
10935,7135
10936,5420
10937,5422
10938,5423
10939,5423
10940,5424
10940,10555
10941,5424
10942,5424
10942,6508
10943,5425
10944,5426
10945,5426
10946,5426
10947,5426
10948,5426
10949,5427
10950,5427
10951,5427
10952,5428
10953,5428
10954,5430
10955,5430
10956,5430
10957,5431
10958,5431
10959,5431
10960,5433
10960,6035
10961,5434
10962,5434
10963,5434
10964,5434
10965,5436
10966,5436
10966,7188
10966,12980
10967,5436
10967,6129
10968,5436
10969,5440
10970,5440
10970,6595
10970,7217
10970,7974
10970,9002
10970,9926
10970,12135
10970,13457
10971,5442
10972,5443
10972,8057
10973,5443
10973,9368
10974,5443
10975,5443
10976,5443
10977,5444
10978,5444
10979,5445
10979,7529
10980,5445
10981,5445
10981,7529
10982,5445
10982,7529
10982,9345
10983,5448
10984,5449
10985,5449
10986,5449
10987,5450
10988,5450
10989,5451
10990,5451
10991,5451
10992,5451
10993,5452
10994,5454
10995,5454
10996,5454
10997,5456
10997,5705
10997,10148
10997,12179
10998,5456
10999,5457
11000,5457
11000,8879
11000,9928
11001,5458
11002,5458
11003,5459
11004,5459
11004,8062
11005,5460
11006,5461
11007,5462
11007,10617
11007,10618
11008,5462
11009,5463
11010,5465
11011,5465
11012,5466
11013,5466
11014,5469
11015,5469
11016,5469
11017,5470
11018,5471
11019,5472
11020,5472
11021,5472
11022,5473
11022,5530
11022,9079
11022,10965
11022,11648
11022,13076
11023,5475
11024,5475
11025,5476
11026,5476
11027,5477
11028,5478
11028,12067
11028,12659
11028,12827
11028,13154
11029,5478
11029,10344
11030,5478
11031,5478
11032,5478
11033,5482
11034,5482
11034,10316
11035,5483
11036,5483
11036,7916
11036,8886
11037,5483
11038,5484
11039,5484
11040,5485
11041,5485
11042,5487
11042,12072
11043,5488
11044,5490
11045,5490
11046,5490
11047,5491
11048,5491
11049,5491
11050,5491
11051,5491
11052,5492
11052,12204
11053,5493
11054,5493
11055,5493
11056,5494
11057,5494
11058,5494
11059,5496
11060,5496
11061,5496
11062,5497
11062,9787
11062,11276
11062,12864
11063,5498
11064,5498
11065,5499
11065,7345
11065,10096
11065,10727
11066,5500
11066,7679
11067,5501
11067,6332
11067,8189
11068,5501
11069,5505
11070,5506
11071,5506
11072,5506
11073,5507
11073,5794
11073,6090
11073,6196
11073,7124
11073,8193
11073,8243
11073,11121
11074,5508
11075,5508
11076,5510
11076,7513
11077,5510
11078,5512
11079,5512
11080,5512
11081,5512
11082,5512
11082,7628
11083,5512
11083,8749
11083,10132
11083,10166
11083,10556
11083,10638
11083,11143
11083,11329
11083,11360
11083,11766
11083,11796
11084,5513
11085,5513
11086,5514
11087,5514
11088,5514
11089,5514
11090,5514
11090,9234
11091,5514
11092,5514
11093,5515
11094,5517
11094,6512
11095,5518
11096,5518
11096,12883
11097,5518
11097,12883
11098,5518
11099,5519
11100,5520
11101,5520
11102,5525
11103,5525
11104,5526
11105,5526
11106,5527
11106,6011
11106,8278
11106,11066
11106,12750
11106,13007
11107,5527
11107,6011
11108,5527
11108,6011
11108,8278
11108,12631
11109,5528
11110,5528
11111,5530
11111,7775
11111,10965
11111,11648
11111,13076
11112,5533
11112,6820
11113,5533
11114,5533
11114,6820
11115,5533
11116,5533
11117,5533
11117,5985
11117,6820
11117,8282
11118,5533
11119,5533
11120,5536
11121,5536
11122,5537
11123,5537
11124,5538
11125,5539
11126,5539
11127,5539
11128,5540
11128,6621
11128,8984
11128,9112
11128,11574
11128,11621
11128,12902
11128,13084
11129,5540
11129,5551
11129,6621
11129,8984
11129,12474
11130,5540
11131,5541
11132,5542
11132,9131
11133,5542
11134,5542
11135,5542
11136,5543
11137,5543
11137,11097
11137,13508
11138,5544
11139,5544
11140,5544
11140,6511
11141,5545
11142,5545
11143,5547
11144,5549
11145,5552
11145,11446
11146,5554
11147,5554
11148,5556
11149,5557
11150,5559
11151,5559
11152,5560
11153,5560
11154,5561
11154,5896
11155,5562
11156,5563
11157,5565
11158,5565
11158,6062
11159,5569
11160,5570
11161,5571
11162,5572
11163,5575
11164,5578
11165,5579
11166,5579
11167,5579
11168,5579
11169,5580
11170,5580
11171,5580
11172,5584
11173,5584
11173,8080
11173,13628
11174,5584
11174,6238
11175,5585
11176,5585
11177,5586
11178,5586
11179,5586
11179,10510
11179,11740
11179,11775
11180,5587
11181,5587
11182,5588
11183,5588
11184,5588
11185,5588
11186,5590
11187,5590
11188,5591
11189,5591
11190,5591
11191,5591
11191,13162
11192,5593
11193,5594
11194,5595
11195,5595
11196,5596
11197,5596
11197,5678
11197,7533
11198,5600
11199,5600
11200,5600
11201,5601
11202,5602
11203,5602
11204,5603
11204,6340
11205,5604
11206,5604
11206,6916
11207,5604
11208,5604
11209,5608
11210,5610
11210,6328
11211,5611
11212,5612
11212,6394
11212,7696
11213,5613
11214,5614
11215,5614
11215,7001
11215,8424
11216,5614
11217,5615
11217,9573
11217,12385
11218,5615
11219,5615
11220,5615
11221,5616
11222,5617
11222,6570
11222,7164
11223,5617
11223,6570
11223,6993
11224,5618
11224,12675
11225,5620
11226,5621
11227,5621
11228,5623
11228,8034
11229,5623
11230,5625
11231,5625
11232,5625
11233,5627
11234,5629
11235,5629
11236,5629
11236,8067
11237,5631
11238,5631
11239,5631
11240,5632
11241,5632
11242,5633
11243,5635
11243,6444
11243,7254
11243,7975
11243,10879
11243,12078
11243,12093
11243,12735
11244,5635
11245,5638
11246,5638
11247,5641
11248,5641
11248,13364
11249,5641
11250,5645
11250,8101
11251,5645
11251,8101
11252,5645
11253,5646
11254,5646
11254,8352
11255,5647
11256,5648
11256,9470
11257,5649
11257,12301
11258,5650
11259,5651
11260,5651
11261,5651
11262,5653
11262,12385
11263,5654
11264,5654
11265,5655
11266,5655
11267,5655
11268,5657
11268,6314
11269,5658
11270,5659
11271,5660
11271,6669
11271,7719
11271,8379
11271,8926
11271,9612
11271,9725
11271,11256
11271,13562
11271,13574
11272,5661
11273,5661
11274,5661
11275,5661
11276,5661
11277,5661
11278,5662
11279,5663
11280,5663
11281,5665
11282,5665
11282,9822
11283,5666
11284,5667
11284,11090
11285,5667
11285,11090
11285,13059
11285,13201
11286,5667
11287,5667
11288,5667
11289,5667
11289,11090
11290,5667
11291,5667
11291,7055
11292,5669
11293,5669
11294,5672
11295,5673
11296,5674
11297,5675
11298,5675
11298,13318
11299,5675
11300,5676
11301,5676
11302,5678
11303,5678
11304,5679
11305,5680
11306,5680
11307,5681
11308,5681
11308,6030
11309,5682
11310,5682
11311,5684
11312,5684
11313,5688
11313,7264
11313,12468
11313,13696
11314,5689
11315,5689
11316,5690
11317,5690
11318,5691
11319,5692
11319,7220
11319,8640
11320,5693
11321,5693
11321,6008
11321,7519
11321,8072
11321,8492
11321,12966
11322,5695
11323,5695
11324,5697
11325,5698
11325,8047
11325,10677
11326,5698
11327,5699
11328,5699
11329,5700
11329,7767
11330,5700
11330,7767
11331,5700
11332,5702
11333,5703
11334,5703
11334,7640
11335,5703
11336,5703
11336,7640
11337,5704
11338,5706
11339,5708
11339,9643
11340,5708
11341,5708
11342,5708
11343,5709
11344,5709
11345,5709
11346,5709
11347,5710
11348,5710
11349,5711
11349,10260
11350,5712
11351,5712
11352,5713
11353,5713
11354,5713
11354,7878
11355,5714
11356,5717
11356,9843
11356,10140
11357,5717
11358,5717
11359,5717
11360,5718
11361,5718
11362,5718
11363,5719
11364,5720
11365,5722
11366,5722
11367,5722
11368,5723
11369,5724
11369,5907
11370,5724
11371,5726
11372,5727
11373,5727
11374,5727
11375,5729
11375,5819
11376,5729
11376,5819
11376,5855
11377,5733
11378,5734
11378,7663
11378,9698
11378,12122
11378,13220
11379,5734
11380,5736
11381,5736
11382,5736
11383,5737
11384,5741
11385,5741
11386,5741
11386,6868
11386,9094
11386,10798
11387,5741
11388,5741
11389,5742
11390,5742
11391,5742
11392,5742
11393,5742
11394,5744
11395,5746
11395,6945
11395,7261
11395,7402
11396,5750
11397,5750
11398,5750
11399,5751
11399,6018
11399,8171
11399,9123
11399,11400
11400,5753
11401,5753
11402,5754
11403,5755
11404,5756
11405,5756
11406,5756
11407,5757
11407,10084
11407,10424
11407,11538
11407,13218
11407,13254
11407,13278
11407,13517
11408,5757
11409,5757
11410,5758
11411,5759
11412,5759
11412,6478
11413,5759
11413,6559
11414,5760
11415,5762
11415,5799
11415,8185
11416,5763
11417,5764
11417,6036
11418,5765
11419,5765
11420,5765
11421,5765
11422,5766
11422,5802
11422,11578
11423,5769
11424,5769
11425,5770
11426,5770
11427,5771
11427,6549
11428,5771
11429,5771
11430,5772
11431,5777
11432,5777
11433,5777
11434,5777
11435,5779
11436,5779
11437,5780
11437,5927
11438,5783
11439,5783
11439,12473
11440,5784
11441,5785
11442,5785
11443,5786
11444,5786
11444,6543
11444,9507
11445,5787
11446,5787
11447,5790
11447,8061
11448,5790
11449,5790
11449,9405
11450,5791
11451,5797
11452,5797
11453,5797
11454,5798
11455,5798
11456,5800
11457,5800
11458,5800
11459,5800
11460,5803
11461,5803
11462,5809
11463,5809
11464,5810
11464,8145
11464,8627
11464,13195
11464,13244
11464,13250
11464,13408
11465,5812
11466,5813
11467,5816
11468,5816
11469,5817
11469,7957
11469,7989
11469,9164
11469,9215
11469,9723
11470,5818
11470,7226
11471,5819
11471,7291
11472,5820
11473,5821
11474,5821
11474,7607
11474,8086
11475,5821
11475,8086
11476,5822
11476,8046
11477,5822
11478,5822
11478,7552
11479,5823
11480,5824
11481,5824
11482,5827
11483,5827
11484,5832
11485,5832
11486,5832
11487,5832
11488,5832
11489,5832
11490,5832
11491,5833
11492,5833
11493,5834
11494,5834
11495,5837
11495,8243
11496,5838
11497,5839
11497,6316
11497,9351
11497,12026
11497,13074
11498,5840
11499,5840
11499,6445
11499,9765
11500,5841
11500,6081
11501,5842
11502,5842
11503,5843
11504,5844
11505,5844
11506,5847
11507,5847
11508,5847
11509,5848
11510,5849
11511,5850
11512,5850
11513,5851
11514,5851
11515,5853
11516,5853
11517,5853
11518,5853
11519,5856
11520,5856
11521,5857
11522,5857
11523,5858
11524,5859
11525,5860
11526,5860
11527,5860
11528,5860
11529,5860
11530,5860
11531,5861
11532,5861
11533,5861
11534,5863
11534,7228
11535,5865
11536,5865
11537,5868
11538,5869
11539,5870
11540,5870
11541,5872
11542,5872
11543,5875
11543,6075
11544,5875
11545,5875
11546,5875
11547,5875
11548,5877
11549,5878
11550,5878
11551,5878
11552,5878
11553,5878
11553,10019
11553,13578
11554,5880
11555,5882
11556,5882
11557,5883
11558,5887
11558,6088
11559,5887
11560,5888
11561,5888
11561,8592
11561,9208
11562,5888
11562,9208
11563,5889
11564,5891
11565,5891
11566,5891
11567,5892
11568,5893
11569,5893
11570,5893
11571,5899
11572,5899
11572,9536
11572,10979
11573,5899
11574,5901
11575,5901
11576,5902
11577,5902
11577,11949
11578,5902
11579,5902
11580,5903
11581,5905
11582,5907
11583,5907
11584,5907
11585,5907
11586,5907
11587,5907
11588,5908
11588,12110
11589,5909
11590,5910
11591,5911
11591,6906
11591,6985
11591,7604
11591,8630
11592,5911
11593,5912
11594,5912
11595,5912
11596,5914
11597,5917
11598,5919
11598,5926
11599,5919
11600,5919
11601,5919
11601,12804
11602,5920
11603,5921
11604,5921
11605,5921
11606,5921
11607,5921
11608,5921
11609,5921
11610,5922
11611,5923
11612,5923
11613,5926
11614,5927
11614,8628
11615,5928
11615,7729
11615,10735
11615,11858
11616,5930
11617,5930
11618,5931
11619,5932
11620,5936
11621,5936
11622,5937
11622,6329
11622,6758
11623,5938
11623,11900
11623,12411
11624,5938
11624,6576
11624,7307
11624,10866
11624,11455
11624,12502
11624,13194
11624,13235
11625,5938
11625,7207
11625,8712
11625,10461
11625,11969
11625,12581
11626,5940
11627,5940
11627,6766
11627,12460
11628,5941
11629,5941
11630,5942
11630,6133
11631,5943
11632,5944
11632,6410
11633,5944
11634,5944
11635,5945
11635,8157
11636,5946
11637,5946
11638,5947
11638,12171
11639,5947
11639,12171
11640,5948
11641,5949
11641,11531
11641,13237
11642,5949
11643,5950
11644,5950
11645,5951
11645,8988
11645,9237
11645,10237
11646,5952
11647,5952
11648,5952
11649,5953
11650,5953
11651,5954
11652,5954
11653,5954
11654,5954
11655,5954
11656,5954
11657,5954
11658,5954
11659,5954
11660,5955
11661,5955
11662,5956
11663,5956
11664,5957
11664,5967
11665,5958
11666,5958
11667,5962
11668,5963
11669,5964
11670,5965
11671,5965
11672,5966
11673,5966
11674,5967
11675,5969
11676,5969
11677,5969
11678,5970
11679,5972
11680,5974
11681,5975
11682,5977
11683,5977
11684,5977
11684,6421
11685,5980
11686,5982
11687,5983
11688,5985
11689,5986
11689,10760
11689,13086
11690,5987
11691,5987
11692,5987
11693,5987
11694,5988
11694,6964
11694,9286
11694,10116
11694,10489
11694,12153
11695,5992
11696,5992
11696,8806
11697,5994
11698,5995
11699,5995
11700,5996
11700,6284
11701,5996
11701,6284
11702,5997
11703,5997
11704,5997
11705,5998
11706,5998
11707,5999
11708,5999
11709,5999
11710,5999
11711,6000
11712,6001
11713,6002
11713,12587
11714,6005
11714,7876
11715,6006
11716,6007
11717,6008
11718,6008
11719,6012
11720,6012
11721,6012
11722,6013
11723,6015
11724,6015
11725,6017
11726,6017
11727,6018
11727,6257
11727,8420
11728,6019
11729,6019
11730,6020
11731,6020
11732,6020
11733,6022
11734,6023
11735,6024
11736,6025
11736,7897
11737,6026
11738,6026
11739,6026
11740,6027
11740,6079
11741,6027
11741,6079
11742,6027
11742,6079
11743,6029
11743,7446
11743,7967
11743,8114
11743,8743
11744,6029
11744,7295
11745,6031
11746,6034
11747,6036
11747,6230
11748,6037
11749,6037
11750,6038
11750,6773
11750,7190
11750,7890
11750,7893
11750,8869
11750,10080
11750,10293
11750,10759
11751,6042
11752,6043
11753,6043
11754,6043
11755,6045
11755,8509
11755,9950
11755,11952
11755,12226
11755,12558
11756,6046
11757,6046
11758,6046
11759,6046
11760,6047
11761,6047
11762,6048
11763,6048
11764,6050
11765,6050
11766,6050
11767,6055
11768,6056
11769,6056
11769,8320
11770,6058
11770,6449
11771,6059
11771,8250
11771,8854
11771,10865
11771,11192
11772,6059
11772,7951
11772,8013
11772,8723
11772,8775
11772,9160
11772,9920
11772,11471
11772,13388
11772,13542
11773,6060
11774,6060
11775,6062
11776,6062
11777,6064
11778,6066
11779,6067
11780,6068
11780,13598
11781,6068
11781,6479
11781,6832
11781,9899
11781,10027
11781,11142
11781,13598
11782,6069
11783,6070
11784,6070
11784,7373
11784,7918
11784,8372
11784,9836
11784,11217
11784,13670
11785,6071
11786,6071
11787,6071
11788,6071
11789,6071
11790,6071
11791,6072
11792,6073
11793,6073
11794,6073
11795,6075
11796,6075
11797,6076
11797,9310
11797,10656
11798,6078
11799,6080
11800,6080
11800,8298
11801,6080
11801,8298
11801,12934
11802,6081
11802,7513
11802,11870
11803,6082
11804,6082
11805,6082
11806,6083
11807,6083
11808,6085
11809,6085
11810,6086
11811,6086
11812,6086
11813,6086
11814,6086
11814,13636
11815,6087
11816,6087
11816,12136
11816,12222
11817,6087
11817,7451
11818,6088
11819,6088
11820,6088
11821,6091
11822,6092
11823,6092
11824,6092
11825,6092
11826,6092
11827,6092
11828,6093
11829,6093
11830,6094
11831,6094
11832,6094
11833,6094
11834,6095
11835,6095
11836,6095
11837,6098
11838,6101
11839,6101
11840,6101
11840,8910
11841,6105
11842,6105
11843,6107
11844,6107
11844,7490
11844,9372
11845,6108
11846,6108
11846,10707
11847,6108
11847,11763
11848,6109
11849,6110
11850,6111
11851,6111
11852,6112
11852,7594
11852,7662
11853,6114
11854,6116
11855,6116
11855,11662
11856,6117
11857,6118
11858,6119
11859,6120
11860,6121
11861,6121
11862,6122
11862,11954
11863,6122
11864,6122
11865,6123
11866,6123
11867,6124
11868,6124
11869,6127
11870,6127
11871,6129
11872,6129
11873,6129
11874,6129
11875,6130
11876,6130
11876,6203
11876,12212
11876,12524
11877,6131
11877,10616
11878,6131
11879,6131
11880,6131
11881,6132
11882,6132
11883,6134
11883,13667
11884,6135
11884,8449
11885,6135
11885,8449
11886,6135
11887,6135
11888,6135
11889,6137
11889,6178
11889,6444
11889,7463
11890,6138
11891,6139
11892,6140
11892,7060
11893,6142
11894,6143
11894,9490
11895,6143
11896,6145
11897,6146
11898,6146
11899,6146
11900,6146
11901,6147
11901,6311
11902,6147
11903,6149
11903,8658
11904,6149
11904,9802
11905,6151
11906,6151
11906,7544
11906,7639
11906,9060
11906,11768
11906,13122
11907,6152
11907,7111
11908,6152
11909,6153
11910,6154
11910,7265
11911,6154
11912,6156
11913,6160
11914,6160
11915,6160
11916,6160
11917,6161
11918,6161
11919,6164
11919,7456
11919,8883
11920,6165
11921,6165
11921,6353
11922,6168
11923,6168
11924,6170
11925,6171
11926,6171
11927,6173
11928,6173
11929,6173
11930,6173
11931,6173
11932,6173
11933,6173
11934,6173
11935,6176
11936,6176
11937,6176
11938,6177
11939,6179
11940,6180
11940,6474
11941,6180
11942,6181
11943,6182
11944,6182
11944,7610
11944,12476
11945,6182
11946,6184
11947,6184
11948,6185
11949,6185
11950,6185
11951,6185
11952,6185
11953,6185
11954,6186
11954,11229
11955,6188
11955,9148
11955,12375
11956,6188
11956,10855
11956,12105
11956,12375
11956,12445
11956,12846
11957,6190
11958,6190
11959,6194
11959,10733
11959,11996
11960,6196
11961,6196
11962,6196
11963,6198
11964,6198
11965,6198
11966,6199
11967,6200
11968,6201
11969,6201
11969,10118
11969,13622
11970,6201
11970,8325
11970,9703
11970,11012
11970,13381
11971,6202
11972,6207
11972,8574
11973,6207
11974,6207
11974,8574
11975,6207
11975,8574
11976,6207
11977,6208
11978,6211
11979,6211
11980,6211
11981,6213
11982,6214
11983,6214
11984,6215
11985,6215
11986,6221
11987,6223
11988,6225
11989,6226
11990,6226
11991,6227
11992,6228
11993,6228
11994,6229
11994,7117
11994,8275
11994,10898
11994,11273
11995,6229
11995,10898
11996,6229
11997,6229
11998,6229
11998,8275
11998,11273
11999,6231
12000,6231
12001,6231
12002,6232
12003,6232
12004,6232
12004,9131
12005,6232
12005,9131
12005,13136
12006,6233
12007,6234
12007,6250
12007,7304
12007,7482
12007,7887
12007,11373
12007,12658
12008,6234
12009,6235
12010,6237
12011,6237
12012,6239
12013,6239
12014,6242
12015,6242
12015,8711
12016,6242
12017,6242
12018,6243
12018,6492
12018,7923
12018,10710
12018,10717
12019,6244
12020,6245
12021,6246
12021,6555
12022,6246
12023,6246
12023,6555
12024,6248
12025,6249
12025,7142
12025,7312
12026,6249
12027,6250
12028,6250
12029,6251
12030,6252
12031,6254
12032,6254
12033,6255
12034,6255
12035,6256
12035,7987
12035,10477
12035,10714
12035,13361
12036,6258
12037,6258
12038,6259
12039,6259
12039,10059
12039,12180
12040,6259
12041,6260
12042,6263
12042,6463
12042,9006
12043,6265
12044,6265
12045,6266
12045,8955
12046,6266
12047,6267
12048,6267
12049,6267
12049,10754
12050,6267
12051,6268
12051,9417
12052,6268
12052,6352
12052,8185
12052,9417
12052,9452
12053,6268
12053,6352
12054,6268
12054,6352
12055,6268
12055,6352
12056,6269
12057,6270
12058,6270
12058,8286
12059,6272
12060,6273
12061,6275
12062,6275
12063,6276
12064,6276
12065,6276
12066,6276
12067,6276
12067,7799
12067,10480
12067,11083
12068,6278
12069,6280
12070,6281
12070,11710
12071,6281
12071,8140
12071,11710
12072,6282
12073,6283
12074,6283
12075,6286
12076,6292
12077,6293
12078,6293
12079,6293
12080,6295
12081,6295
12082,6295
12083,6295
12083,9760
12083,11061
12084,6296
12085,6296
12086,6299
12087,6300
12088,6300
12089,6301
12090,6302
12091,6303
12092,6303
12093,6304
12094,6304
12095,6307
12096,6307
12097,6307
12098,6307
12099,6308
12100,6309
12100,6490
12100,7152
12100,8606
12101,6310
12102,6311
12102,7541
12103,6313
12104,6313
12105,6313
12106,6314
12107,6315
12108,6315
12109,6317
12110,6317
12111,6317
12112,6317
12113,6317
12114,6317
12115,6317
12116,6319
12117,6319
12118,6319
12119,6319
12120,6321
12121,6321
12122,6322
12123,6322
12124,6323
12125,6324
12126,6325
12127,6325
12128,6325
12129,6326
12130,6326
12131,6326
12131,8886
12132,6327
12132,6610
12133,6327
12133,7413
12134,6331
12135,6332
12135,9539
12136,6333
12137,6333
12137,12970
12138,6333
12139,6334
12140,6335
12141,6335
12142,6336
12143,6339
12144,6342
12145,6344
12146,6344
12147,6345
12148,6345
12149,6346
12150,6348
12151,6349
12152,6349
12153,6353
12154,6353
12155,6353
12156,6353
12157,6353
12158,6353
12159,6353
12160,6353
12161,6353
12162,6353
12163,6353
12164,6354
12165,6355
12166,6355
12166,7246
12167,6355
12167,13692
12168,6358
12169,6358
12170,6360
12171,6360
12172,6362
12173,6366
12174,6366
12175,6367
12176,6367
12177,6367
12178,6368
12179,6370
12180,6370
12181,6373
12182,6373
12183,6374
12184,6374
12185,6374
12185,11620
12186,6375
12187,6376
12188,6378
12189,6378
12190,6378
12191,6378
12192,6382
12193,6387
12194,6387
12195,6387
12196,6388
12197,6388
12198,6391
12199,6391
12200,6393
12201,6393
12202,6397
12203,6397
12204,6400
12205,6400
12205,9421
12206,6402
12207,6403
12208,6403
12209,6403
12210,6403
12211,6403
12211,12426
12212,6406
12213,6406
12214,6407
12214,9077
12214,10823
12214,13682
12215,6408
12216,6409
12216,8423
12217,6411
12218,6411
12219,6413
12220,6413
12221,6416
12222,6416
12223,6420
12224,6420
12225,6420
12226,6420
12227,6421
12228,6422
12229,6422
12230,6423
12231,6424
12232,6425
12233,6426
12234,6428
12235,6429
12236,6432
12237,6432
12238,6434
12239,6436
12240,6437
12240,11626
12241,6438
12242,6439
12243,6439
12244,6440
12245,6440
12246,6440
12247,6440
12248,6441
12249,6442
12249,8147
12249,9649
12249,9786
12249,10952
12249,11065
12249,11247
12249,12574
12249,12828
12249,12924
12249,13172
12250,6444
12250,8043
12250,9190
12251,6448
12252,6448
12253,6448
12254,6449
12255,6454
12256,6461
12257,6461
12258,6461
12259,6464
12260,6465
12261,6465
12262,6465
12263,6467
12264,6468
12265,6468
12266,6468
12267,6469
12268,6470
12269,6470
12270,6470
12271,6471
12272,6473
12273,6474
12274,6476
12275,6476
12275,6754
12276,6478
12277,6478
12278,6479
12279,6479
12280,6480
12280,7499
12281,6480
12282,6484
12283,6485
12283,9777
12284,6485
12285,6485
12286,6488
12287,6488
12288,6491
12289,6491
12290,6492
12291,6493
12292,6495
12293,6495
12294,6495
12295,6495
12296,6495
12297,6496
12298,6496
12299,6498
12300,6498
12301,6498
12302,6498
12303,6499
12304,6499
12305,6500
12306,6500
12307,6500
12308,6500
12309,6500
12310,6500
12311,6500
12311,6784
12312,6501
12313,6503
12314,6504
12315,6506
12316,6508
12316,9238
12317,6508
12318,6508
12319,6508
12320,6509
12321,6509
12321,8773
12322,6509
12323,6509
12324,6509
12325,6509
12326,6510
12327,6512
12327,10487
12327,10665
12328,6512
12329,6513
12330,6515
12331,6516
12332,6516
12333,6516
12334,6517
12334,7084
12335,6517
12336,6520
12337,6523
12338,6523
12339,6523
12339,8247
12340,6523
12341,6524
12342,6524
12343,6525
12344,6525
12345,6526
12346,6526
12347,6526
12348,6526
12349,6526
12349,12878
12350,6529
12351,6529
12352,6529
12353,6529
12354,6531
12355,6531
12356,6532
12357,6534
12358,6534
12359,6536
12360,6537
12361,6538
12362,6538
12363,6538
12364,6539
12365,6539
12366,6540
12367,6541
12368,6543
12369,6543
12370,6543
12371,6543
12371,10110
12372,6544
12373,6547
12374,6547
12375,6547
12375,9564
12376,6548
12377,6549
12378,6550
12379,6551
12380,6552
12381,6552
12382,6552
12383,6552
12384,6553
12384,11780
12385,6554
12386,6555
12387,6555
12388,6556
12388,6800
12389,6556
12389,6800
12390,6556
12391,6556
12391,6800
12392,6557
12393,6558
12394,6559
12395,6559
12396,6560
12397,6560
12398,6560
12399,6561
12400,6561
12401,6561
12402,6561
12403,6562
12404,6563
12404,7389
12404,8977
12405,6563
12405,7389
12405,7705
12405,8977
12406,6564
12406,6678
12407,6565
12408,6565
12409,6565
12410,6566
12411,6566
12412,6566
12413,6566
12414,6567
12415,6567
12416,6567
12417,6567
12418,6569
12419,6569
12420,6569
12421,6571
12422,6572
12423,6572
12424,6575
12424,10151
12425,6576
12426,6576
12426,7307
12427,6577
12428,6577
12429,6577
12430,6578
12431,6578
12432,6578
12433,6579
12433,6777
12433,8374
12434,6579
12434,8374
12434,11762
12434,11793
12435,6581
12436,6581
12436,9772
12437,6581
12438,6581
12439,6581
12440,6581
12441,6581
12442,6581
12443,6582
12444,6582
12444,11750
12445,6582
12445,11750
12446,6584
12447,6584
12448,6585
12449,6586
12449,7458
12450,6587
12451,6587
12452,6588
12453,6589
12454,6591
12455,6592
12456,6593
12456,8299
12457,6595
12457,9926
12457,13457
12458,6596
12459,6596
12460,6596
12461,6596
12462,6597
12462,11233
12463,6598
12464,6598
12465,6599
12466,6602
12467,6602
12468,6604
12469,6604
12470,6605
12470,6807
12470,7212
12470,7231
12470,7503
12470,8310
12470,9214
12470,9401
12470,9480
12470,10956
12470,11249
12471,6606
12472,6606
12473,6607
12474,6607
12475,6609
12476,6609
12477,6610
12477,8767
12478,6610
12479,6613
12480,6613
12481,6614
12481,8709
12482,6614
12483,6614
12484,6615
12484,8387
12485,6615
12485,8387
12486,6616
12487,6617
12488,6617
12489,6617
12490,6618
12490,8668
12491,6618
12491,6682
12491,8668
12491,11139
12491,11418
12491,11919
12491,12008
12491,12704
12491,12756
12491,13570
12492,6618
12492,6682
12492,8668
12492,11139
12492,11418
12492,12704
12493,6618
12493,8668
12493,9065
12494,6618
12494,11222
12495,6620
12495,6623
12495,7274
12495,7438
12495,7894
12495,8524
12495,9373
12495,9486
12496,6620
12497,6620
12497,6623
12497,7274
12497,7894
12497,13111
12497,13411
12498,6622
12499,6623
12500,6624
12500,8748
12500,9157
12500,9367
12500,10720
12500,12501
12500,12957
12501,6624
12502,6625
12502,7262
12503,6626
12504,6626
12505,6627
12506,6628
12507,6629
12507,13025
12508,6629
12509,6629
12509,13025
12510,6630
12510,7968
12511,6630
12511,7968
12512,6631
12513,6631
12514,6632
12514,8632
12514,10267
12514,10496
12514,10568
12514,11821
12514,12632
12514,13561
12515,6632
12515,7900
12515,9458
12515,9772
12515,11077
12516,6632
12517,6632
12518,6633
12518,8868
12519,6634
12519,8263
12519,10279
12520,6636
12520,6996
12520,8514
12521,6637
12521,9156
12522,6638
12522,7547
12522,7650
12522,7978
12522,9776
12523,6638
12524,6640
12525,6642
12526,6642
12527,6643
12528,6644
12529,6644
12529,7372
12530,6644
12531,6645
12532,6645
12533,6646
12533,8025
12533,10542
12533,11358
12534,6646
12534,8025
12535,6649
12536,6649
12537,6649
12538,6649
12539,6650
12539,8130
12540,6650
12540,7152
12541,6650
12542,6650
12542,7248
12542,8995
12542,9420
12542,9782
12542,10489
12542,11242
12542,11849
12543,6652
12544,6653
12544,8866
12544,9880
12544,10042
12544,11542
12545,6654
12546,6654
12546,8430
12546,9874
12547,6654
12548,6654
12548,8430
12549,6656
12549,6842
12549,8120
12549,9762
12549,10521
12549,10650
12549,10719
12549,11217
12549,11369
12549,11975
12549,12301
12549,13555
12550,6657
12550,6825
12550,7682
12550,7849
12550,9327
12550,9372
12550,11840
12550,12649
12551,6659
12551,7016
12551,10477
12551,10803
12551,13539
12552,6659
12553,6661
12554,6662
12555,6662
12556,6663
12556,8774
12556,9737
12556,12594
12557,6664
12558,6665
12558,7498
12558,7958
12559,6665
12559,7498
12560,6665
12560,7498
12561,6669
12561,7719
12561,8926
12562,6670
12563,6670
12563,9530
12564,6671
12564,9535
12565,6671
12565,10838
12565,11776
12566,6671
12567,6672
12568,6672
12569,6673
12570,6673
12570,7010
12570,10504
12570,11318
12571,6674
12572,6674
12573,6674
12574,6675
12574,10138
12575,6676
12575,9941
12575,11823
12575,11973
12575,13354
12575,13710
12576,6677
12577,6677
12577,7853
12578,6677
12578,7853
12579,6678
12579,6908
12579,6974
12579,9109
12580,6678
12580,8241
12581,6679
12582,6680
12583,6680
12583,7953
12584,6681
12584,7252
12584,7408
12584,9315
12584,10230
12584,10289
12584,10730
12585,6681
12585,9161
12585,13708
12586,6682
12587,6682
12588,6683
12588,8035
12588,8757
12589,6683
12589,8035
12589,8699
12589,8757
12589,9414
12589,12102
12590,6683
12590,8757
12590,11922
12590,12080
12590,12100
12591,6684
12591,7292
12591,7682
12591,7849
12591,8866
12591,9183
12591,9354
12591,11818
12591,11840
12592,6684
12592,7292
12592,10306
12592,12509
12593,6685
12593,9349
12593,10093
12594,6685
12594,7192
12595,6685
12595,6709
12595,7965
12595,11312
12595,11322
12595,11723
12596,6685
12596,7258
12596,7278
12596,8699
12597,6686
12598,6687
12599,6687
12599,8994
12599,9630
12599,10447
12600,6692
12600,7965
12601,6692
12602,6693
12602,9010
12602,9164
12602,12194
12602,12479
12603,6693
12603,9010
12603,12194
12604,6694
12605,6694
12606,6694
12607,6695
12608,6697
12609,6698
12610,6698
12610,9900
12610,11821
12610,12651
12610,13113
12610,13145
12610,13561
12610,13568
12611,6698
12611,9900
12612,6699
12613,6701
12614,6702
12615,6702
12616,6702
12617,6702
12617,8744
12617,13142
12618,6703
12619,6703
12620,6704
12621,6704
12622,6705
12623,6707
12624,6707
12625,6709
12625,9414
12625,9482
12626,6709
12627,6709
12628,6710
12629,6710
12629,9853
12629,11023
12629,11468
12629,11510
12630,6711
12630,7245
12631,6711
12631,7245
12631,11875
12632,6712
12632,7005
12632,7172
12632,7774
12632,8973
12632,9147
12632,9235
12632,9309
12632,10148
12632,10294
12632,10953
12632,11800
12632,11844
12632,11864
12632,11995
12632,12179
12633,6713
12633,8131
12634,6713
12635,6714
12636,6714
12636,13582
12637,6714
12638,6717
12638,8701
12639,6717
12639,8064
12639,8701
12639,8887
12639,10003
12639,10288
12639,10290
12639,11053
12639,13554
12640,6717
12640,13554
12641,6718
12642,6719
12643,6721
12644,6722
12645,6722
12646,6723
12646,9420
12646,12512
12647,6723
12648,6724
12649,6725
12650,6725
12651,6725
12652,6726
12652,9005
12652,10299
12653,6726
12654,6728
12655,6728
12656,6730
12656,13388
12657,6730
12657,11985
12657,13337
12658,6730
12658,8235
12658,9687
12658,13337
12659,6731
12660,6731
12661,6731
12661,9159
12661,9593
12662,6732
12663,6734
12664,6734
12665,6737
12665,11197
12666,6737
12667,6738
12668,6739
12669,6740
12669,10537
12670,6740
12670,7218
12671,6740
12672,6740
12673,6740
12674,6743
12674,6773
12674,8609
12674,10802
12674,11308
12674,12952
12675,6744
12676,6745
12677,6745
12678,6745
12679,6748
12680,6748
12681,6748
12682,6750
12682,7934
12682,13096
12683,6750
12684,6750
12685,6752
12686,6753
12687,6753
12688,6754
12688,7976
12688,13560
12689,6754
12690,6756
12690,12482
12691,6758
12692,6759
12693,6759
12694,6759
12695,6759
12696,6760
12697,6760
12698,6760
12699,6760
12700,6760
12701,6760
12702,6761
12703,6762
12704,6762
12704,8762
12704,12233
12705,6762
12705,7921
12705,8318
12705,8762
12705,9848
12705,10205
12705,12233
12706,6763
12706,7141
12707,6764
12707,7134
12707,8262
12708,6766
12709,6767
12710,6769
12711,6770
12712,6771
12713,6772
12714,6772
12715,6774
12716,6774
12717,6774
12718,6776
12719,6777
12719,8395
12719,8686
12719,11415
12719,12196
12720,6777
12720,8395
12720,8686
12720,11415
12721,6777
12721,8395
12721,8686
12721,11145
12721,12196
12722,6780
12722,7685
12723,6782
12724,6783
12725,6784
12726,6784
12727,6784
12727,9105
12727,11094
12727,11105
12727,12863
12728,6786
12728,9411
12729,6786
12730,6787
12731,6787
12732,6788
12732,13107
12733,6789
12733,9473
12734,6789
12735,6793
12736,6793
12736,12021
12737,6793
12738,6793
12739,6793
12740,6793
12741,6794
12741,12929
12742,6794
12743,6794
12744,6797
12745,6797
12746,6797
12747,6797
12748,6797
12749,6798
12750,6798
12750,10979
12751,6798
12752,6799
12753,6799
12754,6799
12755,6799
12756,6799
12757,6800
12758,6802
12758,9193
12758,10128
12759,6803
12760,6803
12761,6803
12761,11911
12761,12361
12762,6804
12763,6804
12764,6804
12765,6804
12766,6805
12766,7514
12767,6805
12767,7514
12767,10033
12768,6805
12769,6806
12769,7206
12770,6806
12770,7206
12770,12628
12771,6806
12772,6806
12773,6808
12774,6808
12774,8862
12775,6808
12776,6808
12777,6808
12778,6809
12779,6809
12780,6809
12781,6809
12782,6810
12783,6811
12784,6812
12785,6812
12786,6812
12787,6812
12788,6813
12789,6813
12790,6813
12791,6813
12792,6813
12793,6815
12793,8697
12794,6817
12795,6818
12796,6818
12796,6858
12796,6990
12797,6818
12797,6990
12798,6818
12798,6858
12798,6990
12799,6819
12800,6819
12800,10612
12801,6820
12802,6820
12803,6820
12804,6821
12805,6821
12806,6821
12807,6822
12808,6822
12808,6942
12809,6822
12810,6822
12811,6822
12812,6823
12813,6823
12814,6823
12815,6824
12816,6824
12817,6824
12818,6824
12819,6824
12820,6826
12821,6826
12822,6826
12823,6828
12824,6828
12825,6828
12826,6828
12827,6830
12828,6830
12829,6831
12830,6831
12831,6831
12832,6832
12833,6833
12834,6833
12835,6834
12835,7221
12835,11598
12836,6834
12836,7221
12837,6835
12838,6835
12839,6835
12840,6835
12841,6835
12842,6837
12843,6837
12844,6837
12845,6837
12846,6838
12846,6884
12847,6838
12847,6884
12848,6838
12849,6838
12849,6884
12850,6838
12850,6884
12851,6839
12852,6840
12853,6840
12854,6840
12855,6841
12855,8715
12855,9096
12855,10479
12855,11498
12856,6841
12856,8715
12856,11498
12857,6842
12858,6842
12859,6844
12859,8629
12860,6844
12861,6844
12862,6844
12862,8629
12863,6845
12864,6845
12865,6846
12866,6846
12867,6846
12868,6846
12869,6847
12870,6847
12871,6847
12872,6847
12873,6847
12874,6847
12875,6848
12875,7054
12875,7580
12876,6848
12877,6848
12877,7054
12877,7580
12878,6848
12878,7580
12879,6848
12879,7580
12880,6848
12880,7580
12881,6849
12881,6934
12881,7137
12882,6849
12883,6849
12883,8365
12883,11369
12884,6850
12885,6851
12886,6852
12886,8430
12886,9957
12887,6853
12888,6854
12889,6854
12890,6857
12891,6858
12892,6860
12892,8593
12892,8842
12892,9937
12892,10004
12893,6861
12893,9781
12893,9904
12894,6861
12894,9781
12895,6861
12896,6861
12897,6863
12897,8811
12897,9985
12898,6865
12899,6866
12900,6866
12900,9158
12900,13506
12901,6866
12901,9158
12901,11272
12901,12013
12901,12534
12901,13368
12902,6866
12903,6866
12904,6866
12905,6867
12906,6867
12907,6870
12908,6870
12909,6871
12910,6871
12911,6871
12912,6871
12913,6872
12914,6872
12915,6873
12915,12416
12916,6874
12917,6876
12918,6876
12919,6876
12920,6876
12921,6877
12922,6877
12923,6878
12924,6881
12924,10256
12925,6882
12926,6883
12926,9644
12926,10972
12927,6884
12928,6885
12928,9318
12929,6885
12929,9318
12929,12120
12930,6887
12931,6887
12932,6888
12933,6889
12933,11450
12934,6889
12935,6889
12935,11450
12936,6889
12937,6892
12938,6892
12939,6893
12939,9032
12940,6893
12940,9032
12941,6895
12942,6895
12942,9570
12943,6897
12943,9634
12943,9660
12943,10833
12944,6898
12945,6899
12946,6899
12947,6900
12948,6900
12949,6902
12949,7557
12950,6902
12950,7557
12951,6902
12951,7557
12952,6902
12953,6903
12954,6903
12955,6904
12956,6904
12956,6922
12957,6904
12958,6905
12958,9965
12959,6905
12960,6905
12961,6906
12962,6906
12962,7604
12963,6906
12964,6907
12964,11654
12965,6908
12965,6974
12966,6908
12966,6974
12967,6908
12967,7990
12967,9933
12967,11888
12967,13335
12967,13469
12967,13570
12968,6908
12969,6908
12970,6909
12971,6909
12972,6909
12973,6910
12974,6911
12975,6911
12976,6914
12977,6915
12977,9978
12978,6915
12978,9978
12978,10045
12979,6915
12979,9978
12980,6916
12981,6918
12982,6918
12983,6919
12983,9871
12984,6920
12985,6921
12986,6921
12987,6921
12988,6922
12989,6923
12990,6923
12991,6924
12992,6924
12993,6924
12994,6925
12995,6925
12996,6925
12997,6925
12998,6926
12998,8216
12999,6927
12999,7826
13000,6928
13001,6929
13001,9199
13002,6929
13003,6931
13004,6931
13005,6933
13006,6934
13007,6934
13008,6935
13009,6935
13010,6936
13011,6936
13012,6936
13013,6938
13014,6939
13015,6939
13016,6939
13017,6940
13018,6940
13019,6941
13020,6941
13020,10271
13020,10990
13020,11222
13020,11530
13020,12901
13021,6942
13022,6943
13022,9692
13022,10895
13022,11124
13022,12535
13023,6944
13024,6944
13025,6944
13026,6945
13027,6945
13028,6947
13029,6947
13030,6947
13031,6947
13031,6950
13031,7353
13031,8702
13032,6947
13033,6947
13034,6948
13034,8359
13035,6948
13036,6949
13036,7467
13037,6949
13038,6949
13039,6949
13039,7467
13040,6949
13041,6949
13041,7467
13042,6950
13043,6950
13044,6950
13045,6950
13045,8702
13046,6950
13046,8702
13047,6951
13047,7481
13048,6952
13049,6953
13050,6953
13051,6953
13052,6953
13053,6955
13054,6955
13054,7036
13055,6956
13056,6957
13057,6957
13058,6958
13059,6959
13060,6959
13061,6959
13062,6959
13063,6959
13064,6959
13065,6960
13065,11768
13065,13122
13065,13409
13066,6960
13067,6961
13067,8083
13067,9827
13068,6961
13068,8083
13068,9647
13068,9827
13069,6962
13070,6963
13071,6963
13072,6964
13072,11008
13073,6965
13074,6966
13075,6967
13075,8144
13075,10263
13076,6969
13077,6969
13078,6970
13079,6970
13080,6970
13081,6971
13082,6972
13083,6973
13084,6973
13085,6973
13086,6974
13087,6975
13088,6975
13089,6975
13090,6975
13091,6976
13091,9866
13092,6976
13093,6977
13093,7653
13093,7671
13093,7960
13094,6978
13095,6978
13095,11048
13095,11202
13096,6978
13096,11048
13097,6980
13098,6981
13099,6981
13100,6982
13101,6982
13102,6983
13103,6983
13104,6984
13105,6984
13106,6984
13107,6984
13108,6984
13109,6985
13110,6985
13111,6985
13112,6985
13112,10047
13113,6986
13114,6989
13115,6989
13116,6989
13117,6989
13118,6990
13119,6991
13119,6998
13120,6992
13121,6992
13122,6992
13122,13513
13123,6992
13123,7008
13123,7020
13123,8589
13123,10037
13123,13513
13124,6993
13125,6993
13125,7246
13125,9438
13126,6994
13127,6994
13128,6994
13129,6995
13129,7362
13130,6995
13130,7362
13131,6995
13131,7362
13132,6996
13132,9010
13132,12479
13133,6996
13134,6996
13134,9010
13135,6996
13136,6996
13137,6997
13137,9465
13137,13354
13137,13710
13138,6997
13139,6999
13140,6999
13141,7000
13142,7000
13143,7001
13143,8623
13143,9662
13143,10440
13143,11927
13144,7003
13145,7003
13146,7003
13147,7005
13147,7172
13147,7774
13147,8557
13147,9180
13147,9200
13147,9309
13147,10066
13147,10294
13148,7005
13149,7006
13149,7622
13150,7007
13151,7008
13152,7008
13152,7020
13152,8407
13152,9689
13152,12909
13152,13459
13152,13551
13153,7009
13154,7009
13154,9958
13154,10014
13155,7009
13155,7398
13156,7009
13157,7010
13157,10504
13157,11318
13157,13534
13157,13571
13158,7011
13158,8843
13159,7011
13159,8843
13159,8890
13160,7012
13161,7012
13161,9730
13161,11043
13162,7012
13163,7012
13164,7013
13165,7013
13166,7013
13167,7014
13168,7014
13169,7015
13170,7015
13171,7015
13172,7017
13173,7018
13174,7018
13175,7019
13175,10059
13175,12180
13176,7019
13177,7019
13178,7019
13179,7021
13180,7021
13181,7022
13182,7022
13183,7022
13184,7023
13185,7023
13186,7023
13187,7023
13188,7024
13189,7024
13190,7024
13191,7024
13192,7025
13193,7026
13193,9445
13194,7027
13195,7029
13196,7029
13196,8627
13196,8913
13196,10007
13196,10070
13197,7029
13198,7029
13198,8594
13198,8684
13198,8913
13199,7030
13200,7030
13201,7030
13202,7030
13203,7030
13204,7032
13205,7033
13205,7939
13206,7033
13206,7939
13206,8989
13206,9170
13207,7033
13207,7939
13208,7033
13208,7939
13209,7034
13209,8410
13209,8674
13210,7034
13210,8410
13210,8674
13210,12003
13210,12353
13210,12393
13210,12663
13211,7035
13212,7035
13213,7035
13214,7036
13215,7037
13216,7037
13217,7037
13218,7038
13219,7038
13220,7038
13221,7038
13222,7038
13223,7040
13224,7042
13225,7042
13226,7043
13227,7045
13228,7045
13229,7046
13229,9901
13229,11640
13229,11649
13229,11657
13229,13239
13229,13332
13230,7046
13231,7046
13231,9945
13231,11649
13232,7046
13233,7046
13233,9901
13233,11640
13233,11649
13233,13239
13233,13251
13234,7046
13235,7047
13236,7047
13237,7047
13238,7049
13239,7049
13240,7049
13241,7049
13242,7050
13243,7050
13243,8342
13243,9360
13244,7050
13244,8342
13244,9360
13245,7050
13246,7050
13247,7051
13248,7052
13248,12106
13249,7052
13249,10584
13250,7053
13250,10338
13251,7053
13252,7053
13253,7054
13254,7054
13255,7054
13256,7055
13257,7055
13258,7055
13259,7056
13259,8176
13259,8539
13260,7056
13261,7056
13262,7057
13263,7057
13264,7057
13265,7058
13265,10794
13266,7058
13266,12252
13267,7058
13268,7058
13269,7058
13270,7058
13271,7059
13271,7708
13272,7060
13273,7060
13274,7060
13275,7060
13276,7061
13277,7062
13278,7062
13279,7062
13280,7067
13281,7067
13282,7069
13283,7069
13284,7070
13285,7071
13285,9085
13286,7071
13286,9085
13287,7073
13287,11934
13288,7074
13289,7074
13290,7074
13291,7074
13292,7074
13293,7076
13294,7077
13295,7078
13295,7632
13295,8121
13296,7080
13297,7082
13298,7083
13299,7084
13300,7084
13301,7087
13302,7088
13303,7090
13304,7091
13304,12031
13305,7092
13306,7093
13307,7093
13308,7093
13309,7094
13310,7094
13311,7095
13311,7160
13312,7095
13313,7095
13313,7160
13314,7095
13314,7160
13315,7095
13315,7160
13316,7096
13316,7806
13316,9510
13316,11164
13316,12599
13317,7096
13317,7806
13318,7096
13319,7097
13320,7098
13321,7098
13322,7098
13323,7100
13324,7100
13325,7100
13326,7100
13327,7100
13328,7101
13329,7102
13330,7102
13331,7103
13332,7103
13333,7104
13334,7108
13334,7148
13334,12255
13335,7108
13336,7109
13337,7109
13338,7109
13339,7109
13340,7110
13341,7111
13342,7111
13343,7112
13344,7113
13345,7113
13346,7118
13347,7118
13348,7118
13349,7119
13349,7940
13349,8068
13349,8560
13349,9775
13349,12216
13350,7122
13351,7123
13352,7123
13353,7123
13354,7125
13355,7125
13356,7127
13356,8601
13356,10537
13357,7128
13358,7129
13359,7129
13360,7129
13361,7130
13362,7132
13363,7132
13364,7134
13365,7136
13366,7138
13367,7139
13368,7140
13369,7143
13370,7143
13371,7143
13372,7144
13373,7144
13374,7144
13375,7145
13375,8521
13376,7145
13376,11162
13377,7147
13378,7147
13379,7149
13380,7149
13381,7150
13382,7150
13383,7150
13384,7150
13385,7150
13386,7153
13387,7153
13387,11744
13388,7154
13389,7154
13390,7155
13391,7155
13392,7155
13393,7157
13394,7158
13395,7159
13395,9604
13396,7161
13397,7161
13398,7161
13399,7161
13400,7162
13400,8679
13400,9991
13400,10280
13400,11368
13401,7164
13402,7164
13403,7166
13404,7168
13405,7169
13405,9423
13406,7169
13407,7169
13408,7169
13408,9423
13409,7169
13410,7169
13410,9423
13410,13058
13411,7170
13412,7170
13413,7171
13413,12141
13413,12203
13414,7171
13414,9323
13414,12108
13415,7171
13415,9323
13415,10594
13415,10737
13415,12108
13416,7175
13416,10126
13416,12871
13416,13132
13417,7176
13418,7177
13419,7178
13420,7179
13420,7270
13421,7179
13421,7270
13422,7180
13423,7180
13424,7182
13425,7182
13426,7182
13427,7183
13428,7185
13428,8141
13428,8221
13428,9555
13428,9574
13428,11381
13429,7185
13429,8141
13429,8221
13429,9693
13430,7186
13431,7186
13432,7187
13433,7188
13433,8680
13434,7188
13434,8680
13435,7188
13435,8680
13436,7189
13437,7189
13438,7191
13438,8185
13438,9417
13438,10316
13439,7191
13440,7192
13440,7201
13440,9349
13440,9350
13440,9435
13440,10544
13441,7193
13441,9384
13441,10533
13441,11251
13441,11418
13441,13410
13442,7194
13443,7194
13444,7196
13445,7196
13446,7197
13447,7197
13448,7197
13449,7197
13450,7197
13451,7198
13452,7198
13453,7198
13454,7200
13454,11240
13455,7201
13456,7201
13457,7202
13457,12168
13458,7202
13458,7413
13458,10266
13459,7202
13460,7202
13461,7203
13462,7206
13463,7206
13464,7206
13465,7206
13465,10633
13465,10693
13466,7207
13467,7208
13468,7208
13468,8751
13468,9973
13468,10776
13469,7209
13470,7210
13470,8036
13470,10566
13471,7211
13472,7211
13473,7212
13474,7213
13475,7213
13476,7213
13476,7973
13476,10903
13477,7215
13478,7217
13479,7217
13480,7217
13481,7218
13482,7218
13483,7218
13484,7218
13485,7218
13486,7218
13487,7218
13488,7218
13488,10162
13489,7220
13489,8640
13490,7220
13491,7221
13491,8923
13491,11809
13492,7222
13493,7222
13494,7223
13495,7223
13496,7224
13497,7225
13497,10663
13497,12441
13497,13421
13498,7225
13498,11731
13499,7225
13499,11731
13500,7226
13500,8208
13501,7226
13501,8208
13501,9902
13502,7228
13503,7228
13503,9396
13503,11155
13504,7229
13504,11408
13505,7229
13506,7230
13506,9220
13506,9311
13506,10702
13506,11223
13506,12371
13506,12905
13507,7230
13507,10585
13507,11330
13507,12084
13508,7231
13508,11292
13509,7231
13510,7231
13511,7232
13512,7233
13512,9472
13512,10699
13512,11359
13512,11935
13512,11940
13512,12053
13512,12113
13513,7234
13513,8052
13513,8731
13513,9363
13513,12147
13514,7234
13514,9341
13514,9363
13514,11332
13514,12156
13514,12232
13515,7235
13516,7235
13517,7235
13518,7235
13519,7237
13520,7239
13521,7239
13521,10120
13522,7241
13522,8840
13522,9406
13522,9455
13522,10729
13523,7242
13524,7242
13525,7243
13525,7330
13525,10302
13525,10819
13525,10997
13525,13003
13525,13104
13526,7243
13527,7246
13528,7246
13529,7246
13530,7247
13530,9913
13530,11295
13531,7247
13531,12056
13532,7248
13532,9782
13533,7249
13534,7249
13535,7250
13536,7251
13536,12017
13537,7251
13538,7252
13538,9315
13539,7252
13539,9315
13539,10730
13539,13702
13540,7253
13541,7254
13541,10879
13541,12103
13541,12945
13542,7254
13543,7254
13543,10879
13544,7256
13545,7256
13545,12128
13546,7256
13547,7257
13547,10609
13547,11906
13547,12466
13548,7258
13548,9799
13548,9861
13548,10071
13548,10212
13549,7261
13550,7263
13551,7263
13551,10126
13551,12037
13552,7263
13553,7265
13554,7266
13555,7266
13556,7267
13556,9335
13556,11359
13556,12113
13556,13704
13557,7267
13557,11359
13557,11940
13557,13704
13558,7267
13558,13704
13559,7269
13559,9157
13559,9367
13559,9442
13559,10028
13560,7271
13560,10524
13561,7272
13562,7273
13562,10321
13562,12225
13562,12575
13563,7273
13563,9368
13563,10321
13563,12014
13563,12086
13564,7273
13565,7275
13566,7275
13567,7275
13568,7275
13569,7275
13570,7276
13571,7276
13572,7276
13573,7277
13574,7277
13575,7277
13576,7277
13577,7277
13578,7277
13579,7280
13580,7280
13581,7280
13581,8815
13581,9713
13581,13494
13582,7282
13583,7285
13583,8158
13584,7288
13584,7574
13585,7289
13586,7290
13587,7290
13587,7457
13588,7291
13589,7293
13590,7293
13591,7293
13592,7297
13593,7298
13594,7300
13595,7301
13595,7555
13595,12419
13596,7301
13597,7301
13598,7304
13599,7305
13600,7307
13601,7310
13601,9867
13602,7310
13603,7311
13604,7311
13605,7311
13606,7311
13607,7311
13608,7312
13609,7314
13610,7314
13611,7314
13612,7314
13613,7315
13614,7316
13614,11563
13615,7317
13616,7317
13617,7319
13618,7319
13619,7320
13620,7320
13621,7320
13622,7321
13623,7321
13624,7322
13625,7322
13626,7322
13627,7327
13628,7327
13629,7327
13630,7329
13631,7329
13632,7330
13633,7331
13634,7332
13635,7335
13636,7337
13637,7338
13638,7339
13639,7339
13640,7342
13641,7342
13642,7344
13642,7471
13643,7346
13644,7346
13645,7347
13646,7353
13647,7353
13648,7353
13649,7353
13650,7353
13651,7356
13651,12167
13652,7356
13653,7356
13653,9850
13653,12295
13654,7356
13655,7360
13656,7362
13657,7363
13657,7423
13658,7365
13659,7365
13660,7365
13661,7366
13662,7368
13663,7368
13664,7368
13665,7370
13666,7371
13667,7372
13668,7373
13668,13670
13669,7373
13669,9392
13669,13670
13670,7374
13670,9887
13671,7374
13672,7375
13673,7376
13674,7377
13675,7377
13676,7378
13677,7378
13678,7378
13679,7379
13679,7650
13679,8040
13680,7380
13681,7380
13682,7380
13683,7380
13683,9881
13683,11738
13683,12432
13683,12676
13684,7381
13685,7383
13686,7384
13687,7384
13688,7384
13689,7386
13690,7386
13691,7386
13692,7387
13693,7387
13694,7387
13695,7387
13696,7388
13697,7388
13698,7390
13699,7390
13700,7394
13701,7395
13701,11817
13702,7395
13703,7395
13704,7398
13705,7398
13706,7398
13707,7400
13708,7400
13709,7403
13709,8134
13710,7403
13710,7595
13711,7404
13711,8592
13711,9208
13711,12095
13712,7404
13713,7406
13713,7484
13714,7407
13715,7407
13716,7407
13717,7407
13718,7407
13719,7407
13720,7407
13721,7409
13722,7411
13723,7411
13724,7412
13725,7412
13726,7412
13727,7413
13727,8767
13728,7414
13729,7416
13730,7416
13730,9350
13731,7416
13731,9469
13732,7417
13732,7437
13733,7421
13734,7422
13735,7423
13735,9164
13736,7425
13737,7425
13737,8064
13737,11333
13738,7425
13739,7425
13740,7426
13741,7426
13742,7426
13743,7426
13744,7428
13745,7428
13746,7428
13747,7432
13748,7434
13749,7435
13750,7435
13751,7436
13752,7436
13753,7438
13754,7438
13755,7439
13755,7671
13756,7440
13757,7441
13758,7441
13759,7441
13760,7441
13761,7441
13762,7441
13763,7442
13764,7444
13765,7445
13765,9372
13766,7445
13767,7445
13768,7447
13769,7447
13770,7447
13771,7448
13772,7448
13773,7449
13773,9167
13773,10236
13773,10273
13774,7450
13775,7451
13776,7453
13777,7453
13778,7454
13779,7454
13780,7454
13781,7457
13782,7460
13783,7460
13784,7460
13785,7463
13786,7464
13787,7467
13788,7467
13789,7469
13790,7470
13790,7979
13791,7470
13792,7472
13793,7474
13794,7476
13795,7476
13796,7477
13796,7618
13797,7477
13797,7618
13798,7479
13799,7479
13800,7481
13800,13327
13801,7481
13802,7481
13803,7481
13804,7482
13805,7482
13806,7484
13807,7484
13808,7485
13809,7485
13810,7485
13811,7487
13812,7489
13813,7490
13814,7490
13815,7492
13816,7493
13817,7496
13818,7496
13819,7497
13820,7499
13821,7500
13822,7500
13823,7501
13823,8362
13823,12395
13824,7503
13824,9214
13824,9480
13825,7504
13826,7505
13827,7505
13828,7505
13829,7506
13830,7506
13831,7509
13831,9209
13831,10620
13832,7512
13833,7518
13834,7520
13835,7521
13836,7521
13837,7521
13838,7522
13839,7523
13839,9540
13839,12475
13840,7523
13841,7523
13842,7523
13843,7525
13843,12497
13843,12834
13844,7525
13844,9477
13844,12324
13845,7525
13845,7658
13846,7527
13847,7527
13848,7528
13849,7531
13850,7532
13851,7532
13851,9745
13852,7532
13852,10731
13852,11727
13853,7533
13853,7937
13853,8055
13854,7533
13855,7533
13855,7937
13856,7533
13857,7533
13858,7533
13859,7536
13859,7896
13859,9557
13860,7538
13861,7540
13862,7540
13863,7540
13864,7541
13865,7541
13866,7541
13867,7541
13868,7541
13869,7542
13869,7630
13870,7545
13870,11319
13870,13093
13870,13166
13871,7547
13872,7549
13873,7549
13874,7550
13875,7550
13876,7550
13877,7550
13877,11239
13877,11720
13877,11781
13877,13357
13878,7551
13878,9575
13879,7552
13880,7553
13881,7554
13882,7555
13882,12419
13883,7556
13884,7556
13885,7556
13886,7557
13887,7557
13888,7557
13889,7557
13890,7558
13891,7559
13892,7559
13893,7560
13893,7692
13894,7560
13895,7561
13896,7562
13897,7562
13898,7563
13899,7566
13900,7568
13901,7568
13902,7568
13903,7576
13904,7579
13905,7579
13906,7579
13907,7580
13908,7581
13909,7582
13910,7584
13911,7584
13912,7584
13913,7584
13914,7585
13915,7589
13916,7589
13917,7590
13918,7597
13919,7597
13920,7598
13921,7600
13922,7601
13923,7601
13924,7601
13925,7602
13926,7602
13926,8401
13926,9151
13926,10768
13927,7603
13928,7605
13929,7605
13930,7605
13931,7605
13932,7605
13933,7605
13934,7606
13935,7607
13936,7608
13937,7608
13938,7610
13938,12476
13939,7614
13940,7614
13941,7614
13942,7614
13943,7616
13944,7616
13945,7619
13946,7619
13947,7620
13947,8557
13947,9180
13947,10276
13948,7621
13949,7623
13950,7624
13951,7624
13952,7627
13953,7627
13954,7629
13955,7629
13955,12191
13956,7629
13957,7629
13958,7630
13958,10029
13959,7631
13960,7631
13961,7631
13962,7631
13963,7631
13964,7633
13965,7633
13966,7633
13967,7639
13968,7639
13968,7721
13968,9872
13968,10681
13969,7640
13970,7640
13971,7642
13972,7642
13973,7644
13974,7644
13975,7647
13975,9407
13975,10619
13976,7647
13977,7648
13978,7648
13979,7648
13980,7648
13981,7649
13982,7651
13983,7653
13984,7653
13984,12993
13985,7653
13986,7654
13987,7654
13988,7655
13989,7656
13990,7656
13991,7658
13992,7658
13993,7659
13994,7661
13995,7661
13996,7662
13997,7664
13997,10254
13997,12140
13997,13223
13997,13316
13998,7665
13999,7665
13999,7752
14000,7666
14001,7666
14002,7666
14003,7666
14003,9912
14004,7668
14005,7668
14006,7668
14007,7669
14008,7669
14009,7669
14010,7673
14011,7674
14012,7677
14013,7677
14014,7680
14015,7680
14015,8453
14015,8847
14016,7680
14017,7683
14017,8304
14018,7683
14019,7683
14020,7687
14021,7688
14021,8864
14022,7688
14023,7689
14024,7689
14025,7689
14026,7689
14027,7689
14028,7689
14029,7689
14030,7691
14031,7693
14032,7694
14033,7695
14034,7695
14035,7695
14036,7695
14037,7696
14038,7697
14039,7699
14040,7700
14041,7702
14042,7702
14043,7703
14044,7704
14045,7704
14046,7705
14047,7707
14048,7707
14049,7710
14050,7710
14051,7710
14052,7710
14053,7710
14054,7711
14055,7711
14056,7712
14056,8283
14056,8436
14057,7713
14058,7713
14058,10024
14059,7715
14060,7715
14061,7715
14062,7715
14063,7716
14064,7716
14065,7716
14065,9092
14065,9265
14065,9280
14066,7717
14066,10224
14066,10716
14067,7717
14068,7717
14069,7718
14070,7718
14071,7718
14072,7719
14072,8379
14073,7720
14073,8562
14074,7721
14075,7721
14076,7721
14076,9872
14077,7721
14078,7722
14079,7723
14080,7723
14080,8035
14081,7724
14081,12158
14082,7724
14083,7724
14084,7725
14085,7726
14086,7727
14087,7727
14088,7727
14089,7730
14090,7731
14090,9511
14091,7731
14091,8970
14091,11199
14092,7731
14092,9511
14093,7732
14094,7732
14095,7732
14096,7733
14097,7734
14098,7734
14098,7754
14098,11248
14099,7734
14100,7734
14101,7734
14102,7734
14103,7734
14104,7736
14105,7736
14106,7737
14107,7738
14108,7740
14109,7740
14110,7740
14111,7741
14112,7741
14113,7741
14114,7742
14115,7743
14116,7743
14117,7743
14118,7743
14118,12471
14119,7744
14120,7744
14121,7745
14122,7745
14123,7745
14124,7745
14125,7746
14125,7791
14126,7748
14127,7748
14128,7749
14129,7751
14130,7751
14131,7751
14132,7752
14133,7752
14134,7753
14135,7753
14136,7753
14137,7754
14137,9067
14137,13501
14138,7755
14138,9137
14138,10442
14139,7756
14139,9102
14139,10646
14140,7756
14140,9102
14140,10646
14141,7756
14141,7777
14142,7758
14143,7758
14144,7759
14144,8745
14145,7759
14145,8745
14146,7760
14147,7760
14148,7760
14149,7760
14150,7760
14151,7762
14152,7762
14153,7762
14154,7762
14155,7763
14156,7763
14157,7763
14157,9039
14158,7764
14159,7764
14160,7765
14161,7765
14162,7765
14163,7765
14164,7765
14165,7765
14166,7766
14167,7766
14168,7766
14169,7766
14170,7766
14171,7767
14172,7767
14173,7768
14173,8942
14173,13669
14174,7768
14174,10250
14174,13669
14175,7768
14175,8942
14175,13624
14175,13669
14176,7769
14177,7769
14178,7769
14179,7769
14179,9122
14180,7769
14180,9033
14180,9122
14181,7770
14181,8088
14181,11775
14182,7771
14182,9557
14182,11787
14183,7771
14183,9104
14184,7771
14184,9557
14185,7773
14186,7775
14187,7775
14188,7777
14188,9050
14188,9616
14189,7777
14189,9114
14190,7778
14191,7778
14192,7778
14193,7779
14193,7818
14194,7779
14194,7818
14194,7842
14195,7780
14196,7780
14196,7816
14196,7831
14196,9242
14196,12287
14197,7781
14198,7781
14199,7781
14200,7782
14201,7782
14202,7782
14203,7782
14204,7782
14205,7783
14206,7783
14207,7783
14208,7783
14209,7783
14210,7783
14211,7783
14212,7783
14213,7784
14213,7907
14214,7784
14215,7785
14216,7785
14217,7785
14217,7860
14217,10357
14217,12286
14218,7786
14219,7786
14220,7786
14221,7787
14222,7787
14223,7788
14224,7788
14225,7789
14226,7789
14226,11199
14227,7790
14227,12281
14227,12445
14228,7791
14229,7793
14230,7793
14231,7793
14232,7793
14233,7793
14234,7794
14235,7794
14236,7794
14237,7794
14238,7795
14239,7795
14240,7795
14241,7795
14242,7796
14243,7796
14244,7796
14245,7796
14246,7796
14247,7797
14248,7797
14248,9250
14249,7798
14250,7798
14251,7798
14252,7798
14253,7800
14254,7800
14255,7801
14256,7801
14257,7802
14258,7802
14259,7802
14259,7812
14259,7843
14259,7852
14259,9267
14259,9278
14259,10328
14259,10337
14259,10353
14259,10356
14259,10381
14259,10392
14259,10417
14259,13687
14260,7803
14261,7803
14262,7803
14263,7803
14264,7804
14264,12228
14265,7804
14266,7805
14266,8463
14266,13119
14267,7805
14268,7806
14269,7807
14270,7807
14271,7807
14272,7808
14273,7808
14274,7808
14275,7808
14276,7808
14277,7809
14278,7809
14279,7809
14280,7809
14281,7810
14282,7811
14283,7812
14284,7812
14285,7813
14286,7813
14287,7813
14288,7813
14289,7814
14290,7814
14290,7850
14290,10343
14291,7814
14292,7815
14293,7815
14293,9509
14294,7816
14295,7816
14296,7817
14297,7817
14298,7817
14299,7819
14299,8438
14300,7819
14301,7819
14302,7819
14302,10517
14303,7819
14304,7819
14305,7820
14305,10832
14306,7820
14307,7820
14308,7820
14309,7821
14310,7821
14311,7822
14312,7822
14313,7822
14314,7822
14315,7822
14316,7823
14317,7823
14318,7823
14319,7823
14320,7824
14321,7824
14322,7824
14323,7825
14324,7825
14325,7827
14326,7828
14327,7828
14328,7828
14329,7829
14330,7829
14331,7829
14332,7830
14333,7830
14333,7855
14334,7830
14335,7830
14336,7830
14337,7830
14338,7831
14339,7833
14340,7833
14341,7834
14342,7834
14343,7834
14344,7835
14345,7835
14346,7835
14347,7836
14348,7836
14349,7836
14349,9083
14350,7836
14351,7837
14352,7837
14353,7838
14354,7838
14355,7838
14356,7839
14357,7839
14358,7839
14359,7839
14360,7840
14361,7840
14361,12207
14362,7841
14363,7841
14364,7841
14364,9585
14364,9697
14365,7842
14366,7842
14366,11346
14367,7843
14368,7843
14369,7844
14370,7845
14371,7845
14372,7845
14373,7845
14374,7846
14375,7846
14376,7846
14377,7846
14378,7847
14379,7847
14380,7847
14381,7847
14382,7848
14382,13700
14383,7850
14384,7851
14385,7851
14386,7852
14387,7852
14388,7853
14389,7853
14390,7854
14391,7854
14392,7855
14393,7855
14394,7856
14395,7856
14396,7856
14397,7856
14398,7856
14399,7856
14400,7857
14401,7857
14402,7857
14403,7858
14404,7858
14405,7858
14406,7859
14407,7859
14408,7860
14408,12286
14409,7861
14409,9657
14409,11050
14410,7862
14410,8515
14411,7862
14411,8515
14412,7862
14412,8515
14412,11841
14413,7863
14414,7863
14414,9262
14414,10374
14414,12234
14415,7864
14416,7864
14417,7865
14418,7866
14419,7866
14420,7866
14421,7866
14422,7866
14423,7866
14424,7867
14425,7867
14425,7872
14426,7867
14427,7868
14428,7868
14429,7868
14430,7869
14431,7870
14432,7870
14433,7871
14434,7871
14435,7871
14436,7872
14437,7872
14438,7873
14439,7873
14440,7873
14440,9239
14441,7874
14441,9008
14441,10129
14441,11260
14442,7876
14443,7877
14443,12644
14444,7877
14445,7877
14446,7880
14447,7881
14448,7881
14449,7881
14450,7881
14451,7881
14452,7882
14453,7883
14454,7883
14455,7883
14456,7885
14456,10579
14457,7885
14458,7885
14459,7885
14460,7885
14461,7885
14462,7885
14463,7887
14464,7887
14465,7888
14465,9534
14465,10226
14465,11079
14465,11089
14466,7889
14466,10008
14466,10038
14467,7891
14468,7891
14469,7892
14470,7893
14471,7894
14472,7896
14473,7898
14474,7898
14475,7898
14476,7898
14477,7899
14478,7899
14479,7901
14480,7902
14480,12356
14481,7902
14482,7902
14483,7903
14484,7903
14484,8026
14485,7904
14485,8642
14486,7907
14487,7908
14487,9347
14487,10786
14488,7908
14488,9347
14488,9993
14488,10786
14489,7908
14490,7909
14491,7910
14492,7911
14493,7911
14494,7912
14495,7913
14496,7913
14497,7915
14497,10582
14498,7915
14498,8877
14498,10583
14499,7916
14500,7916
14501,7916
14502,7917
14503,7917
14503,11215
14504,7918
14505,7918
14505,9583
14505,10540
14505,12845
14505,13631
14506,7918
14507,7919
14508,7919
14509,7919
14510,7921
14511,7921
14512,7921
14512,8318
14512,8762
14512,10205
14512,13086
14513,7925
14514,7925
14515,7925
14515,10194
14516,7927
14517,7927
14518,7927
14519,7927
14519,9394
14520,7928
14521,7928
14522,7928
14523,7928
14524,7928
14524,8029
14524,10579
14525,7929
14525,8954
14525,9466
14525,9722
14525,10500
14525,12353
14525,12655
14525,13501
14526,7930
14527,7931
14528,7931
14529,7931
14530,7931
14531,7931
14532,7932
14533,7933
14534,7933
14535,7933
14536,7935
14536,9000
14536,11396
14537,7936
14537,11815
14538,7936
14538,10684
14538,12528
14539,7937
14540,7941
14541,7943
14542,7943
14543,7943
14544,7944
14545,7944
14546,7945
14546,8001
14547,7946
14548,7946
14549,7946
14550,7947
14551,7947
14551,9852
14552,7947
14552,9852
14553,7947
14554,7947
14555,7947
14556,7948
14557,7949
14558,7951
14558,8327
14558,9207
14558,9232
14558,9920
14558,9995
14558,10513
14558,11228
14558,12332
14559,7951
14559,11495
14559,11794
14560,7951
14561,7953
14562,7953
14563,7953
14564,7953
14565,7953
14566,7954
14567,7955
14567,10567
14568,7955
14568,10567
14569,7958
14570,7958
14571,7958
14572,7958
14573,7958
14574,7959
14575,7960
14576,7960
14577,7961
14578,7962
14579,7962
14580,7962
14581,7963
14581,9217
14582,7963
14583,7963
14583,10544
14584,7963
14585,7963
14586,7963
14587,7964
14587,9454
14587,10239
14588,7968
14589,7968
14590,7968
14591,7969
14592,7969
14593,7970
14594,7971
14595,7971
14596,7972
14597,7973
14597,9775
14597,12292
14597,12902
14598,7974
14598,9481
14599,7974
14599,9481
14600,7976
14601,7976
14602,7979
14603,7979
14604,7979
14605,7980
14606,7981
14606,9202
14607,7981
14608,7982
14609,7983
14609,11517
14609,13181
14610,7983
14611,7984
14612,7985
14612,9714
14612,11103
14613,7986
14614,7987
14615,7988
14616,7989
14617,7990
14618,7990
14619,7990
14620,7990
14620,10587
14621,7990
14622,7991
14623,7991
14624,7991
14625,7992
14625,12025
14626,7992
14627,7992
14628,7994
14629,7995
14629,10143
14629,11144
14630,7996
14631,7996
14632,7996
14633,7996
14634,7996
14635,7996
14636,7997
14637,7998
14637,10002
14637,10430
14638,7999
14639,7999
14640,7999
14641,7999
14642,8002
14643,8002
14644,8003
14645,8003
14646,8004
14646,9408
14647,8004
14648,8005
14648,10509
14648,12087
14648,12116
14649,8005
14650,8006
14650,8540
14651,8006
14652,8006
14653,8008
14654,8008
14655,8008
14656,8008
14657,8009
14657,9404
14658,8009
14659,8009
14660,8009
14661,8009
14662,8010
14663,8010
14664,8012
14665,8014
14666,8014
14667,8015
14668,8015
14669,8017
14670,8017
14670,11609
14671,8018
14672,8018
14673,8019
14673,10307
14674,8021
14675,8021
14676,8022
14677,8023
14678,8023
14678,9978
14679,8023
14680,8023
14681,8024
14681,12333
14682,8027
14683,8027
14684,8027
14685,8027
14686,8027
14687,8028
14688,8028
14689,8029
14690,8029
14691,8029
14692,8029
14693,8029
14694,8029
14694,10579
14695,8029
14696,8033
14697,8033
14698,8034
14699,8036
14700,8037
14701,8037
14702,8037
14703,8039
14704,8041
14705,8042
14705,9014
14705,12325
14706,8042
14707,8042
14707,12325
14708,8042
14709,8042
14709,9014
14710,8043
14711,8043
14712,8043
14713,8043
14714,8043
14715,8044
14716,8044
14717,8046
14718,8047
14719,8047
14720,8048
14721,8048
14722,8048
14723,8051
14724,8051
14725,8051
14726,8053
14727,8054
14728,8054
14729,8054
14730,8055
14730,9567
14731,8055
14732,8055
14732,9567
14733,8055
14734,8056
14735,8057
14736,8057
14737,8057
14738,8057
14739,8057
14740,8057
14741,8057
14742,8058
14742,10585
14742,11330
14742,12042
14743,8059
14744,8059
14744,13699
14745,8063
14745,8315
14746,8064
14746,8887
14746,10003
14747,8064
14748,8065
14749,8065
14750,8065
14751,8065
14752,8066
14753,8067
14754,8067
14755,8069
14756,8070
14756,9310
14757,8070
14757,9310
14758,8070
14759,8070
14760,8070
14761,8070
14761,10683
14762,8071
14763,8071
14764,8071
14764,8085
14764,9532
14764,11127
14764,11130
14765,8072
14766,8075
14766,10573
14767,8076
14767,9633
14767,12474
14768,8077
14769,8078
14769,12227
14770,8078
14770,9747
14770,12227
14770,13111
14771,8079
14772,8080
14773,8080
14774,8081
14775,8084
14775,8265
14775,9489
14775,9550
14775,10226
14775,11095
14775,11357
14776,8084
14777,8085
14777,9144
14777,11250
14778,8085
14779,8085
14780,8086
14781,8086
14782,8087
14782,8220
14783,8089
14784,8091
14785,8091
14786,8092
14787,8092
14787,13325
14788,8092
14789,8093
14790,8094
14791,8094
14792,8095
14793,8095
14794,8095
14795,8096
14795,8218
14795,13046
14796,8096
14796,9917
14796,13046
14797,8097
14797,9023
14797,9767
14798,8097
14798,9767
14799,8099
14800,8100
14801,8100
14802,8101
14803,8103
14804,8103
14805,8104
14806,8104
14807,8105
14808,8106
14809,8106
14810,8107
14810,9416
14810,11067
14810,12047
14810,12510
14810,13371
14811,8107
14812,8109
14812,8689
14813,8109
14814,8109
14815,8109
14816,8109
14817,8110
14818,8110
14819,8111
14819,12967
14820,8111
14821,8111
14822,8111
14823,8111
14824,8111
14824,9813
14825,8113
14826,8114
14826,8743
14826,9343
14826,10005
14826,11907
14827,8115
14828,8115
14829,8116
14830,8117
14831,8117
14831,9610
14832,8118
14833,8118
14834,8118
14835,8118
14836,8119
14837,8119
14838,8119
14838,8410
14839,8119
14840,8121
14841,8122
14841,8820
14841,9074
14842,8122
14843,8122
14843,8820
14843,9074
14844,8123
14844,9680
14844,9931
14844,11846
14844,11923
14844,12011
14845,8124
14845,8677
14846,8124
14847,8125
14847,11120
14847,11621
14847,12715
14848,8125
14848,9112
14849,8126
14850,8126
14850,9646
14851,8127
14851,9720
14852,8127
14852,9720
14853,8127
14853,8403
14853,9720
14854,8127
14854,9720
14855,8128
14856,8129
14857,8129
14858,8129
14859,8131
14859,8646
14859,11882
14859,12390
14860,8132
14861,8132
14862,8132
14863,8133
14864,8137
14865,8137
14866,8138
14867,8138
14868,8140
14869,8142
14869,10141
14869,11052
14870,8143
14871,8145
14872,8145
14873,8146
14874,8146
14875,8147
14876,8148
14877,8148
14878,8148
14879,8150
14880,8150
14881,8150
14881,9831
14881,11737
14882,8151
14883,8152
14884,8153
14884,8860
14884,10238
14884,11035
14885,8154
14886,8155
14886,11089
14887,8155
14887,11089
14888,8156
14889,8157
14889,12822
14890,8157
14890,8222
14890,10127
14890,11128
14890,12822
14891,8157
14892,8158
14893,8158
14894,8160
14895,8160
14896,8160
14897,8160
14898,8160
14899,8161
14899,11027
14900,8161
14900,11027
14901,8163
14902,8164
14903,8165
14903,8538
14903,9295
14903,9847
14903,10537
14903,11132
14903,11149
14903,11203
14903,11283
14903,13060
14904,8166
14905,8167
14906,8168
14907,8168
14908,8168
14909,8168
14910,8168
14911,8168
14911,13493
14912,8168
14912,8377
14912,10774
14912,10978
14912,11915
14912,12929
14912,12959
14913,8169
14913,9966
14914,8169
14914,8760
14914,9966
14915,8170
14916,8170
14916,11698
14917,8170
14918,8170
14919,8170
14920,8171
14921,8171
14922,8171
14923,8171
14924,8173
14924,8249
14924,9531
14924,10933
14924,11439
14924,13130
14925,8174
14925,9504
14926,8174
14926,11027
14927,8174
14928,8174
14929,8176
14929,8520
14929,8539
14929,9001
14929,9418
14929,9553
14929,10801
14929,12075
14930,8176
14930,8539
14931,8177
14932,8178
14933,8181
14934,8181
14935,8181
14936,8182
14936,8268
14936,8368
14937,8183
14937,8225
14938,8184
14939,8184
14940,8184
14941,8184
14942,8185
14943,8185
14944,8185
14945,8185
14945,9452
14946,8185
14947,8186
14947,9626
14947,11211
14947,11281
14947,12013
14947,12183
14947,12879
14947,12944
14948,8187
14949,8188
14950,8188
14951,8188
14952,8189
14952,10857
14952,11178
14953,8190
14954,8191
14954,10676
14954,12083
14955,8191
14955,8841
14955,9832
14955,10676
14955,10912
14955,10921
14955,11883
14955,11994
14955,12083
14955,12246
14956,8191
14956,8361
14956,9832
14956,10676
14956,10912
14956,11883
14956,12083
14957,8191
14957,9832
14957,10676
14957,10912
14957,11883
14957,12083
14958,8191
14959,8192
14960,8192
14960,13638
14961,8192
14962,8192
14963,8194
14964,8195
14965,8195
14965,11005
14965,12686
14966,8195
14967,8195
14968,8196
14969,8196
14970,8197
14970,10869
14970,12849
14971,8198
14972,8198
14972,9023
14973,8198
14973,9023
14973,9559
14973,9568
14973,10510
14973,10660
14973,10780
14973,10880
14973,11102
14973,11699
14973,11740
14973,11760
14973,11775
14973,12796
14973,13392
14974,8199
14974,8673
14974,11385
14974,13507
14975,8199
14975,8673
14976,8200
14977,8200
14977,10270
14977,11256
14977,12618
14978,8201
14978,10712
14979,8201
14979,10712
14980,8202
14980,8391
14981,8202
14981,8391
14982,8204
14983,8205
14983,8357
14984,8205
14985,8207
14985,10611
14985,10771
14986,8207
14987,8207
14988,8207
14989,8207
14990,8207
14991,8207
14992,8207
14993,8207
14993,10771
14994,8208
14995,8208
14996,8208
14997,8210
14998,8210
14999,8210
14999,10123
15000,8211
15001,8211
15001,8379
15002,8213
15003,8213
15004,8214
15005,8215
15005,11484
15006,8217
15007,8218
15008,8219
15009,8219
15010,8222
15011,8223
15012,8223
15013,8224
15014,8225
15015,8226
15016,8226
15017,8226
15018,8226
15019,8227
15020,8228
15021,8228
15022,8228
15023,8228
15024,8228
15025,8228
15025,8579
15025,9795
15026,8229
15026,12223
15026,12355
15026,12478
15027,8230
15028,8231
15029,8232
15030,8232
15031,8232
15032,8233
15032,13727
15033,8234
15034,8234
15035,8234
15036,8235
15037,8235
15038,8236
15039,8236
15040,8236
15041,8236
15041,9072
15042,8236
15043,8237
15044,8238
15045,8238
15046,8239
15047,8239
15048,8239
15049,8239
15050,8239
15051,8240
15052,8241
15052,9109
15053,8242
15053,12122
15054,8242
15055,8242
15055,11996
15055,12122
15056,8244
15056,9765
15057,8245
15058,8246
15059,8247
15060,8248
15061,8248
15062,8248
15063,8250
15064,8250
15065,8251
15066,8251
15067,8252
15068,8252
15068,11091
15068,12745
15069,8252
15070,8253
15071,8254
15071,8531
15072,8254
15072,8531
15073,8255
15074,8255
15074,11996
15075,8255
15076,8257
15077,8257
15078,8257
15079,8258
15080,8258
15080,10974
15081,8258
15082,8260
15083,8262
15083,10924
15084,8262
15085,8262
15085,10165
15086,8262
15086,10924
15087,8263
15087,11681
15088,8265
15088,9550
15088,11315
15088,11357
15089,8266
15090,8266
15091,8269
15092,8269
15092,13113
15093,8269
15094,8270
15095,8270
15096,8270
15097,8271
15097,9492
15098,8272
15099,8274
15100,8274
15101,8274
15102,8274
15102,13697
15102,13706
15103,8274
15104,8275
15105,8276
15105,8553
15105,10036
15106,8277
15106,10899
15107,8277
15108,8278
15108,9580
15108,11066
15108,13007
15109,8278
15109,11066
15109,12750
15110,8279
15110,9816
15111,8280
15111,9872
15111,10681
15112,8280
15113,8281
15114,8282
15115,8282
15116,8282
15117,8284
15118,8286
15119,8286
15120,8287
15121,8288
15122,8288
15123,8288
15124,8290
15125,8290
15126,8291
15127,8292
15128,8292
15129,8292
15130,8292
15131,8292
15131,13372
15132,8292
15133,8292
15134,8292
15135,8292
15136,8293
15137,8294
15138,8294
15139,8296
15140,8296
15141,8296
15142,8296
15143,8299
15144,8300
15145,8300
15146,8300
15147,8301
15148,8303
15148,11209
15148,11946
15149,8304
15150,8304
15151,8304
15152,8305
15153,8306
15154,8306
15155,8307
15156,8308
15157,8309
15158,8309
15159,8309
15160,8310
15160,10565
15160,11813
15161,8311
15161,12691
15162,8312
15163,8312
15163,8638
15163,11441
15164,8312
15165,8313
15165,8685
15166,8314
15166,12907
15167,8318
15168,8320
15169,8320
15170,8321
15171,8322
15172,8322
15173,8323
15174,8324
15174,10876
15174,11106
15174,11616
15174,12013
15174,12534
15174,12879
15174,12944
15175,8324
15175,10312
15175,11106
15175,11616
15175,12013
15175,12879
15175,12944
15175,13093
15176,8325
15176,13381
15177,8325
15177,8714
15177,10480
15178,8330
15179,8331
15179,10154
15180,8333
15181,8333
15181,9574
15181,9739
15182,8333
15183,8334
15183,9379
15184,8335
15185,8336
15186,8337
15187,8338
15187,9835
15187,10658
15187,11104
15188,8338
15188,9835
15188,10658
15188,11104
15189,8338
15189,9835
15189,10658
15190,8339
15191,8339
15192,8339
15193,8340
15193,11819
15194,8340
15195,8341
15196,8341
15196,8523
15197,8342
15197,9360
15198,8342
15198,9360
15199,8342
15199,9360
15200,8344
15201,8344
15202,8344
15202,8349
15203,8345
15203,11854
15204,8346
15205,8346
15206,8347
15207,8348
15208,8348
15209,8349
15210,8349
15211,8349
15212,8349
15213,8352
15214,8352
15215,8352
15215,12904
15216,8353
15217,8353
15218,8353
15219,8354
15219,9916
15220,8355
15221,8355
15222,8358
15223,8358
15224,8358
15224,9863
15225,8358
15226,8359
15226,8722
15226,11871
15227,8359
15228,8360
15229,8360
15230,8360
15231,8360
15232,8361
15233,8361
15234,8362
15234,11037
15234,13620
15235,8364
15236,8365
15237,8365
15238,8366
15239,8366
15239,11128
15240,8371
15241,8372
15242,8372
15243,8372
15244,8373
15245,8374
15246,8375
15247,8375
15248,8377
15249,8377
15250,8378
15251,8379
15252,8380
15253,8380
15254,8381
15255,8382
15256,8382
15257,8382
15258,8382
15259,8382
15260,8382
15261,8383
15261,12949
15262,8384
15262,9842
15262,10973
15262,11095
15262,13370
15263,8384
15264,8385
15265,8385
15266,8386
15267,8386
15267,8519
15267,10215
15268,8386
15269,8389
15270,8390
15271,8390
15272,8392
15273,8393
15273,9297
15274,8394
15275,8395
15275,10216
15275,10435
15275,12751
15276,8396
15277,8396
15278,8396
15279,8397
15279,10449
15279,10606
15279,12494
15279,12677
15279,12979
15280,8397
15280,10449
15280,11924
15281,8397
15281,10482
15281,11924
15282,8397
15283,8397
15283,10449
15284,8398
15285,8398
15286,8399
15287,8400
15287,9427
15287,10157
15288,8401
15288,9151
15289,8402
15290,8402
15291,8402
15292,8403
15293,8403
15294,8403
15295,8405
15296,8405
15297,8405
15298,8405
15299,8406
15300,8407
15300,11593
15301,8407
15302,8408
15303,8408
15304,8408
15305,8408
15306,8408
15307,8408
15308,8409
15309,8409
15310,8409
15311,8410
15312,8411
15313,8411
15314,8411
15315,8413
15316,8413
15317,8413
15318,8413
15319,8413
15320,8413
15321,8413
15322,8414
15323,8414
15324,8414
15325,8414
15326,8414
15326,11828
15326,13505
15327,8416
15328,8416
15329,8416
15330,8417
15331,8417
15332,8417
15333,8418
15334,8418
15335,8418
15336,8419
15337,8419
15338,8419
15339,8419
15340,8420
15341,8420
15342,8420
15343,8420
15344,8421
15345,8421
15346,8422
15347,8424
15348,8425
15349,8426
15350,8426
15351,8427
15352,8427
15353,8427
15354,8427
15355,8428
15355,11512
15356,8428
15357,8428
15358,8428
15359,8428
15360,8429
15360,9844
15360,11748
15361,8429
15362,8429
15363,8429
15364,8429
15365,8429
15365,10955
15365,12164
15365,13367
15366,8431
15367,8432
15368,8432
15368,8467
15369,8432
15369,8467
15369,13488
15370,8433
15371,8435
15372,8435
15373,8435
15374,8436
15375,8436
15376,8437
15377,8437
15378,8437
15379,8437
15380,8438
15381,8438
15382,8438
15383,8438
15384,8439
15385,8439
15386,8440
15386,8845
15386,9925
15387,8441
15388,8441
15389,8441
15390,8441
15391,8442
15392,8442
15393,8443
15394,8444
15395,8444
15396,8446
15397,8446
15398,8446
15399,8447
15400,8447
15401,8447
15402,8447
15403,8447
15404,8448
15405,8448
15406,8448
15407,8448
15408,8450
15409,8450
15410,8451
15411,8451
15412,8451
15413,8451
15414,8452
15415,8452
15416,8453
15416,8847
15417,8454
15418,8454
15419,8454
15420,8455
15421,8456
15422,8456
15422,12322
15422,13186
15423,8456
15424,8456
15425,8457
15426,8458
15427,8458
15428,8459
15429,8459
15430,8459
15431,8460
15432,8460
15433,8461
15434,8462
15435,8462
15436,8463
15437,8466
15438,8466
15438,8819
15438,11724
15438,11749
15439,8466
15440,8466
15441,8467
15442,8468
15443,8468
15443,10043
15443,11633
15443,13288
15443,13330
15444,8469
15445,8469
15445,11602
15446,8470
15447,8470
15448,8470
15449,8470
15450,8470
15451,8471
15452,8471
15453,8471
15454,8472
15455,8473
15456,8473
15457,8473
15458,8473
15459,8476
15460,8476
15461,8476
15462,8476
15463,8477
15464,8478
15465,8478
15466,8478
15467,8479
15468,8479
15469,8479
15470,8480
15471,8480
15472,8480
15473,8481
15474,8481
15475,8482
15475,13150
15476,8482
15477,8482
15478,8482
15479,8483
15480,8483
15481,8483
15482,8484
15483,8484
15484,8484
15485,8485
15486,8485
15487,8486
15488,8486
15489,8486
15490,8486
15491,8488
15492,8488
15493,8488
15494,8488
15495,8488
15496,8489
15497,8489
15498,8490
15499,8490
15499,8969
15500,8491
15501,8491
15502,8491
15503,8491
15504,8491
15505,8491
15506,8493
15507,8494
15508,8494
15509,8494
15510,8494
15511,8495
15512,8495
15513,8495
15513,8810
15514,8497
15515,8497
15516,8497
15517,8497
15518,8497
15519,8499
15520,8500
15521,8500
15522,8501
15523,8502
15524,8502
15524,11600
15525,8503
15526,8503
15527,8503
15528,8503
15529,8504
15529,12267
15530,8504
15530,12267
15531,8505
15532,8505
15533,8505
15533,11688
15533,12589
15533,12602
15534,8506
15535,8506
15536,8506
15537,8507
15538,8507
15539,8507
15540,8507
15541,8507
15542,8508
15543,8508
15544,8508
15545,8509
15546,8509
15547,8510
15548,8510
15549,8510
15550,8511
15551,8511
15552,8513
15553,8514
15553,9431
15553,12194
15554,8515
15554,12397
15555,8515
15556,8515
15557,8515
15558,8515
15559,8515
15560,8516
15561,8516
15562,8516
15562,12130
15563,8517
15564,8517
15565,8517
15566,8517
15566,9932
15567,8517
15568,8517
15569,8518
15570,8518
15571,8519
15572,8520
15572,9001
15572,9553
15573,8520
15574,8520
15575,8522
15576,8522
15577,8524
15578,8525
15579,8526
15580,8526
15581,8527
15582,8527
15583,8528
15583,8542
15584,8528
15585,8528
15586,8528
15587,8528
15587,8542
15588,8528
15589,8528
15590,8529
15591,8529
15592,8529
15593,8529
15594,8529
15595,8529
15596,8529
15597,8529
15598,8530
15599,8530
15600,8530
15601,8530
15602,8531
15603,8531
15604,8532
15605,8532
15606,8532
15607,8533
15607,9466
15607,10843
15607,11001
15607,12669
15608,8533
15608,10959
15609,8534
15610,8535
15611,8535
15611,9753
15611,13344
15612,8537
15612,10304
15612,12570
15613,8538
15613,9847
15613,10867
15614,8539
15615,8541
15616,8542
15617,8542
15618,8542
15619,8542
15620,8542
15621,8542
15622,8542
15623,8542
15624,8542
15625,8543
15626,8543
15626,9075
15627,8543
15628,8544
15629,8545
15630,8546
15631,8546
15631,13499
15632,8547
15633,8548
15634,8551
15635,8552
15636,8552
15637,8552
15638,8552
15639,8552
15640,8552
15641,8556
15642,8556
15643,8557
15643,9180
15644,8558
15644,12634
15645,8559
15646,8559
15647,8563
15647,10627
15647,11772
15648,8563
15648,8996
15648,11638
15649,8564
15649,9455
15650,8564
15651,8565
15652,8565
15653,8566
15654,8566
15655,8566
15656,8566
15657,8566
15658,8567
15659,8567
15660,8567
15661,8569
15662,8569
15663,8570
15664,8570
15665,8570
15666,8570
15667,8571
15668,8571
15669,8572
15670,8572
15671,8573
15672,8574
15673,8574
15674,8574
15675,8574
15676,8574
15677,8574
15678,8575
15678,8578
15678,8743
15678,9875
15678,9936
15678,11348
15678,11907
15679,8575
15680,8577
15681,8577
15682,8577
15682,10315
15683,8578
15683,8743
15683,9939
15683,11348
15683,11907
15684,8578
15684,11348
15684,13545
15685,8578
15685,13545
15686,8578
15686,13545
15687,8578
15687,13545
15688,8579
15688,10989
15689,8579
15690,8579
15691,8579
15692,8580
15693,8581
15693,10175
15694,8581
15694,10175
15694,11293
15695,8581
15695,10175
15696,8581
15696,10175
15696,11293
15697,8582
15697,11232
15698,8584
15699,8584
15699,9176
15700,8585
15700,11241
15700,12569
15700,12696
15700,12963
15700,13170
15701,8585
15702,8585
15703,8585
15704,8585
15704,11241
15705,8586
15705,9400
15706,8586
15706,9400
15707,8587
15707,8725
15708,8587
15709,8588
15710,8588
15711,8588
15712,8589
15713,8590
15714,8591
15714,9915
15715,8591
15715,9915
15716,8591
15716,9915
15717,8591
15717,9915
15718,8591
15718,9915
15719,8591
15719,9915
15720,8592
15720,9208
15721,8592
15722,8592
15723,8592
15723,9208
15724,8594
15725,8594
15726,8596
15726,11157
15727,8597
15728,8597
15729,8597
15730,8597
15731,8597
15732,8597
15733,8598
15734,8598
15735,8598
15735,9961
15735,10915
15735,11989
15736,8598
15737,8598
15738,8599
15738,9446
15738,10557
15738,10593
15738,12090
15738,12525
15739,8599
15740,8599
15740,9446
15740,12525
15741,8600
15742,8601
15743,8603
15743,11802
15744,8604
15745,8604
15746,8605
15747,8606
15748,8607
15749,8609
15750,8610
15751,8610
15752,8611
15752,8892
15752,12714
15753,8612
15753,10101
15754,8613
15754,8807
15754,8933
15755,8614
15756,8614
15757,8614
15758,8614
15759,8614
15760,8614
15761,8614
15762,8614
15763,8614
15764,8614
15765,8615
15765,10672
15766,8615
15766,10672
15767,8616
15767,9865
15767,13257
15768,8616
15769,8616
15769,9865
15769,13257
15770,8617
15770,8799
15771,8618
15771,9424
15772,8619
15773,8619
15774,8619
15775,8619
15776,8620
15777,8621
15778,8621
15779,8622
15780,8624
15781,8624
15782,8625
15783,8625
15784,8625
15785,8626
15786,8628
15786,8765
15787,8629
15788,8630
15789,8630
15790,8630
15791,8631
15792,8631
15793,8631
15794,8631
15795,8633
15796,8633
15797,8633
15798,8633
15799,8634
15800,8635
15801,8637
15802,8638
15802,11441
15803,8638
15803,11441
15804,8639
15805,8639
15806,8639
15807,8639
15807,9670
15808,8639
15809,8641
15809,9779
15810,8641
15811,8642
15811,8852
15812,8643
15813,8643
15814,8643
15815,8643
15816,8644
15816,8761
15817,8644
15817,8761
15818,8645
15818,8758
15818,9298
15819,8645
15819,8758
15819,9298
15820,8645
15820,8758
15820,9298
15821,8647
15821,9178
15821,9333
15821,10130
15821,10546
15821,11401
15821,11984
15821,12272
15821,12548
15821,12700
15822,8648
15823,8649
15824,8650
15825,8652
15826,8652
15827,8652
15828,8652
15829,8653
15830,8654
15830,8925
15831,8655
15832,8655
15833,8656
15833,9884
15834,8656
15835,8656
15836,8657
15837,8657
15837,9876
15837,13401
15837,13411
15837,13529
15838,8657
15838,13401
15839,8657
15839,9876
15840,8657
15840,9876
15841,8658
15842,8658
15843,8658
15844,8659
15845,8659
15846,8659
15847,8659
15848,8659
15849,8660
15849,9809
15849,10279
15850,8660
15850,8881
15851,8661
15852,8661
15853,8661
15854,8661
15855,8663
15855,11753
15856,8663
15857,8665
15858,8666
15858,10205
15859,8666
15860,8666
15861,8666
15862,8667
15863,8667
15864,8667
15865,8667
15866,8667
15867,8669
15867,9754
15868,8669
15868,9754
15869,8669
15869,9754
15869,12901
15869,13454
15870,8669
15870,9754
15871,8670
15871,8675
15871,9320
15871,9792
15871,11000
15872,8670
15873,8670
15873,8675
15873,9320
15873,9692
15873,9792
15873,10895
15873,11000
15873,11124
15873,12535
15873,12767
15874,8671
15875,8673
15876,8674
15876,11646
15877,8676
15878,8677
15879,8681
15880,8681
15881,8681
15882,8682
15883,8682
15884,8682
15885,8682
15886,8683
15887,8683
15888,8683
15889,8683
15890,8684
15891,8684
15892,8684
15893,8684
15894,8687
15895,8687
15895,8766
15895,8924
15896,8688
15897,8688
15898,8688
15899,8688
15900,8689
15901,8691
15902,8691
15903,8692
15903,9358
15903,10441
15903,12041
15904,8693
15905,8693
15905,8830
15906,8694
15907,8694
15908,8694
15908,12370
15908,13080
15909,8694
15909,12370
15909,13080
15910,8695
15910,13022
15911,8695
15912,8695
15913,8695
15914,8696
15914,8898
15915,8696
15916,8696
15917,8698
15917,9748
15918,8698
15919,8698
15920,8701
15920,10290
15921,8701
15921,10288
15922,8701
15922,10290
15923,8701
15924,8701
15925,8702
15926,8702
15927,8702
15928,8703
15929,8703
15930,8703
15931,8703
15932,8704
15932,9508
15932,13386
15933,8705
15934,8705
15935,8706
15936,8706
15936,8889
15937,8706
15938,8706
15938,8889
15939,8707
15940,8707
15941,8707
15942,8707
15943,8709
15944,8709
15945,8709
15946,8710
15947,8711
15948,8712
15949,8713
15950,8713
15951,8714
15952,8714
15953,8714
15953,11302
15953,11829
15954,8716
15955,8716
15956,8716
15957,8716
15958,8716
15959,8717
15960,8717
15961,8719
15962,8720
15963,8720
15964,8721
15965,8721
15966,8724
15966,11732
15967,8724
15968,8724
15968,11732
15969,8724
15970,8724
15970,11732
15971,8726
15971,13265
15972,8726
15972,13265
15973,8726
15974,8727
15974,8783
15975,8727
15976,8728
15976,9857
15977,8728
15977,9857
15977,11478
15977,11558
15977,11652
15978,8729
15979,8729
15980,8732
15980,8872
15981,8734
15982,8734
15983,8734
15984,8735
15985,8735
15986,8735
15987,8736
15988,8736
15988,11666
15989,8736
15990,8737
15991,8737
15992,8737
15993,8737
15994,8737
15995,8738
15996,8738
15997,8738
15998,8739
15999,8739
16000,8740
16001,8741
16001,10913
16002,8741
16003,8742
16003,9031
16003,12504
16004,8743
16004,9875
16005,8744
16006,8745
16007,8746
16008,8746
16009,8746
16010,8746
16011,8747
16012,8748
16013,8748
16014,8749
16015,8750
16016,8750
16017,8750
16018,8750
16019,8750
16020,8752
16021,8752
16022,8752
16023,8754
16024,8755
16025,8755
16026,8755
16026,13707
16027,8755
16028,8756
16028,11476
16029,8756
16030,8757
16030,9349
16030,9435
16031,8758
16032,8758
16033,8758
16034,8759
16034,10534
16035,8759
16035,9629
16035,9785
16035,10534
16035,11379
16036,8760
16037,8760
16038,8760
16039,8761
16040,8761
16041,8764
16042,8764
16043,8764
16044,8764
16045,8764
16046,8764
16047,8764
16048,8765
16048,13538
16049,8768
16050,8768
16051,8769
16051,9980
16052,8769
16052,9980
16053,8769
16053,9980
16054,8769
16054,9980
16055,8769
16055,9980
16056,8769
16057,8770
16057,11063
16058,8771
16059,8773
16060,8775
16061,8775
16062,8776
16063,8776
16064,8776
16065,8777
16065,11257
16066,8778
16067,8778
16068,8779
16069,8779
16070,8780
16070,8830
16070,8972
16071,8781
16071,8927
16071,12870
16072,8782
16073,8782
16074,8782
16075,8784
16076,8784
16077,8785
16078,8785
16079,8785
16080,8786
16080,9587
16080,10904
16081,8786
16082,8787
16083,8788
16083,13472
16084,8788
16085,8789
16085,8954
16085,11833
16086,8790
16086,10007
16087,8790
16087,10007
16088,8791
16089,8791
16090,8793
16091,8794
16092,8794
16093,8794
16094,8794
16095,8795
16096,8795
16097,8796
16097,12453
16097,12914
16098,8796
16099,8797
16100,8797
16101,8798
16102,8799
16103,8801
16103,11109
16104,8801
16105,8801
16106,8802
16107,8802
16108,8802
16109,8802
16110,8803
16111,8803
16112,8806
16113,8807
16113,8901
16114,8809
16115,8809
16116,8810
16117,8810
16118,8811
16119,8813
16120,8814
16121,8814
16122,8815
16123,8815
16124,8815
16125,8817
16125,10584
16126,8817
16127,8817
16128,8818
16129,8818
16130,8818
16131,8818
16132,8818
16133,8818
16134,8819
16134,11724
16134,11749
16134,12781
16135,8820
16136,8821
16136,9825
16137,8821
16137,9825
16137,11886
16137,12881
16138,8821
16139,8822
16140,8823
16141,8824
16142,8824
16143,8824
16144,8825
16145,8826
16146,8828
16147,8828
16148,8828
16149,8828
16150,8828
16151,8829
16152,8829
16153,8829
16154,8830
16154,8934
16154,8972
16155,8830
16156,8831
16157,8831
16158,8831
16159,8832
16160,8832
16160,9588
16160,10174
16160,11301
16161,8833
16162,8833
16163,8834
16164,8834
16165,8835
16166,8836
16167,8837
16167,8941
16168,8839
16168,9769
16168,11008
16169,8841
16169,9832
16169,10912
16169,11883
16169,12246
16170,8841
16170,12246
16171,8841
16171,9832
16171,12246
16171,13057
16172,8842
16172,12974
16172,13498
16173,8843
16174,8844
16174,9940
16174,11684
16174,13132
16175,8844
16175,9773
16175,9940
16175,10705
16176,8846
16177,8846
16178,8848
16179,8850
16179,9406
16179,9455
16179,10729
16179,13187
16179,13483
16180,8851
16181,8852
16182,8852
16183,8853
16183,9722
16184,8854
16185,8855
16185,9566
16185,12425
16185,12503
16186,8856
16187,8857
16188,8857
16189,8859
16190,8859
16191,8861
16192,8861
16193,8861
16194,8862
16195,8862
16196,8862
16197,8862
16198,8862
16199,8862
16200,8862
16201,8863
16201,9628
16201,9649
16201,10098
16201,10193
16201,10580
16201,12443
16201,13140
16202,8863
16202,10193
16203,8863
16204,8864
16205,8865
16206,8865
16207,8865
16208,8865
16209,8869
16209,10080
16210,8870
16211,8871
16211,11372
16212,8873
16213,8875
16214,8875
16215,8875
16216,8875
16217,8876
16218,8876
16219,8876
16219,9904
16219,11571
16220,8877
16221,8877
16222,8877
16222,10583
16223,8878
16224,8879
16224,9928
16225,8879
16225,9928
16226,8880
16227,8880
16228,8881
16229,8882
16230,8883
16231,8883
16232,8884
16233,8884
16234,8885
16235,8886
16236,8887
16236,10003
16236,10290
16236,11053
16237,8888
16238,8888
16239,8888
16240,8888
16241,8889
16242,8890
16242,13691
16243,8891
16244,8892
16245,8892
16246,8893
16247,8893
16248,8894
16249,8895
16249,9894
16249,11527
16250,8896
16250,11398
16251,8896
16251,10800
16251,11398
16251,12978
16251,13389
16252,8896
16252,11398
16253,8897
16254,8897
16255,8897
16256,8897
16256,12623
16257,8898
16258,8898
16258,11227
16259,8898
16260,8899
16261,8902
16262,8902
16263,8902
16264,8902
16265,8903
16266,8903
16267,8903
16268,8904
16269,8904
16270,8904
16271,8904
16272,8904
16273,8904
16274,8906
16275,8906
16276,8906
16277,8906
16278,8907
16279,8908
16279,12304
16280,8908
16280,12304
16281,8908
16282,8909
16283,8910
16284,8911
16285,8912
16286,8912
16287,8912
16288,8914
16289,8914
16290,8914
16291,8915
16292,8916
16293,8916
16294,8916
16295,8917
16296,8917
16297,8917
16298,8918
16299,8918
16299,11971
16300,8919
16301,8919
16302,8921
16303,8921
16304,8921
16305,8921
16306,8923
16307,8923
16307,11809
16308,8923
16309,8925
16310,8925
16310,12415
16310,12713
16311,8927
16312,8927
16313,8927
16314,8927
16315,8928
16316,8928
16317,8928
16318,8929
16319,8929
16320,8929
16321,8931
16322,8932
16323,8932
16324,8932
16325,8934
16326,8935
16327,8936
16328,8936
16329,8937
16330,8937
16331,8938
16331,9422
16331,10044
16331,10073
16331,10713
16331,10756
16331,11393
16331,11422
16332,8939
16333,8939
16334,8941
16335,8941
16336,8941
16337,8941
16338,8942
16339,8942
16340,8942
16341,8943
16341,11489
16342,8943
16343,8943
16344,8943
16345,8944
16346,8944
16347,8944
16348,8944
16349,8944
16350,8945
16351,8945
16351,9188
16351,9199
16351,10951
16352,8946
16352,8963
16353,8946
16354,8946
16355,8946
16356,8946
16357,8946
16357,8963
16358,8947
16359,8947
16360,8948
16361,8948
16361,9142
16362,8949
16362,9948
16362,13454
16363,8949
16364,8949
16364,9948
16365,8949
16366,8949
16366,9948
16366,13454
16367,8950
16368,8950
16369,8950
16370,8950
16371,8951
16372,8951
16373,8953
16374,8954
16375,8955
16376,8955
16377,8957
16378,8958
16379,8959
16380,8961
16381,8961
16381,9868
16381,9942
16382,8961
16383,8961
16383,9003
16383,9868
16383,9942
16383,13453
16383,13485
16384,8965
16385,8965
16386,8966
16387,8966
16388,8967
16388,9840
16389,8967
16389,10721
16390,8968
16390,10121
16391,8969
16392,8969
16393,8969
16394,8969
16395,8971
16396,8972
16397,8973
16397,9235
16398,8974
16399,8976
16399,9170
16399,9229
16399,10298
16399,10503
16399,11232
16399,11371
16399,12111
16400,8979
16401,8979
16402,8979
16403,8980
16403,11371
16403,12809
16404,8981
16405,8982
16406,8983
16407,8983
16408,8983
16409,8984
16410,8984
16411,8984
16412,8986
16413,8987
16414,8987
16415,8987
16416,8987
16417,8988
16418,8989
16419,8991
16419,8999
16420,8991
16421,8991
16421,8999
16422,8991
16422,8999
16423,8992
16424,8992
16425,8992
16426,8993
16427,8993
16427,12482
16428,8993
16428,13565
16429,8993
16430,8993
16431,8994
16431,10447
16432,8994
16432,10447
16433,8994
16433,10447
16434,8994
16434,10447
16435,8995
16436,8996
16436,12394
16437,8998
16437,9380
16438,8998
16439,8998
16440,9000
16441,9000
16442,9000
16443,9001
16444,9001
16444,13284
16445,9002
16446,9003
16447,9003
16447,9868
16447,9942
16447,13414
16447,13440
16447,13485
16448,9007
16448,9302
16448,10155
16449,9007
16449,9302
16449,10209
16449,12667
16449,12758
16450,9007
16451,9007
16451,12667
16452,9007
16453,9007
16453,9302
16453,10155
16453,10209
16453,12667
16453,12758
16454,9007
16454,9302
16454,10155
16454,10181
16454,10209
16454,10213
16454,11872
16454,11874
16454,12667
16454,12758
16455,9008
16455,11203
16456,9008
16457,9009
16457,10179
16458,9009
16458,10179
16459,9009
16459,10179
16459,11508
16460,9009
16460,11508
16461,9009
16461,10179
16461,11508
16461,12545
16462,9011
16463,9012
16464,9013
16464,11842
16465,9014
16465,12325
16466,9014
16467,9014
16468,9015
16469,9015
16470,9016
16471,9016
16472,9016
16472,12305
16473,9016
16474,9017
16475,9017
16475,9796
16476,9018
16477,9019
16477,10241
16478,9019
16478,10241
16479,9019
16480,9020
16480,9066
16480,9073
16480,9729
16480,10721
16481,9020
16481,9066
16482,9021
16483,9021
16484,9021
16485,9021
16486,9022
16487,9023
16487,9559
16487,12796
16488,9024
16489,9024
16490,9025
16491,9025
16492,9026
16493,9026
16494,9026
16495,9027
16496,9027
16497,9029
16497,9121
16498,9030
16499,9030
16500,9031
16501,9033
16502,9034
16502,13506
16503,9035
16504,9036
16505,9037
16505,9041
16506,9038
16507,9039
16508,9039
16509,9040
16510,9042
16511,9042
16512,9043
16513,9043
16514,9043
16515,9043
16516,9044
16517,9044
16518,9045
16519,9046
16520,9047
16520,11598
16521,9049
16522,9049
16522,12590
16522,12615
16523,9049
16523,12590
16523,12615
16524,9049
16525,9050
16526,9050
16527,9052
16528,9052
16528,9914
16529,9052
16529,9914
16530,9053
16530,9089
16531,9053
16532,9053
16532,9089
16533,9054
16534,9055
16535,9057
16535,11253
16535,11997
16536,9058
16537,9058
16538,9059
16539,9059
16540,9059
16541,9060
16542,9060
16542,11768
16542,13122
16543,9060
16544,9061
16545,9061
16546,9062
16547,9062
16548,9063
16549,9063
16550,9063
16551,9063
16552,9064
16553,9064
16554,9065
16555,9065
16556,9066
16557,9066
16558,9067
16559,9068
16559,9072
16560,9068
16560,9072
16560,9573
16560,10946
16561,9068
16561,9072
16561,9573
16561,10755
16561,10946
16562,9068
16562,9072
16563,9069
16564,9070
16564,9516
16564,9528
16564,11185
16564,11189
16564,11618
16565,9070
16565,9516
16565,9528
16566,9070
16567,9071
16567,12264
16567,12304
16568,9071
16569,9072
16569,10946
16570,9073
16571,9073
16572,9075
16573,9075
16574,9075
16575,9075
16575,11435
16576,9076
16577,9076
16578,9076
16579,9076
16579,12699
16580,9076
16581,9077
16581,13682
16582,9078
16583,9078
16584,9078
16585,9078
16586,9079
16587,9080
16588,9080
16589,9081
16590,9081
16591,9081
16591,9209
16591,10620
16592,9081
16593,9081
16594,9082
16594,11802
16595,9083
16596,9084
16597,9084
16598,9084
16599,9085
16600,9086
16601,9087
16602,9088
16602,11730
16603,9089
16604,9090
16604,10437
16605,9090
16605,10437
16606,9091
16607,9092
16607,9265
16607,9280
16608,9092
16609,9092
16609,9265
16609,9280
16610,9093
16611,9094
16611,9177
16611,10691
16611,10953
16611,11207
16611,13417
16612,9095
16613,9095
16614,9095
16615,9097
16616,9098
16616,11255
16617,9098
16617,11255
16618,9098
16618,10132
16618,11143
16618,11255
16619,9099
16620,9099
16621,9099
16622,9099
16623,9099
16624,9100
16625,9100
16626,9100
16627,9101
16628,9101
16629,9105
16630,9105
16631,9105
16632,9106
16633,9106
16634,9107
16634,13259
16635,9107
16635,10726
16636,9107
16637,9107
16638,9107
16639,9108
16639,12089
16640,9108
16641,9108
16642,9108
16643,9110
16644,9110
16644,9117
16645,9110
16646,9111
16647,9112
16647,12902
16648,9113
16649,9113
16650,9114
16650,10784
16650,11086
16650,12065
16651,9115
16652,9115
16653,9115
16654,9116
16654,10278
16655,9117
16656,9117
16657,9118
16658,9118
16658,11303
16658,11901
16658,13449
16658,13541
16659,9119
16660,9120
16661,9120
16662,9121
16663,9121
16663,9129
16663,11185
16663,11618
16663,11680
16663,13249
16663,13310
16664,9122
16665,9122
16666,9123
16667,9124
16668,9124
16669,9124
16670,9124
16671,9124
16672,9125
16673,9126
16674,9126
16675,9127
16676,9127
16677,9127
16678,9127
16679,9128
16680,9128
16681,9129
16681,11618
16682,9129
16682,11185
16682,11618
16682,13249
16682,13269
16682,13279
16683,9129
16684,9130
16685,9131
16685,11245
16686,9131
16686,13136
16687,9131
16688,9131
16689,9132
16690,9133
16691,9133
16692,9134
16692,11916
16693,9135
16693,10456
16694,9135
16695,9136
16696,9136
16697,9138
16698,9139
16699,9139
16700,9140
16701,9140
16702,9140
16702,11114
16702,11299
16702,12877
16703,9141
16703,11177
16703,11321
16703,12004
16703,12948
16704,9142
16705,9143
16706,9144
16707,9144
16707,11250
16708,9144
16708,11250
16709,9145
16710,9145
16711,9145
16712,9145
16713,9146
16714,9148
16714,10529
16715,9149
16716,9149
16717,9149
16718,9149
16719,9150
16719,11349
16719,11666
16720,9151
16720,10768
16721,9151
16722,9152
16722,10858
16722,12362
16722,13473
16723,9153
16723,10654
16723,10693
16723,10695
16723,12642
16724,9154
16725,9154
16726,9154
16727,9154
16728,9154
16729,9154
16730,9155
16730,12184
16731,9155
16731,12184
16732,9155
16732,12184
16733,9156
16734,9157
16734,9367
16735,9157
16735,9367
16736,9157
16736,9367
16737,9158
16738,9159
16738,9555
16739,9160
16739,9467
16740,9161
16740,12420
16741,9162
16742,9162
16743,9162
16743,9466
16743,9775
16743,12451
16744,9163
16744,10671
16744,12715
16745,9163
16746,9163
16747,9164
16747,11034
16748,9165
16749,9165
16750,9166
16751,9167
16751,13653
16751,13678
16752,9168
16753,9168
16754,9168
16755,9171
16756,9172
16757,9172
16758,9173
16758,10324
16759,9173
16760,9173
16760,10324
16760,10812
16760,11880
16760,12731
16760,12945
16761,9173
16761,10324
16762,9174
16763,9175
16764,9179
16765,9180
16766,9180
16767,9181
16768,9181
16769,9181
16770,9181
16771,9183
16771,9354
16771,10306
16771,11818
16771,11840
16772,9183
16772,9354
16773,9183
16773,9354
16774,9183
16774,9354
16775,9184
16775,12639
16776,9184
16777,9184
16777,12213
16777,12639
16778,9187
16779,9189
16780,9190
16781,9191
16781,10754
16782,9191
16782,10754
16783,9192
16784,9194
16785,9195
16786,9195
16787,9197
16787,10724
16788,9197
16789,9198
16789,12401
16790,9200
16790,10066
16791,9200
16791,10066
16792,9201
16793,9203
16794,9203
16795,9205
16796,9206
16797,9206
16798,9210
16799,9211
16800,9211
16801,9211
16802,9211
16803,9212
16804,9213
16804,10079
16804,10623
16805,9213
16805,10623
16806,9215
16806,13675
16807,9215
16808,9215
16809,9216
16809,9440
16809,10606
16809,11766
16809,12494
16809,12677
16809,12786
16809,12979
16810,9216
16811,9216
16812,9216
16812,9440
16813,9217
16813,9341
16813,10260
16813,11332
16813,12046
16814,9217
16815,9218
16816,9218
16817,9219
16818,9219
16819,9220
16820,9221
16821,9222
16822,9222
16823,9223
16823,9964
16824,9223
16825,9223
16826,9223
16827,9223
16827,9964
16828,9224
16829,9224
16830,9225
16831,9225
16832,9228
16832,10750
16832,12517
16833,9229
16833,11232
16834,9230
16835,9230
16835,11551
16835,13516
16836,9230
16837,9232
16837,9685
16837,9995
16838,9233
16838,10796
16838,11302
16838,11957
16839,9233
16839,10796
16840,9233
16840,10796
16840,12327
16841,9234
16842,9234
16843,9234
16844,9234
16845,9234
16846,9236
16847,9237
16848,9238
16849,9239
16850,9240
16851,9240
16852,9241
16853,9241
16853,10656
16853,11943
16853,12004
16853,13566
16854,9242
16854,12287
16855,9243
16856,9243
16857,9244
16858,9244
16859,9244
16860,9244
16861,9245
16862,9245
16863,9245
16864,9246
16865,9246
16866,9246
16867,9247
16868,9247
16869,9248
16870,9248
16871,9248
16872,9249
16873,9249
16873,9260
16874,9249
16874,9260
16875,9252
16876,9252
16877,9252
16878,9252
16879,9253
16880,9253
16880,10502
16881,9254
16882,9254
16883,9255
16883,12273
16884,9255
16885,9256
16886,9256
16887,9256
16888,9256
16889,9256
16890,9257
16891,9258
16892,9258
16893,9258
16894,9258
16895,9259
16895,12352
16896,9259
16897,9260
16898,9261
16899,9261
16899,12205
16900,9261
16900,12205
16900,12299
16901,9262
16901,10374
16902,9263
16903,9263
16904,9263
16905,9263
16906,9263
16907,9264
16908,9264
16909,9265
16910,9265
16911,9266
16912,9266
16913,9266
16914,9266
16915,9266
16916,9267
16916,9278
16916,10417
16917,9267
16918,9268
16919,9268
16920,9268
16921,9269
16922,9269
16923,9269
16924,9269
16925,9269
16926,9270
16927,9270
16928,9271
16929,9271
16930,9272
16930,9285
16931,9272
16932,9272
16933,9272
16934,9273
16935,9273
16936,9274
16937,9274
16938,9275
16939,9276
16940,9276
16941,9276
16942,9276
16943,9277
16943,12293
16944,9277
16944,12293
16945,9277
16946,9277
16947,9278
16947,10392
16947,10417
16948,9279
16949,9279
16950,9279
16951,9279
16952,9279
16953,9280
16954,9281
16954,10686
16954,10956
16955,9282
16956,9282
16957,9282
16958,9283
16959,9283
16960,9283
16961,9283
16962,9283
16963,9284
16964,9284
16965,9284
16966,9284
16967,9285
16968,9287
16969,9287
16970,9288
16970,9300
16971,9288
16971,9300
16972,9289
16972,11954
16973,9289
16974,9290
16975,9292
16976,9292
16977,9294
16978,9294
16979,9295
16979,10537
16980,9295
16981,9295
16982,9295
16983,9295
16984,9295
16985,9295
16986,9295
16987,9295
16988,9295
16989,9296
16990,9296
16991,9296
16992,9296
16993,9297
16994,9299
16995,9299
16996,9299
16997,9299
16998,9299
16999,9300
17000,9300
17001,9301
17002,9301
17003,9301
17004,9302
17004,10181
17004,11874
17005,9302
17005,10181
17005,11874
17006,9302
17007,9302
17008,9302
17009,9302
17010,9303
17011,9303
17012,9305
17013,9305
17013,11550
17014,9306
17015,9306
17016,9307
17016,10483
17017,9307
17018,9307
17018,10483
17019,9307
17020,9307
17020,10483
17021,9307
17022,9307
17022,10483
17023,9307
17023,10483
17024,9308
17025,9308
17026,9310
17027,9312
17027,12187
17028,9313
17029,9314
17030,9314
17031,9314
17032,9314
17033,9317
17034,9317
17035,9317
17036,9318
17037,9319
17037,12562
17038,9319
17039,9320
17040,9321
17041,9322
17042,9322
17042,11283
17042,11896
17043,9322
17043,11283
17044,9323
17045,9324
17046,9324
17047,9325
17047,12977
17048,9325
17049,9325
17050,9325
17050,12626
17050,12807
17050,12977
17051,9325
17052,9325
17053,9325
17053,9387
17053,10505
17053,11316
17053,12017
17053,12061
17053,12094
17053,12626
17053,12807
17053,12977
17053,12989
17053,13496
17054,9326
17055,9326
17055,10519
17055,10700
17055,11980
17056,9326
17056,10519
17056,10700
17057,9326
17058,9328
17059,9329
17059,9404
17060,9329
17061,9329
17061,9399
17062,9329
17062,9362
17063,9329
17064,9329
17065,9330
17066,9331
17067,9331
17068,9331
17069,9331
17070,9333
17070,10130
17070,10246
17070,11930
17070,11984
17070,12272
17070,12409
17071,9334
17072,9334
17073,9334
17074,9334
17075,9334
17075,12001
17076,9334
17077,9334
17078,9336
17079,9338
17079,10247
17080,9338
17080,10247
17081,9339
17081,10487
17081,10665
17081,12932
17082,9339
17082,12381
17082,12932
17083,9339
17084,9339
17084,12932
17085,9340
17086,9342
17087,9344
17088,9344
17088,10650
17089,9345
17089,12035
17090,9345
17091,9345
17092,9346
17093,9346
17094,9346
17095,9347
17095,11050
17096,9347
17097,9348
17098,9348
17098,9364
17098,12052
17099,9350
17099,12242
17100,9350
17101,9350
17102,9350
17103,9350
17103,12242
17104,9351
17105,9352
17105,10523
17106,9352
17106,10523
17107,9352
17108,9352
17109,9353
17110,9353
17111,9353
17112,9353
17113,9353
17114,9353
17115,9353
17116,9355
17116,9419
17117,9355
17117,9419
17118,9355
17118,10655
17118,12231
17119,9355
17119,9419
17120,9355
17120,9419
17121,9355
17122,9355
17123,9355
17124,9355
17125,9355
17126,9355
17127,9355
17127,9419
17128,9355
17129,9355
17130,9358
17130,10441
17131,9359
17131,12651
17132,9360
17132,11920
17133,9361
17134,9361
17135,9363
17136,9364
17137,9364
17138,9365
17139,9365
17140,9366
17141,9366
17142,9368
17143,9369
17144,9370
17144,11938
17145,9370
17146,9370
17147,9371
17147,10012
17147,11783
17148,9372
17149,9372
17150,9374
17151,9376
17152,9376
17153,9377
17153,9503
17153,11884
17153,11975
17153,12323
17153,12660
17153,12688
17154,9377
17154,9503
17154,12063
17154,12366
17155,9377
17156,9377
17156,9503
17156,12323
17156,12660
17156,12688
17157,9380
17158,9380
17159,9380
17160,9380
17161,9381
17161,9743
17162,9381
17162,9743
17163,9381
17163,9743
17164,9382
17165,9383
17166,9383
17167,9383
17168,9383
17169,9383
17170,9383
17170,9923
17171,9384
17171,11251
17172,9385
17172,10717
17172,11223
17172,12650
17172,12960
17172,13094
17172,13264
17172,13474
17173,9385
17174,9386
17175,9386
17176,9386
17177,9386
17178,9386
17179,9386
17180,9386
17181,9386
17182,9387
17182,12366
17183,9387
17183,10509
17183,12977
17184,9388
17185,9390
17185,11354
17186,9391
17186,9457
17187,9391
17188,9392
17189,9392
17190,9393
17191,9395
17192,9396
17193,9396
17194,9396
17195,9397
17196,9397
17197,9398
17198,9398
17199,9401
17200,9402
17200,9426
17201,9402
17201,9426
17202,9403
17202,10651
17203,9403
17203,10651
17204,9403
17204,10651
17205,9405
17206,9405
17207,9407
17207,10619
17207,12106
17208,9407
17209,9407
17209,12134
17210,9409
17211,9412
17212,9412
17213,9412
17214,9413
17215,9415
17215,11817
17216,9415
17217,9416
17217,12047
17217,12510
17217,12914
17217,13371
17218,9416
17219,9416
17220,9417
17221,9417
17222,9417
17222,9452
17222,11688
17223,9418
17224,9418
17225,9418
17225,9764
17226,9419
17227,9419
17228,9419
17229,9419
17230,9419
17231,9419
17232,9419
17233,9419
17234,9419
17235,9419
17236,9419
17237,9419
17238,9419
17239,9419
17240,9419
17241,9419
17242,9420
17242,10622
17242,11848
17243,9421
17243,12098
17244,9421
17245,9421
17245,12098
17246,9423
17247,9423
17248,9424
17248,10197
17248,12156
17249,9424
17249,12156
17250,9425
17251,9428
17251,10550
17252,9429
17253,9429
17254,9429
17255,9430
17256,9432
17257,9432
17257,10778
17258,9432
17258,10778
17258,11926
17259,9433
17259,11912
17260,9434
17261,9434
17262,9434
17263,9435
17264,9436
17264,10991
17265,9436
17265,10991
17266,9436
17267,9437
17268,9438
17269,9439
17269,11970
17269,12107
17270,9439
17270,11896
17271,9439
17272,9440
17273,9441
17274,9441
17275,9441
17276,9441
17277,9441
17278,9442
17278,10488
17279,9443
17280,9443
17281,9443
17282,9444
17282,10255
17282,10753
17283,9444
17284,9446
17285,9447
17286,9447
17287,9448
17287,10492
17287,12100
17288,9448
17288,9971
17288,9976
17289,9449
17290,9451
17291,9451
17292,9451
17293,9452
17293,11688
17294,9452
17295,9452
17296,9452
17297,9452
17298,9452
17299,9456
17300,9456
17300,11948
17301,9456
17301,11948
17302,9458
17303,9458
17304,9458
17305,9458
17306,9459
17307,9459
17308,9460
17308,10831
17309,9461
17310,9462
17311,9462
17312,9462
17313,9462
17314,9462
17315,9463
17315,9578
17316,9464
17317,9466
17318,9466
17319,9466
17320,9466
17321,9468
17321,11170
17322,9469
17323,9470
17324,9470
17325,9470
17326,9471
17326,11479
17327,9471
17328,9473
17329,9473
17330,9473
17331,9473
17332,9474
17333,9475
17334,9475
17334,12265
17335,9476
17335,10664
17335,11112
17335,11741
17335,11761
17335,12477
17335,12920
17335,13435
17336,9476
17336,10664
17336,11112
17336,11741
17336,11761
17336,12477
17337,9476
17337,10664
17337,11112
17337,11761
17337,12477
17337,12909
17338,9476
17338,12477
17339,9476
17339,10664
17339,11112
17340,9476
17341,9476
17342,9476
17343,9476
17344,9476
17345,9477
17346,9477
17346,12324
17347,9478
17348,9478
17349,9479
17350,9481
17351,9481
17352,9481
17353,9483
17354,9483
17355,9484
17356,9484
17357,9484
17358,9485
17358,11932
17359,9486
17359,13555
17360,9487
17361,9488
17362,9488
17363,9489
17364,9489
17365,9489
17366,9490
17367,9491
17368,9491
17369,9491
17370,9491
17371,9491
17372,9493
17372,11127
17372,11130
17373,9494
17374,9494
17375,9495
17376,9496
17376,10160
17376,11089
17377,9498
17377,10837
17378,9498
17378,10835
17379,9499
17380,9500
17381,9500
17382,9501
17382,12436
17383,9502
17384,9502
17385,9502
17386,9502
17387,9502
17388,9505
17388,11937
17389,9506
17390,9506
17391,9507
17392,9509
17393,9509
17394,9509
17395,9510
17396,9510
17397,9511
17398,9512
17399,9512
17400,9512
17401,9512
17402,9514
17403,9514
17403,11774
17404,9515
17404,10208
17404,10739
17405,9515
17406,9516
17407,9516
17408,9517
17409,9518
17410,9518
17411,9518
17412,9518
17413,9519
17414,9519
17414,9526
17415,9520
17416,9520
17417,9522
17417,9527
17417,10588
17417,11165
17418,9522
17419,9522
17420,9522
17420,9527
17421,9523
17422,9523
17423,9523
17424,9523
17425,9523
17426,9523
17427,9524
17427,9542
17427,11186
17428,9524
17428,11186
17429,9524
17429,9542
17429,11186
17430,9524
17431,9524
17431,9542
17431,11186
17432,9525
17433,9526
17434,9526
17435,9527
17436,9527
17437,9529
17438,9530
17439,9531
17439,9533
17440,9533
17441,9534
17442,9534
17443,9534
17444,9534
17445,9534
17446,9536
17447,9536
17447,10979
17448,9537
17449,9537
17449,13604
17450,9538
17450,13663
17451,9538
17451,13712
17452,9538
17453,9538
17454,9538
17455,9538
17456,9540
17456,10690
17456,10982
17456,12475
17456,12651
17457,9541
17458,9541
17459,9541
17460,9541
17461,9542
17462,9542
17463,9542
17464,9543
17465,9543
17465,9921
17465,10554
17465,10984
17465,11345
17465,11960
17465,12884
17465,13441
17466,9543
17467,9543
17467,10554
17467,10984
17467,11960
17467,12884
17467,13441
17468,9544
17468,13559
17469,9545
17470,9545
17471,9545
17472,9545
17472,12572
17473,9545
17474,9546
17475,9546
17476,9547
17476,13344
17477,9547
17478,9547
17478,9753
17478,9758
17479,9548
17480,9548
17481,9549
17482,9549
17483,9550
17484,9550
17485,9551
17486,9552
17486,12111
17487,9552
17488,9552
17489,9552
17490,9553
17491,9554
17492,9554
17493,9554
17494,9554
17495,9555
17496,9556
17497,9556
17498,9557
17499,9557
17500,9558
17500,10286
17501,9558
17501,10845
17501,11892
17502,9558
17502,9579
17502,10286
17502,10319
17502,10845
17502,11892
17502,12063
17502,12625
17502,12630
17502,12979
17503,9558
17503,9579
17503,10286
17503,10319
17503,12063
17504,9560
17505,9560
17506,9561
17507,9561
17508,9561
17509,9562
17510,9562
17511,9562
17512,9563
17513,9563
17514,9563
17515,9564
17516,9565
17517,9565
17517,10169
17518,9565
17518,9724
17518,10169
17518,10216
17518,11133
17519,9565
17520,9568
17521,9568
17521,10660
17522,9569
17522,9716
17522,11954
17523,9569
17523,11399
17524,9570
17525,9570
17526,9573
17527,9574
17528,9575
17529,9575
17530,9576
17530,10733
17530,13551
17531,9576
17532,9576
17532,10733
17533,9576
17533,12683
17533,12701
17534,9576
17534,10733
17534,11941
17534,12701
17534,13459
17534,13551
17535,9577
17536,9577
17537,9578
17538,9578
17539,9579
17540,9579
17540,10845
17541,9579
17542,9579
17543,9581
17544,9581
17545,9582
17546,9582
17547,9583
17548,9583
17549,9583
17550,9583
17551,9583
17552,9583
17553,9584
17554,9585
17555,9586
17556,9586
17556,11092
17557,9587
17558,9587
17558,10214
17559,9590
17560,9590
17561,9591
17562,9592
17563,9593
17563,11131
17563,12782
17564,9593
17565,9594
17566,9594
17566,9853
17567,9595
17568,9595
17569,9595
17569,10951
17569,12907
17570,9596
17571,9596
17572,9597
17573,9598
17574,9598
17575,9599
17576,9599
17577,9600
17578,9601
17578,10960
17579,9601
17579,10960
17580,9602
17581,9602
17582,9603
17583,9603
17584,9605
17585,9606
17586,9606
17587,9606
17588,9607
17588,9855
17588,12507
17589,9607
17590,9608
17591,9608
17591,11082
17591,11363
17592,9609
17593,9609
17594,9609
17595,9609
17596,9609
17597,9610
17598,9610
17599,9610
17600,9611
17601,9611
17602,9612
17603,9612
17603,9725
17603,11607
17603,12756
17603,13481
17603,13491
17604,9612
17604,9725
17605,9613
17606,9613
17606,9790
17606,10907
17606,10926
17607,9613
17608,9613
17608,9790
17609,9613
17609,9790
17610,9613
17610,9770
17610,9790
17610,12821
17611,9614
17612,9614
17613,9614
17614,9615
17614,12719
17615,9615
17615,10599
17615,10645
17615,10789
17615,11881
17615,12880
17615,12881
17616,9615
17617,9615
17617,10789
17617,11881
17617,13385
17618,9615
17618,10645
17618,10789
17618,12880
17618,12881
17619,9617
17620,9618
17621,9618
17622,9618
17623,9618
17624,9618
17625,9619
17626,9620
17627,9620
17627,11004
17627,12763
17627,12841
17628,9622
17629,9622
17630,9623
17631,9623
17632,9623
17633,9625
17634,9625
17635,9627
17636,9628
17636,10098
17636,10580
17636,12443
17637,9629
17637,9922
17637,10240
17637,11108
17637,12391
17638,9629
17639,9629
17639,10240
17639,11108
17639,12391
17640,9630
17641,9630
17642,9630
17643,9631
17644,9631
17645,9631
17645,11113
17646,9632
17647,9633
17648,9635
17649,9635
17650,9635
17651,9636
17652,9636
17653,9637
17654,9637
17655,9637
17656,9638
17657,9638
17657,10911
17657,11001
17657,11304
17657,12669
17657,12781
17658,9639
17659,9639
17660,9640
17661,9640
17662,9641
17663,9641
17664,9642
17665,9643
17666,9644
17666,10972
17667,9644
17667,10972
17668,9646
17669,9646
17670,9646
17671,9647
17671,10980
17672,9649
17672,12443
17673,9650
17674,9650
17674,9846
17674,9896
17674,11342
17674,12735
17675,9651
17676,9652
17676,11962
17677,9652
17677,11962
17678,9652
17679,9652
17680,9654
17681,9654
17681,10905
17682,9655
17683,9655
17684,9656
17684,10852
17684,12718
17685,9658
17685,12030
17686,9659
17687,9659
17688,9661
17689,9661
17690,9662
17690,10948
17690,13535
17691,9662
17692,9663
17692,12925
17693,9663
17694,9664
17695,9664
17696,9665
17697,9665
17698,9665
17699,9666
17699,10822
17699,12746
17700,9668
17701,9668
17702,9668
17702,13478
17703,9668
17704,9668
17705,9668
17705,13128
17705,13478
17705,13546
17706,9669
17706,9944
17706,10550
17706,12741
17706,12753
17707,9669
17707,9944
17707,10550
17707,12741
17707,12753
17708,9669
17708,9944
17709,9669
17709,9944
17710,9670
17711,9670
17712,9670
17713,9670
17714,9670
17715,9670
17716,9671
17717,9671
17718,9671
17719,9671
17720,9671
17720,13141
17721,9672
17722,9674
17723,9674
17724,9674
17725,9675
17725,12928
17726,9675
17727,9675
17727,9746
17727,10528
17727,10990
17728,9675
17729,9675
17730,9675
17731,9678
17732,9679
17732,12843
17733,9679
17734,9679
17735,9679
17736,9679
17737,9681
17738,9681
17739,9682
17740,9682
17741,9682
17742,9682
17743,9682
17744,9683
17745,9683
17746,9683
17747,9686
17747,12843
17748,9686
17748,12843
17749,9687
17750,9688
17751,9689
17752,9689
17753,9689
17753,13459
17754,9689
17754,9699
17755,9689
17755,9787
17756,9690
17756,10935
17757,9691
17758,9691
17759,9692
17760,9693
17761,9693
17761,12892
17762,9695
17763,9696
17764,9696
17765,9697
17766,9699
17767,9701
17768,9701
17768,12145
17769,9702
17770,9702
17770,13012
17771,9703
17772,9703
17773,9704
17773,13080
17774,9704
17775,9705
17776,9705
17777,9706
17778,9706
17778,12766
17779,9707
17780,9707
17781,9707
17782,9708
17783,9708
17784,9709
17785,9709
17785,11226
17785,12821
17786,9710
17786,10023
17787,9710
17787,10805
17787,11534
17787,12244
17787,12917
17787,13075
17787,13336
17788,9711
17789,9711
17790,9712
17791,9712
17792,9712
17793,9712
17793,13624
17794,9712
17795,9712
17796,9713
17797,9713
17798,9715
17798,10919
17799,9715
17799,10919
17800,9716
17801,9716
17801,11037
17801,11399
17801,12629
17802,9717
17803,9717
17804,9717
17804,12942
17805,9718
17805,11282
17805,11568
17805,13340
17805,13540
17806,9719
17807,9719
17808,9720
17809,9721
17810,9721
17811,9721
17811,12772
17812,9722
17813,9722
17814,9723
17815,9725
17816,9726
17817,9727
17817,13335
17818,9727
17819,9727
17820,9727
17821,9727
17822,9728
17823,9728
17824,9728
17825,9729
17826,9730
17827,9731
17828,9731
17829,9732
17830,9732
17830,10232
17830,11325
17831,9732
17832,9733
17833,9733
17834,9733
17835,9736
17836,9736
17837,9736
17838,9736
17839,9736
17840,9736
17841,9738
17842,9739
17843,9740
17844,9740
17845,9742
17846,9744
17847,9745
17848,9745
17849,9746
17850,9746
17851,9746
17852,9748
17853,9748
17854,9748
17855,9749
17856,9749
17856,10114
17856,13363
17857,9749
17858,9750
17859,9751
17860,9753
17861,9757
17861,10844
17862,9757
17863,9758
17864,9759
17865,9760
17866,9760
17867,9760
17868,9761
17869,9761
17870,9762
17871,9762
17871,13108
17872,9763
17873,9763
17874,9764
17875,9765
17876,9766
17877,9766
17877,10928
17878,9766
17879,9766
17879,10928
17880,9766
17881,9769
17881,12901
17882,9770
17883,9770
17884,9770
17885,9771
17886,9772
17887,9773
17888,9773
17889,9777
17890,9777
17891,9777
17892,9778
17893,9778
17894,9779
17895,9780
17896,9780
17897,9780
17897,13433
17898,9781
17899,9782
17900,9782
17901,9783
17901,10274
17902,9783
17902,10274
17903,9784
17904,9784
17905,9784
17906,9784
17906,13348
17907,9785
17908,9785
17909,9785
17909,10641
17909,13110
17910,9786
17911,9787
17912,9788
17912,13005
17913,9788
17914,9788
17915,9789
17915,10494
17916,9789
17917,9789
17918,9790
17918,10926
17919,9790
17920,9790
17921,9791
17922,9791
17923,9791
17924,9792
17925,9792
17926,9793
17927,9793
17928,9793
17929,9793
17930,9793
17931,9793
17932,9794
17933,9795
17933,10791
17934,9795
17934,10989
17935,9795
17936,9797
17937,9800
17938,9800
17939,9801
17940,9801
17941,9802
17942,9802
17943,9803
17944,9803
17945,9803
17946,9804
17947,9804
17948,9805
17949,9805
17950,9806
17950,11029
17951,9806
17952,9807
17952,10226
17952,10995
17953,9808
17954,9810
17955,9810
17956,9810
17957,9810
17958,9810
17959,9811
17960,9811
17961,9811
17962,9812
17963,9813
17964,9813
17965,9814
17965,11076
17965,11131
17966,9814
17966,11076
17966,11131
17966,12782
17967,9815
17968,9815
17969,9817
17970,9817
17971,9820
17972,9821
17973,9821
17974,9823
17975,9823
17976,9824
17976,12763
17977,9824
17978,9825
17978,10789
17978,12719
17978,12881
17979,9825
17980,9826
17981,9826
17982,9826
17982,10889
17983,9827
17984,9828
17985,9829
17986,9829
17987,9829
17988,9829
17989,9829
17990,9830
17991,9831
17992,9831
17993,9831
17994,9833
17995,9833
17996,9833
17997,9834
17998,9835
17998,11104
17999,9836
18000,9836
18001,9836
18002,9836
18003,9836
18004,9836
18005,9836
18006,9837
18007,9838
18007,11677
18008,9838
18009,9839
18010,9839
18011,9839
18012,9839
18013,9840
18013,13116
18014,9841
18015,9841
18016,9841
18017,9841
18018,9842
18019,9842
18020,9843
18020,11572
18020,12795
18021,9843
18021,11390
18022,9844
18023,9844
18024,9844
18025,9845
18026,9846
18027,9846
18028,9846
18029,9846
18029,11247
18029,11342
18029,12697
18030,9848
18030,11140
18031,9848
18032,9849
18032,10562
18033,9851
18033,10726
18033,11748
18034,9851
18035,9851
18036,9851
18036,10726
18036,11674
18037,9851
18038,9851
18039,9852
18040,9852
18041,9852
18041,12717
18042,9853
18042,11468
18043,9854
18044,9854
18045,9854
18046,9855
18047,9855
18048,9855
18049,9856
18050,9856
18051,9856
18052,9857
18053,9858
18053,13376
18054,9859
18055,9859
18056,9859
18057,9859
18058,9859
18059,9859
18060,9860
18061,9860
18062,9861
18063,9862
18064,9862
18065,9862
18066,9863
18067,9863
18068,9863
18069,9863
18070,9864
18070,12566
18071,9864
18071,12566
18072,9864
18072,12566
18073,9865
18074,9867
18075,9868
18075,9942
18075,11857
18075,12951
18075,13453
18075,13485
18076,9869
18076,11803
18077,9869
18077,11803
18078,9869
18078,11803
18079,9870
18080,9870
18081,9871
18082,9871
18083,9871
18084,9871
18085,9871
18086,9871
18087,9871
18088,9871
18089,9872
18090,9872
18090,10681
18091,9873
18091,10198
18091,10805
18091,12209
18091,12637
18091,13075
18092,9874
18093,9874
18094,9874
18094,12751
18094,12883
18095,9875
18095,11411
18095,13492
18096,9875
18096,11348
18096,13492
18097,9876
18098,9876
18099,9877
18100,9877
18101,9877
18102,9877
18103,9877
18103,10111
18104,9878
18105,9878
18106,9878
18107,9879
18107,11845
18108,9879
18108,11845
18109,9880
18109,10042
18110,9881
18111,9881
18112,9881
18113,9881
18113,13260
18113,13275
18114,9881
18115,9882
18116,9882
18117,9882
18118,9883
18118,10757
18118,11177
18118,11321
18118,11924
18119,9883
18120,9883
18120,10733
18120,10757
18120,11943
18121,9884
18122,9884
18123,9885
18124,9885
18125,9886
18126,9886
18127,9886
18128,9887
18129,9887
18130,9887
18131,9887
18132,9887
18133,9887
18134,9887
18135,9888
18136,9888
18137,9888
18138,9888
18139,9889
18140,9889
18141,9889
18142,9890
18143,9891
18144,9891
18145,9891
18145,10786
18146,9891
18146,10786
18147,9892
18148,9893
18149,9893
18150,9894
18151,9894
18151,13246
18152,9894
18153,9894
18154,9895
18155,9895
18156,9895
18157,9895
18158,9895
18159,9896
18160,9896
18161,9896
18162,9896
18163,9897
18164,9897
18165,9897
18166,9897
18167,9897
18168,9898
18169,9898
18170,9898
18171,9898
18172,9899
18173,9899
18174,9901
18174,11640
18174,13239
18175,9902
18176,9902
18177,9902
18178,9903
18179,9903
18180,9903
18181,9905
18182,9905
18183,9906
18183,10322
18183,10818
18183,11902
18183,13105
18183,13442
18183,13550
18184,9906
18184,12529
18185,9907
18186,9908
18187,9908
18188,9910
18189,9910
18189,13360
18190,9910
18191,9911
18192,9911
18193,9911
18194,9911
18195,9912
18196,9912
18197,9915
18198,9917
18199,9918
18200,9918
18201,9918
18202,9919
18203,9921
18204,9921
18204,11345
18205,9922
18206,9923
18207,9923
18208,9923
18209,9923
18210,9923
18211,9926
18212,9926
18213,9928
18214,9929
18215,9929
18216,9929
18217,9929
18218,9929
18219,9929
18220,9930
18221,9931
18222,9932
18223,9933
18223,11590
18224,9933
18225,9935
18226,9935
18227,9936
18228,9937
18229,9937
18229,12974
18230,9938
18231,9938
18232,9939
18233,9939
18234,9940
18234,11684
18235,9943
18236,9945
18237,9945
18238,9945
18239,9945
18240,9946
18241,9947
18242,9947
18243,9947
18243,11328
18244,9947
18245,9948
18246,9948
18247,9948
18248,9949
18249,9950
18250,9951
18251,9951
18252,9951
18253,9952
18254,9952
18255,9952
18256,9953
18256,11706
18256,11711
18257,9953
18258,9954
18259,9954
18260,9954
18261,9954
18262,9955
18262,13472
18262,13566
18263,9955
18264,9955
18265,9956
18265,10543
18266,9956
18267,9956
18268,9956
18268,10543
18269,9958
18269,10014
18270,9958
18270,10014
18271,9959
18271,10257
18271,11859
18272,9960
18272,10055
18273,9960
18274,9961
18274,10807
18275,9962
18276,9962
18277,9962
18278,9962
18279,9963
18280,9963
18281,9964
18282,9964
18283,9965
18284,9965
18285,9965
18286,9966
18287,9967
18288,9967
18288,13446
18289,9967
18290,9967
18291,9967
18292,9967
18292,9986
18293,9968
18294,9968
18295,9969
18295,11361
18296,9969
18297,9969
18297,11361
18298,9970
18299,9970
18299,11628
18300,9971
18300,9976
18301,9971
18301,9976
18301,13429
18302,9972
18303,9972
18304,9972
18305,9972
18306,9972
18307,9974
18308,9974
18309,9977
18310,9977
18311,9977
18312,9978
18313,9978
18313,10045
18314,9979
18315,9979
18316,9979
18317,9979
18318,9980
18319,9981
18320,9981
18321,9981
18322,9981
18323,9982
18324,9982
18325,9983
18326,9983
18327,9983
18328,9984
18329,9984
18330,9986
18331,9986
18332,9986
18333,9986
18334,9986
18335,9987
18335,10078
18335,10104
18335,10957
18335,11018
18335,13013
18336,9987
18336,10078
18336,10104
18336,10957
18336,11018
18336,13013
18337,9987
18337,10078
18337,13013
18338,9987
18338,13013
18339,9988
18340,9988
18341,9988
18342,9988
18343,9988
18344,9989
18345,9990
18346,9990
18347,9990
18348,9990
18349,9990
18350,9990
18351,9990
18352,9990
18353,9992
18354,9992
18355,9993
18356,9993
18357,9994
18358,9994
18359,9995
18360,9996
18361,9996
18362,9997
18363,9997
18363,11050
18364,9998
18365,9998
18365,10475
18365,10608
18365,11269
18365,13425
18366,9999
18367,10000
18368,10000
18369,10000
18370,10000
18371,10001
18372,10001
18373,10002
18373,11153
18374,10002
18374,10748
18374,11058
18374,11153
18375,10002
18376,10002
18377,10002
18377,10655
18377,10748
18377,11058
18377,11153
18377,12023
18377,12231
18377,13352
18378,10004
18379,10006
18380,10006
18381,10006
18382,10006
18383,10009
18384,10009
18384,11204
18384,12363
18384,13284
18385,10009
18386,10009
18387,10010
18387,10314
18387,13470
18388,10011
18389,10013
18390,10013
18391,10013
18392,10015
18392,10457
18393,10015
18393,10457
18394,10015
18394,10457
18395,10017
18396,10018
18397,10019
18397,13578
18398,10019
18398,13578
18399,10019
18400,10020
18401,10020
18402,10021
18403,10021
18404,10021
18405,10021
18406,10022
18406,11335
18407,10022
18407,11335
18408,10022
18409,10022
18409,10455
18409,11335
18410,10024
18411,10025
18411,10258
18411,11902
18411,12490
18412,10026
18413,10026
18414,10026
18415,10026
18416,10026
18417,10026
18418,10027
18419,10027
18420,10028
18421,10029
18422,10030
18423,10030
18424,10030
18425,10031
18426,10032
18427,10032
18428,10032
18429,10032
18430,10032
18431,10032
18432,10033
18433,10034
18434,10034
18435,10035
18436,10036
18436,10275
18436,10473
18436,12722
18436,12918
18437,10037
18438,10039
18439,10039
18440,10039
18441,10039
18442,10040
18443,10040
18444,10040
18445,10040
18446,10041
18446,11339
18446,13124
18447,10042
18448,10042
18449,10043
18449,13288
18450,10043
18450,13288
18451,10043
18451,11633
18451,13288
18451,13330
18452,10044
18452,10713
18452,10756
18452,11393
18452,12009
18453,10045
18454,10046
18455,10046
18455,12388
18456,10046
18456,12306
18457,10047
18458,10047
18459,10047
18460,10047
18461,10047
18462,10048
18462,10139
18462,13065
18463,10048
18463,10139
18464,10049
18465,10049
18466,10049
18467,10049
18468,10049
18469,10050
18470,10050
18470,10269
18471,10051
18472,10051
18473,10051
18473,10064
18474,10052
18475,10052
18476,10052
18477,10052
18478,10052
18479,10052
18480,10053
18480,11327
18481,10053
18481,10724
18482,10053
18483,10054
18484,10054
18484,13472
18485,10054
18486,10054
18487,10055
18488,10055
18489,10056
18489,12420
18489,13702
18490,10057
18491,10058
18492,10058
18493,10059
18494,10060
18495,10061
18496,10061
18497,10062
18498,10063
18499,10064
18500,10064
18501,10065
18502,10065
18503,10065
18504,10065
18504,10854
18505,10065
18506,10065
18506,10854
18507,10066
18508,10066
18509,10067
18510,10067
18510,11546
18511,10067
18511,11546
18512,10067
18512,11546
18513,10068
18514,10068
18515,10068
18516,10069
18517,10069
18517,11504
18518,10070
18519,10070
18519,13189
18520,10072
18521,10072
18522,10072
18523,10072
18524,10073
18524,10713
18524,11422
18525,10073
18525,10291
18525,10686
18525,10752
18525,11311
18526,10073
18526,11422
18527,10074
18528,10074
18528,10183
18528,13505
18529,10074
18530,10074
18531,10075
18531,10108
18532,10075
18533,10076
18534,10076
18535,10077
18535,10840
18535,13064
18536,10077
18537,10077
18538,10077
18538,10840
18538,13064
18539,10079
18540,10080
18541,10081
18541,10713
18541,10756
18541,11393
18541,11422
18541,12009
18542,10082
18543,10082
18544,10082
18544,11513
18545,10083
18546,10084
18546,10424
18546,13517
18547,10084
18547,10424
18547,11538
18547,13218
18547,13254
18547,13278
18547,13517
18548,10084
18548,10424
18548,11988
18548,12005
18548,13517
18549,10084
18549,10424
18549,13517
18550,10086
18551,10086
18552,10087
18553,10087
18554,10089
18555,10089
18556,10089
18557,10089
18558,10090
18559,10090
18560,10091
18561,10091
18562,10091
18563,10093
18564,10093
18565,10093
18566,10094
18567,10094
18567,11042
18568,10095
18569,10095
18570,10097
18571,10099
18572,10099
18573,10100
18574,10101
18575,10101
18576,10102
18577,10103
18577,12738
18578,10105
18579,10105
18580,10106
18581,10106
18582,10106
18583,10106
18584,10107
18585,10108
18586,10108
18587,10109
18588,10109
18589,10109
18590,10109
18591,10110
18592,10110
18593,10111
18594,10111
18595,10112
18596,10112
18597,10112
18598,10113
18599,10113
18600,10115
18601,10115
18602,10117
18602,12459
18603,10118
18603,13622
18604,10119
18605,10120
18606,10120
18607,10121
18608,10122
18609,10122
18610,10122
18611,10122
18612,10123
18613,10123
18614,10123
18615,10123
18616,10123
18617,10124
18618,10124
18619,10125
18620,10125
18621,10126
18622,10127
18622,12968
18623,10131
18623,10897
18623,11015
18623,11839
18623,11987
18623,12802
18624,10131
18625,10131
18625,11015
18626,10131
18626,10897
18626,11839
18626,11987
18626,12802
18626,12949
18627,10131
18627,10897
18627,11015
18628,10131
18628,10897
18628,11003
18628,11015
18628,11401
18628,11806
18628,11839
18628,11987
18628,12725
18628,12802
18628,12949
18628,13095
18629,10132
18630,10132
18630,10166
18630,10556
18630,10638
18630,10696
18630,11143
18630,11329
18630,11360
18630,11796
18630,12033
18631,10133
18631,11219
18632,10134
18633,10134
18634,10134
18635,10135
18635,11306
18636,10135
18637,10136
18638,10136
18639,10137
18640,10137
18640,10212
18640,12370
18641,10138
18642,10138
18642,13050
18643,10140
18644,10142
18644,10836
18645,10144
18645,10169
18645,10522
18646,10146
18647,10146
18647,11953
18648,10146
18648,11953
18649,10147
18649,10518
18650,10147
18651,10148
18651,12179
18652,10149
18653,10149
18654,10149
18655,10151
18656,10151
18657,10153
18658,10153
18659,10154
18660,10155
18660,10324
18661,10155
18662,10155
18663,10155
18664,10158
18665,10158
18666,10158
18667,10159
18668,10161
18668,10507
18669,10161
18670,10161
18670,10507
18671,10162
18672,10164
18673,10164
18674,10165
18674,13154
18675,10166
18675,10556
18676,10167
18677,10168
18678,10169
18679,10169
18680,10170
18681,10171
18682,10171
18683,10171
18684,10173
18685,10173
18686,10173
18687,10173
18688,10173
18689,10175
18690,10176
18691,10176
18691,10250
18692,10176
18693,10177
18694,10177
18695,10177
18696,10177
18697,10177
18698,10177
18699,10177
18700,10178
18701,10178
18702,10180
18703,10181
18704,10181
18705,10181
18706,10181
18707,10181
18708,10181
18709,10181
18710,10181
18711,10181
18712,10181
18713,10181
18714,10181
18715,10181
18716,10182
18717,10182
18718,10185
18719,10186
18720,10187
18721,10187
18722,10187
18723,10188
18724,10188
18725,10188
18726,10188
18727,10188
18728,10189
18729,10189
18729,11217
18729,11429
18729,11856
18729,11909
18730,10189
18730,11909
18731,10189
18732,10190
18732,12580
18732,13036
18733,10190
18734,10192
18735,10195
18736,10196
18737,10196
18738,10197
18738,12046
18739,10197
18740,10199
18740,12621
18741,10199
18742,10199
18743,10200
18744,10200
18745,10200
18746,10200
18747,10200
18748,10200
18749,10201
18750,10201
18751,10201
18752,10201
18753,10202
18754,10203
18755,10203
18756,10203
18757,10204
18758,10205
18758,10878
18759,10206
18760,10206
18761,10209
18762,10211
18763,10211
18764,10211
18765,10212
18765,11698
18765,12873
18766,10212
18766,12117
18766,12370
18766,13080
18767,10213
18767,11872
18768,10213
18769,10213
18769,11872
18770,10213
18770,11872
18771,10213
18771,11872
18772,10213
18773,10214
18773,12146
18774,10214
18774,12146
18775,10214
18776,10215
18777,10216
18778,10216
18779,10217
18780,10218
18781,10223
18782,10224
18782,10716
18783,10224
18784,10225
18785,10228
18785,10829
18785,10836
18785,10839
18785,12581
18786,10231
18787,10231
18788,10232
18788,11325
18789,10233
18790,10234
18791,10236
18792,10237
18793,10237
18794,10240
18795,10241
18796,10242
18796,12206
18797,10242
18798,10242
18799,10243
18800,10243
18801,10243
18802,10244
18803,10244
18804,10245
18805,10246
18805,11264
18805,12700
18805,13543
18806,10246
18806,10546
18806,10680
18806,11230
18806,11264
18806,11798
18806,11877
18806,13543
18807,10247
18808,10248
18809,10249
18809,10552
18810,10249
18810,10552
18810,10636
18811,10249
18811,10552
18812,10249
18813,10250
18813,13084
18814,10250
18815,10251
18815,10702
18815,12371
18815,12905
18816,10251
18816,13462
18817,10252
18818,10252
18819,10252
18820,10252
18821,10252
18822,10252
18823,10253
18823,11813
18823,13393
18824,10254
18825,10254
18826,10258
18826,12529
18827,10258
18827,10423
18827,10818
18827,11902
18827,13550
18828,10259
18829,10261
18830,10261
18831,10262
18832,10262
18832,10318
18832,10492
18832,11922
18832,12080
18832,13510
18833,10262
18834,10262
18835,10263
18836,10263
18837,10264
18837,11064
18838,10264
18839,10264
18840,10264
18840,11064
18841,10266
18841,12922
18842,10266
18843,10268
18844,10269
18845,10269
18846,10270
18846,11891
18847,10270
18848,10270
18849,10271
18849,11222
18849,11521
18849,11814
18849,12784
18849,12889
18849,12928
18850,10273
18851,10273
18852,10274
18853,10275
18854,10275
18855,10276
18856,10277
18857,10279
18858,10279
18859,10279
18860,10281
18861,10281
18862,10282
18863,10282
18864,10282
18865,10283
18866,10283
18867,10283
18868,10283
18869,10284
18870,10285
18870,10742
18870,12162
18871,10287
18871,10292
18871,10320
18872,10287
18872,10292
18872,10320
18873,10287
18873,10292
18873,10320
18874,10287
18874,10320
18875,10287
18875,10320
18876,10287
18877,10290
18877,11053
18878,10290
18879,10291
18879,10752
18879,11311
18879,11813
18879,13393
18880,10291
18880,10495
18880,10752
18881,10292
18882,10292
18883,10294
18883,10953
18884,10294
18884,10953
18885,10294
18885,10953
18886,10295
18887,10296
18888,10297
18889,10297
18890,10298
18891,10299
18891,12403
18892,10301
18893,10301
18894,10303
18894,11221
18894,12118
18894,13466
18895,10304
18896,10305
18897,10305
18897,11266
18897,11271
18897,11350
18897,11352
18897,11832
18897,13522
18898,10308
18898,10855
18898,11160
18898,12632
18898,12846
18898,12896
18899,10308
18899,10855
18899,12846
18900,10308
18901,10308
18902,10310
18902,10443
18903,10311
18903,11065
18903,12864
18904,10311
18904,11065
18905,10311
18905,11065
18906,10311
18906,11065
18907,10311
18908,10312
18909,10313
18910,10313
18911,10315
18912,10315
18913,10318
18913,10903
18913,12393
18914,10319
18915,10319
18916,10320
18917,10321
18917,12218
18918,10321
18919,10321
18919,12086
18920,10322
18921,10323
18921,11703
18922,10323
18923,10323
18924,10324
18925,10324
18926,10324
18926,12430
18927,10325
18927,12029
18928,10325
18929,10326
18930,10326
18931,10326
18932,10326
18933,10327
18934,10327
18935,10328
18936,10328
18937,10329
18937,10337
18938,10329
18939,10329
18940,10330
18941,10331
18941,10339
18941,10372
18941,10400
18941,10416
18941,10419
18942,10331
18942,10339
18942,10346
18942,10372
18942,10375
18942,10416
18942,10419
18942,12160
18942,12336
18943,10331
18943,10339
18943,10346
18943,10347
18943,10355
18943,10362
18943,10363
18943,10364
18943,10366
18943,10368
18943,10370
18943,10371
18943,10372
18943,10373
18943,10375
18943,10377
18943,10383
18943,10385
18943,10391
18943,10400
18943,10401
18943,10404
18943,10407
18943,10408
18943,10415
18943,10416
18943,10419
18943,10421
18943,12160
18943,12202
18943,12290
18944,10331
18944,10372
18944,10383
18944,10416
18944,10419
18944,12202
18945,10331
18945,10339
18945,10355
18945,10372
18945,10383
18945,10416
18945,10419
18945,12336
18946,10331
18946,10419
18947,10331
18947,10347
18947,10362
18947,10364
18947,10366
18947,10368
18947,10372
18947,10391
18947,10404
18947,10408
18947,10421
18947,12160
18947,12290
18948,10331
18948,10362
18948,10364
18948,10366
18948,10368
18948,10372
18948,10391
18948,10401
18948,10404
18948,10408
18948,10415
18948,10416
18948,10419
18948,10421
18948,12160
18948,12290
18949,10332
18950,10332
18951,10332
18952,10332
18953,10333
18954,10333
18954,13058
18954,13350
18955,10334
18956,10334
18957,10334
18957,10340
18958,10334
18959,10334
18960,10335
18961,10335
18962,10336
18963,10336
18964,10337
18965,10338
18966,10339
18966,10347
18966,10370
18966,12211
18967,10339
18968,10340
18969,10340
18970,10340
18971,10341
18972,10341
18973,10342
18974,10342
18975,10343
18976,10344
18977,10344
18978,10344
18979,10345
18979,10405
18980,10345
18980,10405
18981,10345
18981,10405
18982,10345
18982,10405
18983,10346
18983,10375
18984,10346
18985,10347
18985,10421
18986,10347
18987,10347
18988,10347
18988,12452
18989,10348
18990,10348
18991,10348
18992,10349
18993,10349
18994,10349
18995,10349
18996,10349
18997,10350
18998,10350
18999,10351
19000,10351
19001,10351
19002,10351
19003,10351
19004,10352
19005,10352
19006,10352
19007,10352
19008,10352
19009,10353
19009,10358
19010,10353
19011,10354
19012,10354
19013,10354
19014,10354
19015,10355
19015,10415
19016,10355
19016,10400
19016,10415
19017,10355
19018,10355
19018,10363
19018,10371
19018,10383
19018,10407
19018,10415
19019,10355
19019,10415
19020,10356
19021,10356
19022,10357
19023,10358
19024,10358
19025,10359
19026,10359
19027,10359
19028,10360
19028,12240
19028,12547
19029,10360
19030,10360
19031,10361
19032,10361
19033,10362
19034,10362
19035,10362
19036,10362
19037,10363
19038,10363
19039,10363
19040,10363
19040,10370
19040,10385
19040,10391
19041,10364
19041,10408
19042,10364
19043,10364
19044,10365
19044,12447
19045,10365
19045,12447
19046,10366
19047,10366
19047,10408
19048,10366
19049,10367
19050,10367
19051,10368
19052,10368
19053,10368
19053,10371
19053,10407
19054,10368
19055,10369
19056,10370
19057,10370
19057,10407
19058,10371
19058,10401
19059,10371
19059,10377
19060,10371
19060,10407
19061,10371
19062,10373
19063,10373
19063,10377
19064,10373
19065,10373
19066,10373
19067,10374
19068,10375
19069,10376
19070,10376
19071,10376
19072,10376
19073,10377
19074,10377
19075,10377
19076,10378
19077,10378
19078,10378
19079,10378
19079,13196
19080,10379
19081,10379
19082,10379
19083,10379
19083,11586
19084,10379
19085,10380
19086,10380
19087,10381
19088,10381
19089,10382
19090,10382
19091,10383
19092,10383
19093,10383
19094,10383
19095,10383
19096,10384
19097,10384
19098,10384
19099,10384
19100,10385
19101,10385
19102,10386
19103,10386
19104,10386
19105,10386
19106,10386
19107,10387
19107,10420
19107,12176
19108,10387
19109,10387
19110,10387
19110,10420
19111,10388
19111,10396
19111,10399
19112,10388
19112,10396
19113,10388
19113,10396
19113,10399
19114,10388
19114,10396
19115,10389
19116,10389
19117,10389
19118,10390
19118,12511
19119,10391
19120,10391
19121,10392
19122,10393
19123,10393
19124,10393
19125,10394
19126,10395
19127,10395
19128,10397
19129,10397
19130,10398
19131,10398
19131,12373
19132,10398
19133,10398
19134,10398
19135,10399
19136,10399
19137,10400
19138,10400
19139,10401
19140,10401
19141,10401
19142,10402
19142,11288
19142,11420
19142,12665
19143,10402
19143,11420
19143,11939
19143,13143
19144,10403
19145,10404
19146,10404
19147,10406
19148,10406
19149,10406
19150,10407
19151,10408
19152,10409
19153,10409
19154,10409
19155,10409
19156,10409
19157,10409
19158,10409
19158,11944
19159,10409
19159,11944
19160,10409
19160,11944
19161,10410
19162,10410
19163,10411
19164,10411
19165,10411
19166,10411
19167,10411
19168,10411
19169,10411
19170,10411
19171,10411
19172,10413
19173,10413
19174,10413
19175,10413
19176,10414
19177,10414
19178,10415
19179,10418
19180,10418
19181,10418
19182,10418
19183,10418
19184,10421
19185,10422
19186,10422
19187,10422
19188,10422
19189,10422
19190,10423
19190,11902
19191,10423
19192,10423
19193,10425
19194,10425
19195,10425
19196,10425
19197,10425
19198,10426
19199,10426
19200,10426
19201,10426
19202,10427
19203,10427
19204,10428
19204,10697
19205,10428
19206,10429
19207,10429
19207,11751
19208,10430
19209,10431
19210,10431
19210,13482
19211,10431
19211,11192
19211,11475
19211,12300
19211,12937
19212,10432
19212,10648
19212,11700
19213,10432
19214,10432
19214,10648
19214,11700
19215,10432
19216,10432
19216,12898
19217,10433
19217,11038
19218,10433
19219,10433
19219,11116
19220,10434
19221,10434
19222,10434
19223,10434
19223,12412
19224,10435
19225,10436
19225,13164
19226,10436
19227,10438
19228,10439
19229,10439
19230,10441
19231,10444
19232,10445
19232,11755
19233,10446
19234,10446
19235,10448
19236,10449
19237,10449
19237,10482
19238,10449
19239,10450
19240,10451
19240,11339
19241,10451
19241,11339
19241,13124
19241,13568
19242,10451
19242,13124
19243,10452
19243,11890
19244,10452
19245,10452
19245,11890
19246,10453
19247,10454
19248,10455
19249,10455
19250,10457
19250,12609
19251,10457
19251,12609
19252,10458
19253,10458
19254,10460
19255,10460
19256,10461
19257,10462
19258,10462
19259,10462
19260,10462
19261,10463
19262,10463
19263,10463
19264,10463
19264,11236
19264,13439
19265,10464
19266,10465
19267,10465
19268,10465
19269,10466
19270,10466
19271,10466
19272,10466
19273,10467
19274,10468
19274,11509
19275,10468
19276,10468
19277,10469
19278,10469
19279,10469
19280,10469
19281,10469
19282,10470
19283,10470
19283,12036
19284,10471
19285,10472
19286,10472
19287,10472
19288,10473
19288,12918
19289,10473
19289,12722
19290,10474
19291,10475
19292,10476
19293,10476
19294,10478
19295,10478
19296,10479
19297,10480
19298,10481
19298,13544
19299,10481
19299,13544
19300,10482
19301,10482
19302,10482
19303,10484
19304,10484
19305,10485
19306,10485
19307,10485
19308,10485
19309,10486
19309,11176
19310,10486
19310,11405
19311,10486
19312,10486
19313,10486
19313,11405
19314,10487
19315,10487
19316,10489
19316,12526
19317,10491
19318,10492
19319,10494
19320,10494
19321,10494
19322,10494
19323,10495
19324,10495
19325,10495
19326,10497
19327,10498
19328,10498
19329,10498
19330,10499
19331,10499
19332,10499
19333,10499
19334,10501
19334,10511
19335,10501
19335,10511
19336,10501
19336,10511
19337,10501
19338,10501
19339,10502
19340,10504
19341,10505
19341,12061
19341,12147
19342,10505
19343,10505
19344,10505
19345,10505
19346,10505
19347,10505
19348,10507
19349,10508
19349,11258
19349,12754
19350,10509
19351,10510
19351,11740
19352,10511
19353,10511
19354,10511
19355,10512
19356,10512
19357,10512
19358,10512
19359,10512
19360,10515
19361,10515
19361,11723
19362,10515
19363,10515
19364,10516
19364,11745
19365,10516
19366,10516
19367,10517
19368,10517
19369,10517
19370,10520
19371,10521
19371,12301
19372,10521
19372,11266
19372,11271
19372,13522
19373,10521
19373,11801
19374,10521
19375,10523
19376,10523
19377,10524
19377,11906
19378,10525
19378,12886
19378,13404
19379,10526
19380,10526
19381,10526
19382,10526
19383,10526
19384,10528
19385,10528
19386,10529
19386,12538
19387,10529
19387,12538
19388,10530
19388,11713
19389,10530
19389,11713
19390,10531
19391,10532
19391,12496
19392,10532
19392,10609
19392,10758
19392,10942
19392,12466
19392,12825
19393,10533
19394,10533
19395,10535
19395,12052
19396,10535
19397,10535
19398,10535
19399,10535
19400,10536
19400,11892
19401,10536
19401,11892
19402,10536
19403,10536
19403,11892
19404,10536
19405,10537
19406,10537
19407,10538
19408,10539
19409,10540
19410,10540
19411,10541
19412,10541
19412,13656
19413,10541
19414,10541
19414,13656
19414,13714
19415,10542
19415,11358
19416,10542
19417,10543
19418,10544
19419,10544
19420,10545
19421,10547
19422,10547
19423,10547
19424,10547
19425,10548
19426,10549
19427,10551
19428,10551
19428,10601
19429,10551
19430,10553
19431,10554
19432,10554
19433,10554
19434,10554
19434,11379
19435,10557
19436,10557
19437,10558
19438,10558
19439,10558
19440,10558
19441,10558
19442,10558
19443,10558
19444,10558
19445,10559
19445,10687
19445,11423
19445,11899
19445,13489
19446,10559
19446,10687
19447,10559
19448,10560
19449,10561
19449,12805
19449,12836
19450,10561
19450,12805
19450,12836
19451,10561
19451,12805
19451,12836
19452,10561
19452,12805
19452,12836
19453,10561
19453,12836
19454,10561
19455,10562
19456,10562
19457,10562
19458,10562
19459,10562
19460,10562
19461,10563
19462,10563
19463,10564
19464,10564
19465,10564
19466,10564
19467,10564
19468,10564
19469,10566
19470,10566
19471,10567
19472,10568
19473,10569
19474,10569
19474,12043
19475,10569
19476,10570
19477,10570
19478,10572
19478,12930
19479,10574
19480,10574
19480,12337
19480,12380
19480,12997
19480,13500
19481,10574
19481,12337
19481,12380
19481,13500
19482,10575
19483,10575
19483,11916
19484,10575
19484,11916
19485,10577
19486,10578
19487,10578
19488,10578
19489,10578
19490,10578
19491,10578
19492,10579
19493,10579
19494,10579
19495,10579
19496,10579
19497,10579
19498,10581
19498,12775
19499,10581
19500,10581
19501,10582
19502,10582
19503,10583
19504,10583
19505,10583
19506,10583
19507,10583
19508,10583
19509,10585
19510,10585
19511,10585
19512,10585
19513,10585
19514,10585
19515,10585
19516,10585
19517,10586
19518,10586
19519,10586
19520,10587
19521,10587
19522,10588
19523,10588
19524,10588
19525,10588
19526,10589
19526,11976
19527,10589
19528,10590
19529,10590
19530,10590
19531,10591
19532,10591
19533,10591
19534,10591
19535,10591
19536,10592
19537,10592
19538,10592
19538,11718
19539,10593
19540,10594
19541,10594
19542,10594
19543,10595
19544,10595
19545,10596
19546,10597
19547,10597
19548,10597
19549,10597
19550,10598
19551,10598
19552,10598
19553,10599
19554,10599
19555,10601
19556,10601
19557,10601
19558,10602
19558,10750
19559,10603
19560,10603
19561,10604
19562,10605
19563,10605
19564,10605
19565,10606
19565,13062
19565,13345
19566,10607
19566,11406
19567,10607
19567,11406
19567,12500
19568,10608
19569,10608
19570,10608
19571,10609
19572,10610
19572,11965
19573,10610
19574,10611
19575,10612
19576,10612
19577,10613
19578,10614
19579,10614
19579,12430
19580,10614
19581,10614
19582,10614
19583,10615
19584,10615
19585,10615
19586,10615
19587,10616
19588,10616
19589,10617
19589,13615
19590,10617
19590,11236
19591,10618
19591,11644
19592,10619
19592,12344
19593,10620
19594,10621
19595,10621
19596,10622
19596,10772
19596,10849
19596,10867
19596,12365
19596,12512
19596,12905
19596,12960
19597,10622
19597,12431
19598,10622
19598,10772
19598,11848
19599,10622
19599,10772
19600,10624
19601,10625
19602,10625
19603,10625
19604,10625
19605,10626
19605,12131
19606,10626
19607,10626
19608,10626
19609,10626
19610,10627
19611,10627
19612,10628
19613,10628
19613,11403
19614,10628
19615,10628
19616,10630
19617,10630
19618,10630
19619,10630
19620,10630
19621,10631
19622,10631
19622,11451
19623,10631
19624,10631
19625,10631
19626,10632
19626,11708
19626,12002
19627,10632
19628,10633
19629,10633
19629,10693
19629,10695
19629,12334
19629,12345
19629,12648
19630,10633
19630,10693
19630,12648
19631,10633
19632,10634
19632,11362
19633,10635
19634,10635
19635,10635
19636,10635
19636,13467
19637,10635
19637,13467
19638,10636
19639,10636
19640,10637
19641,10638
19642,10639
19643,10640
19644,10640
19645,10641
19646,10643
19647,10644
19647,11822
19648,10645
19648,11881
19648,12880
19649,10646
19650,10647
19650,11966
19651,10647
19652,10647
19653,10648
19653,11700
19654,10648
19654,11700
19655,10648
19656,10649
19656,12055
19657,10649
19657,12055
19658,10651
19658,12069
19659,10652
19660,10652
19661,10653
19662,10653
19663,10653
19664,10653
19665,10655
19666,10655
19666,12231
19667,10655
19668,10655
19668,12231
19669,10657
19670,10657
19671,10657
19672,10657
19673,10657
19674,10658
19675,10658
19675,11104
19676,10659
19676,10734
19676,11963
19676,12372
19676,12522
19676,13533
19677,10661
19678,10661
19679,10661
19680,10662
19681,10662
19682,10662
19683,10662
19684,10663
19685,10664
19686,10664
19686,12564
19686,12735
19687,10665
19688,10665
19689,10665
19690,10666
19690,12763
19690,12776
19691,10667
19692,10667
19693,10667
19694,10667
19695,10668
19696,10668
19696,11788
19697,10668
19698,10668
19698,11788
19699,10668
19699,11788
19700,10669
19700,10736
19701,10670
19702,10670
19703,10670
19704,10670
19705,10672
19706,10672
19707,10672
19708,10673
19709,10673
19710,10673
19711,10674
19712,10674
19713,10674
19714,10674
19715,10674
19716,10675
19717,10675
19718,10676
19718,12083
19719,10676
19720,10676
19721,10677
19722,10677
19723,10677
19724,10677
19725,10677
19726,10678
19727,10678
19727,12088
19728,10679
19728,11202
19729,10679
19729,11202
19730,10679
19730,11202
19731,10679
19732,10679
19733,10681
19734,10681
19735,10681
19736,10681
19737,10682
19738,10682
19739,10683
19740,10683
19741,10683
19742,10683
19743,10683
19744,10684
19745,10684
19746,10685
19747,10685
19748,10685
19749,10688
19749,12633
19750,10688
19751,10688
19751,11416
19751,12633
19752,10688
19752,11416
19752,12633
19753,10688
19754,10689
19755,10689
19756,10691
19757,10692
19758,10692
19759,10694
19759,10841
19760,10694
19760,10841
19761,10694
19762,10694
19763,10696
19763,12033
19764,10696
19765,10697
19766,10697
19767,10700
19768,10700
19769,10700
19770,10701
19771,10702
19772,10703
19773,10703
19773,12780
19774,10703
19775,10704
19775,12024
19776,10704
19777,10704
19778,10705
19779,10705
19780,10705
19781,10705
19782,10705
19783,10706
19784,10706
19785,10706
19786,10707
19787,10709
19788,10710
19789,10711
19790,10711
19791,10711
19791,12559
19792,10711
19793,10712
19793,11673
19794,10713
19795,10714
19796,10714
19797,10715
19798,10715
19799,10715
19800,10717
19801,10718
19802,10718
19802,10722
19802,11014
19802,11991
19803,10719
19804,10719
19805,10719
19806,10721
19807,10722
19808,10723
19809,10723
19810,10723
19811,10723
19811,13493
19812,10725
19813,10726
19814,10726
19815,10728
19816,10728
19817,10728
19818,10728
19819,10728
19820,10730
19821,10731
19822,10731
19823,10731
19824,10732
19825,10734
19825,11963
19825,12522
19826,10736
19827,10737
19828,10738
19829,10738
19830,10740
19831,10740
19832,10741
19832,11246
19833,10741
19833,11246
19834,10742
19834,13422
19835,10743
19836,10745
19836,10917
19836,13556
19836,13562
19837,10745
19837,10917
19837,13556
19837,13562
19838,10745
19838,11693
19838,12720
19839,10746
19840,10746
19841,10746
19842,10746
19843,10747
19843,11967
19843,12671
19844,10747
19845,10747
19845,12671
19846,10747
19847,10747
19847,11967
19847,12671
19848,10749
19849,10749
19849,11372
19849,12025
19850,10749
19851,10749
19851,11239
19851,11720
19851,13357
19852,10749
19853,10749
19854,10751
19855,10751
19856,10754
19857,10754
19858,10755
19859,10758
19859,12496
19860,10760
19861,10760
19861,11614
19862,10760
19863,10760
19864,10762
19865,10763
19865,12070
19866,10763
19866,12070
19867,10763
19868,10763
19868,12070
19869,10763
19870,10764
19871,10767
19871,10788
19872,10769
19873,10771
19874,10772
19874,11242
19875,10773
19876,10774
19876,10978
19877,10774
19878,10774
19878,10978
19879,10775
19879,13486
19880,10775
19880,13486
19881,10777
19881,10788
19882,10778
19883,10779
19883,11871
19883,12497
19884,10780
19884,11775
19885,10780
19886,10781
19887,10781
19888,10781
19889,10781
19890,10781
19891,10782
19892,10782
19893,10782
19894,10782
19895,10782
19896,10782
19897,10783
19898,10785
19899,10786
19900,10786
19901,10786
19902,10790
19903,10790
19904,10790
19905,10790
19906,10791
19907,10792
19908,10794
19909,10794
19910,10794
19911,10794
19912,10794
19913,10794
19914,10794
19915,10794
19916,10794
19917,10795
19917,11630
19918,10796
19919,10796
19920,10797
19920,12575
19921,10797
19922,10797
19922,12575
19923,10798
19924,10799
19925,10800
19925,12978
19925,13389
19926,10801
19927,10801
19928,10801
19929,10802
19929,11144
19929,11853
19929,12011
19929,12228
19930,10802
19931,10803
19932,10803
19933,10804
19934,10804
19935,10804
19936,10806
19936,12962
19936,12973
19937,10806
19938,10806
19938,12962
19938,12973
19939,10807
19940,10807
19941,10807
19942,10807
19943,10808
19944,10808
19945,10809
19945,12129
19946,10810
19947,10810
19948,10810
19949,10811
19950,10811
19951,10811
19952,10811
19953,10811
19954,10812
19954,10958
19954,11880
19954,11884
19954,12731
19954,12921
19955,10812
19955,10958
19955,12731
19956,10812
19957,10812
19957,12731
19958,10812
19958,10958
19959,10813
19960,10814
19961,10815
19962,10815
19963,10815
19963,13023
19964,10816
19965,10816
19966,10816
19967,10817
19968,10817
19969,10818
19970,10819
19970,12274
19970,12389
19970,12662
19970,13003
19971,10820
19971,10826
19972,10821
19973,10821
19974,10821
19975,10822
19976,10823
19977,10823
19978,10823
19979,10823
19980,10824
19981,10824
19982,10825
19983,10825
19983,13111
19984,10825
19985,10825
19985,11386
19985,12117
19986,10827
19986,11555
19987,10827
19988,10827
19988,11555
19988,11731
19989,10827
19990,10828
19991,10829
19991,12376
19992,10830
19993,10830
19993,13226
19994,10831
19995,10832
19996,10832
19997,10832
19998,10832
19999,10835
20000,10835
20001,10837
20002,10837
20003,10837
20003,12717
20004,10837
20005,10837
20006,10838
20006,11776
20007,10838
20007,11776
20008,10839
20009,10840
20009,13064
20010,10840
20010,13064
20011,10841
20012,10842
20013,10842
20014,10843
20015,10843
20016,10844
20017,10844
20018,10846
20019,10847
20020,10847
20021,10848
20022,10849
20022,13462
20023,10850
20024,10850
20025,10851
20026,10852
20026,12718
20027,10853
20028,10853
20029,10854
20030,10855
20030,11394
20030,12846
20031,10855
20032,10856
20033,10856
20034,10856
20035,10856
20036,10856
20037,10859
20038,10859
20039,10860
20040,10860
20040,12055
20041,10861
20042,10861
20043,10861
20043,11338
20044,10862
20045,10862
20046,10863
20047,10863
20048,10863
20049,10864
20050,10864
20051,10864
20052,10865
20053,10865
20053,11192
20054,10866
20055,10866
20056,10867
20056,13061
20057,10868
20058,10868
20059,10868
20060,10868
20061,10869
20061,12849
20062,10870
20062,11193
20062,12020
20062,13409
20063,10870
20063,13409
20064,10870
20064,11193
20065,10871
20066,10871
20067,10872
20068,10872
20068,11880
20068,12093
20068,12785
20068,12945
20069,10872
20070,10873
20070,12911
20071,10873
20071,12911
20072,10873
20073,10873
20073,12911
20074,10873
20074,12911
20075,10875
20075,12469
20076,10875
20076,12469
20077,10875
20077,11790
20077,12469
20078,10875
20079,10875
20079,12469
20080,10877
20081,10878
20082,10878
20083,10879
20084,10879
20085,10880
20086,10881
20087,10881
20088,10881
20089,10881
20090,10882
20091,10883
20091,11032
20091,12803
20092,10885
20093,10885
20094,10885
20095,10886
20096,10886
20097,10886
20098,10886
20099,10887
20099,12709
20100,10887
20101,10887
20101,12709
20102,10888
20103,10888
20104,10888
20105,10888
20106,10889
20107,10889
20108,10890
20109,10890
20110,10890
20111,10891
20112,10892
20113,10892
20114,10892
20115,10893
20116,10893
20117,10893
20118,10893
20119,10893
20120,10894
20121,10895
20121,12767
20122,10895
20122,11124
20122,12535
20123,10895
20124,10896
20125,10896
20126,10896
20127,10896
20127,11083
20128,10897
20129,10898
20129,11273
20130,10898
20130,11273
20131,10898
20132,10898
20133,10898
20133,11273
20134,10899
20135,10900
20136,10900
20137,10900
20138,10901
20139,10902
20140,10902
20141,10903
20142,10903
20143,10904
20144,10905
20145,10906
20146,10908
20147,10910
20147,11795
20148,10911
20148,11001
20148,11304
20148,12781
20149,10911
20150,10911
20151,10911
20152,10911
20153,10911
20154,10912
20155,10913
20155,13357
20155,13525
20155,13555
20156,10913
20157,10913
20157,13385
20158,10914
20159,10914
20159,12829
20160,10915
20161,10916
20162,10918
20163,10920
20163,11277
20163,12817
20164,10920
20164,11277
20164,12817
20165,10921
20165,11994
20166,10921
20166,11994
20167,10922
20168,10922
20169,10922
20170,10922
20171,10922
20172,10922
20173,10923
20174,10923
20175,10923
20176,10924
20177,10925
20178,10925
20178,12669
20179,10926
20180,10926
20181,10927
20182,10927
20183,10928
20184,10929
20185,10929
20186,10929
20186,12872
20186,13212
20186,13258
20187,10930
20188,10931
20189,10931
20189,11100
20189,12082
20189,12739
20189,12795
20189,12835
20189,12988
20189,13123
20189,13160
20190,10931
20191,10932
20191,13566
20192,10932
20192,13566
20193,10933
20194,10933
20195,10934
20196,10934
20197,10935
20197,12912
20198,10935
20199,10935
20200,10936
20201,10937
20202,10938
20203,10938
20204,10940
20205,10940
20206,10941
20207,10941
20208,10941
20209,10942
20210,10944
20210,11023
20211,10945
20212,10945
20213,10945
20214,10945
20215,10946
20216,10947
20217,10947
20218,10948
20218,13535
20219,10948
20220,10948
20220,13535
20221,10948
20222,10950
20223,10952
20224,10952
20225,10952
20226,10954
20227,10954
20228,10954
20229,10954
20230,10955
20230,11073
20230,12164
20230,12910
20230,13367
20231,10955
20231,11073
20231,12733
20232,10955
20232,11073
20232,12910
20233,10958
20234,10959
20235,10959
20236,10959
20237,10959
20237,12220
20238,10960
20239,10961
20239,10988
20240,10961
20240,10988
20241,10961
20242,10961
20242,10988
20243,10961
20244,10962
20245,10963
20246,10963
20247,10965
20247,11648
20248,10966
20249,10966
20250,10966
20251,10966
20252,10967
20253,10968
20254,10968
20255,10970
20256,10970
20256,11055
20257,10971
20258,10971
20259,10971
20260,10971
20261,10971
20262,10973
20263,10974
20264,10974
20265,10975
20266,10975
20267,10976
20268,10976
20268,12415
20268,12713
20268,13365
20269,10976
20269,12813
20269,13171
20270,10976
20271,10977
20272,10977
20273,10979
20274,10979
20275,10979
20276,10980
20277,10980
20278,10981
20279,10981
20280,10981
20281,10981
20282,10982
20282,12475
20283,10983
20284,10984
20284,11345
20284,11960
20285,10984
20285,11345
20285,12884
20286,10984
20287,10984
20287,11960
20288,10985
20289,10986
20289,12948
20290,10986
20290,12948
20291,10987
20292,10988
20293,10988
20294,10988
20295,10988
20296,10988
20297,10988
20298,10990
20298,11521
20298,11814
20298,12784
20298,12889
20298,12938
20299,10991
20300,10991
20301,10991
20302,10991
20303,10991
20303,11044
20304,10991
20305,10991
20306,10992
20307,10992
20308,10992
20309,10992
20310,10992
20311,10992
20312,10992
20313,10993
20313,13334
20314,10994
20315,10994
20316,10994
20317,10996
20318,10996
20319,10996
20320,10996
20321,10996
20322,10996
20323,10996
20324,10996
20325,10997
20326,10998
20327,10998
20328,10998
20329,10999
20330,10999
20331,11000
20332,11002
20333,11002
20334,11002
20335,11002
20336,11004
20336,12687
20337,11004
20338,11005
20339,11005
20340,11005
20341,11006
20342,11007
20343,11008
20344,11008
20345,11009
20346,11009
20347,11011
20348,11011
20349,11012
20350,11012
20351,11013
20352,11014
20353,11014
20354,11016
20355,11016
20356,11016
20357,11016
20358,11017
20358,11084
20359,11017
20360,11017
20360,11869
20361,11019
20362,11020
20363,11021
20364,11021
20365,11022
20366,11022
20367,11024
20368,11024
20369,11025
20369,13098
20370,11025
20370,13098
20371,11026
20372,11027
20372,12999
20373,11027
20374,11030
20374,12941
20375,11031
20376,11033
20377,11034
20378,11034
20379,11034
20380,11034
20381,11036
20382,11036
20383,11036
20384,11036
20385,11037
20386,11037
20386,12629
20387,11038
20388,11038
20389,11039
20390,11039
20391,11040
20391,11275
20391,12755
20392,11040
20392,12755
20393,11041
20394,11041
20395,11041
20396,11042
20397,11042
20398,11042
20399,11042
20400,11042
20401,11042
20402,11042
20403,11042
20404,11043
20405,11044
20406,11044
20407,11044
20408,11044
20409,11044
20410,11044
20411,11045
20412,11045
20413,11045
20414,11045
20415,11045
20416,11046
20416,11072
20416,11231
20416,11309
20416,11421
20416,11961
20416,12757
20416,12792
20416,12919
20416,12943
20416,12971
20417,11046
20417,11072
20417,11231
20417,11309
20417,11421
20417,12757
20417,12919
20417,12943
20417,12971
20418,11047
20419,11047
20420,11047
20421,11048
20422,11048
20423,11049
20424,11049
20424,11123
20424,11424
20424,12692
20424,13383
20425,11051
20425,11394
20425,13071
20425,13112
20426,11052
20427,11053
20428,11053
20429,11053
20430,11054
20431,11054
20432,11054
20433,11057
20434,11058
20435,11058
20436,11058
20437,11058
20438,11059
20439,11059
20440,11060
20441,11060
20442,11060
20443,11061
20444,11061
20445,11061
20446,11061
20447,11061
20448,11061
20448,11722
20448,11869
20448,11877
20448,12093
20448,12309
20448,12735
20448,12787
20449,11062
20449,12101
20450,11064
20451,11064
20452,11064
20453,11067
20453,12047
20454,11067
20455,11067
20456,11067
20457,11067
20458,11067
20459,11068
20460,11069
20460,11129
20461,11070
20461,12988
20462,11071
20463,11071
20464,11071
20465,11074
20466,11074
20467,11075
20468,11076
20468,11131
20469,11077
20470,11078
20471,11078
20472,11081
20473,11082
20474,11083
20475,11084
20475,11392
20476,11084
20476,11392
20477,11085
20478,11086
20479,11087
20480,11087
20481,11088
20482,11089
20483,11089
20484,11089
20485,11090
20486,11090
20487,11091
20487,12745
20488,11091
20489,11091
20490,11091
20490,12745
20491,11092
20492,11092
20493,11092
20494,11093
20494,13005
20494,13236
20495,11094
20495,12790
20496,11095
20497,11096
20498,11096
20499,11096
20500,11096
20501,11097
20502,11097
20503,11097
20503,13508
20504,11098
20505,11099
20506,11101
20507,11102
20508,11102
20509,11102
20510,11104
20511,11105
20512,11105
20513,11106
20514,11106
20515,11107
20516,11107
20517,11107
20518,11108
20519,11109
20520,11109
20521,11110
20522,11110
20523,11110
20524,11111
20525,11111
20526,11112
20526,11761
20526,12477
20526,12920
20527,11113
20528,11113
20529,11113
20530,11114
20530,11299
20530,12877
20531,11115
20531,12927
20532,11115
20533,11116
20533,12888
20534,11116
20535,11117
20536,11117
20537,11118
20538,11118
20539,11118
20540,11118
20541,11118
20542,11118
20543,11118
20544,11119
20545,11119
20546,11119
20547,11120
20548,11120
20549,11120
20550,11120
20551,11121
20551,11577
20552,11121
20553,11123
20553,11424
20553,13383
20554,11123
20554,11424
20554,13383
20555,11124
20556,11125
20557,11125
20558,11125
20559,11125
20560,11125
20561,11126
20562,11126
20563,11126
20564,11127
20564,11130
20565,11128
20566,11129
20567,11129
20568,11131
20569,11135
20569,11414
20570,11135
20571,11135
20571,11414
20572,11135
20573,11135
20574,11136
20575,11136
20576,11136
20577,11138
20578,11138
20579,11139
20580,11139
20581,11140
20582,11141
20582,13152
20583,11142
20584,11142
20585,11143
20586,11144
20587,11144
20588,11147
20589,11147
20590,11147
20591,11147
20592,11148
20593,11148
20594,11148
20595,11148
20596,11149
20597,11149
20597,13060
20598,11149
20599,11149
20600,11149
20601,11150
20602,11150
20603,11150
20604,11150
20605,11151
20606,11151
20607,11151
20608,11152
20608,11866
20609,11153
20609,12023
20610,11154
20611,11154
20612,11154
20613,11154
20614,11154
20615,11154
20616,11154
20617,11155
20618,11155
20619,11156
20620,11156
20621,11156
20622,11156
20623,11156
20624,11157
20625,11157
20626,11157
20627,11158
20628,11159
20629,11160
20630,11160
20631,11161
20631,12833
20631,13173
20632,11161
20632,12679
20632,12833
20632,13044
20632,13173
20633,11161
20633,13173
20634,11161
20634,13173
20635,11161
20635,11520
20635,12833
20635,13173
20636,11163
20637,11163
20638,11164
20639,11165
20640,11165
20641,11165
20642,11167
20642,11746
20643,11167
20643,11746
20644,11167
20645,11167
20645,11746
20646,11168
20647,11168
20648,11168
20649,11169
20650,11169
20651,11170
20652,11170
20653,11170
20654,11170
20654,13705
20655,11171
20656,11171
20657,11171
20657,11190
20658,11171
20659,11172
20659,11512
20659,13532
20660,11172
20661,11172
20661,13532
20662,11172
20663,11172
20663,13532
20664,11173
20665,11174
20666,11174
20667,11174
20668,11174
20669,11175
20670,11176
20671,11176
20672,11176
20673,11178
20674,11178
20675,11178
20676,11179
20677,11179
20678,11179
20679,11180
20680,11180
20681,11180
20682,11180
20683,11180
20684,11180
20685,11180
20686,11181
20687,11181
20688,11181
20689,11181
20690,11182
20691,11182
20692,11182
20693,11182
20694,11182
20695,11183
20696,11183
20696,13072
20697,11183
20698,11184
20699,11184
20700,11185
20700,13269
20701,11186
20702,11186
20703,11187
20704,11187
20704,11190
20705,11187
20706,11188
20707,11188
20708,11188
20709,11188
20710,11189
20711,11190
20712,11191
20713,11191
20714,11193
20714,12020
20715,11193
20716,11194
20717,11194
20718,11195
20719,11196
20720,11196
20721,11198
20722,11198
20723,11198
20724,11198
20725,11198
20726,11198
20727,11199
20728,11199
20729,11199
20730,11200
20730,13063
20731,11200
20731,13063
20732,11200
20732,13063
20733,11200
20733,13063
20734,11201
20735,11201
20736,11201
20737,11201
20738,11202
20739,11202
20740,11202
20741,11202
20742,11202
20743,11203
20744,11204
20745,11204
20746,11204
20747,11205
20747,12654
20747,12887
20748,11205
20749,11208
20750,11208
20751,11208
20752,11208
20753,11208
20754,11209
20755,11209
20756,11210
20757,11210
20758,11210
20759,11211
20759,12224
20760,11211
20761,11212
20762,11213
20763,11213
20764,11214
20765,11214
20766,11214
20767,11214
20768,11214
20769,11214
20770,11214
20771,11214
20772,11214
20773,11214
20774,11215
20775,11215
20776,11216
20777,11216
20778,11216
20779,11216
20780,11217
20780,11429
20781,11218
20782,11218
20783,11219
20784,11219
20785,11220
20786,11222
20787,11222
20788,11222
20789,11223
20790,11223
20791,11224
20792,11225
20792,11831
20793,11226
20794,11226
20795,11228
20796,11229
20797,11229
20798,11230
20798,13543
20799,11231
20800,11234
20801,11234
20802,11234
20803,11235
20804,11236
20804,13439
20805,11236
20806,11237
20807,11237
20808,11237
20809,11237
20810,11238
20811,11238
20812,11238
20813,11239
20813,11885
20813,13357
20814,11240
20815,11240
20816,11241
20817,11241
20817,13170
20818,11241
20818,13170
20819,11244
20820,11244
20821,11245
20821,13489
20822,11247
20823,11247
20823,11342
20823,12697
20824,11247
20824,12697
20825,11248
20826,11250
20827,11250
20828,11252
20829,11252
20830,11252
20831,11253
20832,11254
20833,11254
20834,11254
20835,11254
20836,11259
20837,11259
20837,12074
20838,11259
20838,12074
20839,11259
20839,12074
20840,11261
20841,11261
20842,11262
20842,12085
20843,11263
20844,11263
20845,11263
20846,11265
20846,12946
20847,11265
20848,11265
20849,11266
20849,11271
20850,11267
20850,11623
20850,13400
20851,11267
20851,11623
20851,13400
20852,11267
20852,11623
20852,13400
20853,11267
20853,11623
20853,13400
20854,11267
20854,11623
20854,13400
20855,11268
20855,11274
20856,11270
20856,13226
20857,11273
20858,11275
20859,11276
20859,12864
20860,11276
20860,12864
20861,11276
20862,11278
20862,11946
20862,12015
20863,11279
20864,11279
20865,11280
20865,12770
20865,13071
20865,13121
20866,11281
20867,11283
20867,11896
20868,11283
20869,11283
20870,11283
20871,11284
20872,11284
20872,11423
20872,11707
20872,11778
20872,13477
20873,11285
20874,11285
20875,11285
20876,11286
20877,11286
20878,11286
20879,11286
20880,11287
20880,12684
20881,11287
20881,11423
20881,11707
20882,11287
20883,11288
20884,11289
20885,11289
20886,11289
20887,11290
20888,11290
20889,11290
20890,11290
20890,11294
20891,11291
20892,11291
20893,11291
20894,11292
20895,11292
20896,11293
20897,11293
20898,11294
20899,11296
20900,11296
20901,11297
20902,11297
20903,11297
20904,11298
20904,11853
20905,11298
20905,11853
20906,11298
20906,11853
20907,11300
20908,11300
20909,11301
20910,11302
20911,11302
20912,11303
20913,11305
20914,11305
20915,11305
20916,11306
20917,11306
20918,11307
20919,11307
20920,11307
20921,11310
20922,11310
20923,11310
20924,11310
20925,11310
20926,11311
20927,11311
20928,11312
20929,11313
20930,11313
20931,11313
20932,11313
20933,11314
20934,11314
20935,11314
20936,11314
20937,11314
20938,11314
20939,11314
20940,11315
20940,13105
20941,11316
20941,12061
20942,11316
20942,12017
20942,12061
20942,12532
20942,12626
20942,12807
20942,13424
20942,13496
20943,11316
20943,12061
20943,12807
20943,13424
20943,13496
20944,11316
20944,12061
20944,13424
20945,11317
20946,11317
20947,11319
20948,11320
20949,11320
20949,11999
20950,11320
20951,11320
20952,11322
20952,12530
20953,11322
20953,13399
20954,11323
20954,13021
20955,11323
20955,13021
20956,11323
20956,11694
20957,11324
20957,11827
20958,11326
20959,11326
20960,11327
20961,11327
20962,11328
20963,11328
20964,11328
20965,11328
20966,11329
20967,11330
20967,12084
20968,11330
20969,11331
20970,11333
20971,11333
20972,11333
20973,11334
20974,11334
20975,11334
20975,11624
20976,11336
20977,11337
20978,11338
20979,11340
20980,11340
20981,11341
20982,11342
20982,12564
20982,12698
20983,11342
20984,11343
20985,11343
20986,11343
20987,11343
20988,11343
20989,11344
20990,11344
20991,11344
20992,11344
20993,11344
20994,11344
20995,11345
20996,11346
20997,11346
20998,11349
20999,11350
20999,11832
21000,11351
21001,11351
21002,11351
21003,11351
21004,11351
21005,11352
21006,11352
21007,11352
21007,11832
21008,11353
21009,11355
21010,11355
21011,11356
21012,11360
21013,11360
21014,11361
21015,11361
21016,11361
21017,11361
21018,11361
21019,11362
21020,11363
21021,11363
21022,11364
21023,11364
21024,11366
21025,11367
21026,11369
21027,11369
21028,11370
21029,11370
21030,11370
21030,12025
21031,11372
21032,11373
21033,11373
21034,11374
21035,11375
21036,11376
21037,11377
21038,11377
21039,11378
21039,13087
21040,11378
21040,13087
21041,11379
21042,11379
21043,11379
21044,11379
21045,11380
21046,11380
21047,11380
21048,11381
21049,11381
21050,11381
21051,11382
21052,11382
21053,11383
21054,11383
21055,11385
21056,11385
21057,11385
21057,13507
21058,11386
21059,11388
21059,11885
21060,11388
21060,11885
21061,11388
21061,11885
21062,11388
21063,11389
21064,11390
21065,11390
21066,11390
21067,11391
21068,11392
21069,11394
21069,12770
21069,13092
21070,11395
21071,11395
21072,11396
21073,11397
21074,11397
21075,11397
21076,11397
21077,11401
21077,11806
21078,11402
21079,11402
21080,11402
21081,11403
21082,11403
21083,11403
21084,11403
21085,11404
21086,11404
21087,11405
21088,11405
21089,11405
21090,11407
21091,11407
21092,11407
21093,11407
21094,11408
21095,11409
21096,11409
21097,11409
21097,12697
21097,12984
21098,11410
21099,11410
21100,11411
21100,13456
21101,11411
21101,11907
21101,13139
21102,11412
21103,11413
21104,11413
21105,11413
21106,11413
21107,11414
21108,11415
21109,11416
21110,11416
21111,11416
21112,11416
21112,12633
21113,11417
21114,11417
21115,11418
21116,11419
21116,12726
21116,12850
21116,12947
21117,11419
21118,11420
21119,11420
21120,11424
21121,11424
21122,11425
21123,11425
21124,11425
21125,11425
21126,11427
21127,11428
21128,11429
21128,11856
21129,11429
21130,11430
21131,11430
21132,11430
21133,11430
21134,11430
21135,11431
21136,11431
21137,11432
21138,11432
21139,11432
21140,11432
21141,11433
21142,11433
21143,11435
21144,11435
21145,11436
21146,11436
21147,11436
21148,11437
21149,11438
21150,11438
21151,11438
21152,11440
21153,11440
21154,11442
21155,11442
21156,11442
21157,11443
21158,11443
21159,11443
21160,11444
21161,11444
21162,11444
21163,11445
21164,11445
21164,11492
21165,11445
21166,11445
21166,11492
21167,11446
21168,11447
21169,11447
21170,11447
21171,11447
21172,11448
21173,11448
21174,11448
21175,11449
21176,11449
21177,11451
21178,11452
21179,11452
21180,11452
21181,11453
21182,11454
21183,11454
21184,11454
21185,11455
21186,11456
21187,11458
21188,11459
21189,11459
21190,11459
21191,11460
21192,11460
21193,11460
21194,11460
21195,11460
21196,11462
21197,11462
21198,11462
21199,11463
21200,11463
21200,11652
21201,11464
21202,11464
21203,11464
21204,11465
21205,11465
21206,11465
21207,11466
21208,11466
21209,11467
21210,11467
21210,11497
21211,11467
21212,11467
21213,11467
21213,11491
21213,11497
21214,11467
21214,11491
21215,11469
21216,11469
21216,11643
21216,13157
21217,11472
21218,11472
21218,11562
21219,11473
21220,11473
21221,11473
21222,11473
21223,11473
21224,11473
21225,11474
21226,11474
21227,11475
21228,11475
21229,11477
21230,11477
21231,11477
21232,11478
21233,11478
21233,11652
21233,12229
21234,11478
21234,11558
21234,11652
21235,11478
21235,11652
21236,11478
21236,11558
21236,11631
21236,11652
21236,12175
21236,12229
21236,12340
21236,13242
21237,11479
21238,11479
21239,11479
21240,11480
21241,11480
21242,11480
21243,11480
21244,11481
21245,11482
21246,11482
21247,11483
21247,11573
21248,11483
21248,11573
21249,11484
21250,11484
21251,11484
21252,11484
21253,11484
21254,11484
21255,11485
21256,11486
21257,11486
21258,11487
21259,11488
21260,11489
21261,11490
21262,11490
21263,11491
21264,11491
21265,11491
21266,11491
21266,11497
21267,11492
21268,11495
21268,11794
21269,11495
21270,11496
21270,13369
21271,11499
21271,12137
21272,11500
21273,11500
21274,11500
21275,11501
21276,11502
21277,11502
21278,11502
21279,11502
21280,11502
21281,11504
21282,11504
21283,11504
21284,11505
21285,11506
21286,11506
21287,11506
21287,11830
21288,11507
21289,11507
21290,11507
21291,11508
21292,11508
21293,11508
21294,11508
21295,11508
21296,11508
21297,11508
21298,11509
21299,11509
21300,11509
21301,11510
21301,12433
21301,12441
21302,11510
21303,11511
21303,11588
21303,13311
21304,11511
21305,11511
21306,11511
21306,11588
21306,13311
21307,11511
21308,11512
21309,11512
21310,11513
21311,11513
21312,11514
21313,11514
21314,11514
21315,11514
21316,11515
21317,11515
21317,13135
21317,13156
21317,13510
21318,11516
21318,12555
21319,11516
21319,12555
21320,11517
21321,11518
21322,11518
21323,11519
21324,11519
21325,11519
21326,11520
21327,11521
21327,12938
21328,11521
21329,11522
21330,11522
21331,11522
21332,11523
21333,11523
21334,11523
21335,11524
21336,11524
21337,11525
21337,12549
21338,11526
21339,11526
21340,11527
21341,11527
21342,11528
21343,11528
21344,11528
21345,11528
21346,11529
21347,11529
21348,11529
21349,11529
21350,11530
21351,11531
21352,11531
21353,11531
21353,13237
21354,11532
21355,11532
21356,11532
21357,11533
21358,11533
21359,11535
21360,11535
21361,11535
21362,11535
21363,11536
21364,11536
21365,11537
21366,11537
21367,11537
21367,12156
21367,12405
21368,11538
21369,11538
21370,11538
21371,11538
21372,11538
21373,11539
21374,11539
21375,11540
21376,11540
21377,11541
21378,11541
21379,11541
21380,11543
21381,11543
21382,11543
21382,11637
21383,11544
21384,11544
21385,11544
21386,11544
21387,11545
21388,11545
21389,11545
21390,11545
21391,11547
21392,11547
21393,11548
21394,11549
21395,11550
21396,11551
21397,11551
21398,11551
21398,13516
21399,11552
21400,11552
21401,11552
21402,11552
21403,11553
21404,11553
21405,11553
21406,11553
21407,11553
21408,11553
21409,11553
21410,11553
21411,11554
21412,11554
21412,13432
21413,11554
21414,11554
21415,11554
21416,11558
21417,11558
21418,11558
21419,11558
21420,11558
21421,11559
21422,11559
21423,11559
21424,11560
21425,11560
21426,11560
21427,11561
21428,11562
21429,11563
21430,11563
21430,13426
21431,11564
21432,11564
21433,11564
21434,11564
21435,11565
21436,11565
21437,11566
21438,11566
21439,11566
21440,11567
21441,11567
21442,11567
21443,11569
21444,11569
21445,11570
21446,11570
21447,11570
21448,11571
21449,11575
21449,12098
21450,11576
21450,13323
21451,11576
21452,11576
21453,11576
21454,11577
21455,11577
21456,11577
21457,11577
21458,11578
21459,11578
21459,12119
21460,11578
21460,12119
21461,11579
21462,11579
21463,11580
21464,11580
21465,11580
21466,11581
21467,11581
21468,11581
21469,11581
21470,11583
21471,11583
21472,11583
21473,11583
21474,11583
21475,11583
21476,11584
21477,11584
21478,11585
21479,11585
21480,11585
21481,11586
21482,11586
21483,11586
21484,11586
21485,11587
21486,11587
21487,11587
21488,11587
21489,11588
21490,11588
21491,11588
21492,11589
21493,11589
21494,11590
21495,11590
21496,11590
21497,11590
21498,11590
21499,11591
21500,11591
21501,11592
21502,11592
21503,11593
21504,11594
21505,11595
21506,11595
21507,11596
21508,11596
21509,11596
21510,11596
21511,11596
21512,11596
21513,11597
21514,11597
21515,11597
21516,11599
21517,11599
21518,11599
21519,11599
21520,11599
21521,11599
21522,11600
21523,11601
21524,11601
21525,11601
21525,11632
21525,11753
21526,11601
21527,11601
21528,11601
21529,11603
21530,11604
21531,11605
21532,11605
21533,11606
21534,11606
21535,11607
21535,13431
21536,11608
21537,11608
21538,11608
21539,11609
21540,11609
21541,11609
21542,11610
21543,11610
21544,11611
21545,11611
21546,11611
21547,11612
21548,11612
21549,11612
21550,11613
21550,13291
21551,11613
21552,11614
21553,11615
21554,11615
21555,11615
21556,11617
21557,11618
21558,11619
21559,11620
21560,11622
21561,11625
21562,11625
21563,11625
21564,11627
21565,11627
21566,11627
21567,11628
21568,11629
21569,11629
21570,11629
21571,11631
21572,11631
21573,11632
21574,11632
21575,11632
21576,11632
21577,11632
21578,11633
21578,13330
21579,11634
21580,11634
21581,11634
21582,11634
21583,11634
21584,11634
21585,11635
21586,11636
21586,13514
21587,11637
21588,11638
21589,11638
21590,11638
21591,11639
21592,11639
21593,11641
21594,11641
21595,11641
21596,11641
21597,11642
21598,11642
21599,11643
21600,11643
21601,11645
21602,11646
21603,11647
21604,11647
21605,11647
21606,11648
21607,11649
21608,11649
21609,11649
21610,11650
21611,11650
21612,11650
21613,11650
21614,11651
21615,11651
21616,11651
21617,11651
21618,11652
21619,11652
21620,11653
21621,11653
21622,11653
21623,11653
21624,11654
21625,11655
21626,11655
21627,11655
21628,11655
21629,11656
21630,11657
21631,11657
21632,11657
21633,11657
21634,11658
21635,11659
21636,11659
21637,11659
21638,11660
21639,11661
21640,11661
21641,11661
21642,11662
21643,11662
21644,11662
21645,11662
21646,11662
21647,11662
21648,11662
21648,12302
21649,11665
21650,11666
21651,11666
21652,11666
21653,11669
21654,11669
21655,11670
21656,11670
21657,11670
21658,11670
21659,11670
21660,11670
21661,11672
21662,11672
21663,11672
21664,11672
21665,11672
21666,11672
21667,11672
21668,11672
21669,11672
21670,11672
21671,11672
21672,11672
21673,11672
21674,11672
21674,12689
21675,11672
21676,11672
21677,11672
21678,11672
21679,11672
21680,11672
21681,11672
21682,11672
21683,11672
21684,11672
21685,11672
21686,11672
21687,11672
21688,11672
21688,13643
21689,11672
21690,11672
21691,11674
21692,11674
21693,11675
21694,11675
21695,11675
21696,11676
21697,11676
21698,11678
21699,11678
21700,11679
21700,11825
21701,11679
21701,11825
21702,11679
21703,11680
21704,11682
21705,11682
21706,11683
21707,11683
21708,11684
21709,11684
21710,11685
21711,11685
21712,11685
21713,11686
21714,11687
21715,11687
21715,13188
21716,11687
21716,13188
21717,11688
21718,11688
21719,11689
21720,11689
21721,11689
21722,11690
21723,11690
21724,11690
21725,11691
21726,11691
21727,11692
21728,11692
21729,11693
21729,12720
21730,11693
21730,12720
21731,11693
21732,11694
21732,13021
21733,11694
21734,11695
21735,11695
21736,11696
21737,11696
21737,11733
21738,11697
21739,11697
21740,11697
21741,11697
21742,11697
21743,11697
21744,11698
21745,11698
21746,11699
21747,11699
21747,11740
21747,11775
21747,13392
21748,11699
21749,11700
21750,11700
21751,11701
21752,11701
21753,11702
21754,11702
21755,11703
21756,11704
21757,11704
21758,11704
21759,11704
21760,11704
21761,11705
21762,11706
21763,11707
21763,11778
21764,11707
21765,11707
21766,11707
21767,11708
21768,11709
21769,11709
21770,11710
21771,11711
21772,11712
21772,12055
21773,11714
21773,11773
21774,11714
21774,11773
21775,11715
21776,11715
21777,11715
21778,11715
21779,11716
21779,11782
21780,11716
21781,11717
21782,11717
21783,11718
21784,11718
21785,11718
21786,11719
21786,12600
21787,11719
21788,11719
21789,11719
21790,11720
21791,11721
21792,11721
21793,11721
21794,11721
21795,11721
21796,11721
21797,11722
21798,11722
21799,11722
21800,11723
21801,11724
21802,11725
21803,11725
21803,12309
21804,11726
21805,11727
21805,13373
21806,11727
21807,11728
21808,11728
21809,11729
21810,11729
21811,11729
21811,11734
21811,13659
21812,11731
21813,11732
21814,11732
21815,11732
21816,11733
21817,11734
21818,11734
21819,11734
21819,13659
21820,11734
21821,11735
21822,11735
21822,11758
21823,11735
21824,11736
21825,11737
21826,11738
21827,11738
21828,11739
21829,11739
21830,11740
21831,11741
21831,13435
21832,11741
21832,13435
21833,11741
21834,11741
21835,11741
21836,11741
21836,11761
21836,12920
21836,13435
21837,11742
21838,11742
21839,11742
21840,11742
21841,11742
21842,11742
21843,11743
21844,11743
21845,11744
21846,11744
21847,11744
21848,11745
21849,11746
21850,11746
21851,11747
21852,11747
21853,11747
21854,11747
21855,11747
21856,11748
21857,11748
21858,11748
21859,11748
21860,11748
21861,11749
21862,11749
21863,11750
21864,11750
21865,11751
21865,12990
21866,11752
21867,11752
21868,11752
21869,11753
21870,11753
21871,11754
21872,11754
21872,12589
21873,11754
21874,11756
21875,11756
21876,11757
21877,11757
21878,11757
21879,11757
21880,11758
21881,11758
21882,11758
21883,11759
21884,11759
21885,11759
21886,11760
21886,12796
21887,11761
21888,11761
21889,11762
21890,11762
21891,11762
21892,11763
21893,11764
21894,11764
21895,11764
21896,11765
21897,11765
21898,11765
21899,11765
21900,11765
21901,11766
21901,11796
21901,12677
21902,11766
21902,12494
21902,12677
21902,12786
21902,12979
21903,11767
21904,11767
21905,11767
21906,11768
21906,13122
21906,13409
21907,11768
21908,11769
21909,11769
21910,11770
21911,11770
21912,11770
21912,11800
21913,11771
21914,11771
21915,11774
21916,11774
21917,11775
21918,11777
21919,11777
21920,11777
21921,11779
21922,11779
21923,11779
21924,11780
21925,11780
21926,11781
21927,11781
21928,11781
21929,11783
21930,11784
21931,11785
21932,11785
21933,11785
21934,11785
21935,11785
21936,11786
21937,11786
21938,11787
21939,11787
21940,11787
21941,11787
21942,11788
21943,11788
21944,11788
21945,11789
21946,11789
21947,11790
21948,11790
21948,12469
21949,11790
21950,11790
21951,11791
21952,11792
21953,11793
21954,11793
21955,11794
21956,11795
21956,12838
21957,11797
21958,11797
21959,11797
21960,11797
21961,11797
21962,11797
21963,11798
21963,12801
21963,13092
21963,13112
21964,11799
21965,11801
21966,11801
21967,11801
21968,11801
21969,11802
21970,11803
21971,11803
21972,11803
21973,11803
21974,11803
21975,11804
21976,11804
21977,11804
21978,11808
21979,11808
21980,11808
21981,11808
21982,11809
21983,11811
21984,11812
21984,13213
21985,11812
21986,11812
21986,13213
21987,11812
21988,11812
21988,13213
21989,11813
21990,11814
21991,11814
21991,12784
21992,11815
21993,11815
21994,11816
21995,11816
21996,11817
21997,11818
21998,11820
21999,11821
21999,13568
22000,11821
22000,13113
22001,11824
22002,11824
22003,11825
22004,11826
22005,11826
22005,13165
22006,11826
22006,13165
22007,11827
22008,11827
22009,11828
22010,11829
22011,11829
22012,11829
22013,11829
22014,11830
22015,11830
22016,11830
22017,11831
22018,11832
22019,11833
22020,11834
22021,11835
22021,12982
22022,11835
22023,11835
22024,11835
22025,11836
22026,11836
22027,11836
22028,11836
22029,11837
22030,11838
22031,11838
22032,11839
22033,11839
22034,11841
22035,11841
22036,11841
22037,11843
22038,11845
22039,11846
22040,11846
22041,11847
22042,11847
22043,11848
22044,11848
22044,12431
22045,11850
22046,11851
22047,11852
22048,11852
22049,11854
22050,11854
22051,11854
22052,11855
22053,11857
22053,12951
22053,13414
22053,13485
22054,11857
22054,12951
22055,11857
22056,11857
22057,11858
22058,11860
22059,11862
22060,11862
22061,11862
22062,11863
22063,11863
22064,11865
22065,11865
22066,11865
22067,11866
22068,11866
22069,11867
22070,11867
22071,11867
22072,11867
22073,11867
22074,11867
22075,11867
22076,11868
22077,11868
22078,11869
22079,11869
22080,11870
22081,11870
22081,12428
22082,11871
22083,11872
22084,11873
22085,11873
22085,12813
22085,13171
22086,11874
22087,11874
22088,11875
22089,11875
22090,11876
22091,11876
22092,11876
22093,11876
22094,11876
22095,11876
22096,11876
22097,11876
22098,11876
22099,11877
22100,11877
22100,11984
22100,12700
22101,11878
22102,11879
22103,11879
22104,11879
22105,11880
22105,12945
22106,11880
22107,11880
22107,12945
22108,11881
22109,11881
22109,11886
22109,12719
22109,13385
22110,11882
22111,11883
22112,11883
22113,11883
22114,11883
22115,11884
22116,11884
22116,12323
22116,12660
22117,11884
22118,11884
22119,11884
22120,11884
22120,12660
22121,11884
22122,11884
22122,12323
22123,11886
22124,11887
22125,11887
22126,11887
22127,11887
22128,11887
22129,11887
22130,11887
22131,11887
22132,11887
22133,11887
22134,11887
22135,11887
22136,11888
22137,11888
22138,11888
22139,11888
22140,11888
22141,11889
22142,11889
22143,11891
22144,11893
22145,11894
22146,11894
22147,11894
22148,11894
22149,11895
22150,11895
22151,11895
22152,11895
22153,11895
22154,11895
22155,11895
22156,11895
22157,11895
22158,11896
22159,11897
22160,11897
22161,11897
22162,11897
22163,11897
22164,11897
22165,11897
22166,11898
22167,11898
22168,11898
22168,12572
22169,11898
22170,11898
22171,11898
22172,11898
22173,11899
22174,11900
22175,11900
22176,11900
22176,12411
22177,11901
22178,11902
22179,11902
22180,11903
22180,13560
22181,11903
22181,13560
22182,11903
22183,11904
22184,11904
22185,11905
22186,11905
22187,11905
22188,11907
22189,11908
22190,11908
22191,11908
22192,11908
22193,11909
22194,11909
22195,11909
22196,11910
22197,11910
22198,11911
22198,12361
22199,11913
22200,11913
22201,11913
22202,11913
22203,11913
22204,11913
22205,11913
22206,11913
22207,11914
22208,11914
22209,11915
22210,11916
22211,11916
22212,11916
22213,11916
22214,11916
22215,11916
22216,11917
22217,11917
22218,11918
22219,11918
22220,11918
22221,11918
22222,11918
22223,11919
22223,13403
22224,11919
22224,13403
22225,11919
22226,11919
22226,13403
22227,11920
22228,11920
22229,11921
22230,11921
22231,11921
22232,11921
22233,11924
22234,11925
22235,11925
22236,11925
22237,11925
22238,11925
22239,11925
22240,11925
22241,11925
22242,11925
22243,11925
22244,11925
22245,11925
22246,11926
22247,11926
22248,11926
22249,11927
22250,11927
22251,11928
22252,11928
22253,11928
22254,11928
22255,11928
22256,11929
22257,11931
22258,11932
22259,11932
22260,11932
22261,11932
22262,11933
22263,11934
22264,11936
22265,11936
22266,11936
22267,11936
22268,11936
22268,12226
22269,11938
22270,11938
22271,11938
22272,11938
22273,11939
22274,11939
22275,11939
22276,11939
22277,11939
22278,11939
22279,11940
22280,11940
22281,11940
22282,11941
22283,11941
22284,11941
22285,11941
22286,11941
22286,11996
22287,11942
22288,11942
22289,11943
22290,11944
22291,11944
22292,11944
22293,11944
22294,11944
22295,11945
22296,11945
22297,11945
22298,11945
22299,11946
22299,12389
22300,11946
22300,12207
22300,12389
22301,11947
22302,11947
22303,11947
22304,11947
22305,11948
22306,11948
22307,11948
22308,11948
22309,11948
22310,11948
22311,11948
22312,11948
22313,11948
22314,11948
22315,11948
22316,11948
22317,11948
22318,11949
22319,11951
22320,11951
22321,11952
22322,11952
22322,12558
22323,11952
22323,12558
22324,11952
22324,12558
22325,11952
22326,11952
22326,12558
22327,11952
22327,12558
22328,11954
22329,11956
22330,11956
22331,11956
22332,11956
22333,11956
22334,11956
22335,11957
22335,11982
22335,12930
22336,11958
22337,11958
22338,11958
22339,11959
22340,11959
22340,12546
22341,11960
22341,13441
22342,11961
22343,11961
22343,12048
22344,11962
22345,11962
22346,11964
22347,11964
22348,11964
22349,11965
22350,11966
22351,11966
22352,11966
22353,11966
22354,11967
22355,11967
22356,11967
22356,12671
22357,11967
22358,11968
22359,11968
22360,11969
22361,11970
22362,11971
22363,11971
22364,11971
22364,13271
22365,11971
22366,11972
22367,11972
22368,11972
22369,11974
22370,11974
22371,11974
22372,11974
22373,11974
22374,11975
22375,11975
22376,11977
22376,12820
22377,11977
22378,11977
22379,11977
22380,11977
22381,11977
22382,11977
22383,11978
22384,11978
22385,11979
22386,11979
22387,11979
22388,11979
22389,11979
22390,11980
22391,11980
22392,11981
22393,11982
22393,12327
22394,11982
22394,12930
22395,11983
22396,11983
22397,11983
22398,11983
22399,11985
22400,11985
22401,11985
22401,12925
22402,11985
22403,11985
22404,11985
22405,11986
22406,11986
22407,11987
22408,11987
22409,11987
22410,11988
22411,11988
22412,11989
22413,11991
22414,11992
22415,11992
22416,11992
22417,11992
22418,11992
22419,11993
22419,12369
22420,11993
22421,11993
22421,12369
22422,11993
22423,11993
22423,12103
22423,12369
22424,11994
22425,11995
22426,11996
22427,11997
22428,11998
22429,11998
22430,11999
22431,11999
22432,11999
22433,12000
22434,12001
22435,12002
22436,12004
22437,12004
22437,12683
22438,12005
22439,12005
22440,12006
22441,12006
22442,12007
22443,12007
22444,12007
22445,12007
22446,12008
22447,12008
22447,13570
22448,12009
22449,12010
22450,12012
22451,12012
22452,12012
22453,12012
22454,12012
22455,12012
22456,12012
22457,12012
22458,12012
22459,12013
22459,12992
22459,13009
22460,12014
22460,12086
22460,13391
22460,13399
22461,12014
22462,12014
22463,12014
22464,12014
22464,12086
22465,12016
22466,12016
22467,12016
22468,12016
22469,12016
22470,12016
22471,12016
22472,12017
22473,12017
22474,12018
22475,12018
22476,12018
22477,12018
22478,12018
22479,12019
22480,12019
22481,12019
22482,12021
22483,12021
22484,12021
22485,12021
22486,12021
22487,12021
22488,12022
22488,12172
22489,12024
22490,12025
22491,12026
22492,12026
22493,12026
22494,12027
22495,12027
22496,12028
22497,12028
22498,12030
22499,12030
22500,12030
22501,12031
22502,12031
22503,12031
22504,12031
22505,12031
22506,12031
22507,12031
22508,12031
22509,12032
22510,12032
22511,12034
22512,12034
22513,12035
22514,12036
22515,12037
22516,12037
22517,12038
22518,12038
22519,12039
22520,12039
22521,12041
22522,12041
22523,12041
22524,12042
22525,12043
22526,12043
22527,12043
22528,12044
22529,12044
22530,12045
22531,12045
22532,12045
22533,12045
22534,12046
22535,12047
22536,12047
22537,12047
22538,12047
22539,12048
22540,12048
22541,12048
22542,12048
22543,12049
22544,12049
22545,12049
22546,12049
22547,12050
22548,12050
22549,12050
22550,12051
22551,12051
22552,12051
22553,12051
22554,12051
22555,12051
22556,12051
22557,12052
22558,12052
22559,12052
22560,12054
22561,12055
22562,12055
22563,12055
22564,12055
22565,12057
22566,12057
22567,12058
22568,12058
22569,12058
22570,12058
22571,12059
22572,12059
22573,12059
22574,12059
22575,12059
22576,12059
22577,12059
22578,12059
22579,12060
22580,12060
22581,12061
22582,12061
22583,12062
22584,12062
22585,12062
22586,12062
22587,12062
22588,12063
22588,12630
22589,12063
22590,12063
22590,12630
22591,12064
22592,12064
22593,12064
22594,12065
22595,12066
22596,12066
22597,12066
22598,12066
22599,12066
22600,12067
22600,12659
22600,12827
22600,13154
22601,12067
22601,12659
22602,12067
22602,12659
22603,12067
22604,12067
22605,12067
22606,12068
22606,12984
22607,12068
22607,12984
22608,12068
22608,12984
22609,12069
22610,12069
22611,12069
22612,12069
22613,12070
22614,12070
22615,12071
22616,12071
22616,12871
22617,12071
22618,12071
22619,12071
22620,12072
22620,12227
22621,12072
22622,12073
22623,12074
22624,12074
22625,12075
22626,12075
22627,12075
22628,12076
22629,12077
22630,12077
22631,12078
22632,12078
22633,12079
22634,12080
22634,13510
22635,12081
22636,12081
22637,12081
22638,12081
22639,12081
22640,12081
22641,12081
22642,12082
22643,12083
22644,12084
22645,12084
22646,12085
22647,12086
22648,12086
22649,12087
22650,12087
22650,12116
22651,12087
22652,12089
22653,12089
22654,12090
22655,12090
22656,12090
22657,12090
22658,12091
22659,12091
22660,12091
22661,12091
22662,12092
22663,12092
22664,12093
22664,12735
22665,12093
22666,12093
22667,12093
22667,12735
22668,12093
22669,12093
22670,12094
22671,12094
22672,12094
22673,12094
22674,12095
22675,12096
22676,12096
22677,12096
22678,12096
22679,12096
22680,12096
22681,12096
22682,12096
22683,12097
22684,12097
22685,12097
22686,12097
22687,12097
22688,12099
22689,12099
22690,12099
22691,12099
22692,12100
22693,12100
22694,12101
22695,12102
22696,12102
22697,12102
22698,12103
22699,12103
22700,12103
22701,12103
22702,12103
22703,12103
22704,12104
22705,12106
22706,12106
22707,12106
22708,12107
22709,12107
22710,12107
22711,12107
22712,12108
22713,12109
22714,12110
22715,12112
22716,12113
22716,12466
22717,12113
22718,12114
22719,12115
22720,12115
22721,12115
22722,12115
22723,12115
22724,12116
22725,12117
22726,12117
22727,12117
22728,12118
22729,12119
22730,12120
22731,12121
22732,12121
22733,12121
22734,12121
22735,12122
22736,12123
22737,12123
22738,12123
22739,12124
22740,12125
22741,12125
22742,12125
22743,12125
22744,12126
22745,12126
22746,12126
22747,12127
22748,12127
22749,12127
22750,12128
22751,12128
22752,12128
22753,12129
22754,12130
22755,12130
22756,12131
22757,12131
22758,12131
22759,12131
22760,12132
22761,12134
22762,12135
22763,12135
22764,12135
22765,12136
22766,12137
22767,12137
22768,12137
22769,12137
22770,12138
22770,12254
22771,12138
22772,12138
22773,12139
22774,12139
22775,12140
22776,12140
22777,12144
22778,12145
22779,12146
22780,12146
22781,12147
22782,12148
22783,12148
22784,12148
22785,12148
22786,12149
22787,12149
22788,12150
22789,12151
22790,12152
22790,12435
22790,13062
22791,12152
22792,12152
22793,12154
22794,12155
22795,12155
22796,12155
22797,12155
22798,12157
22799,12157
22800,12157
22801,12157
22802,12157
22803,12157
22804,12157
22805,12157
22806,12157
22807,12157
22808,12158
22809,12158
22810,12159
22811,12159
22812,12160
22812,12290
22813,12160
22814,12161
22815,12162
22816,12163
22817,12163
22818,12165
22819,12165
22820,12165
22821,12167
22822,12168
22823,12168
22824,12169
22824,12211
22824,12452
22825,12169
22826,12169
22827,12169
22828,12169
22829,12169
22829,12211
22830,12169
22831,12169
22832,12169
22832,12452
22833,12170
22834,12170
22835,12171
22836,12172
22837,12173
22838,12173
22839,12173
22840,12174
22841,12174
22842,12174
22843,12175
22844,12176
22845,12176
22846,12177
22847,12180
22848,12180
22849,12181
22850,12182
22850,12217
22851,12182
22851,12217
22852,12185
22853,12185
22853,13065
22854,12185
22854,13065
22855,12186
22856,12186
22857,12186
22858,12188
22859,12188
22860,12189
22861,12189
22862,12189
22863,12190
22864,12190
22865,12190
22865,12365
22866,12191
22867,12191
22868,12192
22869,12192
22870,12192
22871,12192
22872,12193
22873,12193
22874,12193
22875,12194
22876,12194
22877,12194
22878,12195
22879,12197
22879,12470
22879,13553
22880,12197
22881,12198
22882,12198
22883,12198
22884,12198
22885,12198
22886,12199
22887,12199
22888,12200
22889,12200
22890,12201
22891,12201
22892,12202
22893,12202
22894,12202
22894,12336
22895,12202
22895,12336
22896,12202
22896,12336
22897,12202
22897,12336
22898,12203
22899,12205
22900,12206
22901,12206
22902,12206
22903,12208
22904,12208
22905,12210
22906,12210
22907,12210
22908,12211
22909,12211
22910,12211
22911,12211
22912,12211
22913,12212
22914,12212
22915,12215
22916,12215
22917,12215
22917,13549
22918,12215
22919,12217
22920,12218
22921,12218
22922,12218
22923,12218
22924,12219
22925,12221
22926,12221
22927,12221
22928,12224
22929,12224
22930,12224
22931,12225
22931,12557
22932,12231
22933,12231
22934,12231
22935,12231
22936,12231
22937,12231
22938,12232
22939,12234
22940,12235
22940,12258
22940,12418
22941,12235
22941,12258
22941,12418
22942,12237
22943,12237
22944,12237
22945,12238
22946,12238
22947,12238
22948,12238
22949,12240
22949,12387
22949,12547
22950,12240
22950,12387
22951,12241
22952,12241
22953,12241
22954,12241
22955,12242
22956,12242
22957,12242
22958,12245
22959,12245
22960,12247
22961,12248
22962,12248
22963,12249
22964,12249
22965,12249
22966,12249
22967,12250
22968,12250
22969,12250
22969,12556
22970,12251
22970,12454
22971,12252
22972,12252
22973,12252
22974,12252
22975,12252
22976,12252
22977,12253
22978,12254
22979,12256
22979,13196
22979,13317
22980,12256
22981,12256
22981,13317
22982,12256
22982,13196
22983,12257
22984,12258
22985,12258
22986,12258
22987,12258
22988,12259
22989,12260
22990,12260
22991,12260
22992,12261
22993,12261
22994,12261
22995,12263
22996,12265
22997,12265
22998,12266
22998,12359
22999,12268
23000,12269
23001,12269
23002,12270
23003,12270
23004,12270
23005,12270
23006,12271
23007,12271
23008,12271
23008,12674
23009,12272
23009,12409
23010,12275
23011,12275
23011,13692
23012,12276
23013,12277
23014,12277
23015,12277
23016,12277
23017,12277
23018,12277
23019,12277
23020,12278
23020,12635
23021,12278
23022,12279
23023,12279
23024,12280
23025,12282
23026,12282
23027,12282
23028,12282
23029,12283
23030,12283
23031,12283
23032,12284
23033,12284
23034,12284
23035,12285
23036,12286
23037,12287
23038,12288
23039,12288
23040,12289
23041,12290
23042,12291
23042,12483
23042,13577
23043,12291
23043,12483
23044,12291
23045,12291
23046,12291
23047,12293
23048,12293
23049,12293
23050,12294
23051,12295
23051,12670
23052,12296
23053,12296
23054,12300
23055,12302
23056,12303
23057,12303
23058,12303
23059,12303
23060,12303
23061,12304
23062,12305
23063,12305
23064,12305
23065,12305
23066,12306
23067,12306
23068,12307
23068,12480
23069,12309
23070,12310
23071,12310
23072,12310
23073,12310
23074,12310
23075,12310
23076,12310
23077,12310
23078,12310
23079,12311
23080,12312
23081,12312
23082,12312
23083,12313
23084,12313
23085,12314
23086,12314
23087,12315
23088,12315
23089,12316
23089,13515
23090,12319
23091,12319
23092,12320
23092,13703
23093,12321
23094,12321
23095,12321
23096,12321
23097,12321
23097,12972
23098,12321
23099,12322
23100,12322
23101,12322
23102,12322
23103,12322
23104,12323
23105,12323
23106,12326
23107,12327
23108,12327
23109,12327
23110,12327
23111,12328
23112,12329
23113,12330
23113,13300
23114,12330
23115,12331
23116,12331
23117,12331
23118,12332
23119,12332
23120,12335
23121,12335
23122,12335
23123,12335
23124,12335
23125,12335
23126,12335
23127,12335
23128,12335
23129,12335
23130,12336
23131,12336
23132,12337
23132,13500
23133,12337
23134,12337
23135,12338
23136,12339
23137,12339
23138,12340
23139,12341
23139,12603
23139,13547
23140,12341
23140,12603
23140,13547
23140,13661
23141,12341
23142,12341
23142,12572
23143,12342
23144,12342
23145,12342
23146,12344
23147,12346
23148,12347
23149,12347
23150,12348
23151,12348
23152,12348
23153,12349
23154,12349
23155,12349
23156,12351
23157,12352
23158,12352
23159,12353
23160,12355
23161,12355
23162,12355
23163,12356
23164,12360
23165,12360
23166,12363
23167,12363
23168,12363
23169,12363
23170,12363
23171,12363
23172,12364
23173,12364
23174,12365
23175,12365
23176,12365
23177,12366
23178,12366
23179,12366
23180,12366
23181,12366
23182,12367
23183,12367
23184,12367
23185,12367
23186,12367
23187,12367
23188,12368
23189,12368
23190,12368
23191,12368
23192,12370
23193,12373
23194,12375
23195,12377
23195,13019
23196,12377
23196,13019
23197,12378
23198,12378
23199,12379
23200,12380
23201,12380
23202,12380
23203,12381
23204,12381
23205,12381
23206,12382
23207,12383
23208,12383
23209,12383
23210,12384
23211,12384
23212,12385
23213,12385
23214,12385
23215,12386
23216,12386
23217,12386
23218,12386
23219,12386
23220,12387
23221,12388
23222,12388
23223,12388
23224,12388
23225,12390
23226,12391
23227,12391
23228,12392
23229,12392
23230,12392
23231,12392
23232,12394
23233,12396
23234,12396
23235,12396
23236,12396
23237,12396
23237,13289
23238,12396
23238,13289
23238,13292
23239,12397
23240,12398
23241,12398
23242,12399
23243,12399
23244,12400
23245,12400
23246,12404
23247,12404
23248,12404
23249,12404
23250,12404
23251,12404
23252,12407
23253,12407
23254,12408
23255,12408
23256,12408
23257,12408
23258,12410
23259,12410
23260,12410
23261,12410
23262,12410
23263,12410
23264,12410
23265,12410
23266,12410
23267,12410
23268,12410
23269,12411
23270,12412
23271,12413
23272,12413
23273,12413
23274,12414
23275,12414
23276,12415
23277,12416
23278,12416
23279,12416
23280,12417
23281,12418
23282,12419
23283,12421
23284,12422
23285,12422
23286,12422
23287,12422
23288,12422
23289,12422
23290,12423
23291,12423
23292,12425
23293,12426
23293,13350
23294,12426
23295,12427
23296,12427
23297,12427
23298,12428
23299,12429
23300,12429
23301,12429
23302,12430
23303,12430
23304,12431
23304,13462
23305,12432
23306,12432
23307,12432
23308,12434
23308,12625
23309,12434
23310,12434
23311,12435
23312,12435
23313,12437
23314,12437
23315,12437
23316,12437
23317,12439
23318,12439
23319,12439
23320,12440
23321,12442
23321,12458
23322,12442
23322,12458
23323,12442
23323,12458
23324,12442
23325,12442
23326,12444
23327,12444
23328,12444
23329,12444
23330,12444
23331,12445
23331,12711
23332,12445
23333,12446
23334,12446
23335,12446
23336,12449
23337,12450
23338,12450
23338,13509
23339,12451
23340,12452
23341,12452
23342,12452
23343,12452
23344,12452
23345,12453
23346,12456
23347,12456
23348,12456
23349,12456
23350,12456
23351,12456
23352,12457
23353,12457
23354,12458
23355,12458
23356,12458
23357,12460
23358,12460
23359,12460
23360,12461
23361,12461
23362,12461
23363,12461
23364,12461
23365,12462
23366,12463
23367,12464
23368,12464
23369,12464
23370,12465
23371,12468
23372,12468
23372,13696
23373,12470
23374,12471
23375,12471
23376,12474
23377,12474
23378,12474
23379,12474
23380,12478
23381,12478
23382,12479
23383,12481
23384,12481
23385,12482
23386,12484
23386,13004
23387,12484
23388,12484
23389,12485
23390,12485
23391,12485
23391,12612
23392,12485
23393,12485
23394,12485
23395,12485
23396,12485
23397,12487
23398,12488
23399,12488
23400,12488
23401,12488
23402,12489
23403,12490
23403,12715
23403,13084
23404,12491
23405,12491
23406,12493
23407,12494
23407,12677
23408,12494
23409,12494
23410,12495
23411,12498
23412,12499
23413,12504
23414,12504
23415,12504
23416,12504
23417,12506
23418,12508
23419,12508
23420,12509
23421,12509
23422,12510
23422,13371
23423,12510
23423,13371
23424,12513
23425,12515
23426,12516
23427,12517
23428,12517
23429,12518
23430,12519
23431,12520
23431,13359
23432,12521
23433,12521
23434,12521
23435,12523
23436,12525
23437,12525
23438,12527
23439,12528
23440,12529
23441,12529
23442,12529
23443,12530
23444,12530
23444,12575
23445,12531
23446,12531
23447,12531
23448,12532
23449,12537
23450,12538
23451,12538
23452,12538
23453,12539
23454,12540
23455,12543
23456,12544
23457,12547
23458,12550
23459,12553
23460,12554
23461,12555
23462,12555
23463,12556
23464,12556
23465,12557
23466,12558
23467,12559
23468,12559
23469,12560
23470,12560
23471,12560
23472,12560
23473,12560
23474,12561
23475,12561
23476,12561
23477,12562
23478,12562
23479,12563
23480,12563
23481,12564
23482,12565
23483,12565
23484,12565
23485,12567
23486,12567
23487,12567
23488,12567
23489,12567
23490,12568
23491,12568
23492,12568
23493,12568
23494,12569
23495,12569
23496,12569
23497,12571
23497,12795
23497,12810
23498,12571
23499,12572
23500,12572
23501,12572
23502,12572
23503,12572
23504,12572
23505,12572
23506,12573
23507,12573
23508,12574
23509,12574
23510,12575
23511,12575
23512,12576
23513,12576
23514,12576
23515,12576
23516,12577
23517,12578
23518,12578
23519,12579
23520,12579
23521,12579
23522,12579
23523,12579
23524,12579
23525,12579
23526,12579
23527,12579
23528,12579
23529,12579
23530,12579
23531,12579
23532,12579
23533,12580
23533,13036
23534,12580
23535,12581
23536,12582
23537,12582
23538,12582
23538,13147
23539,12582
23539,13147
23540,12582
23540,13147
23541,12582
23542,12582
23543,12584
23544,12584
23545,12585
23546,12586
23547,12586
23548,12586
23549,12586
23550,12589
23550,13398
23551,12589
23552,12589
23552,13398
23553,12590
23553,12615
23554,12591
23555,12592
23556,12592
23557,12592
23558,12592
23559,12593
23560,12593
23561,12595
23562,12595
23563,12595
23564,12596
23565,12596
23566,12596
23567,12596
23568,12597
23569,12597
23570,12598
23571,12598
23572,12598
23573,12599
23574,12599
23575,12599
23576,12600
23577,12600
23578,12600
23579,12601
23580,12601
23581,12601
23582,12602
23583,12602
23584,12603
23584,13547
23585,12603
23586,12604
23587,12604
23588,12605
23589,12605
23590,12605
23591,12606
23592,12606
23593,12606
23594,12607
23595,12607
23596,12607
23597,12608
23598,12608
23599,12608
23600,12609
23601,12609
23602,12609
23603,12609
23604,12610
23605,12610
23606,12610
23607,12611
23608,12611
23609,12612
23610,12613
23611,12613
23611,12619
23612,12613
23613,12614
23614,12615
23615,12616
23616,12616
23617,12616
23618,12617
23619,12618
23620,12618
23621,12618
23622,12618
23623,12618
23624,12618
23625,12618
23626,12619
23627,12619
23628,12620
23629,12621
23630,12622
23631,12623
23632,12624
23633,12625
23634,12625
23635,12625
23636,12626
23636,12807
23637,12626
23637,12807
23638,12626
23638,12807
23638,13424
23638,13496
23639,12626
23639,12807
23639,13496
23640,12627
23641,12628
23642,12628
23643,12629
23644,12629
23645,12630
23646,12630
23647,12630
23648,12632
23649,12632
23650,12633
23651,12633
23652,12634
23653,12635
23654,12636
23655,12636
23656,12636
23657,12638
23657,12823
23657,13205
23657,13231
23658,12638
23658,12823
23658,12997
23658,13526
23659,12639
23660,12639
23661,12639
23662,12640
23663,12640
23664,12641
23665,12641
23666,12642
23666,13519
23666,13524
23667,12643
23668,12645
23669,12645
23670,12645
23671,12646
23671,13422
23672,12647
23673,12649
23674,12649
23675,12649
23676,12651
23677,12651
23678,12652
23679,12652
23680,12653
23681,12654
23682,12655
23683,12657
23684,12657
23685,12658
23686,12658
23687,12658
23688,12658
23689,12658
23690,12659
23691,12659
23692,12659
23693,12659
23694,12659
23695,12660
23696,12660
23697,12660
23698,12660
23699,12660
23700,12660
23701,12661
23702,12664
23703,12665
23704,12666
23705,12666
23705,12800
23705,12957
23706,12666
23707,12666
23708,12667
23709,12667
23710,12667
23710,12758
23711,12668
23712,12668
23713,12668
23714,12668
23715,12670
23716,12670
23717,12671
23718,12671
23719,12672
23720,12672
23721,12672
23722,12672
23723,12673
23724,12673
23725,12673
23726,12674
23727,12674
23728,12675
23729,12675
23730,12675
23731,12676
23732,12676
23733,12676
23734,12677
23734,12979
23735,12677
23735,12979
23736,12677
23737,12678
23738,12678
23739,12678
23739,12934
23740,12679
23741,12679
23742,12680
23743,12681
23744,12681
23745,12681
23746,12682
23747,12682
23748,12682
23749,12682
23750,12682
23751,12682
23752,12682
23753,12683
23754,12683
23754,12816
23755,12684
23755,12711
23755,12736
23755,12913
23755,13010
23755,13430
23756,12685
23757,12685
23758,12685
23759,12685
23760,12685
23761,12686
23762,12686
23763,12686
23764,12686
23765,12688
23766,12689
23766,12854
23767,12689
23767,12854
23768,12689
23769,12690
23770,12690
23771,12690
23772,12690
23773,12692
23774,12692
23775,12692
23776,12692
23777,12692
23778,12693
23778,12732
23779,12693
23779,12732
23779,13343
23780,12694
23780,13397
23781,12694
23782,12694
23783,12694
23784,12695
23785,12695
23786,12695
23787,12696
23788,12696
23789,12696
23790,12697
23791,12697
23792,12698
23793,12698
23794,12698
23795,12699
23796,12699
23797,12699
23798,12700
23799,12701
23800,12701
23801,12702
23802,12702
23803,12702
23804,12703
23805,12703
23806,12704
23806,13403
23807,12704
23808,12704
23808,13403
23809,12704
23809,13403
23810,12705
23811,12706
23812,12706
23813,12707
23814,12707
23815,12708
23815,12857
23816,12708
23817,12709
23818,12709
23819,12709
23820,12710
23821,12710
23822,12710
23823,12710
23824,12711
23824,12913
23825,12712
23826,12712
23827,12712
23828,12713
23829,12714
23830,12716
23831,12717
23832,12717
23833,12717
23834,12717
23835,12717
23836,12717
23837,12719
23838,12719
23839,12719
23840,12720
23841,12721
23842,12721
23843,12722
23844,12723
23845,12723
23846,12724
23847,12724
23848,12724
23849,12724
23850,12725
23851,12725
23852,12725
23853,12725
23854,12726
23854,12947
23855,12726
23856,12726
23857,12727
23858,12728
23859,12729
23860,12729
23861,12730
23862,12731
23863,12731
23864,12731
23865,12732
23866,12733
23867,12734
23868,12734
23869,12735
23870,12736
23871,12737
23872,12737
23873,12738
23874,12739
23875,12742
23876,12742
23877,12743
23878,12743
23879,12743
23880,12743
23881,12744
23882,12744
23883,12744
23884,12745
23885,12745
23886,12746
23887,12746
23888,12747
23889,12747
23890,12747
23891,12747
23892,12748
23893,12748
23894,12748
23895,12748
23896,12749
23897,12749
23898,12749
23899,12749
23900,12750
23901,12750
23902,12750
23903,12751
23904,12751
23905,12751
23906,12752
23907,12753
23908,12753
23909,12753
23910,12753
23911,12753
23912,12753
23913,12754
23914,12756
23914,13491
23915,12756
23916,12757
23917,12758
23918,12758
23919,12758
23920,12758
23921,12758
23922,12759
23923,12759
23924,12760
23925,12760
23926,12760
23927,12760
23928,12760
23929,12760
23930,12761
23931,12761
23932,12761
23933,12762
23934,12762
23935,12764
23936,12764
23937,12764
23938,12764
23939,12765
23940,12765
23941,12765
23942,12765
23943,12765
23944,12765
23945,12766
23946,12766
23947,12767
23948,12767
23949,12768
23950,12768
23951,12768
23952,12769
23953,12769
23953,12848
23954,12769
23955,12769
23956,12769
23957,12771
23958,12772
23959,12772
23960,12772
23961,12772
23962,12773
23963,12774
23964,12774
23965,12774
23966,12775
23967,12775
23968,12775
23969,12776
23970,12778
23971,12778
23972,12778
23973,12779
23974,12779
23975,12779
23976,12779
23977,12779
23978,12780
23979,12780
23980,12783
23981,12784
23982,12784
23982,13393
23983,12785
23984,12785
23985,12785
23985,12921
23986,12786
23986,12979
23987,12787
23988,12787
23989,12787
23990,12787
23991,12788
23992,12788
23993,12789
23994,12790
23995,12790
23996,12791
23997,12791
23998,12791
23999,12791
24000,12791
24001,12791
24002,12791
24002,12903
24003,12791
24004,12793
24005,12793
24006,12793
24007,12794
24008,12794
24009,12794
24010,12794
24011,12794
24012,12795
24013,12797
24013,12826
24013,13015
24014,12797
24014,12826
24014,13015
24014,13024
24015,12797
24015,12826
24015,13015
24016,12797
24016,12826
24016,13015
24017,12798
24018,12799
24018,13573
24019,12800
24020,12802
24021,12803
24022,12804
24023,12804
24024,12804
24025,12805
24026,12805
24026,12836
24027,12806
24028,12806
24029,12806
24030,12807
24031,12807
24032,12808
24033,12808
24034,12808
24035,12810
24036,12811
24037,12811
24038,12811
24039,12812
24040,12812
24041,12812
24041,12987
24042,12813
24043,12813
24043,13171
24044,12813
24045,12813
24046,12814
24047,12814
24048,12814
24049,12814
24050,12815
24051,12815
24052,12816
24053,12816
24054,12818
24055,12819
24056,12819
24057,12819
24058,12819
24059,12820
24060,12820
24061,12820
24062,12820
24063,12821
24064,12821
24065,12822
24066,12823
24067,12823
24068,12824
24069,12824
24070,12825
24071,12825
24072,12825
24073,12827
24074,12827
24075,12827
24075,13154
24076,12827
24077,12828
24078,12828
24079,12829
24080,12830
24081,12830
24082,12831
24083,12831
24084,12832
24085,12832
24086,12832
24087,12834
24088,12835
24088,13123
24089,12836
24090,12837
24091,12837
24092,12839
24093,12839
24094,12839
24095,12840
24096,12840
24097,12841
24098,12842
24099,12842
24100,12842
24101,12844
24102,12844
24103,12844
24104,12844
24105,12844
24106,12845
24107,12846
24108,12847
24109,12848
24110,12848
24111,12849
24112,12850
24113,12851
24114,12851
24115,12853
24116,12853
24117,12853
24118,12853
24119,12853
24120,12853
24121,12853
24122,12853
24123,12855
24124,12855
24125,12855
24126,12855
24127,12855
24128,12856
24129,12858
24130,12858
24131,12858
24132,12858
24133,12858
24134,12860
24135,12860
24136,12861
24137,12861
24138,12861
24139,12862
24140,12862
24141,12862
24142,12862
24143,12862
24144,12862
24145,12862
24146,12862
24147,12863
24148,12863
24149,12865
24150,12865
24151,12866
24152,12867
24153,12867
24154,12867
24155,12867
24156,12868
24157,12868
24158,12868
24159,12869
24160,12869
24160,13000
24161,12870
24162,12870
24163,12871
24163,13132
24164,12872
24165,12872
24166,12872
24167,12872
24168,12873
24169,12873
24170,12873
24171,12873
24172,12873
24173,12873
24174,12873
24175,12874
24176,12875
24177,12875
24178,12875
24179,12875
24180,12875
24181,12875
24182,12875
24183,12875
24184,12875
24185,12875
24186,12875
24187,12875
24188,12876
24189,12876
24190,12876
24191,12877
24192,12878
24193,12878
24194,12880
24195,12881
24196,12881
24197,12882
24198,12882
24199,12882
24200,12883
24201,12883
24202,12883
24203,12883
24204,12884
24205,12884
24206,12884
24207,12885
24208,12886
24209,12886
24210,12887
24211,12888
24212,12888
24213,12889
24214,12889
24214,12928
24215,12890
24216,12890
24217,12890
24218,12890
24219,12891
24220,12891
24221,12891
24222,12892
24223,12892
24224,12892
24225,12892
24226,12893
24227,12894
24228,12894
24229,12896
24230,12896
24231,12896
24232,12896
24233,12897
24234,12898
24235,12898
24236,12898
24237,12898
24237,13464
24238,12899
24239,12899
24240,12900
24241,12900
24242,12901
24243,12902
24244,12902
24245,12902
24246,12903
24247,12903
24248,12903
24249,12904
24250,12904
24251,12904
24252,12905
24253,12905
24254,12905
24255,12905
24256,12905
24256,13094
24257,12905
24258,12906
24259,12906
24260,12906
24261,12906
24262,12906
24263,12907
24264,12907
24265,12908
24266,12909
24267,12909
24268,12909
24269,12910
24270,12910
24271,12912
24272,12913
24273,12913
24274,12914
24275,12914
24276,12915
24277,12916
24278,12916
24279,12916
24280,12917
24281,12918
24282,12918
24283,12918
24284,12920
24285,12920
24286,12920
24287,12920
24288,12920
24289,12920
24290,12920
24291,12920
24291,13435
24292,12921
24293,12921
24294,12921
24295,12921
24296,12922
24297,12922
24298,12923
24299,12924
24300,12924
24301,12924
24302,12924
24303,12924
24304,12925
24305,12925
24306,12926
24307,12926
24308,12927
24309,12928
24310,12928
24311,12928
24312,12929
24313,12929
24314,12929
24315,12929
24316,12931
24317,12931
24317,13001
24318,12933
24319,12935
24320,12935
24321,12935
24322,12935
24323,12935
24324,12935
24325,12935
24326,12936
24327,12936
24328,12936
24329,12937
24330,12938
24331,12939
24332,12940
24333,12940
24334,12940
24335,12940
24336,12941
24337,12941
24338,12942
24339,12942
24340,12942
24341,12944
24342,12945
24343,12945
24344,12945
24345,12946
24346,12949
24347,12949
24348,12949
24349,12950
24350,12950
24351,12951
24352,12952
24353,12953
24354,12954
24355,12955
24356,12955
24357,12955
24358,12956
24359,12956
24360,12956
24361,12957
24362,12958
24363,12958
24364,12958
24365,12958
24366,12959
24367,12959
24368,12960
24369,12960
24370,12960
24371,12962
24371,12973
24372,12963
24373,12964
24374,12964
24375,12964
24376,12964
24377,12964
24378,12964
24379,12964
24380,12965
24381,12965
24382,12966
24383,12966
24384,12966
24385,12966
24386,12967
24387,12967
24388,12967
24389,12967
24390,12967
24391,12967
24392,12967
24393,12967
24394,12968
24395,12969
24396,12969
24397,12970
24398,12970
24398,13103
24399,12972
24399,13259
24400,12972
24401,12972
24401,13259
24402,12975
24403,12975
24404,12975
24405,12975
24406,12976
24407,12976
24408,12976
24408,13518
24409,12977
24410,12977
24411,12977
24412,12977
24413,12979
24414,12980
24415,12980
24416,12981
24417,12981
24418,12981
24419,12981
24420,12981
24421,12982
24422,12982
24423,12983
24424,12983
24425,12983
24426,12983
24427,12985
24428,12985
24429,12985
24430,12985
24431,12986
24432,12987
24433,12987
24434,12988
24435,12989
24436,12989
24437,12989
24438,12989
24439,12990
24440,12991
24441,12991
24442,12991
24443,12991
24444,12991
24445,12991
24446,12992
24446,13009
24447,12993
24448,12993
24449,12994
24450,12994
24451,12994
24452,12994
24453,12994
24454,12994
24455,12994
24456,12994
24457,12995
24458,12996
24459,12997
24460,12997
24461,12997
24462,12998
24462,13537
24463,13002
24464,13002
24465,13003
24466,13003
24467,13004
24468,13004
24469,13005
24469,13236
24470,13005
24470,13236
24471,13006
24472,13006
24473,13006
24474,13006
24475,13006
24476,13007
24477,13007
24478,13008
24479,13010
24480,13011
24481,13011
24482,13011
24483,13011
24484,13011
24485,13011
24486,13011
24487,13012
24488,13014
24489,13014
24490,13014
24491,13016
24491,13040
24492,13016
24492,13040
24493,13017
24494,13018
24495,13019
24496,13020
24497,13021
24498,13022
24499,13022
24500,13022
24501,13023
24502,13023
24503,13025
24504,13025
24505,13025
24506,13025
24507,13026
24508,13027
24509,13028
24510,13029
24511,13029
24512,13030
24513,13030
24514,13031
24515,13031
24516,13031
24517,13031
24518,13032
24519,13032
24520,13032
24521,13032
24522,13032
24523,13033
24524,13034
24525,13034
24526,13034
24527,13034
24528,13034
24529,13035
24530,13035
24531,13037
24532,13037
24533,13039
24534,13039
24535,13040
24536,13042
24537,13042
24538,13043
24539,13045
24540,13045
24541,13046
24542,13047
24543,13047
24544,13047
24545,13048
24546,13048
24547,13048
24548,13048
24549,13049
24550,13049
24551,13050
24552,13050
24553,13050
24554,13051
24555,13052
24556,13053
24557,13053
24558,13054
24559,13055
24560,13055
24561,13055
24562,13056
24563,13056
24564,13056
24565,13056
24566,13056
24567,13057
24568,13057
24569,13057
24570,13057
24571,13057
24572,13057
24573,13057
24574,13057
24575,13058
24576,13058
24577,13058
24578,13059
24579,13059
24579,13201
24580,13059
24580,13201
24581,13060
24582,13061
24583,13061
24584,13062
24585,13062
24586,13065
24587,13066
24588,13066
24588,13117
24589,13066
24589,13117
24590,13066
24591,13067
24592,13067
24593,13068
24594,13069
24594,13497
24594,13506
24595,13069
24595,13497
24596,13069
24597,13070
24598,13070
24599,13070
24600,13070
24601,13072
24602,13073
24603,13074
24603,13358
24604,13075
24605,13075
24606,13076
24607,13076
24608,13077
24609,13077
24610,13078
24611,13078
24612,13079
24613,13080
24614,13080
24615,13081
24616,13081
24617,13082
24618,13082
24619,13082
24620,13083
24621,13083
24622,13083
24623,13085
24624,13085
24625,13085
24626,13085
24627,13087
24628,13088
24629,13088
24630,13088
24631,13088
24632,13088
24633,13088
24634,13089
24635,13090
24636,13090
24637,13090
24638,13090
24639,13090
24640,13091
24641,13092
24642,13094
24642,13474
24643,13094
24644,13094
24645,13094
24646,13095
24647,13095
24648,13096
24649,13097
24650,13097
24651,13098
24652,13099
24653,13099
24654,13099
24655,13100
24656,13100
24657,13101
24658,13102
24659,13102
24660,13102
24660,13520
24661,13103
24662,13103
24662,13346
24663,13104
24664,13104
24665,13105
24666,13105
24667,13105
24668,13105
24669,13106
24670,13106
24671,13106
24672,13106
24673,13107
24674,13107
24675,13107
24676,13107
24677,13108
24678,13108
24679,13108
24680,13109
24681,13109
24682,13109
24683,13109
24684,13109
24685,13110
24686,13111
24687,13112
24688,13113
24689,13113
24690,13114
24691,13114
24692,13114
24693,13115
24694,13116
24695,13116
24696,13117
24697,13117
24697,13164
24698,13118
24699,13118
24700,13118
24701,13119
24702,13119
24703,13120
24704,13120
24705,13120
24706,13120
24707,13121
24708,13121
24709,13121
24710,13121
24711,13122
24711,13409
24712,13125
24713,13125
24714,13125
24715,13126
24715,13151
24715,13168
24716,13126
24716,13168
24717,13127
24718,13127
24719,13127
24720,13127
24721,13127
24721,13305
24722,13128
24722,13478
24722,13546
24723,13128
24723,13478
24723,13546
24724,13128
24724,13478
24724,13546
24725,13128
24725,13478
24725,13546
24726,13129
24727,13129
24728,13130
24729,13131
24730,13132
24731,13133
24732,13134
24733,13134
24734,13134
24735,13135
24735,13156
24736,13135
24737,13136
24738,13137
24739,13137
24740,13137
24741,13138
24742,13138
24743,13139
24744,13139
24745,13140
24746,13140
24746,13416
24747,13141
24748,13141
24749,13141
24750,13141
24751,13141
24752,13142
24753,13142
24754,13142
24755,13142
24756,13142
24757,13142
24758,13143
24759,13143
24760,13143
24761,13143
24762,13144
24763,13145
24764,13145
24765,13146
24766,13146
24767,13146
24768,13147
24769,13147
24770,13147
24771,13147
24772,13148
24773,13148
24774,13148
24775,13148
24776,13149
24777,13149
24778,13149
24779,13150
24780,13150
24781,13150
24782,13150
24783,13151
24784,13152
24785,13154
24786,13154
24787,13154
24788,13155
24788,13374
24788,13484
24789,13155
24790,13155
24790,13484
24791,13155
24791,13484
24792,13156
24793,13157
24794,13157
24795,13157
24796,13158
24797,13158
24798,13158
24799,13158
24800,13158
24801,13158
24802,13159
24803,13159
24804,13159
24805,13159
24806,13160
24807,13161
24808,13161
24809,13161
24810,13162
24811,13163
24812,13163
24813,13163
24814,13163
24815,13164
24816,13164
24817,13164
24818,13164
24819,13165
24820,13165
24821,13165
24822,13166
24823,13166
24824,13167
24825,13168
24826,13169
24827,13169
24828,13170
24829,13171
24830,13171
24831,13172
24832,13172
24833,13175
24834,13175
24835,13176
24836,13176
24837,13177
24838,13178
24839,13178
24840,13178
24841,13178
24842,13178
24843,13178
24844,13179
24844,13255
24845,13179
24845,13191
24846,13179
24847,13179
24847,13191
24847,13255
24848,13180
24849,13180
24850,13180
24851,13180
24852,13181
24853,13182
24854,13182
24855,13182
24856,13182
24857,13182
24858,13183
24859,13183
24860,13183
24861,13183
24862,13184
24863,13184
24864,13185
24865,13185
24866,13186
24867,13186
24868,13187
24869,13187
24869,13483
24870,13188
24871,13189
24872,13190
24873,13190
24874,13190
24875,13190
24876,13192
24877,13192
24878,13192
24879,13192
24880,13192
24881,13192
24882,13192
24883,13192
24884,13192
24885,13192
24886,13192
24887,13192
24888,13193
24889,13193
24890,13193
24891,13193
24892,13194
24893,13195
24894,13195
24895,13195
24896,13196
24897,13197
24898,13197
24899,13198
24900,13198
24901,13199
24902,13199
24903,13199
24904,13200
24904,13304
24905,13200
24906,13200
24907,13200
24908,13200
24909,13201
24910,13202
24911,13202
24911,13321
24912,13202
24913,13202
24914,13202
24915,13203
24916,13203
24917,13204
24918,13204
24919,13204
24920,13205
24921,13206
24922,13206
24923,13206
24924,13207
24925,13207
24926,13207
24927,13207
24928,13207
24929,13207
24930,13207
24931,13207
24932,13207
24933,13208
24934,13208
24935,13208
24936,13209
24937,13210
24938,13210
24939,13211
24940,13211
24941,13211
24942,13212
24943,13212
24944,13213
24945,13214
24945,13324
24946,13214
24946,13324
24947,13215
24948,13215
24949,13216
24950,13217
24951,13217
24952,13217
24953,13218
24954,13218
24954,13278
24955,13219
24956,13219
24957,13219
24958,13219
24959,13220
24960,13220
24961,13221
24962,13221
24963,13221
24964,13221
24965,13222
24966,13223
24966,13316
24967,13223
24967,13316
24968,13223
24968,13316
24969,13223
24970,13223
24971,13224
24972,13225
24973,13225
24974,13225
24975,13225
24976,13226
24977,13227
24978,13227
24979,13227
24980,13227
24981,13227
24982,13227
24983,13227
24984,13228
24985,13228
24986,13228
24987,13228
24988,13228
24989,13228
24990,13228
24991,13229
24992,13229
24993,13229
24994,13229
24995,13230
24996,13230
24997,13232
24998,13232
24999,13232
25000,13232
25001,13232
25002,13232
25003,13233
25004,13233
25005,13233
25006,13234
25007,13234
25008,13234
25009,13234
25009,13256
25010,13234
25010,13256
25011,13234
25011,13256
25012,13235
25013,13235
25014,13235
25015,13236
25016,13237
25017,13237
25018,13238
25019,13238
25020,13238
25021,13240
25022,13240
25023,13240
25024,13240
25025,13240
25026,13241
25027,13241
25028,13241
25029,13241
25030,13241
25031,13242
25032,13242
25033,13243
25034,13243
25035,13244
25036,13244
25037,13244
25038,13245
25039,13245
25040,13245
25041,13245
25042,13245
25043,13245
25044,13247
25045,13247
25046,13247
25047,13247
25048,13247
25049,13247
25050,13248
25051,13249
25052,13249
25052,13269
25053,13250
25054,13251
25055,13251
25056,13251
25057,13252
25058,13252
25059,13252
25060,13252
25061,13252
25062,13252
25063,13253
25064,13253
25065,13254
25066,13254
25067,13254
25068,13256
25069,13256
25070,13257
25071,13258
25072,13258
25073,13258
25074,13259
25075,13260
25076,13260
25077,13261
25078,13261
25079,13261
25080,13261
25081,13261
25082,13262
25083,13262
25084,13263
25085,13263
25086,13265
25087,13265
25088,13265
25089,13266
25090,13266
25091,13266
25092,13266
25093,13267
25094,13267
25095,13268
25096,13268
25097,13270
25098,13270
25099,13271
25100,13271
25101,13271
25102,13271
25103,13273
25104,13274
25105,13274
25106,13274
25107,13274
25108,13275
25109,13275
25110,13276
25111,13276
25112,13277
25113,13277
25114,13277
25115,13278
25116,13279
25117,13279
25118,13279
25119,13280
25120,13280
25121,13280
25122,13280
25123,13280
25124,13281
25125,13282
25126,13283
25127,13283
25128,13283
25129,13284
25130,13284
25131,13284
25132,13284
25133,13285
25134,13285
25135,13285
25136,13286
25137,13286
25138,13289
25139,13289
25140,13290
25141,13290
25142,13291
25143,13292
25144,13292
25145,13293
25146,13293
25147,13293
25148,13293
25149,13293
25150,13294
25151,13295
25152,13296
25153,13296
25154,13297
25155,13297
25156,13298
25157,13298
25158,13299
25159,13299
25160,13299
25161,13300
25162,13300
25163,13301
25164,13302
25165,13303
25166,13303
25167,13303
25167,13305
25168,13303
25169,13303
25170,13304
25171,13304
25172,13304
25172,13329
25173,13305
25174,13305
25175,13305
25176,13305
25177,13305
25178,13306
25179,13306
25180,13306
25181,13306
25182,13306
25183,13307
25184,13307
25185,13307
25186,13308
25187,13309
25188,13309
25189,13309
25190,13309
25191,13309
25192,13310
25193,13310
25193,13331
25194,13310
25194,13331
25195,13310
25196,13310
25196,13331
25197,13311
25198,13311
25199,13311
25200,13312
25201,13312
25202,13312
25203,13312
25204,13313
25205,13313
25206,13314
25207,13314
25208,13314
25209,13315
25210,13315
25211,13315
25212,13316
25213,13316
25214,13316
25215,13316
25216,13317
25217,13317
25218,13317
25219,13317
25220,13318
25221,13318
25222,13319
25223,13319
25224,13319
25225,13319
25226,13319
25227,13320
25228,13320
25229,13320
25230,13320
25231,13321
25232,13321
25233,13322
25234,13322
25235,13322
25236,13322
25236,13329
25237,13322
25238,13323
25239,13324
25240,13325
25241,13325
25242,13325
25243,13325
25244,13325
25245,13326
25246,13326
25247,13326
25248,13326
25249,13326
25250,13328
25251,13328
25252,13328
25253,13329
25254,13329
25255,13331
25256,13331
25257,13331
25258,13332
25259,13333
25260,13333
25261,13333
25262,13333
25263,13334
25264,13334
25265,13334
25266,13335
25267,13335
25268,13335
25269,13335
25270,13337
25271,13337
25272,13338
25273,13338
25274,13339
25275,13340
25276,13340
25277,13342
25278,13342
25279,13342
25280,13342
25281,13344
25282,13346
25283,13346
25284,13346
25285,13346
25286,13347
25287,13348
25288,13348
25289,13348
25290,13348
25291,13349
25292,13350
25293,13350
25294,13351
25295,13351
25296,13351
25297,13353
25298,13355
25299,13356
25300,13357
25301,13357
25301,13385
25302,13360
25303,13360
25304,13360
25305,13360
25306,13361
25307,13361
25308,13361
25309,13361
25310,13362
25311,13363
25312,13363
25313,13363
25314,13363
25315,13364
25316,13364
25317,13364
25318,13364
25319,13365
25320,13366
25321,13366
25322,13366
25323,13367
25324,13371
25325,13372
25326,13374
25327,13374
25328,13375
25329,13375
25330,13376
25331,13377
25332,13378
25333,13378
25334,13378
25335,13379
25336,13380
25337,13381
25338,13381
25339,13381
25340,13381
25341,13382
25342,13384
25343,13384
25344,13384
25345,13385
25346,13385
25347,13387
25348,13387
25349,13389
25350,13391
25351,13391
25352,13392
25353,13392
25354,13392
25355,13392
25356,13392
25357,13392
25358,13392
25359,13392
25360,13394
25361,13394
25362,13395
25363,13395
25364,13395
25365,13395
25366,13395
25367,13396
25368,13396
25368,13513
25369,13398
25370,13399
25370,13572
25371,13400
25372,13401
25372,13529
25373,13401
25373,13529
25374,13401
25375,13402
25376,13402
25377,13402
25378,13405
25379,13405
25380,13405
25381,13405
25382,13406
25383,13406
25384,13407
25385,13407
25386,13408
25387,13408
25387,13487
25388,13409
25389,13409
25390,13410
25391,13410
25392,13411
25393,13411
25394,13411
25394,13529
25395,13412
25396,13412
25397,13413
25398,13413
25399,13414
25399,13485
25400,13414
25401,13415
25402,13415
25403,13415
25404,13416
25405,13416
25406,13416
25407,13417
25408,13418
25409,13418
25410,13418
25411,13419
25412,13419
25413,13419
25414,13420
25415,13420
25416,13421
25417,13421
25418,13423
25419,13423
25420,13423
25421,13423
25422,13423
25423,13423
25424,13424
25425,13424
25426,13424
25427,13424
25428,13425
25429,13425
25430,13425
25431,13426
25432,13426
25433,13427
25434,13427
25434,13448
25435,13428
25436,13428
25437,13428
25438,13428
25439,13429
25440,13429
25441,13429
25442,13429
25443,13430
25444,13430
25445,13430
25446,13431
25447,13431
25447,13481
25448,13432
25449,13432
25450,13432
25451,13432
25452,13433
25453,13433
25454,13433
25455,13434
25456,13434
25457,13434
25458,13434
25459,13434
25460,13434
25461,13434
25462,13435
25463,13435
25464,13435
25465,13435
25466,13436
25467,13436
25468,13437
25469,13437
25470,13438
25471,13438
25472,13439
25473,13440
25474,13440
25475,13440
25476,13441
25477,13441
25478,13442
25479,13442
25480,13442
25481,13443
25482,13443
25483,13444
25484,13444
25485,13444
25486,13445
25487,13445
25488,13446
25489,13446
25490,13446
25491,13446
25492,13447
25493,13447
25494,13447
25495,13447
25496,13448
25497,13449
25498,13450
25499,13450
25500,13450
25501,13450
25502,13451
25503,13452
25504,13453
25505,13453
25506,13454
25507,13454
25508,13455
25509,13455
25510,13455
25511,13457
25512,13457
25513,13458
25514,13458
25515,13458
25516,13458
25517,13458
25518,13458
25519,13459
25520,13460
25521,13460
25522,13461
25523,13462
25524,13462
25525,13462
25526,13463
25527,13463
25528,13463
25529,13464
25530,13464
25531,13464
25532,13464
25533,13464
25534,13464
25535,13465
25536,13465
25537,13466
25538,13466
25539,13467
25540,13467
25541,13467
25542,13468
25543,13468
25544,13468
25545,13468
25546,13468
25547,13468
25548,13468
25549,13469
25550,13469
25551,13469
25552,13469
25553,13471
25554,13471
25554,13694
25555,13471
25556,13475
25557,13475
25558,13475
25559,13475
25560,13476
25561,13476
25562,13477
25563,13477
25564,13479
25565,13479
25566,13480
25567,13480
25568,13481
25569,13482
25570,13486
25571,13487
25572,13487
25573,13488
25574,13488
25575,13488
25576,13489
25577,13490
25578,13490
25578,13539
25579,13491
25580,13493
25581,13493
25582,13493
25583,13494
25584,13494
25585,13495
25586,13495
25587,13495
25588,13496
25589,13496
25590,13496
25591,13496
25592,13497
25593,13499
25594,13499
25595,13500
25596,13500
25597,13501
25598,13501
25599,13501
25600,13502
25601,13502
25602,13503
25603,13503
25604,13503
25605,13503
25606,13503
25607,13503
25608,13504
25609,13504
25610,13504
25611,13504
25612,13504
25613,13505
25614,13507
25615,13508
25616,13508
25617,13510
25618,13510
25619,13511
25620,13511
25621,13512
25622,13512
25623,13513
25624,13514
25625,13514
25626,13515
25627,13515
25628,13515
25629,13516
25630,13516
25631,13516
25632,13518
25633,13518
25634,13519
25635,13519
25636,13519
25637,13520
25638,13520
25639,13521
25640,13521
25641,13521
25642,13521
25643,13522
25644,13522
25645,13523
25646,13523
25647,13523
25648,13523
25649,13524
25650,13525
25651,13526
25652,13526
25653,13527
25654,13527
25655,13527
25656,13527
25657,13528
25658,13528
25659,13528
25660,13528
25661,13529
25662,13529
25663,13530
25664,13530
25665,13531
25666,13531
25667,13531
25668,13531
25669,13531
25670,13532
25671,13532
25672,13532
25673,13532
25674,13533
25675,13534
25676,13534
25677,13535
25678,13536
25679,13536
25680,13537
25681,13538
25682,13539
25683,13539
25684,13540
25685,13541
25686,13541
25687,13541
25688,13541
25689,13541
25690,13545
25691,13547
25692,13548
25693,13548
25694,13548
25695,13549
25696,13549
25697,13549
25698,13551
25699,13552
25700,13553
25701,13554
25702,13555
25703,13556
25704,13556
25705,13557
25706,13557
25707,13557
25708,13557
25709,13558
25710,13558
25711,13558
25712,13559
25713,13559
25714,13560
25715,13563
25716,13563
25717,13563
25718,13563
25719,13564
25720,13564
25721,13564
25722,13564
25723,13565
25724,13567
25725,13567
25726,13567
25727,13567
25728,13567
25729,13567
25730,13568
25731,13568
25732,13569
25733,13569
25734,13569
25735,13570
25736,13570
25737,13571
25738,13572
25739,13572
25740,13572
25741,13572
25742,13573
25743,13573
25744,13574
25745,13574
25746,13574
25747,13575
25748,13575
25749,13576
25750,13576
25751,13576
25752,13576
25753,13577
25754,13578
25755,13578
25756,13580
25756,13663
25757,13582
25758,13582
25759,13583
25760,13583
25761,13584
25762,13584
25763,13585
25764,13585
25765,13585
25766,13586
25767,13586
25768,13586
25769,13587
25769,13717
25770,13587
25771,13588
25772,13588
25773,13588
25774,13588
25775,13588
25776,13589
25777,13589
25778,13589
25779,13589
25780,13590
25781,13590
25782,13592
25783,13593
25784,13593
25785,13594
25786,13594
25787,13594
25788,13594
25789,13595
25790,13596
25791,13596
25792,13596
25793,13596
25794,13596
25795,13597
25796,13597
25797,13597
25798,13597
25799,13599
25800,13599
25801,13599
25802,13599
25803,13599
25804,13599
25805,13600
25806,13600
25807,13601
25808,13601
25809,13601
25810,13601
25811,13601
25812,13602
25813,13602
25814,13602
25815,13603
25816,13603
25817,13604
25818,13604
25819,13604
25820,13605
25821,13606
25822,13607
25823,13607
25824,13607
25825,13607
25826,13608
25827,13608
25828,13609
25829,13609
25830,13610
25831,13610
25832,13610
25833,13610
25834,13611
25835,13611
25836,13611
25837,13612
25838,13613
25839,13613
25840,13613
25841,13614
25842,13615
25843,13616
25844,13616
25845,13617
25846,13617
25847,13618
25848,13621
25849,13621
25850,13622
25851,13623
25852,13623
25853,13625
25854,13625
25855,13625
25856,13627
25857,13627
25858,13628
25859,13630
25860,13630
25861,13630
25862,13631
25863,13633
25863,13635
25864,13633
25865,13634
25866,13634
25867,13636
25868,13637
25869,13637
25870,13637
25871,13639
25872,13640
25873,13641
25874,13642
25875,13642
25876,13642
25877,13645
25878,13646
25879,13647
25880,13647
25881,13648
25882,13649
25883,13649
25884,13649
25885,13650
25886,13650
25887,13650
25888,13650
25889,13650
25890,13650
25891,13651
25892,13653
25892,13678
25893,13653
25893,13678
25894,13653
25894,13678
25895,13653
25895,13678
25896,13653
25896,13678
25897,13653
25897,13678
25898,13653
25898,13678
25899,13653
25899,13678
25900,13653
25900,13678
25901,13653
25901,13678
25902,13653
25902,13678
25903,13653
25903,13678
25904,13653
25904,13678
25905,13653
25905,13678
25906,13656
25907,13657
25908,13657
25909,13657
25910,13658
25911,13658
25912,13658
25913,13658
25913,13717
25914,13659
25915,13659
25916,13661
25917,13661
25918,13661
25919,13661
25920,13661
25921,13661
25922,13662
25923,13662
25924,13663
25925,13663
25926,13663
25927,13664
25928,13665
25929,13667
25930,13667
25931,13667
25932,13667
25933,13667
25934,13667
25935,13668
25936,13668
25937,13669
25938,13671
25939,13671
25940,13671
25941,13671
25942,13671
25943,13671
25944,13672
25945,13673
25946,13673
25947,13677
25948,13677
25949,13679
25950,13679
25951,13681
25952,13681
25953,13681
25954,13681
25955,13681
25956,13682
25957,13683
25958,13684
25959,13684
25960,13684
25961,13684
25962,13684
25963,13684
25964,13686
25965,13686
25966,13687
25967,13687
25968,13688
25969,13689
25970,13689
25971,13690
25972,13690
25973,13690
25974,13691
25975,13691
25976,13692
25977,13692
25978,13692
25979,13694
25980,13694
25981,13697
25982,13697
25983,13698
25984,13698
25985,13698
25986,13700
25987,13701
25988,13701
25989,13701
25990,13706
25991,13707
25992,13708
25993,13708
25994,13709
25995,13711
25996,13711
25997,13712
25998,13712
25999,13712
26000,13713
26001,13713
26002,13715
26003,13715
26004,13715
26005,13716
26006,13716
26007,13716
26008,13716
26009,13717
26010,13717
26011,13718
26012,13718
26013,13718
26014,13718
26015,13719
26016,13720
26017,13721
26018,13721
26019,13721
26020,13723
26021,13725
26022,13727
