0,0
0,192
0,247
0,482
0,8170
1,0
1,140
1,192
1,479
1,1176
1,1286
1,2675
2,3118
3,3118
4,3118
5,4399
6,3118
7,1
7,959
8,2
8,960
9,3
9,401
9,774
9,961
9,1619
9,2654
10,4
10,1213
11,4
11,632
11,1213
11,1272
11,1946
11,3009
11,3414
11,5341
12,5
13,6
14,5
15,5
16,7
16,5160
17,7
17,5160
18,7
19,8
20,9
21,9
22,10
22,11
22,1012
22,6226
23,11
23,7318
24,10
24,284
24,4369
24,6226
25,10
25,11
25,284
25,439
25,636
25,1012
25,1111
25,2764
25,3434
25,4369
25,6226
26,11
26,1012
26,4370
27,12
28,12
29,13
29,95
29,5186
30,14
30,611
30,1227
30,1354
30,1526
30,1585
30,1702
30,1997
30,2151
30,2863
30,4183
30,5715
30,5966
30,6135
30,6641
30,7200
30,7533
30,7645
30,7650
30,8999
30,9348
30,9517
31,163
31,217
31,399
31,419
31,451
31,710
31,899
31,984
31,1183
31,1364
31,1905
31,2254
31,2587
31,2640
31,4167
31,4538
31,4613
31,5132
31,5376
31,5391
31,5665
31,6052
31,6394
31,6796
31,6938
31,7185
31,7365
31,7654
31,7670
31,7939
31,8527
31,9035
32,15
33,15
34,15
35,16
35,6257
35,8242
36,16
36,27
36,191
36,717
37,16
38,16
39,17
40,18
40,192
40,701
40,737
40,1176
40,1286
40,5379
41,18
41,111
41,192
41,701
41,737
41,1176
41,1286
41,2132
41,5379
42,19
43,20
43,2834
44,19
44,3262
45,21
46,21
47,22
48,21
49,21
50,21
51,21
52,23
53,16
53,24
53,191
54,16
54,24
54,191
54,250
54,262
54,3810
54,5157
54,5432
55,24
55,191
56,25
57,25
57,671
58,26
59,26
60,27
60,191
60,717
61,28
61,217
61,710
61,899
61,984
61,7108
62,27
62,191
62,717
63,29
63,1732
64,30
65,31
65,769
65,1459
65,1601
65,1732
65,1733
65,2406
65,2431
65,3602
65,4336
65,4749
65,7962
65,8822
66,32
66,2871
67,32
67,2871
68,33
68,739
69,33
69,456
69,739
69,1610
69,2501
69,4223
69,4238
69,4800
69,5944
70,34
70,62
70,491
70,552
70,591
70,1583
70,2922
70,3118
70,4699
70,6543
71,35
71,1143
71,2256
71,3635
72,34
72,62
72,107
72,457
72,491
72,543
72,552
72,591
72,702
72,931
72,933
72,1181
72,2281
72,4699
72,5864
72,6039
72,6465
72,6595
72,7078
72,8274
72,8616
72,8980
72,9102
73,36
73,376
74,36
74,64
74,376
74,2526
74,3172
74,3290
74,3785
74,5267
74,6521
74,9054
75,37
76,37
76,557
76,1064
76,2291
76,2410
76,3299
77,37
77,1064
77,2291
77,2410
77,2599
77,3299
77,5607
77,6073
77,7520
77,8267
78,38
78,4924
78,8101
79,38
79,4924
80,39
81,39
82,39
83,38
84,38
85,38
86,38
87,39
88,40
89,40
89,2335
90,40
90,2335
91,41
91,1492
92,42
92,372
92,908
92,919
92,1185
92,1494
92,1725
92,1823
92,1857
92,1968
92,2206
92,2557
92,2558
92,3684
92,4563
92,7710
92,8227
92,8558
92,9378
92,9489
93,43
94,41
94,2557
95,41
96,1108
96,4829
99,44
100,45
101,45
102,45
103,46
104,47
105,46
106,48
106,2609
107,48
108,48
109,48
110,49
111,49
112,50
113,51
114,51
114,752
114,1399
115,52
115,4060
116,52
116,4060
117,53
117,1614
118,53
118,740
118,1614
118,4239
119,54
120,55
121,56
122,57
122,1087
123,57
123,1087
123,1695
123,6225
123,8271
123,8784
124,58
124,1116
124,2948
124,3037
125,57
125,1087
125,1290
125,2683
125,5631
125,6225
126,57
126,1087
126,1290
126,2683
126,5120
126,6225
126,8839
126,9403
127,59
128,60
128,1700
129,61
129,848
129,988
129,2784
129,3061
129,4354
129,4891
129,9479
130,61
131,59
132,1087
132,2683
133,974
133,1087
133,1290
134,57
134,1087
134,1290
134,2683
134,5462
134,5631
135,62
135,491
135,552
135,690
135,838
135,6187
135,6201
135,9031
136,63
137,64
137,491
137,552
137,702
137,1871
137,2281
137,2315
137,3651
137,5267
138,12
139,12
140,65
141,65
142,65
143,65
144,65
145,65
146,65
147,66
147,713
148,4
148,66
148,331
148,632
148,713
148,786
148,1053
148,1213
148,1375
148,5967
148,6320
148,6904
149,67
150,67
151,67
152,67
153,68
154,69
154,96
154,97
154,135
154,664
154,2430
154,6941
154,8196
154,8206
155,68
156,68
157,68
157,4560
162,824
162,1041
162,4767
162,6018
163,70
164,70
164,1057
164,1686
164,2269
164,4586
164,5250
164,5289
164,7635
164,8117
164,8406
164,8992
164,9477
164,9500
164,9523
165,70
166,71
167,71
168,72
168,2193
169,72
169,475
169,2193
170,72
171,72
171,2193
172,73
173,74
173,1708
174,75
174,246
174,323
174,1398
174,4850
175,75
175,324
175,3031
175,5655
176,75
176,324
176,5655
177,75
177,3031
177,5655
178,76
179,76
180,709
181,455
181,709
181,1295
181,1809
181,2498
181,3265
186,4
187,77
188,77
189,77
190,77
191,77
192,77
192,2096
192,2239
193,78
193,79
193,1351
193,2528
193,2529
193,5987
194,79
195,79
195,1351
195,2529
195,3362
195,4581
196,80
196,115
196,1044
196,1153
196,1657
196,2108
196,2272
196,2394
196,2530
196,2705
196,3686
196,3790
196,4663
196,7176
196,7894
197,4654
198,3193
198,3270
198,3928
198,4189
198,4654
198,5548
198,8335
199,11
200,11
200,439
200,636
200,718
200,772
200,1012
200,1111
200,1578
200,3434
201,81
202,81
202,1007
203,82
203,102
204,82
204,102
205,83
205,103
205,2368
205,4521
205,5984
205,9579
206,83
206,4521
207,9
208,9
209,9
210,84
210,877
211,84
211,877
212,84
212,877
213,85
214,84
214,877
215,84
215,877
216,86
216,989
216,5116
217,86
217,206
217,989
218,86
218,989
218,1656
218,2818
218,5116
219,86
220,86
220,536
221,14
221,87
221,1245
221,1585
221,1685
221,2536
221,2568
221,3299
221,4194
221,4383
221,5023
221,6044
221,7411
222,88
222,2459
222,7881
223,87
224,62
224,89
224,413
224,491
224,552
224,762
224,1159
224,2567
224,6034
224,6125
224,7537
225,89
225,1159
225,3707
226,89
226,1159
226,2567
227,89
227,413
227,577
227,760
227,762
227,1159
227,2567
227,2663
227,3707
227,5752
227,8192
228,90
229,90
229,891
230,91
230,579
231,91
232,91
233,91
234,91
235,91
236,91
237,91
238,92
238,96
239,68
239,92
239,96
239,1387
239,6624
240,68
240,92
240,96
240,1387
241,92
242,93
243,93
244,93
245,93
246,94
246,5186
247,94
248,68
248,96
248,664
248,2430
249,98
250,98
251,98
251,5718
252,99
253,99
254,99
255,99
256,99
257,100
258,62
258,543
258,552
258,1181
258,1825
258,4379
258,5355
258,6595
258,6862
258,9058
258,9422
259,62
259,552
259,1799
259,4917
260,62
260,491
260,552
260,644
260,1799
260,3545
260,4917
260,6186
260,6795
261,4
261,1213
261,5355
261,6141
261,9357
262,101
263,102
264,104
264,239
264,2369
265,105
266,105
267,105
267,3316
267,5131
267,5560
268,106
269,107
270,108
271,109
272,109
273,110
274,110
276,111
276,192
276,1036
276,1176
277,111
279,111
280,112
281,113
281,1619
282,112
283,112
284,62
284,552
284,3069
285,62
285,552
285,3934
286,114
287,114
289,1891
289,2034
289,2172
289,4703
291,115
291,1044
291,1657
291,1706
291,2705
291,3277
291,3790
292,115
292,1044
292,2108
293,115
293,1044
293,2108
294,115
295,115
295,1044
295,2108
296,9
297,116
297,117
298,117
299,117
300,83
301,83
301,990
302,83
302,379
303,83
303,102
303,260
303,379
303,4521
303,9579
304,83
305,118
305,2100
305,6646
305,9151
306,118
307,119
308,120
309,121
310,121
310,1118
310,5647
311,121
311,2343
312,121
313,121
314,121
315,122
316,122
316,1122
316,2153
317,123
317,1216
317,2153
317,7693
318,124
319,124
319,167
319,1352
319,2900
320,125
320,501
320,519
320,1125
320,1349
320,1614
320,2423
320,6156
320,7732
321,126
322,127
322,170
322,501
322,2051
322,3849
323,125
323,501
323,519
323,2738
323,9041
324,125
324,355
324,501
324,519
324,608
324,1168
325,128
325,7233
325,9666
326,128
327,128
328,129
329,129
330,130
330,9619
331,131
332,132
332,210
332,455
333,133
334,134
335,132
335,210
335,455
336,68
337,136
337,4693
338,136
339,136
339,1279
339,4693
339,7885
339,9027
340,137
341,137
342,138
343,16
343,138
343,191
343,5399
344,16
344,138
344,940
344,2165
345,138
345,940
345,1954
346,139
347,139
347,3055
348,141
349,142
350,142
351,141
352,141
353,143
353,285
353,5384
354,143
354,784
355,143
355,175
355,285
355,1399
355,1556
355,5043
355,5384
355,5588
355,5768
355,6212
356,144
356,5385
357,145
358,145
359,145
360,145
361,145
362,145
363,146
363,6686
364,146
365,147
366,148
366,498
366,1424
366,3394
367,149
367,263
367,481
367,498
367,507
367,5845
368,150
369,150
370,150
371,150
372,150
373,150
374,4
374,819
374,8488
375,4
375,632
375,820
375,3247
375,9374
376,151
376,2100
377,118
377,151
377,1595
377,2100
377,5440
377,6754
378,118
378,151
378,1595
378,2100
379,152
379,2704
380,102
380,153
380,929
380,1232
380,1877
380,1894
380,2704
380,4429
380,4546
380,4951
380,6154
380,7280
380,7717
380,8201
380,8380
380,8712
380,9505
381,102
381,153
381,1232
381,1877
381,1894
381,2704
381,4429
381,4951
381,6123
381,6154
381,7717
381,8201
382,102
382,153
382,860
382,1232
382,1877
382,2704
382,4951
383,118
384,118
384,1595
385,118
385,1595
385,2152
385,5440
385,6580
386,118
386,1595
386,2152
386,9151
387,154
387,973
387,1330
388,155
389,155
389,1687
389,3150
389,5288
389,5860
389,6490
390,156
390,1111
390,2918
391,11
391,86
391,284
391,439
391,522
391,989
391,1012
391,1111
391,1118
391,1337
391,1651
391,2818
391,2919
391,3032
391,3822
391,5647
391,9548
392,11
392,87
392,156
392,284
392,439
392,718
392,1012
392,1111
392,2907
392,2918
392,3434
392,4369
393,157
394,158
395,159
396,159
396,2195
396,2843
396,4516
397,79
398,160
399,160
400,1480
400,1681
400,2482
400,2809
400,2810
400,7926
401,2482
401,2608
401,2809
401,4744
402,1480
402,2482
403,161
404,161
404,1026
404,2457
404,5625
405,162
406,163
406,731
406,1093
406,1138
406,3292
406,5299
407,1419
407,4947
408,164
408,1611
408,1627
408,2811
408,5238
408,9162
409,165
410,165
411,166
411,5084
412,167
412,1352
412,2705
413,168
413,1722
413,1837
413,2450
413,3304
414,168
414,1837
414,2450
414,3304
415,168
415,2450
415,3304
416,169
416,5526
417,169
417,5527
418,169
418,3587
418,4243
418,4248
418,5527
418,6958
419,171
419,623
419,4106
420,172
420,1175
420,2183
420,7648
421,171
421,623
421,781
421,1047
421,2463
421,2849
421,2853
421,4106
421,5432
421,5433
421,7860
422,145
422,172
422,565
422,2168
422,2827
422,3203
422,4518
422,6912
422,9667
423,173
423,852
423,2960
424,173
424,852
424,1811
424,2365
424,2617
424,2961
424,5001
424,5861
424,6025
424,7629
424,7829
424,8310
424,9385
425,174
425,1915
426,174
426,511
426,1915
426,4358
426,5747
426,7730
427,174
428,175
428,285
428,1399
429,175
429,285
429,1111
429,1399
429,2417
429,3143
430,176
430,4645
430,5727
431,177
431,4688
432,178
432,4309
433,178
434,86
434,989
434,2145
434,4958
434,8146
435,86
435,989
436,86
436,280
436,408
436,989
436,1091
436,1095
436,2145
436,3083
436,4259
436,4298
436,4958
436,5116
436,5595
436,6222
436,8146
437,179
438,179
439,180
439,2474
439,4232
440,181
441,181
441,796
442,182
443,320
443,1916
444,62
444,1711
444,1916
444,6141
445,183
446,183
446,1082
446,1345
446,6113
447,183
447,1082
447,1345
447,6113
448,183
448,6113
449,184
450,184
451,185
452,185
453,186
454,185
454,186
454,187
455,188
455,412
455,468
455,3578
455,4291
455,6329
455,6903
456,189
456,394
456,412
456,469
456,688
457,188
457,468
457,3578
457,4291
457,6170
457,6329
457,6903
458,190
459,190
460,188
460,3578
461,188
461,6903
462,192
463,192
463,481
463,696
463,714
463,1036
463,1176
463,1286
463,1287
463,1843
463,5544
463,6881
463,7372
463,7616
464,26
465,26
466,26
467,193
468,193
468,3821
469,193
470,194
470,2168
471,195
472,196
473,195
474,195
475,197
475,1490
475,6883
475,7789
477,198
477,430
478,199
478,3883
478,4661
479,199
480,62
480,1181
480,8983
481,62
481,200
481,552
481,1362
482,62
482,2524
482,5191
483,62
484,102
484,1232
484,1779
484,4139
484,4993
485,4139
486,102
486,1042
486,1232
486,4139
486,4993
487,1042
487,1232
487,4993
488,201
489,202
490,202
491,202
491,302
491,3133
491,3730
492,202
492,521
492,1651
492,6247
492,6289
493,203
493,6691
494,204
495,205
496,207
496,4695
497,206
498,73
498,86
498,206
498,408
498,522
498,536
498,845
498,989
498,1261
498,1656
498,1945
498,2818
498,3083
498,4003
498,4753
498,4932
498,5018
498,5116
498,5678
498,7786
499,208
499,5626
499,7785
501,1236
501,1571
501,1643
501,2201
501,2580
501,2749
501,4789
501,5626
501,6993
502,209
503,209
504,209
505,209
505,736
506,209
507,16
507,191
507,828
507,890
507,2853
507,2869
507,5432
507,6652
507,7117
508,16
508,191
508,2836
508,6038
508,6058
508,9005
509,62
509,552
509,1072
509,1073
509,1096
509,1181
510,16
510,191
510,2869
510,6058
511,211
511,801
511,5080
511,5701
512,212
512,802
512,5083
512,5702
513,213
514,212
515,214
515,474
515,956
515,4900
515,7255
516,214
516,956
516,4900
517,214
517,956
517,4900
518,214
518,956
518,4900
519,214
519,956
519,4900
520,214
520,956
520,1434
520,4900
521,214
521,956
521,4900
521,6565
522,5197
523,4627
524,621
524,945
524,1006
524,2085
524,2890
524,5410
524,5893
524,6000
524,6648
524,6788
524,7464
524,7852
524,9240
525,622
526,215
527,215
528,215
529,216
530,216
532,2117
533,217
533,710
533,898
533,899
533,984
533,1270
533,6037
533,8592
533,9389
534,16
535,218
536,219
537,220
538,217
538,1452
538,1560
538,1997
538,2391
538,2718
538,6129
538,6145
538,6209
538,6382
538,6837
538,6846
538,7624
538,7647
539,221
540,221
541,222
542,222
543,222
543,4610
543,6977
544,222
545,223
546,224
547,224
548,224
549,225
550,225
551,225
552,225
553,226
554,227
555,228
556,227
556,6368
557,229
558,230
558,578
559,93
560,231
561,231
561,850
562,232
563,232
564,233
565,234
566,234
566,1162
566,3802
566,9610
567,235
568,236
569,234
569,1160
569,1162
569,1976
569,3000
569,3802
569,4101
569,5171
569,9610
570,237
570,303
571,118
571,238
572,11
572,173
572,1028
572,1111
572,6432
573,11
573,173
573,1111
573,4369
574,11
574,284
574,6622
575,62
575,440
575,491
575,552
575,931
575,1079
575,1317
575,1356
575,2643
575,3803
575,3804
575,6024
575,6086
575,6699
575,8019
575,8988
576,552
576,1561
576,1799
576,2523
576,2562
576,2586
576,4301
577,2859
577,4100
578,787
578,978
578,1537
578,1755
578,2670
578,5461
578,6439
578,7590
579,239
580,239
581,239
582,240
583,240
584,240
585,241
586,241
586,567
587,241
588,16
588,191
589,16
589,191
590,16
590,191
590,3452
590,5813
591,242
592,242
593,242
593,1279
593,6036
594,102
595,243
596,244
597,145
597,6943
598,145
598,4275
598,8182
598,8214
599,245
600,246
600,508
600,1014
600,3466
601,246
601,4719
602,246
602,1233
602,3466
602,4719
602,7749
603,246
603,3466
603,4719
604,5512
604,6292
605,891
606,3286
606,5512
607,247
607,4264
608,247
608,341
608,482
608,1055
608,6966
609,247
610,6
611,6
612,6
612,286
612,1998
612,8522
613,5240
614,491
614,691
614,2586
614,2839
614,2892
614,4647
614,6789
615,105
616,105
617,105
618,248
619,248
620,191
620,249
621,250
622,251
623,249
623,6314
623,7295
624,251
627,1788
627,2043
627,2089
627,2493
627,2520
627,3573
627,4125
627,6141
627,9357
631,252
631,491
631,1922
631,1971
631,2292
632,728
632,1882
633,14
633,375
633,1237
633,1354
633,1402
633,1507
633,1531
633,1570
633,1585
633,1873
633,1997
633,2928
633,3289
633,3469
633,3532
633,3949
633,4365
633,4470
633,4512
633,9631
634,633
634,1354
634,1627
634,3205
634,3289
634,3888
634,5667
634,6575
634,7998
635,610
635,1326
636,253
636,575
637,253
637,575
638,254
639,254
640,255
641,109
641,162
641,255
641,278
641,366
641,4401
641,6251
641,6306
642,255
642,278
642,366
644,217
644,710
644,984
645,256
646,256
647,257
648,258
649,242
650,242
650,1279
650,6036
651,259
652,81
652,217
652,710
652,1072
653,102
654,102
655,83
655,102
655,175
655,1830
655,5042
656,191
656,261
657,261
658,263
658,498
659,263
659,1424
660,264
661,264
662,264
662,779
663,264
663,779
664,904
668,1900
668,3217
669,903
669,1899
669,3217
670,265
670,6231
671,265
672,265
672,2387
672,4764
672,5428
672,6231
673,266
673,268
673,1068
673,1540
673,3186
673,5627
673,5891
673,7607
674,164
674,400
674,1049
675,219
675,267
675,343
675,610
675,711
675,725
675,6605
675,8803
676,268
676,1068
676,1284
676,7739
676,9305
677,3
678,269
678,1619
679,270
679,3097
679,4259
680,86
680,242
680,518
680,1279
680,1651
680,1887
680,2145
680,4259
680,4298
680,6223
681,73
681,86
681,404
681,530
681,920
681,989
681,1092
681,1186
681,1261
681,1551
681,1888
681,1945
681,2145
681,2963
681,3097
681,4259
681,4270
681,4298
681,4958
681,6515
681,9446
682,271
683,271
683,1058
684,272
685,273
686,272
687,167
687,274
688,167
688,234
688,274
688,742
688,922
688,1162
688,1352
688,1975
688,1976
688,3317
688,4101
688,5457
689,275
690,275
690,4734
691,275
691,7025
692,62
692,552
692,1916
693,62
693,1916
693,8889
694,276
694,552
694,1665
695,62
695,276
695,552
696,277
697,277
697,5121
697,7801
698,277
698,5121
698,7801
699,278
699,366
699,383
700,278
701,278
702,278
702,366
704,2522
704,3156
704,5238
706,279
707,280
708,281
708,845
708,5117
709,280
709,6711
710,282
710,4003
711,283
712,284
712,1111
712,1130
712,1760
712,6092
713,285
713,1399
713,3747
714,286
715,192
716,287
717,288
718,289
719,290
719,3424
720,289
721,289
722,14
722,291
722,2208
723,291
724,292
724,2733
724,4757
724,6186
725,293
726,293
727,293
728,293
729,117
730,117
731,117
732,294
732,2374
733,294
734,295
735,57
735,4394
735,7326
736,296
737,296
738,297
739,296
739,629
740,298
741,298
742,299
742,4332
743,299
744,5259
747,5766
747,7845
749,300
750,300
751,300
752,301
753,302
754,302
754,487
755,302
756,303
757,303
758,303
759,303
760,57
761,57
761,739
761,1087
762,57
762,1087
762,5462
762,5631
762,6225
763,304
764,304
765,304
766,305
767,306
767,9661
768,306
768,3916
768,9661
769,307
770,306
770,1779
771,308
771,973
771,974
771,1893
772,154
772,308
772,973
772,1893
773,308
773,973
774,239
775,309
776,309
777,310
778,310
779,105
779,310
779,741
780,492
780,996
780,1680
780,2342
780,5950
780,9346
781,311
781,1680
781,2342
781,4626
781,6857
782,311
783,175
783,285
783,1399
783,5588
783,5768
783,7627
784,84
785,84
786,312
787,313
788,314
789,314
789,2656
790,314
790,2656
791,314
791,2656
792,67
792,315
792,1279
793,316
794,317
795,317
796,317
797,318
797,571
797,915
797,2212
797,3604
797,4299
798,319
799,320
799,656
799,726
799,1453
799,2102
800,321
801,322
801,2774
801,3830
801,8085
802,25
803,169
803,4248
803,5527
804,325
805,326
806,325
806,1906
806,9065
807,326
808,325
808,1833
808,1906
808,3993
808,9065
809,413
809,762
809,1159
809,2567
810,327
811,327
812,246
812,328
812,2427
812,3176
813,328
813,2427
814,329
815,330
816,329
817,329
818,329
819,331
819,632
819,1053
819,5575
820,331
821,331
822,4
822,331
822,632
822,883
822,1053
822,1213
822,3414
822,5575
823,332
823,432
823,1374
823,6735
823,9253
824,332
824,1374
824,5935
828,333
829,333
830,333
831,333
832,16
833,16
834,334
835,16
835,424
836,335
837,335
838,335
839,336
840,336
841,337
842,338
843,339
844,340
844,5439
845,338
845,5439
846,341
847,341
848,14
848,342
848,1227
848,1329
848,1354
848,1472
848,1585
848,1702
848,1997
848,2084
848,2151
848,2502
848,2698
848,2837
848,2976
848,3077
848,3821
848,4078
848,4470
848,6110
848,6429
848,6880
848,6991
848,7486
848,9540
849,342
849,1329
849,1472
849,1972
849,7469
850,343
850,2255
850,5260
851,344
851,1044
851,2393
851,2705
852,115
852,890
852,1657
852,2108
852,2271
852,2358
852,2998
852,3944
852,5328
852,6618
852,9291
853,345
853,1633
853,8371
854,346
855,345
855,891
855,1633
855,4384
855,4620
855,5586
855,8371
856,347
857,347
857,5545
858,348
858,6241
859,349
860,350
860,2831
860,2844
860,4008
861,348
861,6095
862,351
863,3
863,401
864,3
865,3
865,1619
866,169
866,3587
866,4248
867,124
867,352
868,353
869,124
869,167
870,354
870,5363
871,355
871,501
872,355
872,501
873,355
874,355
874,501
875,356
876,357
877,358
877,1068
877,1125
877,2104
877,6050
877,6061
877,6129
877,6433
877,7126
877,9393
878,359
878,2753
878,5159
878,5433
879,359
879,2753
879,5032
880,360
880,2109
881,361
881,1713
881,2109
881,4553
881,5334
881,6071
882,361
882,6070
883,362
883,1824
884,362
884,1723
884,1824
884,2205
884,2547
884,5559
885,362
885,1726
886,363
886,3754
887,364
888,364
889,364
890,71
891,71
892,71
893,365
893,552
894,366
895,365
895,784
895,1547
895,2428
895,4126
895,6548
895,9532
896,367
897,365
897,812
897,1274
897,1955
897,2427
897,3080
897,4126
897,6182
898,368
898,5646
899,246
899,369
899,4884
900,370
900,5647
901,370
901,5647
902,371
902,5546
903,371
903,1011
903,2366
903,3324
903,5546
903,5622
903,6139
904,371
905,371
905,2366
905,3324
905,4281
905,5546
905,6139
906,372
906,908
906,1725
907,372
907,1725
908,53
909,373
910,373
911,373
912,242
913,242
914,374
915,375
915,1196
915,1237
915,3469
915,3932
915,6472
916,375
917,375
917,1237
917,3469
917,3783
917,3808
917,3932
918,377
919,377
920,378
920,2294
920,2506
920,2684
920,2856
920,3124
920,3497
920,4349
921,378
921,3497
922,378
922,2856
922,3497
922,6594
923,378
923,401
923,1619
923,2842
923,6594
923,6998
923,7721
923,8054
924,379
924,968
924,990
924,1559
925,318
925,915
925,2212
925,2403
926,318
926,2212
927,378
927,380
927,1221
927,1948
927,2778
927,3186
927,4135
927,7606
928,381
928,1221
929,381
929,1950
929,2634
929,3186
929,7606
930,382
930,813
930,997
930,1222
930,1932
930,1948
930,1949
930,2044
930,2088
930,3268
930,5910
930,6164
930,9263
931,378
931,381
931,1221
931,1948
931,2842
931,8192
932,366
933,366
934,384
934,9563
935,366
936,385
937,386
938,387
938,501
939,388
939,3285
939,3597
939,5511
939,6291
940,388
941,388
941,3287
941,3597
941,5513
942,389
943,389
944,390
945,391
945,7784
946,173
946,6829
947,173
947,405
947,1028
947,1398
947,1640
947,2003
947,2565
947,7428
948,392
949,392
949,1534
949,3350
949,5454
949,5931
950,393
950,627
950,667
950,1533
950,4660
950,5933
951,392
951,780
951,3350
952,394
953,394
954,395
955,396
956,396
957,397
958,397
959,217
959,710
959,899
959,984
959,2640
960,14
960,220
960,398
960,936
960,1402
960,1498
960,1560
960,1684
960,1933
960,1997
960,2832
960,3555
960,4657
960,4913
960,9639
961,234
961,1162
961,2593
962,400
962,1595
962,1627
962,2152
962,5238
962,8547
963,401
964,402
965,403
966,403
967,405
968,405
969,405
970,406
971,406
972,406
973,406
974,406
975,407
976,68
977,408
977,8680
978,408
978,989
979,2
980,409
981,409
982,409
983,2
984,409
984,2239
985,410
986,410
987,234
988,234
989,234
990,234
991,234
992,104
993,245
994,14
994,411
994,918
994,2474
994,2605
994,2775
995,411
996,234
996,9610
997,234
997,1162
997,3802
997,9610
998,413
998,1159
999,71
1000,71
1001,71
1002,71
1003,71
1004,214
1004,414
1004,991
1004,5563
1005,214
1005,991
1006,214
1006,991
1006,1418
1006,1434
1006,5068
1006,5562
1007,414
1007,5192
1008,415
1009,415
1010,416
1010,1010
1010,2555
1010,3770
1010,5345
1010,5386
1010,5474
1010,6536
1011,14
1011,1585
1011,2151
1011,3796
1011,4743
1012,375
1012,417
1012,832
1012,1117
1012,1347
1012,1532
1012,2433
1012,2722
1012,3400
1012,4424
1013,416
1014,73
1014,217
1014,418
1014,1261
1014,3083
1014,4753
1014,5678
1015,73
1015,418
1015,1261
1015,3083
1015,4753
1015,5678
1016,303
1016,418
1016,6102
1017,455
1017,1470
1017,1923
1018,420
1019,421
1020,1295
1021,420
1021,2729
1021,3900
1021,9308
1022,422
1023,422
1024,423
1024,4953
1025,4000
1025,4759
1025,4954
1028,333
1029,333
1030,333
1031,16
1031,424
1031,2453
1031,2698
1031,5284
1031,5974
1032,214
1033,173
1033,2565
1033,3877
1033,7427
1034,214
1035,214
1035,2276
1035,5562
1036,86
1037,86
1037,989
1038,86
1039,425
1039,5837
1040,426
1041,247
1042,247
1042,4264
1043,427
1044,428
1044,6095
1045,429
1045,1444
1045,4632
1046,431
1047,331
1047,928
1048,36
1049,36
1049,3172
1050,174
1050,5746
1051,68
1052,68
1053,432
1053,1374
1053,9253
1054,433
1054,2619
1055,433
1055,2619
1056,217
1056,710
1056,899
1056,1183
1056,3765
1057,434
1058,208
1058,435
1058,2721
1058,4888
1058,5175
1058,6184
1058,6239
1058,8678
1059,435
1059,3189
1060,208
1060,435
1060,1408
1060,2515
1060,2721
1060,4888
1060,5175
1060,6184
1060,6239
1060,8678
1060,9387
1061,436
1062,436
1063,436
1064,437
1065,437
1065,3379
1066,438
1067,438
1068,438
1069,11
1069,439
1069,508
1069,1012
1069,1014
1069,1111
1069,3434
1069,7681
1069,9078
1070,11
1070,439
1070,582
1070,1640
1070,2907
1070,4968
1071,163
1071,439
1071,504
1071,1093
1071,1138
1071,1778
1071,2438
1071,2680
1071,3119
1071,3292
1071,7689
1071,8296
1071,8473
1071,8623
1072,62
1073,441
1073,1395
1073,3498
1074,441
1074,1395
1074,3498
1075,89
1075,760
1075,762
1075,5752
1075,8145
1076,89
1077,89
1078,442
1079,443
1080,443
1081,443
1082,444
1082,3481
1083,444
1084,246
1084,5573
1084,6252
1085,241
1085,246
1085,4847
1085,5573
1085,6252
1086,241
1086,246
1086,662
1086,962
1086,1398
1086,1644
1086,3176
1086,4847
1086,4975
1086,6108
1086,6335
1086,9620
1087,241
1087,246
1087,662
1087,962
1087,1644
1087,3176
1087,4847
1087,4975
1087,5573
1087,6108
1087,6252
1087,6335
1087,8563
1087,9620
1088,445
1088,2627
1088,3748
1089,285
1090,173
1090,446
1090,1398
1090,3209
1090,4705
1091,447
1092,447
1093,448
1093,5714
1094,449
1094,682
1094,3828
1094,5528
1094,5977
1095,450
1096,162
1097,162
1098,451
1099,162
1100,452
1101,453
1102,452
1103,454
1104,154
1105,57
1105,1087
1105,1290
1106,455
1107,455
1108,16
1109,16
1110,16
1111,456
1111,4238
1112,456
1113,456
1114,402
1115,102
1115,1894
1115,6154
1115,6963
1115,6983
1115,8240
1116,102
1117,102
1117,1155
1117,1218
1117,1232
1117,1259
1117,1894
1117,4429
1117,6154
1117,7227
1117,7888
1117,7948
1117,8240
1117,9000
1117,9223
1117,9289
1118,457
1118,501
1118,1577
1118,3698
1119,457
1120,457
1120,1577
1120,3865
1121,80
1121,2108
1122,80
1122,1657
1122,2108
1123,80
1123,2108
1124,458
1125,458
1126,234
1127,118
1128,459
1129,460
1130,460
1130,4945
1131,460
1132,461
1133,62
1133,552
1133,1181
1133,1611
1133,1648
1134,62
1134,552
1134,1181
1135,62
1136,164
1136,400
1136,1049
1136,1611
1136,1627
1136,5605
1136,7360
1137,462
1138,462
1139,462
1140,463
1141,464
1141,1967
1142,464
1142,1967
1142,3489
1143,81
1144,402
1144,465
1144,1232
1144,1590
1144,1692
1145,466
1145,1155
1145,1232
1145,1259
1145,1590
1145,1694
1145,4902
1145,5100
1145,8147
1146,466
1146,1232
1146,1590
1147,102
1147,466
1147,1155
1147,1232
1147,1259
1147,1590
1147,2013
1147,5100
1147,7379
1148,467
1149,468
1150,68
1151,68
1152,68
1153,470
1153,4056
1155,470
1156,470
1157,208
1157,5090
1158,208
1159,443
1159,5988
1160,443
1160,6363
1161,443
1162,471
1163,472
1164,473
1165,473
1165,585
1165,862
1165,966
1166,473
1167,473
1168,154
1169,154
1170,16
1170,828
1170,890
1170,1281
1170,1711
1170,3178
1170,4143
1170,6015
1170,6141
1171,16
1172,474
1173,474
1174,102
1174,1232
1174,1590
1174,1694
1174,9395
1174,9445
1175,86
1175,466
1175,989
1175,1591
1175,1693
1175,5595
1175,6222
1176,102
1177,475
1178,476
1179,476
1180,1497
1181,1497
1182,638
1182,828
1182,890
1182,1281
1182,1378
1182,1788
1182,2043
1182,2089
1182,2493
1182,2520
1182,3248
1182,3443
1182,3573
1182,3739
1182,4125
1182,4330
1182,5515
1182,5689
1182,5799
1182,6836
1182,8529
1183,1497
1184,62
1184,552
1184,1643
1185,62
1185,552
1185,1181
1185,1799
1185,6465
1185,7067
1185,7822
1186,234
1186,552
1186,5948
1187,234
1187,5948
1188,234
1188,5948
1188,8016
1189,234
1189,1162
1189,3000
1189,3138
1189,3762
1189,5948
1189,9610
1190,192
1191,192
1192,192
1192,1176
1193,477
1194,478
1195,145
1195,5025
1196,145
1196,2827
1196,4591
1196,6653
1197,145
1197,2827
1197,4591
1197,5025
1197,6653
1198,145
1198,2827
1198,6653
1199,480
1199,4514
1200,481
1200,1470
1200,4628
1201,482
1202,353
1202,563
1203,483
1204,484
1205,484
1206,79
1207,79
1208,79
1208,2529
1209,234
1210,234
1211,234
1212,373
1213,163
1213,1093
1214,485
1215,486
1216,255
1216,366
1216,711
1217,278
1217,366
1218,255
1218,366
1219,487
1220,487
1221,487
1222,487
1223,487
1224,488
1224,1016
1225,488
1225,668
1225,976
1225,1016
1226,488
1227,57
1227,1087
1228,489
1228,6266
1229,489
1229,6266
1230,490
1231,490
1232,490
1233,165
1234,165
1235,165
1236,79
1237,79
1238,491
1239,318
1239,491
1239,492
1239,915
1239,996
1239,1907
1239,2212
1239,3129
1239,4299
1239,4343
1239,4480
1239,5487
1239,8314
1239,9345
1240,493
1241,493
1242,494
1243,491
1243,492
1244,491
1244,1159
1244,1529
1244,1922
1244,1971
1244,2212
1244,2292
1244,4723
1244,7660
1244,8219
1244,8299
1245,491
1245,1971
1246,881
1246,1219
1246,1961
1246,8320
1246,9356
1247,881
1247,1219
1247,3049
1248,2
1248,881
1248,1219
1248,2043
1248,2665
1248,3049
1249,495
1250,496
1251,495
1252,495
1253,495
1254,79
1255,79
1256,79
1257,79
1258,79
1259,79
1259,1351
1259,2529
1260,497
1261,498
1262,499
1262,5844
1263,79
1264,79
1265,500
1265,2700
1265,3343
1265,3638
1265,7991
1266,501
1266,1850
1267,501
1268,501
1269,501
1270,501
1271,501
1272,502
1273,503
1274,105
1274,1363
1275,105
1276,79
1276,105
1276,899
1276,1351
1276,1363
1276,4876
1276,5084
1276,5131
1276,5664
1276,5819
1276,8177
1276,8246
1276,9113
1277,505
1278,102
1278,8714
1279,102
1280,102
1281,506
1282,457
1283,246
1283,1398
1284,246
1284,662
1284,3176
1284,4847
1284,4975
1284,6335
1284,8563
1284,9620
1285,508
1285,9078
1285,9558
1286,508
1286,9558
1287,145
1287,2827
1288,217
1288,382
1288,710
1288,984
1288,997
1288,7643
1289,495
1289,608
1289,1334
1289,7295
1290,145
1291,495
1292,495
1295,102
1296,102
1297,509
1298,509
1298,2897
1298,6188
1299,509
1299,2897
1299,6188
1300,154
1300,973
1300,974
1300,1893
1300,3030
1300,5557
1300,6499
1300,7194
1301,154
1301,617
1301,973
1301,1087
1301,1290
1301,1893
1301,5520
1301,8350
1302,510
1303,512
1304,2
1304,1219
1304,2474
1304,2605
1305,513
1306,513
1307,62
1307,552
1307,1181
1307,2521
1307,8339
1308,513
1308,1527
1309,11
1310,11
1310,246
1310,1111
1310,4370
1310,6227
1311,514
1312,514
1312,8709
1312,8719
1313,514
1314,192
1315,479
1315,481
1315,583
1315,1176
1315,1287
1315,6881
1316,192
1317,515
1318,515
1319,515
1320,217
1320,710
1320,899
1321,217
1321,710
1321,899
1322,516
1322,710
1322,899
1322,1183
1323,14
1323,62
1323,491
1323,552
1323,1064
1323,1355
1323,1476
1323,1507
1323,1531
1323,1554
1323,1684
1323,1997
1323,2171
1323,2401
1323,2828
1323,2887
1323,2942
1323,3299
1323,4079
1323,5606
1323,5607
1323,5616
1323,6074
1323,6078
1323,6541
1323,6654
1324,491
1324,552
1324,1181
1324,1237
1324,1353
1324,2928
1324,3469
1324,3932
1325,318
1325,491
1325,621
1325,915
1325,2212
1325,2421
1325,5556
1325,5893
1325,7465
1325,8025
1326,517
1326,1869
1326,3487
1326,5435
1326,7963
1326,9209
1327,518
1327,4113
1328,285
1328,5659
1328,6379
1328,6399
1328,6452
1328,9024
1329,519
1330,520
1331,521
1331,646
1331,1887
1331,4707
1331,6886
1331,7245
1331,8033
1332,521
1332,1651
1333,518
1333,521
1333,989
1333,1650
1333,1887
1333,3612
1333,6247
1333,6287
1333,6886
1333,6939
1333,6942
1333,7222
1333,7256
1333,7513
1333,7753
1333,7831
1333,8003
1333,8244
1334,523
1335,521
1335,1887
1336,102
1336,1559
1336,4149
1336,8855
1337,524
1337,1132
1337,1559
1337,7253
1338,524
1338,1132
1338,2582
1338,2595
1338,4030
1339,201
1340,201
1341,201
1342,201
1342,8692
1343,201
1344,525
1345,234
1345,1162
1346,492
1347,492
1347,994
1347,1023
1347,3618
1348,57
1349,57
1349,1087
1350,451
1351,451
1352,246
1353,165
1353,1275
1354,165
1354,1275
1355,526
1355,972
1355,2601
1355,2857
1356,165
1356,1275
1357,165
1357,1275
1358,165
1358,1275
1359,246
1360,527
1361,527
1362,528
1363,529
1364,528
1364,1549
1364,8258
1365,529
1365,1704
1366,86
1366,270
1366,446
1366,989
1366,3083
1366,4098
1366,6556
1366,8080
1366,9379
1367,86
1367,989
1368,86
1368,810
1368,989
1369,531
1369,2261
1369,3084
1369,4099
1370,532
1370,744
1370,6107
1371,532
1371,744
1371,2728
1371,4929
1371,6107
1372,145
1373,528
1374,528
1374,1348
1374,1549
1374,4885
1374,8258
1375,528
1376,528
1376,1549
1376,8259
1377,528
1378,533
1378,6599
1379,479
1380,534
1381,324
1381,3031
1382,535
1383,535
1383,3214
1384,535
1385,535
1386,535
1387,268
1388,268
1388,1068
1388,1284
1388,7739
1388,9305
1389,268
1389,1068
1389,1284
1389,2557
1389,3684
1390,320
1390,447
1391,320
1391,1972
1392,320
1393,537
1393,1453
1393,3054
1393,7468
1394,538
1395,539
1396,539
1396,1779
1397,324
1397,3031
1398,239
1399,540
1400,540
1401,540
1402,167
1403,185
1404,185
1405,541
1406,542
1407,542
1408,542
1409,542
1410,65
1411,544
1412,79
1413,91
1414,91
1415,545
1415,624
1415,625
1415,1006
1415,1479
1415,4017
1415,4650
1415,6657
1415,6794
1415,6849
1416,545
1416,1006
1416,1479
1416,2085
1417,546
1418,484
1419,547
1420,547
1421,105
1422,105
1423,175
1423,285
1423,5768
1424,548
1425,548
1426,549
1427,51
1427,175
1427,285
1427,1556
1427,5588
1427,6212
1427,7452
1427,7627
1428,246
1428,6335
1429,550
1430,551
1431,552
1432,551
1433,553
1433,5589
1434,553
1435,554
1435,1967
1436,555
1437,556
1437,1967
1438,16
1439,16
1440,557
1441,557
1442,557
1442,3759
1443,558
1443,1000
1444,9
1444,371
1444,558
1444,1000
1444,4868
1444,5547
1444,6120
1445,559
1445,1000
1445,1490
1445,2494
1445,3324
1445,4282
1446,9
1446,197
1446,558
1446,1000
1446,1490
1446,2494
1447,560
1448,560
1449,561
1450,562
1451,564
1451,2167
1451,2375
1451,2827
1451,5550
1452,566
1453,566
1454,136
1454,1279
1455,136
1455,242
1455,1279
1455,1742
1455,5614
1455,7296
1455,7914
1455,7965
1455,8816
1456,136
1456,1279
1457,67
1457,136
1458,67
1458,136
1458,242
1458,1279
1459,136
1459,1279
1460,255
1460,278
1461,278
1462,255
1462,278
1463,255
1463,278
1464,568
1465,569
1466,570
1466,1978
1466,2146
1466,4263
1466,4952
1466,4983
1466,5287
1466,6812
1466,7357
1467,571
1467,2212
1468,572
1469,573
1470,574
1471,3568
1471,4537
1471,6111
1473,1088
1473,1089
1473,1760
1473,3715
1473,3831
1473,4537
1473,4545
1473,4726
1473,5281
1473,6111
1473,9432
1474,576
1474,1330
1474,3848
1474,4273
1475,576
1476,576
1476,1330
1476,3848
1476,9036
1476,9284
1477,577
1477,1159
1477,2567
1478,577
1479,577
1480,578
1480,1175
1480,1665
1480,3823
1480,4052
1481,578
1482,276
1482,2924
1482,5612
1482,7648
1483,276
1484,276
1484,1175
1484,1510
1484,1695
1484,2183
1484,3269
1484,3824
1484,7648
1485,579
1486,580
1487,579
1488,579
1488,2166
1489,581
1490,581
1491,581
1492,583
1492,1285
1492,8394
1493,191
1493,584
1494,16
1494,191
1494,584
1494,3452
1495,1176
1495,8478
1497,585
1498,585
1499,586
1500,412
1501,587
1502,587
1502,948
1502,1086
1502,1117
1502,1343
1502,1347
1502,2510
1502,2723
1502,3236
1502,5301
1503,588
1503,1342
1503,2124
1503,3626
1503,4741
1503,7318
1503,7608
1503,8225
1504,1087
1506,154
1506,617
1506,973
1507,589
1507,1105
1507,1480
1507,2037
1508,589
1508,1481
1508,2037
1508,4851
1509,589
1509,1480
1509,2037
1509,3667
1509,4583
1509,5943
1510,589
1510,1324
1510,3666
1510,8250
1511,590
1511,1324
1511,3168
1511,3666
1511,3758
1511,4852
1512,591
1512,4917
1513,246
1514,662
1514,1644
1515,592
1516,592
1517,592
1518,592
1519,592
1520,593
1520,689
1521,594
1521,2676
1521,8478
1522,595
1522,2385
1522,5918
1522,6632
1522,7118
1523,595
1523,1076
1523,1810
1523,3983
1523,6121
1524,596
1525,596
1526,596
1527,596
1528,597
1529,597
1529,1842
1529,2405
1530,597
1530,1841
1532,986
1532,1219
1532,3306
1534,1930
1535,2
1535,881
1535,1219
1535,4656
1536,598
1536,916
1536,3043
1537,598
1537,4053
1538,598
1538,916
1538,3043
1538,4053
1539,598
1539,916
1539,3043
1539,4053
1540,16
1540,191
1540,8142
1541,599
1542,1219
1542,7099
1542,8393
1543,600
1544,601
1545,602
1545,1700
1545,2819
1545,3555
1545,5472
1545,6067
1546,603
1547,603
1547,1822
1547,7391
1548,62
1548,2061
1550,62
1550,552
1550,2061
1550,6416
1551,604
1551,3392
1551,4241
1551,6597
1552,605
1553,605
1554,606
1555,607
1556,608
1557,501
1557,609
1558,610
1558,725
1558,1097
1559,375
1559,1237
1560,611
1561,612
1561,2568
1562,611
1563,611
1564,613
1565,613
1565,6099
1566,614
1566,756
1567,614
1568,615
1569,615
1570,616
1571,617
1571,1893
1572,154
1572,617
1572,1893
1572,3760
1573,617
1573,973
1574,617
1575,241
1575,962
1575,4847
1575,4975
1576,618
1577,618
1578,618
1578,3585
1579,618
1579,1607
1579,1828
1579,2897
1579,3585
1579,5632
1580,619
1581,620
1582,621
1583,621
1583,4138
1584,622
1584,2724
1584,9557
1585,621
1586,625
1586,3690
1586,3984
1586,4018
1586,4651
1587,625
1588,626
1589,626
1590,626
1591,626
1592,627
1593,627
1593,4660
1593,9581
1594,628
1595,630
1596,631
1596,5236
1596,6096
1597,632
1597,1053
1597,1213
1597,1272
1597,4685
1597,5190
1597,5236
1597,7446
1598,633
1598,4880
1599,14
1599,118
1599,164
1599,400
1599,1049
1599,1615
1599,1627
1599,1806
1599,2074
1599,2321
1599,2986
1599,5166
1599,5196
1599,5476
1599,6144
1599,7048
1599,7136
1599,7364
1599,8547
1599,8860
1601,634
1601,2474
1602,201
1602,635
1602,1059
1602,2078
1602,7379
1603,636
1604,636
1604,4369
1605,208
1605,637
1605,2515
1605,3913
1606,208
1606,435
1606,637
1606,1632
1606,2515
1606,2721
1606,3189
1606,3311
1606,6184
1606,6381
1606,6801
1606,8053
1607,638
1607,828
1607,890
1607,1281
1607,1307
1607,1376
1607,1378
1607,1426
1607,1849
1607,2668
1607,2719
1607,3178
1607,3249
1607,3575
1607,3832
1607,4118
1607,4335
1607,4391
1607,4727
1607,5010
1607,6848
1607,7519
1607,7855
1607,9021
1607,9197
1607,9326
1607,9394
1608,208
1608,637
1608,2515
1608,2721
1608,5175
1608,9387
1609,639
1610,640
1610,5446
1611,641
1612,642
1613,642
1614,643
1615,644
1616,645
1617,645
1619,646
1619,1118
1619,2343
1619,4191
1619,4707
1619,5647
1619,5967
1619,5977
1619,6066
1619,6263
1619,6320
1619,6842
1619,9548
1619,9627
1620,62
1621,647
1621,1579
1621,1715
1621,4302
1622,175
1622,5041
1623,648
1624,649
1625,649
1626,650
1627,651
1628,652
1632,653
1633,654
1634,655
1635,654
1636,654
1636,1215
1636,1835
1636,6950
1636,8194
1637,654
1638,657
1638,1027
1638,1219
1638,1453
1638,1972
1638,4352
1638,4667
1638,9311
1639,658
1640,659
1641,658
1642,660
1643,660
1644,661
1645,663
1646,663
1646,3089
1646,4034
1647,665
1648,666
1648,778
1648,4660
1649,665
1650,667
1650,1533
1650,3351
1651,488
1651,668
1651,976
1651,1016
1652,2249
1652,5150
1652,6035
1652,8110
1652,9351
1653,478
1653,1176
1653,1286
1653,5153
1654,669
1655,669
1655,672
1655,1433
1655,1767
1655,2417
1655,3143
1655,4046
1655,4503
1655,5907
1655,7618
1656,669
1656,2417
1656,3143
1656,4503
1657,670
1658,25
1658,671
1659,672
1660,672
1660,943
1660,1433
1660,1767
1660,2417
1660,3143
1660,5364
1660,5469
1660,5907
1660,7618
1661,673
1661,4016
1662,674
1663,675
1664,674
1665,675
1666,676
1667,676
1668,677
1669,677
1671,678
1672,679
1673,679
1674,680
1675,164
1675,400
1675,986
1675,1049
1675,1898
1676,4465
1676,6206
1677,4512
1678,3045
1678,4512
1679,531
1679,681
1680,681
1681,683
1681,1116
1682,683
1682,824
1682,1116
1683,684
1684,454
1684,3030
1685,154
1686,685
1687,685
1688,686
1689,687
1690,688
1691,583
1691,4266
1692,689
1693,689
1694,689
1695,689
1695,1059
1696,690
1696,3066
1697,222
1698,692
1698,1105
1698,1713
1698,6868
1699,693
1700,694
1701,694
1702,694
1703,695
1703,971
1704,695
1704,971
1705,695
1705,971
1706,697
1706,710
1706,3206
1707,217
1707,697
1707,710
1707,899
1707,4721
1707,7530
1708,698
1709,698
1710,464
1711,464
1712,464
1713,464
1714,138
1714,940
1715,138
1715,941
1715,1252
1715,1300
1715,1419
1715,2624
1715,4430
1715,7071
1715,9018
1716,699
1716,940
1717,111
1717,700
1717,1286
1719,810
1721,703
1722,703
1723,704
1724,705
1725,705
1725,873
1725,5555
1726,706
1726,4988
1727,707
1728,708
1729,217
1729,710
1729,837
1729,940
1730,711
1731,712
1732,342
1732,978
1732,1472
1732,7472
1732,9013
1733,882
1733,1172
1733,1388
1733,1740
1734,4
1734,713
1735,713
1736,713
1737,713
1737,786
1737,1053
1738,714
1739,715
1739,6723
1740,716
1741,717
1742,718
1743,719
1744,718
1745,720
1746,721
1747,721
1748,722
1749,723
1750,724
1750,928
1750,1241
1751,447
1751,610
1751,711
1751,725
1751,1940
1751,6216
1751,6235
1751,8993
1752,726
1753,557
1754,727
1755,728
1755,2400
1756,729
1757,302
1758,610
1758,725
1759,62
1759,552
1759,1181
1760,730
1760,4690
1761,1027
1762,731
1762,1138
1762,5298
1762,9101
1763,732
1763,892
1763,1848
1763,3887
1763,5522
1764,733
1764,1141
1764,1847
1765,734
1765,895
1765,5525
1766,735
1766,893
1767,733
1767,1847
1767,5047
1767,7212
1768,736
1769,736
1770,736
1771,737
1771,5770
1772,738
1773,739
1773,1610
1773,2501
1773,5852
1774,456
1774,739
1774,1610
1774,4238
1774,4800
1775,742
1775,922
1775,1162
1776,743
1777,481
1777,8302
1778,481
1779,743
1780,744
1781,745
1782,622
1782,746
1783,378
1783,745
1783,2039
1783,2040
1783,2210
1783,7231
1784,747
1785,747
1786,748
1787,748
1788,749
1788,856
1788,1740
1789,749
1789,823
1789,857
1789,1740
1789,9004
1790,749
1790,856
1790,1740
1791,750
1791,9586
1792,750
1793,750
1794,750
1795,751
1795,1565
1796,751
1796,1565
1797,751
1797,1565
1798,752
1799,752
1800,67
1801,753
1801,937
1801,1006
1801,1560
1801,2093
1801,2664
1801,6380
1801,6558
1801,9448
1801,9622
1802,753
1802,2664
1802,3010
1803,753
1803,2664
1803,9464
1804,753
1804,2646
1805,754
1806,755
1807,755
1808,755
1809,757
1810,757
1812,631
1813,331
1813,632
1813,1053
1813,2576
1813,3414
1814,758
1815,758
1816,759
1817,760
1817,2567
1818,760
1819,761
1820,763
1821,496
1821,764
1822,765
1823,766
1824,766
1824,2566
1825,767
1825,4260
1825,5876
1826,768
1827,769
1828,769
1829,583
1829,770
1829,9261
1830,771
1831,771
1832,1027
1838,1027
1839,772
1840,772
1841,36
1841,3290
1842,773
1843,774
1843,1619
1844,775
1845,776
1846,776
1847,1531
1847,1717
1847,1997
1847,4476
1848,1327
1848,1507
1848,1531
1848,1997
1848,4476
1849,154
1849,973
1849,1893
1850,777
1851,781
1851,1935
1851,3122
1851,3353
1851,3881
1851,5995
1852,171
1853,782
1854,585
1855,783
1856,783
1857,255
1857,447
1857,7954
1858,255
1858,447
1858,3232
1859,145
1859,447
1859,2827
1860,255
1860,447
1860,3232
1860,7954
1861,1326
1862,1326
1863,1326
1867,785
1868,787
1868,1040
1868,9022
1869,788
1870,788
1870,1273
1870,1688
1870,2518
1870,5353
1870,6600
1870,7205
1870,7915
1871,789
1872,62
1872,552
1873,62
1873,552
1874,308
1875,308
1876,790
1877,145
1877,594
1877,4775
1877,5516
1877,7674
1878,594
1879,791
1880,792
1881,792
1882,791
1883,375
1883,1228
1883,1237
1883,6506
1884,375
1884,1237
1884,3033
1885,793
1885,2259
1885,6582
1886,794
1886,6538
1887,794
1887,2244
1887,4568
1887,6585
1887,8663
1888,795
1891,62
1892,62
1892,552
1892,9102
1893,797
1894,798
1895,799
1896,798
1897,800
1898,803
1899,804
1899,5081
1900,805
1901,806
1902,806
1903,807
1903,4923
1904,808
1905,808
1907,2014
1907,4641
1907,4981
1908,5330
1909,167
1909,1162
1909,1352
1909,4101
1909,7175
1910,167
1910,1352
1910,4102
1910,6174
1911,809
1912,809
1913,62
1914,811
1915,381
1915,1221
1915,2842
1916,381
1917,381
1918,381
1919,814
1919,9614
1920,814
1920,9614
1921,814
1921,9614
1922,814
1922,9614
1923,749
1924,749
1924,1369
1925,749
1926,815
1929,217
1929,303
1929,342
1929,379
1929,710
1929,990
1929,3473
1929,7343
1930,816
1930,3474
1930,4061
1931,303
1932,817
1933,817
1934,818
1934,2921
1934,5551
1934,5983
1936,745
1937,821
1937,2210
1938,822
1939,824
1939,1116
1940,825
1940,5169
1941,826
1942,827
1943,825
1944,828
1944,890
1944,5270
1945,828
1945,890
1946,829
1947,830
1947,841
1948,829
1948,840
1949,831
1949,842
1950,417
1950,832
1950,1117
1950,1532
1951,417
1951,832
1951,1117
1951,1347
1951,1532
1951,1882
1951,2434
1951,2722
1951,2904
1951,4493
1951,8297
1951,9547
1952,833
1952,7048
1953,834
1954,835
1955,836
1956,837
1956,1178
1956,1883
1956,6201
1957,837
1958,838
1959,839
1960,840
1961,843
1962,843
1963,844
1964,844
1965,845
1965,989
1965,2818
1965,5116
1966,845
1967,217
1967,710
1967,899
1967,1296
1967,9420
1968,495
1969,495
1969,608
1969,1334
1970,846
1971,847
1971,848
1971,3061
1971,4881
1971,8754
1972,847
1973,847
1973,1097
1974,847
1974,3223
1974,4827
1975,847
1976,849
1977,849
1978,849
1979,68
1980,786
1981,850
1981,2100
1982,851
1982,3189
1983,851
1984,173
1984,2365
1984,5001
1984,6695
1985,853
1986,854
1987,854
1988,855
1989,856
1990,858
1991,858
1992,859
1993,859
1994,860
1995,860
1996,860
1997,861
1998,861
1999,863
2000,864
2001,865
2002,865
2003,865
2004,865
2005,866
2005,3850
2006,866
2006,3850
2006,3892
2006,5026
2007,762
2008,867
2008,1956
2008,2715
2008,3325
2008,6826
2009,868
2009,4863
2010,868
2010,4863
2011,868
2011,4863
2012,868
2012,4863
2013,869
2014,870
2014,1048
2014,6872
2015,870
2015,1048
2015,1983
2015,6872
2016,871
2016,2333
2017,872
2017,2920
2018,872
2018,2920
2019,873
2020,873
2020,4530
2020,5555
2021,873
2022,873
2022,6782
2023,862
2024,874
2025,64
2025,875
2025,2315
2025,4276
2026,875
2027,875
2028,875
2029,876
2030,876
2031,185
2032,185
2032,1223
2033,185
2034,878
2034,5207
2035,879
2036,878
2037,880
2038,881
2039,881
2040,882
2040,1388
2040,3333
2040,4130
2040,6960
2040,9009
2041,813
2041,884
2041,2552
2041,6913
2042,885
2043,813
2043,885
2043,2552
2044,886
2045,886
2046,886
2047,24
2048,887
2049,887
2050,24
2051,2
2051,608
2051,881
2051,1219
2051,2665
2051,3252
2052,495
2052,608
2052,3252
2052,5013
2053,73
2053,86
2053,973
2053,989
2053,1118
2053,2145
2053,3083
2053,4658
2053,5014
2053,5581
2053,5595
2053,8635
2054,3253
2055,888
2056,889
2057,889
2058,888
2058,2902
2058,5996
2059,889
2060,813
2061,557
2061,828
2061,890
2061,1376
2061,1849
2061,1960
2062,847
2062,890
2062,1384
2062,2033
2062,2255
2063,847
2063,1139
2063,1992
2064,891
2065,891
2066,894
2067,894
2068,896
2068,3885
2069,897
2070,897
2071,217
2071,710
2071,899
2071,6637
2071,7950
2071,8779
2072,900
2073,900
2074,901
2074,2343
2075,901
2076,902
2077,903
2077,3217
2078,903
2079,905
2080,906
2081,383
2082,817
2082,907
2082,974
2083,383
2083,1330
2084,383
2084,1330
2085,908
2085,3991
2086,909
2087,910
2088,714
2088,910
2088,1036
2088,1176
2088,1286
2088,1843
2088,2381
2088,4562
2089,910
2089,1843
2089,1844
2089,5544
2090,911
2091,912
2092,913
2093,914
2094,16
2094,1521
2095,16
2095,24
2095,191
2096,16
2097,16
2098,916
2099,481
2099,917
2099,1287
2099,1880
2099,2191
2099,6949
2099,8873
2099,9490
2100,457
2100,917
2100,1577
2100,1880
2100,1881
2100,2191
2100,4580
2100,6949
2100,8873
2100,9490
2101,921
2101,4010
2101,5463
2102,528
2102,923
2102,5971
2103,923
2104,924
2105,924
2106,924
2107,79
2107,234
2107,1162
2107,1351
2107,1352
2107,4101
2107,8593
2108,217
2108,1164
2109,925
2110,925
2110,2547
2111,926
2112,927
2113,929
2114,930
2115,930
2116,930
2117,930
2118,930
2119,62
2119,931
2120,932
2121,932
2122,934
2123,934
2124,74
2124,1708
2125,522
2126,86
2126,522
2126,1068
2126,2231
2126,3375
2126,4003
2126,7054
2127,935
2128,935
2128,936
2128,4747
2128,5909
2128,8614
2129,935
2130,935
2130,1704
2130,6260
2130,7320
2130,9016
2131,706
2131,937
2131,1461
2131,1804
2131,4233
2132,938
2132,1155
2132,1647
2132,6651
2132,9597
2133,939
2134,939
2135,939
2137,400
2138,1049
2139,118
2139,968
2139,990
2140,942
2141,942
2141,1709
2142,942
2142,7821
2143,943
2144,943
2144,1767
2144,2417
2144,4046
2144,5020
2144,5364
2144,7618
2145,255
2146,255
2147,255
2148,944
2149,944
2150,644
2150,944
2151,944
2152,621
2152,945
2152,6000
2153,945
2153,1006
2153,1133
2153,1479
2153,1826
2153,3013
2153,3147
2154,946
2154,1358
2154,1741
2154,5893
2154,6861
2155,947
2155,1326
2155,1590
2156,246
2156,948
2156,5374
2157,458
2157,948
2157,4600
2157,5374
2158,949
2158,3254
2158,5012
2158,5564
2158,8439
2158,9218
2159,948
2159,2231
2159,2510
2159,3236
2159,5302
2159,5374
2159,7324
2159,7333
2160,617
2161,950
2161,1268
2162,951
2163,952
2163,7625
2164,952
2164,2194
2164,2731
2164,3834
2164,7625
2165,952
2165,2194
2165,2731
2165,3634
2165,3834
2165,7625
2166,952
2166,3634
2167,953
2167,9213
2168,953
2169,953
2170,954
2171,552
2171,955
2172,955
2172,2357
2172,6476
2173,955
2174,955
2174,1423
2174,8062
2174,9075
2175,599
2175,955
2175,1423
2175,4652
2175,5475
2175,8062
2176,178
2177,957
2178,958
2179,246
2179,962
2179,4975
2180,963
2180,2175
2181,964
2182,965
2183,965
2184,967
2185,255
2185,366
2185,967
2185,5798
2186,969
2187,968
2188,970
2189,970
2189,3580
2189,7924
2189,8063
2190,699
2190,973
2190,1300
2190,1889
2190,2767
2190,4947
2190,6173
2191,974
2191,5736
2192,941
2192,975
2193,973
2194,976
2195,976
2196,977
2197,977
2198,977
2199,978
2200,978
2201,978
2202,180
2203,180
2204,979
2204,9632
2205,180
2206,180
2207,980
2208,980
2209,981
2209,1908
2210,981
2211,981
2212,981
2213,982
2213,5596
2214,255
2214,366
2214,983
2214,3242
2214,3636
2214,4497
2214,5596
2214,8422
2215,984
2216,985
2216,986
2216,1037
2216,6459
2216,9286
2217,986
2217,2036
2217,6784
2217,7502
2218,986
2218,2036
2218,3388
2218,8453
2219,986
2219,1319
2219,1718
2219,2036
2219,8453
2220,291
2220,986
2220,1617
2220,2036
2221,987
2222,987
2223,987
2224,940
2225,610
2225,711
2226,610
2227,940
2227,2165
2228,610
2228,711
2228,725
2229,847
2229,1992
2230,847
2231,941
2231,989
2231,1300
2232,941
2232,990
2232,1419
2232,9137
2233,941
2233,991
2233,5977
2234,992
2235,993
2236,994
2237,995
2238,994
2239,996
2239,1024
2239,1628
2239,1856
2239,2266
2239,3129
2239,4561
2240,828
2240,890
2240,997
2240,1281
2240,2799
2241,998
2242,998
2243,998
2244,191
2244,890
2245,890
2245,1281
2245,1376
2245,1378
2245,2719
2245,3259
2245,3575
2245,6152
2245,6514
2246,999
2246,6905
2247,1001
2248,1000
2248,1490
2248,2494
2248,7322
2249,1002
2250,1003
2250,1297
2250,2317
2250,3490
2251,1004
2251,1600
2251,4588
2252,1005
2252,1462
2252,4269
2252,5258
2252,8024
2253,1007
2254,1007
2255,1007
2256,1007
2257,1007
2258,1008
2259,1009
2260,1010
2261,1011
2262,1012
2263,1013
2263,3813
2264,1014
2265,1015
2266,197
2266,1017
2266,2494
2266,5760
2267,1017
2268,1018
2268,4104
2269,1018
2269,4103
2269,6936
2270,1019
2270,1643
2270,3987
2271,1019
2272,1019
2273,1019
2273,1280
2273,1643
2273,3987
2273,5090
2274,1020
2275,1021
2275,1229
2275,1585
2275,2363
2276,1022
2277,945
2279,1023
2280,1025
2281,1025
2282,1025
2283,552
2284,657
2284,1027
2284,2681
2285,1028
2286,974
2286,1398
2286,2398
2286,4495
2286,5662
2287,173
2287,1028
2288,247
2288,1029
2289,1030
2289,2180
2290,1031
2290,1210
2290,2114
2290,6238
2290,8162
2290,8753
2290,9360
2291,1031
2292,1031
2292,2757
2292,3092
2292,6238
2293,1031
2293,1210
2293,2757
2293,3092
2293,6238
2294,1032
2295,1033
2295,1850
2296,1034
2297,198
2297,1034
2298,1035
2299,1036
2300,1037
2300,1040
2300,3306
2300,6405
2300,6466
2300,7402
2301,1037
2301,1040
2301,6405
2301,6466
2302,1037
2303,1037
2304,1038
2304,3850
2304,4228
2305,1039
2306,1037
2306,1040
2307,1041
2307,3204
2308,1041
2309,1043
2310,1044
2311,1044
2311,1153
2311,2253
2311,8369
2311,9157
2312,1045
2313,1046
2314,1046
2315,1047
2316,171
2316,191
2316,255
2316,1047
2316,2849
2317,1048
2317,3266
2317,6559
2318,1048
2318,3266
2319,1048
2320,1048
2320,1983
2321,1048
2321,1983
2322,400
2322,1049
2322,5602
2323,400
2323,1049
2324,1050
2324,7213
2324,9104
2325,1051
2326,1051
2327,1052
2328,1052
2328,7239
2328,9535
2329,1052
2329,1956
2329,5591
2329,6860
2329,6888
2329,9384
2330,1054
2331,1054
2331,1979
2331,3978
2332,1054
2332,1620
2332,1979
2332,3978
2333,1055
2334,247
2334,1029
2334,1055
2334,2825
2334,7620
2335,1056
2336,1056
2337,1056
2338,1057
2338,2269
2339,1057
2340,1058
2341,978
2342,978
2343,1059
2344,201
2344,1059
2344,1232
2344,7379
2345,191
2345,994
2345,4305
2345,4511
2345,7450
2345,9336
2346,492
2346,994
2346,1005
2346,1023
2346,4343
2346,4540
2346,7341
2346,8074
2346,8723
2346,8991
2346,9325
2347,1060
2348,1060
2349,1061
2349,2323
2349,6205
2349,6896
2349,6918
2350,1061
2350,2323
2350,6205
2350,6896
2350,6918
2351,1061
2351,6205
2351,6896
2352,1062
2352,6587
2353,145
2353,192
2353,1062
2353,1698
2353,1806
2353,3026
2353,6546
2353,6587
2353,7009
2353,7712
2353,8183
2353,9453
2354,1062
2354,6587
2355,1062
2355,1698
2355,6587
2355,7712
2355,9452
2356,1063
2357,1063
2358,1063
2359,1063
2360,994
2361,1064
2362,1064
2363,1065
2363,1463
2363,2042
2363,2207
2363,3293
2364,1066
2365,1067
2366,1067
2367,1068
2367,1284
2367,2399
2368,202
2368,2400
2369,1069
2369,1155
2369,1232
2369,1658
2369,1878
2369,1894
2369,2704
2369,4429
2369,4935
2369,6154
2369,8849
2370,1069
2371,726
2371,1069
2371,1427
2371,1658
2371,1710
2371,3791
2371,4462
2372,1068
2373,1070
2373,1472
2373,3274
2373,6807
2374,726
2374,1071
2374,3042
2374,8602
2375,726
2375,987
2375,1072
2375,1096
2375,1617
2375,1710
2375,3276
2375,3775
2376,1073
2376,2058
2376,3042
2376,7083
2377,1073
2377,3042
2377,3624
2377,4108
2378,1074
2379,1074
2380,1074
2381,1075
2381,1321
2381,1324
2382,1076
2383,1077
2383,7820
2383,9312
2384,823
2384,1077
2385,978
2385,1078
2386,1079
2387,1079
2388,1079
2389,1079
2390,1080
2391,508
2391,1014
2391,9078
2392,303
2392,1081
2393,303
2393,1083
2393,2633
2394,1084
2394,2633
2394,6163
2394,9461
2395,1085
2396,1085
2396,1409
2396,2430
2396,8080
2397,1085
2397,1409
2398,1085
2398,1409
2399,1088
2399,1760
2399,5281
2399,6838
2399,8307
2400,552
2400,847
2400,1199
2400,1336
2400,5461
2400,6771
2400,8367
2401,552
2401,1199
2401,1884
2401,8305
2402,847
2403,1090
2403,5073
2403,9128
2404,86
2404,1091
2404,3097
2404,4270
2404,7831
2405,1094
2406,1094
2407,1095
2408,1072
2408,1096
2409,1097
2410,1097
2411,1097
2412,1097
2413,1097
2414,1098
2415,1098
2416,1098
2417,1098
2418,1099
2419,1099
2420,622
2420,1242
2420,2724
2421,622
2422,622
2423,1100
2423,4142
2423,4547
2423,7262
2424,1100
2424,1101
2424,4142
2424,4547
2425,1102
2425,3412
2426,1102
2427,1102
2428,1103
2429,1104
2430,1105
2430,2225
2430,2606
2430,8160
2431,1106
2432,1107
2433,1108
2434,1108
2434,2208
2435,1109
2435,1112
2436,1110
2437,1111
2438,1112
2439,1113
2439,3490
2440,1113
2440,3490
2441,1113
2441,1297
2442,1113
2442,1297
2442,2402
2442,3334
2442,3490
2442,4824
2442,5324
2442,6473
2442,7326
2443,1114
2444,1115
2444,1330
2444,4009
2444,4882
2445,1114
2446,610
2447,1114
2448,1116
2449,1014
2450,824
2450,1014
2450,1116
2450,2519
2450,4762
2450,6018
2450,6533
2450,9329
2451,417
2451,1117
2451,1882
2451,2904
2452,417
2452,1117
2452,1347
2452,2722
2452,6415
2452,8362
2453,1118
2454,1119
2455,1119
2456,1119
2457,1120
2458,1120
2458,2474
2459,1120
2460,1120
2461,1120
2461,1362
2462,1121
2463,1121
2464,1121
2465,1121
2466,1121
2467,1121
2467,3212
2468,1122
2469,1122
2470,1123
2470,1831
2470,4582
2470,6809
2471,1124
2472,1125
2473,1126
2474,1127
2475,1128
2475,1173
2476,1129
2477,197
2477,1017
2477,5760
2478,197
2479,1130
2479,6092
2480,1130
2480,2212
2480,6092
2481,1131
2481,6093
2482,822
2482,1132
2483,1133
2484,1133
2484,1515
2484,3727
2485,1133
2486,1038
2486,3655
2487,1038
2487,2808
2487,3655
2487,3850
2487,4228
2487,6064
2488,552
2489,847
2489,2255
2490,1134
2491,1134
2492,1135
2493,1136
2494,1137
2494,3888
2494,4914
2494,6637
2494,6846
2495,1137
2495,2945
2496,1137
2496,1488
2496,2806
2496,2945
2496,4914
2497,1053
2497,1213
2498,631
2498,1053
2498,8848
2499,1093
2499,1138
2500,1093
2500,1138
2500,1778
2500,2680
2500,3119
2500,3292
2500,6046
2500,7956
2501,847
2501,1139
2501,2314
2502,1348
2503,1788
2503,2043
2503,2520
2503,3248
2503,5799
2503,7040
2503,9291
2504,1140
2504,5757
2505,1142
2506,1048
2506,1143
2507,1144
2508,1145
2508,1297
2508,4141
2509,1146
2510,1147
2511,1148
2511,1622
2511,1872
2512,1149
2512,1872
2513,1150
2513,5045
2514,1151
2514,1883
2515,1152
2515,2717
2516,1152
2516,2751
2517,1152
2517,5443
2517,6410
2518,1153
2518,1388
2518,1961
2519,1153
2520,80
2520,1044
2520,1153
2520,1657
2520,2253
2521,610
2521,711
2522,610
2522,711
2522,725
2522,986
2522,1237
2522,4878
2523,1154
2524,1155
2524,1570
2525,610
2525,711
2525,725
2527,1121
2528,1121
2528,1212
2528,3559
2528,4428
2529,1156
2530,1157
2531,1158
2532,1158
2533,759
2534,759
2535,759
2535,3556
2536,759
2537,2039
2537,2069
2538,1159
2539,105
2539,234
2539,1160
2539,1162
2539,1349
2539,2436
2539,4001
2539,4101
2540,105
2540,167
2540,234
2540,1160
2540,1162
2540,1352
2540,1976
2540,2437
2540,3316
2540,4101
2540,8427
2541,1161
2542,1161
2543,1162
2544,234
2544,1162
2544,1163
2544,1975
2544,3120
2544,7525
2545,1165
2545,3193
2546,1166
2547,1166
2548,909
2548,1166
2549,1166
2550,1165
2551,501
2551,1167
2551,4220
2552,1169
2552,2993
2553,1169
2553,1604
2553,2993
2553,6596
2554,417
2554,1117
2554,1170
2554,1605
2554,4793
2555,1171
2556,882
2556,1172
2556,1388
2556,2324
2556,2325
2556,3480
2556,4130
2556,5402
2557,1127
2558,1174
2559,986
2559,1231
2560,986
2561,986
2561,1231
2562,986
2562,1231
2563,986
2563,1139
2563,1231
2564,1176
2564,8316
2565,1176
2566,1176
2566,1286
2567,1176
2568,14
2568,712
2568,8392
2569,1337
2569,1560
2570,712
2571,712
2571,1560
2571,2093
2573,726
2573,1072
2573,1177
2573,1473
2573,2068
2574,1179
2574,1436
2575,1180
2575,1263
2575,1575
2575,5771
2575,9321
2576,1125
2576,1182
2577,1184
2578,1184
2579,1185
2580,1187
2580,1583
2580,1820
2580,2922
2580,3118
2581,1188
2581,1583
2581,1584
2581,1821
2581,3047
2581,3118
2581,3557
2581,3603
2582,1189
2582,3796
2583,1190
2583,6683
2584,1191
2584,1885
2585,1192
2586,1131
2587,1193
2587,1887
2587,3140
2587,4754
2587,5052
2587,5977
2587,6540
2587,7495
2588,1193
2588,4116
2589,1194
2590,1194
2591,1195
2592,1195
2593,1196
2594,1196
2595,1196
2596,1196
2597,1196
2597,3857
2597,6472
2597,8661
2598,255
2599,255
2600,1197
2601,1197
2601,1469
2601,2227
2602,1197
2603,1197
2604,1197
2604,1469
2605,817
2606,817
2607,1198
2608,1198
2609,817
2610,1064
2611,1064
2611,2828
2612,1200
2613,1200
2613,2454
2613,3780
2613,4255
2613,4303
2614,1201
2614,4844
2615,1201
2616,1201
2617,191
2617,5021
2618,1202
2619,1203
2620,1202
2620,1393
2620,3516
2620,3871
2620,4725
2621,1204
2622,1205
2622,2086
2622,2872
2623,1206
2624,1206
2625,1207
2626,1207
2627,1208
2628,1207
2628,4475
2629,1209
2630,1209
2631,1209
2632,1211
2633,1031
2633,1210
2633,2553
2633,2757
2633,3092
2633,5242
2633,6238
2634,1213
2635,1213
2636,632
2636,1213
2637,218
2637,578
2637,632
2637,986
2637,1064
2637,1175
2637,1228
2637,2291
2637,2410
2637,2571
2637,3299
2637,7454
2637,8998
2637,9278
2638,271
2638,763
2638,1058
2638,1064
2638,2291
2638,2410
2638,3299
2638,5613
2638,5937
2638,6590
2638,7097
2638,9418
2639,218
2639,986
2639,987
2639,1214
2639,1228
2639,2036
2639,2190
2639,6506
2639,6850
2639,7901
2639,8729
2640,1215
2641,1111
2641,2907
2642,1012
2642,1111
2642,2764
2642,7290
2643,1167
2643,2140
2644,1167
2644,1800
2644,2140
2644,4220
2644,4294
2644,4585
2644,9007
2645,847
2645,1044
2645,5404
2645,6436
2646,1044
2647,115
2647,1044
2647,1657
2647,2108
2647,2358
2647,6476
2648,1122
2649,1005
2649,1217
2649,7449
2650,1217
2650,1988
2650,7275
2651,1217
2652,1218
2653,1219
2654,1219
2654,2414
2655,1219
2656,1219
2656,1599
2656,2414
2656,4656
2657,1220
2657,1825
2658,890
2658,2211
2659,1010
2659,1220
2659,1420
2659,1666
2659,1825
2659,6595
2660,1223
2661,1224
2662,1225
2663,1226
2664,1226
2665,14
2665,1227
2665,1585
2666,14
2666,1228
2666,1585
2666,1695
2666,7393
2666,8271
2667,14
2667,62
2667,1064
2667,1354
2667,1531
2667,1928
2667,2171
2667,2233
2667,2410
2667,2751
2667,2905
2667,3246
2667,3289
2667,3299
2667,5606
2667,7096
2667,9649
2668,1229
2669,1229
2670,1229
2671,291
2671,1781
2671,1993
2671,4758
2672,1230
2672,1300
2673,1231
2673,2263
2674,1232
2675,1232
2675,1694
2676,1155
2676,1232
2676,4902
2676,5100
2677,1234
2678,1234
2679,1235
2680,1235
2681,1132
2681,1236
2682,973
2682,5657
2683,973
2684,973
2684,1330
2684,1815
2685,1200
2685,7470
2685,9028
2686,1238
2687,1200
2687,4255
2687,9029
2688,1239
2689,240
2689,1239
2690,1240
2691,1044
2692,1243
2693,1244
2694,14
2694,87
2694,1072
2694,1227
2694,1245
2694,1330
2694,1585
2694,1685
2694,2568
2694,3888
2694,9284
2695,14
2695,87
2695,1245
2695,1423
2695,1585
2695,2568
2695,3888
2695,4183
2695,8062
2696,1246
2697,1246
2698,1247
2698,5532
2699,1248
2700,1249
2700,5533
2701,787
2702,1250
2702,2912
2702,7104
2703,1251
2703,5050
2704,1251
2705,1251
2706,1251
2706,1546
2706,1714
2707,1253
2707,1931
2708,1254
2709,1255
2710,1256
2711,1257
2711,3109
2712,1257
2713,1257
2714,1258
2715,1258
2716,1258
2717,1123
2717,1260
2717,1944
2717,2600
2717,5397
2718,986
2718,987
2718,1473
2718,1617
2718,2282
2718,2620
2719,1262
2720,1262
2720,6993
2721,291
2721,1262
2721,2847
2722,501
2723,610
2724,202
2725,501
2725,2585
2725,4805
2726,1263
2726,7504
2727,1264
2728,1264
2729,935
2730,935
2730,1704
2730,7320
2730,9016
2731,1265
2732,1266
2733,1267
2733,5726
2734,1267
2734,2398
2734,3030
2734,5557
2734,5662
2734,5964
2734,5985
2734,7244
2734,9062
2735,974
2735,1267
2736,1269
2737,898
2737,1270
2737,1272
2737,1851
2737,5603
2737,7842
2737,9389
2738,1265
2739,508
2739,1014
2739,5604
2739,6821
2740,936
2740,1560
2740,6524
2740,7827
2741,1271
2742,1265
2743,4
2743,1213
2743,1272
2744,1263
2745,1200
2745,2296
2745,4013
2745,5951
2745,8104
2746,1200
2747,1274
2748,1274
2748,1275
2748,1937
2748,8304
2749,1275
2749,7946
2750,1274
2750,1477
2750,7800
2750,9524
2751,1274
2751,1955
2751,2427
2751,4848
2752,1274
2752,1955
2753,1276
2753,2274
2754,1276
2755,1276
2755,1672
2756,1276
2756,1672
2756,2275
2757,610
2757,711
2757,7697
2757,7862
2757,8330
2757,8342
2757,8349
2757,8552
2757,8573
2757,8774
2757,8914
2758,1277
2758,7694
2758,8771
2759,711
2760,1278
2760,7841
2761,1279
2762,711
2763,1277
2763,7696
2763,8204
2764,208
2764,1280
2764,1643
2764,3987
2764,7239
2765,1280
2766,1281
2767,1281
2768,1282
2769,1283
2769,2415
2770,268
2770,1068
2770,1284
2771,1284
2772,1284
2773,1284
2774,1285
2774,1286
2775,191
2776,191
2777,191
2778,191
2778,5079
2779,1287
2779,8730
2780,1287
2781,1288
2781,2367
2781,4868
2782,1289
2782,6409
2783,1289
2784,1087
2784,1290
2785,191
2786,24
2786,191
2786,4179
2787,24
2787,191
2787,3847
2787,4179
2788,553
2788,1291
2789,553
2789,1542
2790,553
2791,553
2792,553
2793,1292
2793,1622
2793,3517
2793,3718
2793,4668
2793,5194
2793,6888
2793,8164
2794,65
2794,553
2794,1291
2794,1542
2794,8161
2795,1037
2795,1040
2795,1231
2795,1930
2795,6405
2795,7701
2796,1231
2796,2068
2797,1231
2798,1293
2799,1294
2800,1295
2801,986
2801,1296
2801,3951
2801,7020
2801,7351
2801,8125
2802,986
2803,986
2803,1228
2804,986
2804,1617
2805,1006
2805,1479
2805,2085
2805,2424
2805,2481
2805,6817
2806,1006
2806,1479
2806,4689
2807,1146
2808,1146
2809,1146
2810,1298
2810,2048
2811,1299
2812,1299
2813,1300
2813,1872
2813,2056
2813,2597
2813,2672
2813,4947
2813,5148
2813,5317
2814,1301
2815,1302
2816,1303
2816,3121
2817,1303
2817,3121
2817,3635
2817,7722
2818,1304
2818,5406
2819,1220
2819,1420
2819,1788
2820,1010
2821,1305
2822,1306
2823,1281
2823,1307
2823,3138
2824,828
2824,890
2824,1281
2824,1307
2824,1378
2824,1517
2824,2719
2824,4727
2825,816
2825,1308
2826,110
2826,1309
2826,2521
2827,816
2827,1308
2827,1674
2827,1677
2827,1795
2827,1796
2827,4250
2827,6069
2827,6634
2827,6803
2827,9207
2828,110
2828,1309
2828,2521
2829,1308
2829,1795
2829,6069
2829,9207
2830,816
2830,1308
2830,1674
2830,1677
2830,1794
2830,1795
2830,4250
2830,6069
2830,6634
2830,6803
2830,9207
2831,1310
2832,583
2833,1311
2834,1312
2835,583
2836,1313
2837,1221
2838,174
2838,320
2838,1080
2838,1753
2838,1792
2838,1915
2838,2103
2838,2169
2838,3410
2838,3492
2838,3985
2838,5453
2838,5834
2838,6012
2838,6129
2839,1549
2840,320
2840,1453
2840,1753
2840,1792
2840,1879
2840,1939
2840,1972
2840,2102
2840,2319
2840,2621
2840,3340
2840,3492
2840,3648
2840,3986
2840,4873
2840,4965
2840,5453
2840,5569
2840,5570
2840,6051
2840,6129
2840,6176
2840,6434
2840,6440
2840,7010
2840,8355
2840,8381
2840,8419
2840,8424
2840,8435
2840,8886
2840,9045
2840,9229
2840,9504
2840,9514
2842,822
2843,822
2844,822
2845,822
2846,822
2847,822
2848,822
2849,1314
2850,1314
2851,1314
2852,1314
2853,1315
2854,1316
2855,1317
2856,1315
2857,1318
2858,1320
2859,1319
2859,1718
2859,2441
2859,6150
2860,1321
2860,1324
2861,1322
2862,1323
2863,1324
2864,1323
2865,1323
2866,1325
2867,1325
2868,1326
2869,1326
2870,1326
2871,1326
2872,1326
2872,3654
2872,4033
2873,1162
2873,4101
2874,1162
2874,4101
2875,1136
2875,1209
2876,847
2876,1139
2876,1992
2876,4163
2876,9032
2877,1328
2877,7838
2878,1329
2879,1330
2880,1014
2880,1330
2880,1331
2881,1330
2882,1330
2882,3095
2883,1330
2884,268
2884,1068
2884,1332
2885,1333
2886,1333
2887,1333
2887,4879
2887,9247
2888,608
2888,1334
2889,610
2889,711
2889,5136
2890,1068
2890,1335
2891,610
2891,711
2891,7536
2892,1336
2893,1337
2894,1336
2895,1338
2896,1339
2897,1340
2898,191
2898,610
2898,1120
2898,1839
2899,552
2899,1072
2899,1096
2899,1473
2899,1710
2899,3276
2899,3768
2899,5067
2899,8089
2900,1072
2900,1096
2900,1231
2900,1473
2900,1617
2900,1709
2900,3058
2900,3276
2900,3526
2901,552
2901,986
2901,1096
2901,1181
2901,1473
2901,1710
2901,2282
2901,2964
2901,3680
2902,1341
2903,1287
2904,1287
2905,1342
2906,1342
2906,2124
2906,4741
2906,7318
2906,7608
2906,8225
2907,1302
2908,1344
2908,3504
2909,1345
2909,3505
2909,6113
2909,7532
2910,1344
2910,3504
2911,1346
2911,3504
2912,81
2912,1007
2913,1112
2913,2776
2914,1112
2914,2776
2915,1117
2915,1189
2915,1347
2915,1756
2915,2433
2915,4424
2916,1237
2916,1558
2916,2928
2917,375
2917,1237
2917,1412
2917,1570
2917,2928
2918,1348
2919,1348
2919,4885
2919,8258
2920,1348
2920,1549
2920,8258
2921,255
2922,843
2923,1350
2924,1350
2925,1350
2926,843
2926,2932
2926,5264
2927,1351
2928,1352
2930,1449
2930,2260
2930,6103
2934,491
2934,1353
2935,1357
2935,8114
2936,1358
2937,1359
2938,1360
2939,1360
2940,1361
2941,1360
2942,1360
2943,1096
2943,1362
2944,847
2945,1286
2946,1286
2947,1012
2948,284
2948,1012
2948,1111
2948,2777
2948,7290
2949,1159
2950,1159
2950,5752
2951,1159
2952,79
2952,1363
2952,3395
2952,5131
2952,5819
2953,1365
2954,67
2955,1365
2956,1366
2957,1367
2957,1729
2958,1367
2958,1729
2959,1367
2959,1729
2960,1201
2960,1368
2960,2307
2960,3563
2960,3930
2960,4844
2960,9215
2961,1370
2962,1369
2963,1370
2964,1370
2965,1369
2966,1371
2967,1372
2968,1373
2968,9253
2969,1213
2969,1375
2970,1375
2971,1213
2971,1375
2972,890
2972,1376
2972,4118
2973,343
2973,828
2973,847
2973,890
2973,1376
2973,1378
2973,1849
2973,3575
2973,4335
2973,4391
2973,4727
2973,5010
2974,1377
2974,1716
2974,2563
2974,4508
2974,6147
2974,6177
2974,6210
2974,6601
2975,828
2975,890
2975,1281
2975,1376
2975,1849
2975,3178
2975,3575
2975,9197
2976,1378
2976,2853
2976,3099
2976,4391
2976,5261
2976,5432
2977,1378
2978,1379
2979,1380
2980,1379
2981,1379
2982,1381
2983,1382
2983,2932
2984,1381
2985,725
2985,1097
2985,1428
2985,1992
2985,2032
2985,2308
2985,2314
2985,2596
2985,4942
2985,5053
2986,1383
2986,4643
2987,1096
2987,1384
2988,1384
2988,4969
2989,1385
2990,1385
2990,3941
2990,4121
2991,1385
2991,4121
2992,1385
2992,4121
2993,973
2994,973
2995,24
2995,191
2995,828
2995,890
2996,24
2997,1386
2997,1894
2998,1259
2998,1386
2998,1894
2999,1387
3000,1388
3000,1710
3001,1388
3002,1388
3003,1388
3004,1389
3004,4782
3005,1390
3005,1760
3005,3662
3005,4782
3005,5125
3005,9386
3005,9527
3006,1390
3006,1760
3006,3715
3006,4545
3006,4782
3006,5125
3006,6111
3007,1391
3008,1391
3008,3676
3008,8831
3009,1391
3010,1391
3011,1392
3012,1393
3013,1393
3014,1202
3014,1393
3014,4853
3014,6419
3015,1138
3015,3598
3016,1024
3016,1628
3017,1024
3017,1628
3018,1286
3018,1394
3018,2804
3019,578
3019,1175
3019,2183
3019,7281
3020,578
3020,1175
3020,2912
3021,1396
3021,6165
3022,1396
3022,6165
3023,578
3023,632
3023,1175
3023,2183
3024,1397
3025,1397
3026,1398
3026,4706
3026,4905
3027,1399
3027,6399
3027,8127
3028,1400
3028,7640
3029,1006
3029,2188
3030,1401
3030,1598
3030,8965
3031,1014
3031,1400
3031,1853
3031,8072
3032,492
3032,994
3032,1023
3032,2157
3032,3650
3033,1403
3033,5426
3034,1404
3034,2034
3034,2049
3034,2946
3034,7294
3035,1404
3036,1404
3037,1405
3038,1404
3039,1406
3039,4625
3040,1407
3041,553
3042,553
3043,553
3044,65
3044,553
3044,1542
3044,5590
3045,1409
3046,1123
3046,1260
3046,1410
3047,1409
3048,1409
3049,1234
3050,1234
3051,1411
3052,1237
3052,1617
3053,828
3053,890
3053,986
3053,1228
3053,1281
3053,5434
3054,986
3054,1228
3055,1413
3055,2736
3055,8138
3056,1414
3057,1414
3058,1414
3058,1992
3058,2198
3058,2308
3058,4590
3058,5503
3059,1415
3060,202
3060,302
3060,1109
3060,3133
3060,4984
3061,14
3061,1021
3061,1109
3061,1229
3061,1585
3061,2838
3061,2897
3061,2976
3061,3824
3061,3888
3061,4986
3061,8735
3061,9082
3061,9222
3062,1416
3063,1417
3064,1417
3065,214
3065,1418
3065,1434
3066,1417
3067,1157
3067,1420
3067,1745
3067,1825
3067,2258
3067,2657
3067,3723
3067,6137
3068,200
3068,1420
3068,1666
3068,1745
3068,1825
3068,2005
3068,2657
3068,3961
3068,4379
3068,6072
3068,9422
3069,1421
3069,9381
3070,1422
3071,311
3071,1421
3071,1629
3071,2342
3071,2841
3071,3239
3071,5365
3071,5628
3071,6139
3072,1421
3073,610
3073,940
3073,7334
3073,9008
3074,940
3075,1423
3076,610
3076,711
3076,8098
3076,8137
3077,610
3077,7334
3078,583
3078,1425
3078,5673
3079,610
3079,890
3079,1049
3079,1281
3079,1307
3079,1326
3079,1376
3079,1426
3079,1611
3079,1627
3079,4140
3079,6374
3079,7048
3079,8747
3079,8812
3080,1427
3080,2888
3080,3358
3080,3409
3080,4202
3081,610
3081,847
3081,1428
3082,255
3082,1362
3083,1429
3084,1429
3085,1430
3086,1297
3087,1431
3088,14
3088,1432
3089,1432
3090,1021
3090,1585
3090,3569
3095,1433
3095,1767
3096,610
3097,610
3097,1493
3098,610
3099,610
3100,610
3101,1434
3102,1048
3103,1435
3104,1048
3105,1437
3106,1437
3106,2497
3107,1437
3107,2497
3108,1437
3108,2497
3108,4441
3108,4659
3108,6768
3108,6899
3108,7151
3109,1437
3110,1434
3111,1434
3112,1438
3113,1439
3114,1440
3114,4160
3115,822
3115,1916
3115,2320
3115,5579
3115,6118
3116,822
3116,5580
3117,1441
3118,1441
3119,1441
3120,1442
3120,4630
3120,7237
3120,7321
3120,7959
3120,8731
3121,1443
3121,1926
3121,3234
3121,4631
3122,1445
3123,1446
3123,1483
3123,2034
3123,2049
3123,3198
3124,1446
3124,1483
3125,1446
3126,1446
3126,1483
3126,7499
3127,1447
3127,6573
3128,1447
3129,608
3129,1447
3129,6573
3129,7316
3129,9279
3129,9347
3129,9525
3130,1448
3131,847
3131,1428
3132,1428
3133,1428
3134,1428
3135,1449
3135,2260
3136,1450
3136,1706
3136,3277
3136,3685
3137,1451
3137,1513
3138,80
3138,115
3138,1257
3138,3109
3138,7069
3138,9051
3138,9542
3139,80
3139,1257
3139,2882
3139,3109
3139,3404
3139,6109
3139,6847
3139,7069
3139,7410
3139,8985
3140,1337
3141,1337
3142,1454
3142,4662
3142,7657
3143,1454
3143,4162
3143,4662
3144,1279
3145,1279
3146,1279
3147,1087
3147,1455
3147,3902
3148,1279
3149,1456
3150,1456
3151,1456
3152,1109
3153,1457
3153,2406
3153,4745
3154,994
3154,1023
3154,1457
3154,2800
3154,7366
3154,9325
3155,1458
3155,3601
3155,4748
3156,1460
3157,1463
3157,2207
3158,1463
3158,2207
3159,1463
3159,2207
3159,3116
3159,4087
3160,843
3160,2932
3161,1464
3161,4256
3162,492
3162,1465
3162,3421
3162,6508
3163,1466
3163,3653
3164,1466
3165,1466
3166,1466
3167,1467
3168,1466
3168,1550
3168,4724
3169,1468
3170,1468
3171,1468
3172,1468
3173,1469
3174,1469
3174,4136
3175,1469
3175,2227
3176,980
3177,980
3177,5095
3178,904
3179,904
3179,2337
3179,6512
3180,904
3181,1333
3181,1471
3181,3006
3181,9210
3182,1014
3183,1014
3183,3981
3184,1014
3185,191
3185,1472
3186,1072
3186,1473
3186,1617
3186,3645
3187,1072
3187,1473
3187,1617
3188,1474
3188,5305
3188,5498
3189,1475
3190,102
3190,1475
3190,7707
3191,1475
3192,1475
3193,102
3193,1475
3194,14
3195,1477
3196,1477
3197,1477
3198,1477
3199,973
3200,890
3200,973
3200,1378
3201,154
3201,973
3201,1893
3201,5316
3201,5327
3201,9060
3202,1150
3202,1479
3202,5994
3203,1006
3203,1133
3203,1150
3203,1478
3203,3146
3204,1006
3204,1048
3204,1479
3204,2424
3204,6412
3204,7506
3204,7509
3205,501
3206,501
3207,365
3208,1482
3209,1072
3209,1116
3210,1139
3211,1139
3212,1136
3212,1209
3213,1136
3213,1209
3214,1136
3214,1209
3215,1209
3216,1446
3216,1483
3217,1446
3217,1483
3217,5403
3217,5652
3218,1446
3218,1483
3218,5154
3219,1484
3220,1485
3220,2980
3221,1485
3222,1486
3223,1487
3224,1488
3225,1489
3226,1489
3226,6808
3226,9426
3227,1491
3228,1491
3229,552
3230,552
3230,909
3231,552
3231,1181
3231,2061
3232,986
3232,1228
3232,1296
3232,2036
3232,6506
3232,7338
3232,7453
3232,7488
3232,8187
3232,8374
3232,9006
3233,1296
3233,3951
3234,1493
3235,1495
3236,1496
3237,1496
3238,1440
3238,1499
3239,1499
3240,1499
3241,1440
3241,1499
3241,4160
3241,4574
3241,5074
3242,1499
3243,1117
3243,1500
3243,1622
3243,1985
3243,2785
3243,2908
3243,3679
3243,6478
3243,8270
3244,1501
3244,2908
3244,7461
3245,1502
3246,1500
3247,1503
3247,1935
3247,3122
3247,3353
3247,3881
3248,1503
3248,1585
3248,1935
3248,3122
3248,3353
3248,3475
3248,3881
3248,7401
3249,1504
3250,1505
3251,1079
3251,1506
3252,1079
3252,1506
3253,1506
3254,1506
3255,1506
3256,1506
3257,1079
3257,1317
3257,1506
3257,1541
3257,3957
3257,4134
3257,8426
3258,1508
3259,1509
3259,2304
3260,1509
3260,2304
3260,3062
3260,4997
3260,9480
3261,552
3261,2643
3262,1510
3263,1510
3264,1511
3265,1510
3266,1384
3266,1512
3266,3079
3266,6267
3267,6013
3267,6034
3268,1330
3268,1514
3269,838
3270,1330
3270,1514
3271,1514
3272,1515
3273,1515
3274,1515
3275,1515
3276,1516
3277,1516
3278,1517
3279,1072
3280,1072
3281,1072
3282,1072
3283,1213
3283,1709
3283,3685
3284,1518
3285,1519
3286,1133
3287,1279
3287,1520
3287,7885
3288,1521
3289,1300
3289,2624
3290,1522
3291,1522
3292,1522
3293,1522
3294,1522
3295,1522
3299,91
3299,2239
3299,4054
3300,1227
3300,1585
3300,3796
3301,1021
3301,1227
3301,1354
3301,4076
3302,1354
3302,1523
3302,1585
3302,3289
3303,1524
3304,1524
3305,1524
3306,1525
3307,1526
3308,1527
3309,1527
3310,937
3310,1528
3311,1529
3312,1530
3313,1530
3314,1529
3315,1529
3316,1529
3316,2311
3317,1531
3318,1533
3319,1535
3320,1535
3320,1817
3320,6388
3321,1536
3322,1093
3323,1064
3323,1538
3323,2233
3323,2478
3323,5607
3324,1538
3325,1538
3326,1539
3327,1068
3327,1284
3327,6428
3328,267
3328,711
3328,1940
3328,6427
3328,7812
3329,267
3329,343
3329,711
3330,1430
3330,1543
3331,1544
3332,1544
3333,1545
3334,1544
3335,1546
3335,3890
3335,8441
3336,1547
3337,1547
3338,784
3338,1547
3339,1548
3340,1132
3340,1992
3341,1072
3341,1132
3341,5348
3342,1132
3342,2595
3342,4296
3342,4522
3342,9287
3343,1549
3343,4021
3344,1549
3344,3352
3344,4021
3345,1549
3346,1549
3347,1467
3348,1467
3349,1467
3350,1232
3350,4902
3351,921
3351,1552
3351,3111
3351,5463
3352,1062
3352,1232
3352,1326
3352,1553
3352,3565
3352,5615
3353,24
3354,1555
3354,1956
3354,5193
3355,1052
3355,1555
3355,1956
3355,4144
3355,5193
3355,6826
3355,7774
3355,8009
3355,8727
3356,1556
3356,5588
3356,6212
3357,1557
3358,1557
3359,838
3359,1072
3359,1096
3359,2525
3360,890
3360,1558
3360,6075
3361,838
3361,1151
3361,2011
3361,2525
3361,4977
3362,1558
3363,1558
3363,4557
3364,1559
3365,1560
3366,1559
3367,1179
3367,1561
3367,4941
3368,1064
3368,2599
3368,3299
3368,7466
3369,1064
3369,2599
3370,828
3370,890
3370,1562
3370,4391
3371,1563
3371,3333
3371,9009
3372,1564
3372,3403
3373,1564
3374,1564
3374,2474
3374,2884
3374,3109
3374,3221
3374,3406
3374,4232
3374,4246
3374,7070
3374,8815
3374,9019
3374,9493
3375,1155
3375,1232
3376,1155
3376,1232
3377,1279
3378,501
3378,1116
3379,610
3380,610
3380,1560
3380,3717
3380,4857
3380,8142
3381,1139
3382,1566
3383,1566
3383,1961
3384,1567
3385,1568
3386,1568
3387,1568
3388,1569
3389,1570
3390,1237
3390,1570
3390,3469
3391,1572
3392,1542
3393,1573
3394,1176
3395,986
3395,1473
3395,7777
3395,8707
3396,823
3396,1388
3396,7122
3397,1574
3397,5980
3397,6407
3398,1263
3398,1575
3398,5771
3399,1263
3399,1575
3399,1705
3399,3856
3400,1576
3400,1577
3400,1615
3401,457
3401,1577
3401,1791
3401,1814
3401,3865
3401,4580
3401,5442
3401,5939
3401,9367
3402,255
3402,366
3402,3636
3403,1578
3404,1578
3405,647
3405,709
3405,1096
3405,1579
3405,4620
3406,345
3406,1579
3406,1633
3406,4620
3406,5586
3407,1580
3408,1581
3408,2389
3408,3677
3408,5430
3408,8334
3409,1580
3409,3676
3409,8336
3410,1580
3411,1582
3411,3114
3411,4646
3412,1584
3412,1821
3412,3047
3412,3557
3413,1584
3413,1820
3413,2922
3413,3118
3413,6286
3414,1585
3415,1585
3416,1585
3417,1586
3418,817
3419,1587
3420,1588
3421,817
3422,1589
3423,1590
3424,1592
3425,1593
3426,1594
3427,1593
3428,1064
3429,1292
3430,1292
3431,1093
3431,1138
3432,940
3433,940
3433,1953
3434,940
3435,1595
3436,1595
3436,4037
3437,1596
3438,1596
3439,1597
3440,1598
3441,1598
3442,881
3443,881
3443,4656
3444,1600
3445,1004
3445,1600
3446,1601
3447,1012
3447,1111
3447,8995
3448,1602
3448,1603
3449,1603
3450,1606
3451,1606
3452,1606
3453,1606
3454,1607
3455,1607
3456,1607
3456,2897
3456,3585
3457,1607
3457,2897
3457,8544
3457,9491
3458,1474
3459,1608
3460,476
3460,1609
3461,1610
3461,3488
3461,4800
3462,1609
3462,2500
3462,3038
3463,255
3463,1049
3463,1611
3463,1806
3463,3228
3463,3658
3463,7310
3464,1049
3464,1611
3464,3228
3464,3728
3464,4920
3464,5238
3464,8910
3465,1564
3465,1612
3465,5381
3466,1564
3466,1612
3466,3231
3466,5381
3467,1610
3467,5944
3468,1610
3468,5944
3469,1613
3469,5946
3469,6189
3470,1615
3471,1087
3471,1290
3471,1615
3472,1616
3473,978
3474,726
3474,1072
3474,1096
3475,1071
3476,890
3476,978
3476,2180
3476,5328
3477,978
3478,978
3479,1077
3479,5314
3480,1618
3481,1618
3481,7961
3482,1337
3483,1232
3483,1694
3483,2013
3484,1232
3484,1590
3484,2013
3484,4826
3484,7379
3485,1232
3485,1590
3486,1232
3486,2013
3487,1619
3488,1296
3489,1221
3490,1621
3490,6574
3491,1221
3492,1463
3493,1200
3493,4255
3494,1200
3495,1111
3498,1622
3498,5802
3499,1623
3499,5803
3499,6509
3499,8411
3500,1622
3500,5803
3501,1064
3501,1622
3501,5804
3502,1624
3503,123
3503,1624
3503,4372
3503,9415
3504,1037
3504,1040
3504,6466
3505,1037
3505,1040
3505,1044
3505,1153
3505,2108
3505,2999
3505,3306
3505,3944
3505,4363
3506,1040
3507,1040
3507,1237
3508,1037
3508,1040
3509,1040
3509,1337
3510,1037
3510,1040
3511,787
3511,978
3511,1037
3511,1040
3511,5461
3512,986
3512,1037
3512,1040
3512,1473
3512,6405
3513,1625
3514,1625
3514,1695
3515,1625
3516,191
3516,1626
3517,1472
3518,342
3518,1472
3519,1629
3519,2342
3520,1629
3520,2342
3520,2841
3520,4487
3520,5365
3521,1630
3522,1630
3523,1630
3524,1630
3525,1631
3526,1633
3526,5586
3527,345
3527,1633
3527,5586
3528,1634
3529,1634
3530,1634
3531,1634
3532,1635
3533,1232
3534,1059
3534,1232
3534,4139
3534,4429
3534,4837
3535,1059
3535,1232
3535,4139
3535,4429
3536,1232
3537,1232
3538,1232
3539,1636
3539,6810
3539,9604
3540,14
3540,1237
3541,1636
3542,1637
3543,1434
3543,1638
3543,7809
3543,8239
3544,1639
3545,1640
3546,1641
3547,1642
3548,1643
3549,986
3550,986
3550,1228
3551,1644
3552,1645
3553,1645
3554,1645
3555,1646
3556,1649
3556,5561
3556,6651
3556,9598
3557,1646
3558,375
3558,3784
3559,64
3559,1871
3559,2315
3559,2526
3559,2546
3559,3407
3559,3651
3559,3663
3559,4084
3559,5254
3559,5267
3559,5831
3560,2393
3560,5650
3562,1650
3563,1650
3564,1651
3564,7222
3564,7831
3565,890
3565,1096
3565,1376
3566,1652
3567,1653
3568,1652
3569,1654
3570,1655
3571,689
3571,1654
3571,2726
3571,2760
3572,474
3572,991
3572,1434
3572,1656
3572,4932
3573,86
3573,1656
3573,3539
3574,417
3574,1117
3574,1882
3575,1659
3575,6402
3576,824
3576,1116
3576,1139
3576,1428
3576,2519
3577,1660
3578,1660
3579,1661
3580,1660
3581,1660
3581,2362
3582,1662
3583,1662
3583,2370
3583,9235
3584,1662
3585,16
3585,191
3585,255
3585,366
3585,5798
3585,7955
3586,1663
3587,1664
3587,4069
3588,1664
3589,1664
3590,1665
3591,1666
3591,1745
3591,1825
3591,2005
3592,200
3592,1189
3592,1666
3592,1745
3592,1825
3593,1667
3593,1825
3593,4346
3593,4554
3593,6132
3593,6387
3593,6389
3594,1668
3595,1337
3595,1668
3596,1669
3597,1669
3598,1669
3599,1362
3599,1670
3600,1670
3601,1671
3601,3657
3602,1670
3603,1672
3604,1672
3605,1673
3606,1673
3607,1674
3607,4250
3608,1279
3609,1279
3610,1675
3610,4492
3611,1676
3612,1676
3613,1676
3614,1676
3615,1676
3616,1676
3617,1676
3618,14
3618,816
3618,1308
3618,1677
3618,1795
3618,2950
3618,6634
3618,8676
3619,816
3619,1308
3619,1677
3619,1794
3619,1795
3619,6634
3619,6837
3620,816
3620,1677
3620,1795
3620,1916
3620,2521
3620,3799
3620,6116
3620,6179
3621,1037
3621,1184
3622,1064
3622,3299
3623,1678
3624,1679
3624,1807
3624,8933
3625,1680
3626,1010
3626,1037
3626,5474
3627,1682
3627,1997
3627,2863
3628,1682
3629,1683
3629,7157
3630,1064
3631,838
3631,1064
3631,1151
3631,2525
3631,2599
3631,2798
3631,3192
3631,3299
3631,6054
3631,6187
3631,7445
3631,7711
3631,7815
3631,8646
3631,8648
3632,1064
3632,2410
3632,2798
3633,726
3633,828
3633,890
3633,5010
3633,6134
3634,219
3634,725
3634,828
3634,890
3634,1055
3634,2826
3634,7621
3634,9280
3635,1057
3635,1686
3635,1978
3635,2146
3635,5289
3635,5859
3635,6892
3636,1398
3636,1688
3636,2565
3636,5351
3636,6026
3637,1688
3637,1689
3637,5350
3638,1689
3639,1690
3640,1691
3640,5124
3641,1690
3641,5123
3642,1691
3643,1690
3644,1694
3645,1696
3646,1696
3646,2025
3647,1143
3647,1697
3647,2256
3647,5307
3648,1232
3648,1698
3648,4131
3648,4936
3648,5375
3648,9231
3649,1125
3649,1658
3649,4935
3650,1125
3650,1232
3650,1698
3650,5375
3651,1698
3651,9380
3652,1232
3652,1698
3652,4131
3652,4936
3652,5178
3652,5375
3653,1699
3654,1700
3655,1701
3656,1121
3657,4
3657,631
3657,1213
3657,6096
3660,1703
3661,1703
3662,1703
3663,1703
3663,5610
3663,7295
3664,552
3664,1704
3664,8980
3665,610
3666,1438
3667,1384
3667,1473
3667,1617
3667,3769
3668,1384
3668,1840
3668,4969
3669,1072
3669,1384
3669,4969
3670,1705
3671,491
3671,492
3671,1005
3672,1706
3673,1072
3673,1706
3674,1447
3674,1707
3674,7529
3675,1707
3676,610
3676,1708
3676,4653
3677,986
3677,1096
3677,1231
3677,3276
3678,1705
3679,1109
3679,1705
3679,2032
3679,3856
3679,5832
3679,7297
3679,9294
3680,1710
3681,1711
3682,828
3682,890
3682,1711
3682,6141
3683,1711
3684,1712
3684,2109
3685,692
3685,1713
3685,2411
3685,5334
3686,1714
3687,1159
3688,1159
3688,3707
3689,1715
3689,4302
3690,1716
3691,1716
3691,4885
3691,6601
3691,7771
3691,7905
3692,1021
3693,1292
3694,1292
3695,1200
3696,1200
3697,1064
3697,2787
3697,3299
3697,5797
3697,9281
3697,9501
3698,1717
3699,14
3699,1717
3700,1717
3701,1717
3702,375
3703,375
3703,1237
3704,1543
3705,1430
3705,1543
3706,1430
3706,1543
3707,1718
3708,1718
3709,1058
3710,271
3710,1058
3710,7467
3710,8994
3711,1058
3711,1270
3711,1719
3712,1058
3713,1719
3714,1720
3715,1720
3716,1720
3717,1720
3718,1721
3719,1723
3719,5559
3720,1093
3720,1138
3720,1724
3720,1823
3720,4169
3721,1727
3722,1727
3723,1728
3724,1263
3724,4783
3725,1263
3725,4783
3726,1729
3727,1730
3728,1730
3729,1731
3730,1732
3731,1734
3732,1734
3733,1735
3733,2141
3734,1735
3735,255
3735,3636
3736,255
3736,3636
3737,847
3738,1736
3738,2105
3738,3599
3738,4925
3739,1263
3740,1737
3740,2955
3740,3864
3740,5366
3740,5649
3741,1738
3742,1739
3743,1109
3743,1739
3744,1740
3745,1740
3746,1740
3747,1740
3748,1259
3748,1894
3749,1155
3749,1218
3749,1232
3749,1259
3749,1894
3749,4192
3749,4429
3749,6154
3749,6532
3749,7227
3749,7888
3749,7948
3749,9000
3749,9223
3750,1006
3750,2085
3750,6097
3750,8585
3751,1037
3751,1040
3752,1040
3753,1040
3754,1040
3755,1037
3755,1040
3756,1279
3756,1742
3757,1279
3757,1742
3758,1279
3758,1742
3759,1743
3760,1279
3761,1117
3762,1117
3762,1605
3762,2433
3762,4792
3763,1117
3764,1744
3764,7315
3765,1744
3766,1666
3766,1745
3766,1825
3767,1745
3767,1825
3768,1157
3768,1992
3769,1157
3769,5017
3770,823
3770,1013
3770,2185
3770,2350
3770,2956
3770,3053
3771,1157
3771,1746
3772,890
3772,3918
3773,1747
3773,5009
3774,1747
3774,5009
3775,1748
3775,4198
3776,1748
3776,4198
3777,1749
3777,4199
3778,1749
3778,4199
3779,1750
3780,1751
3781,843
3781,1752
3781,2932
3782,492
3782,1752
3782,2932
3782,8991
3782,9325
3783,974
3783,1330
3784,1130
3784,1753
3784,5436
3784,6092
3784,9184
3785,1754
3785,1777
3785,2984
3785,5429
3785,5451
3786,1753
3786,3340
3787,383
3787,1330
3788,1040
3789,1755
3790,1189
3790,1567
3790,1568
3790,1756
3791,1756
3792,1757
3793,1758
3793,6031
3794,1759
3794,5062
3794,6031
3795,1087
3796,1761
3797,1761
3798,1761
3799,1762
3800,1763
3801,1527
3802,1764
3803,552
3803,1181
3803,1765
3803,2362
3803,3815
3804,1766
3804,2418
3804,3815
3804,7150
3804,7164
3805,1766
3805,2418
3805,3815
3806,1766
3806,3815
3807,1767
3807,3815
3808,1768
3809,1768
3809,5201
3810,1768
3810,2018
3811,1769
3812,1769
3813,1770
3814,1770
3815,1770
3816,1770
3817,1770
3818,973
3819,1087
3819,1477
3820,973
3820,1893
3821,1290
3822,824
3822,1116
3822,2519
3823,1116
3823,6533
3823,8123
3824,1116
3824,2211
3825,1771
3826,1771
3827,1772
3828,1773
3829,1006
3829,1150
3829,1479
3829,3396
3829,6656
3829,6819
3830,1774
3831,191
3831,2000
3831,2897
3831,8174
3831,9491
3832,16
3832,24
3832,191
3832,2000
3833,1775
3834,1775
3835,1776
3836,1006
3836,1479
3836,4164
3836,7208
3837,1006
3837,1133
3837,2085
3837,3746
3837,5126
3838,1297
3839,1297
3839,3490
3840,1297
3840,2317
3840,4394
3841,1779
3842,1780
3843,1691
3843,1780
3843,6529
3843,7367
3844,1780
3844,1843
3844,5544
3845,539
3845,1779
3846,1729
3847,1479
3847,3775
3847,6009
3848,1479
3848,1480
3848,4818
3848,5256
3848,8541
3849,1729
3849,2489
3850,1007
3851,81
3851,1007
3852,1440
3853,1472
3854,191
3855,1472
3856,1781
3856,2105
3856,4680
3857,1782
3858,3007
3859,214
3859,414
3859,1260
3859,1409
3859,1434
3859,2430
3859,5562
3859,6288
3859,6603
3859,7809
3859,8239
3859,9153
3860,1358
3861,1783
3862,1783
3863,1784
3864,1783
3865,1624
3865,1784
3866,1785
3866,6461
3866,6468
3867,1785
3867,2532
3868,1785
3868,2532
3868,3966
3868,6020
3868,6970
3869,1785
3870,1134
3870,1529
3870,2311
3871,492
3871,1023
3872,1786
3873,1786
3874,1787
3875,1788
3876,1789
3877,1789
3878,1789
3879,1790
3880,1791
3881,1791
3882,1529
3882,1705
3882,6512
3883,1705
3884,1791
3885,268
3885,320
3885,456
3885,1610
3885,1792
3885,2102
3885,2319
3885,2501
3885,3340
3885,3648
3885,5453
3886,191
3887,1793
3887,2724
3887,3297
3888,1308
3888,1794
3888,1795
3889,816
3889,1308
3889,1795
3889,3053
3889,8792
3890,1797
3891,608
3892,608
3893,608
3894,557
3894,1237
3894,1266
3894,1570
3894,1798
3894,1960
3894,4025
3895,557
3895,1266
3895,1798
3895,1960
3895,2846
3895,2967
3895,3207
3895,3646
3895,8938
3896,1159
3897,1232
3898,1232
3899,823
3900,727
3900,823
3900,1362
3901,1801
3902,1802
3903,1803
3904,1803
3905,1804
3906,1116
3906,2610
3907,1116
3907,2066
3907,6562
3908,1116
3909,1805
3910,1805
3910,2534
3911,608
3911,1049
3911,1611
3911,1806
3911,2097
3911,5585
3912,1049
3912,1611
3912,1806
3912,4920
3912,5349
3913,1049
3913,1560
3913,1611
3913,1627
3913,1806
3913,2097
3913,3228
3913,4032
3913,4920
3913,5349
3913,7048
3913,7778
3913,9404
3914,1808
3915,1812
3916,986
3916,1287
3917,1577
3917,1813
3917,3522
3917,4898
3918,1815
3919,1816
3919,1955
3919,7138
3920,973
3920,1133
3920,9034
3921,1768
3922,1768
3923,1818
3924,1023
3925,191
3926,552
3926,1706
3926,3685
3927,1819
3928,1819
3929,1819
3930,1822
3931,1489
3931,1822
3932,200
3932,1825
3933,200
3933,1666
3933,1825
3933,2336
3933,3961
3933,6155
3934,1087
3934,1290
3935,1827
3936,1827
3937,1827
3938,824
3938,1116
3939,824
3940,1828
3941,1828
3942,1215
3942,6950
3943,610
3943,940
3943,1155
3943,1218
3943,3717
3943,4429
3943,4857
3943,7227
3943,7888
3943,7948
3943,7990
3944,1155
3944,1218
3944,1232
3944,1259
3944,4192
3944,4429
3944,7227
3944,7888
3944,7948
3944,9000
3945,1215
3946,655
3946,1215
3946,6950
3947,1232
3947,1894
3948,1155
3948,1232
3949,1232
3950,1155
3950,1232
3950,1694
3950,4869
3951,1246
3952,1829
3953,1829
3954,1829
3955,1829
3956,1122
3957,1122
3957,6494
3958,1832
3959,1833
3959,1906
3959,3333
3960,1834
3961,621
3961,5893
3961,8653
3961,9240
3962,1070
3963,1835
3964,655
3965,1215
3965,1835
3966,1836
3967,978
3968,978
3969,978
3970,978
3971,1059
3972,1838
3973,1838
3974,610
3974,1839
3975,610
3975,2315
3976,191
3976,1839
3977,1840
3977,4969
3978,1384
3978,1840
3978,2460
3978,3599
3979,148
3980,1841
3980,2404
3981,1841
3982,1843
3983,1176
3983,1286
3983,1845
3984,1176
3984,1286
3984,1845
3985,1200
3986,1200
3987,1846
3988,1846
3989,1139
3990,1139
3991,1139
3992,847
3992,1139
3993,1139
3994,1032
3994,1850
3995,1032
3995,1850
3995,2514
3995,5648
3996,1851
3997,1851
3998,898
3998,1270
3998,1851
3998,3846
3999,1270
3999,1851
4000,1852
4001,1852
4002,1852
4003,1852
4007,1853
4008,1853
4008,6823
4008,7325
4008,9342
4009,1854
4010,1854
4010,4058
4011,1546
4011,1714
4011,7077
4011,7359
4012,1546
4012,4178
4013,1855
4014,197
4014,1000
4014,1305
4015,1223
4016,365
4017,365
4017,1274
4017,1955
4017,6182
4017,6477
4018,1858
4019,1858
4020,1858
4021,1859
4022,1860
4023,1860
4024,1861
4025,1862
4026,1862
4027,1862
4028,1862
4029,1862
4030,1862
4031,1863
4032,1864
4033,1864
4033,2064
4033,2671
4033,8511
4033,9123
4033,9143
4034,1042
4034,1864
4035,1865
4036,191
4036,2000
4037,1323
4037,1866
4037,2639
4038,1048
4038,2424
4038,6623
4038,6835
4038,8867
4039,1048
4039,1867
4039,1901
4039,3181
4040,191
4041,1064
4042,1064
4043,1868
4043,2086
4044,1064
4045,1577
4045,2192
4045,3865
4045,4148
4045,4580
4045,5939
4046,1093
4047,1870
4048,1870
4049,1871
4049,2315
4050,1871
4050,2315
4051,1871
4051,2315
4051,2526
4051,2546
4051,5254
4052,1872
4052,4314
4053,1872
4054,1874
4055,1069
4055,4086
4055,5129
4056,1875
4057,1875
4058,1876
4059,1876
4060,1876
4061,1876
4062,1876
4063,1232
4063,1877
4063,2704
4063,6122
4063,7712
4064,1882
4065,552
4065,1883
4066,552
4067,1884
4068,1234
4069,1234
4070,1234
4071,1087
4071,2216
4072,1885
4072,3599
4072,6204
4073,1330
4074,904
4075,1886
4075,2337
4075,3994
4076,904
4077,86
4077,989
4077,2145
4077,3083
4078,1889
4078,2767
4078,3076
4078,4364
4078,4605
4078,6173
4078,9131
4079,1890
4079,4430
4079,6173
4080,699
4080,1300
4080,1890
4080,2624
4080,3267
4080,4430
4080,4947
4080,5400
4080,6173
4080,6617
4080,7072
4081,1610
4082,1610
4082,4238
4083,1610
4084,608
4084,2877
4085,1891
4085,2034
4085,2049
4086,1892
4086,3370
4087,208
4089,1893
4089,2493
4089,5515
4089,5633
4090,86
4090,989
4090,1893
4090,5477
4091,1894
4092,1618
4093,1618
4094,552
4094,1895
4094,2768
4094,4943
4094,6461
4095,1895
4096,1895
4096,3899
4096,4939
4096,6461
4096,6468
4096,7400
4096,7678
4097,1618
4098,1069
4098,1896
4098,4462
4099,217
4099,899
4100,476
4100,710
4101,217
4102,710
4102,1897
4103,164
4103,400
4103,1049
4103,1627
4104,828
4105,828
4106,828
4106,1281
4106,1916
4106,3178
4107,828
4108,1899
4109,1620
4110,1901
4111,1902
4112,1902
4113,1902
4114,1903
4115,1234
4116,1234
4117,1904
4118,1904
4119,1037
4119,1184
4120,475
4120,1521
4120,1646
4120,6268
4120,6724
4120,6751
4121,475
4121,1521
4122,1521
4123,475
4123,1521
4123,1646
4123,3774
4123,5934
4123,6268
4123,6724
4123,6751
4124,1906
4125,1906
4126,838
4126,1561
4127,1908
4128,1908
4128,6237
4129,1908
4130,1909
4131,154
4131,973
4131,1893
4131,1910
4131,2409
4132,1911
4133,1912
4134,610
4134,1913
4134,2930
4134,4201
4134,4985
4135,940
4135,1954
4135,7334
4135,8097
4135,9008
4136,1914
4137,1914
4138,1072
4138,1096
4138,1710
4138,8983
4139,1072
4139,2577
4139,5154
4139,8596
4140,622
4141,622
4142,622
4143,622
4143,5140
4144,1013
4145,1013
4146,1013
4146,3911
4147,1013
4148,1013
4149,1013
4149,3912
4150,1916
4150,6118
4150,7068
4151,1917
4152,986
4152,1992
4153,986
4154,986
4155,1577
4156,1918
4156,5787
4157,1577
4157,3464
4157,4055
4157,5441
4157,6932
4158,1919
4159,1919
4160,1919
4161,1832
4162,1920
4163,1920
4164,1920
4164,2315
4164,2458
4165,1921
4166,1922
4167,1922
4167,2292
4168,1923
4169,1286
4170,1923
4170,8704
4171,1923
4172,1924
4173,1924
4174,1924
4175,1925
4175,2476
4175,8215
4176,1925
4177,1925
4178,1927
4178,4072
4179,1013
4180,1618
4180,7961
4181,1423
4182,1929
4183,1337
4183,1883
4184,1337
4184,1668
4185,1931
4186,1931
4187,1932
4188,1931
4189,1931
4190,1932
4191,1934
4192,1935
4192,3122
4192,3353
4192,7401
4193,1935
4193,3353
4193,3881
4194,1936
4194,1951
4194,3123
4194,3354
4194,3591
4194,3882
4194,4216
4194,4662
4195,1937
4196,1937
4196,4686
4197,552
4198,191
4198,608
4198,1938
4199,320
4199,1453
4199,1753
4199,1939
4199,1972
4199,2621
4199,6376
4199,6986
4199,8303
4200,268
4200,1068
4200,1284
4200,8379
4200,9305
4201,1938
4202,1388
4203,1940
4203,2759
4204,1941
4205,1941
4205,4589
4206,1942
4206,2959
4206,3483
4206,3581
4206,3697
4206,6124
4206,7531
4207,1472
4207,1943
4208,1472
4208,1943
4209,1139
4209,1472
4209,1943
4209,1992
4209,2041
4210,1472
4210,1943
4211,1109
4211,5832
4212,1232
4213,4
4213,1916
4213,1946
4213,5976
4214,622
4214,1947
4214,5140
4215,1951
4216,1952
4217,1952
4218,1952
4219,1952
4220,1330
4220,1954
4221,1956
4221,5172
4221,8165
4222,1956
4223,1956
4224,1079
4224,1956
4225,1957
4225,7737
4226,1555
4226,1956
4227,1958
4228,1959
4229,1096
4230,1882
4230,2891
4230,3215
4231,1116
4231,1882
4231,2891
4231,3215
4231,5296
4232,1617
4232,1882
4232,2891
4232,3215
4233,1882
4233,2891
4233,3215
4234,1585
4235,14
4235,1354
4235,1585
4235,3246
4236,1585
4237,1585
4238,1237
4239,1237
4240,1237
4241,1962
4242,1962
4243,1963
4243,2215
4244,1963
4244,2215
4244,2898
4244,4481
4244,9483
4245,1963
4245,2215
4245,2533
4245,2898
4245,4481
4245,5998
4246,1111
4247,1964
4247,2876
4248,1955
4248,1965
4248,2417
4248,3191
4248,3703
4248,7893
4248,8949
4249,1048
4249,1966
4249,4317
4250,1143
4250,4612
4251,1143
4251,2256
4251,4510
4252,1143
4252,2162
4252,2256
4253,1969
4254,1969
4255,1970
4256,1970
4256,4655
4257,1970
4258,1121
4258,1970
4258,2614
4258,2625
4258,4655
4258,4826
4258,5892
4258,5912
4258,6670
4258,6674
4259,1971
4260,1971
4261,1388
4261,3479
4262,1753
4262,1972
4262,2621
4263,1622
4263,1753
4263,4750
4263,4965
4263,9045
4264,610
4264,1068
4265,1321
4265,1480
4265,1883
4265,2482
4266,1006
4266,1263
4266,1479
4266,2424
4267,1052
4267,1555
4267,1956
4267,3333
4267,8321
4267,9009
4268,610
4269,1973
4270,610
4270,1560
4270,5089
4271,1453
4271,1884
4271,1974
4272,847
4273,847
4274,847
4275,847
4276,1976
4277,1977
4278,1133
4278,1980
4278,2039
4278,4964
4278,6101
4278,6263
4279,690
4280,1981
4281,838
4281,1982
4281,2525
4281,6187
4282,1023
4283,1984
4284,1985
4285,1984
4286,1984
4287,1986
4288,81
4288,1007
4289,1987
4290,1217
4290,1988
4291,1217
4291,1988
4292,1988
4293,1988
4294,255
4294,890
4294,1378
4294,7855
4295,501
4295,5583
4296,1989
4297,1989
4297,2886
4297,3391
4297,5143
4297,5827
4298,1990
4299,1049
4299,2633
4299,4920
4299,5238
4300,109
4300,4921
4300,5239
4301,1117
4302,1991
4302,4224
4303,822
4304,1992
4305,1992
4306,1992
4307,1993
4308,822
4309,1079
4310,1079
4311,1079
4312,1079
4313,1079
4314,1994
4315,1994
4315,2397
4316,1994
4317,1064
4318,838
4318,1064
4318,2599
4318,6804
4318,7135
4319,501
4319,2624
4320,501
4321,848
4321,1049
4321,1995
4321,3914
4321,4031
4322,501
4322,2078
4322,2853
4322,9624
4323,501
4323,519
4323,7732
4324,1996
4325,37
4325,1064
4326,978
4326,1096
4327,1998
4328,692
4329,692
4329,2411
4329,5334
4330,1472
4330,1943
4331,1472
4332,1999
4333,2001
4334,2001
4335,2002
4336,173
4336,1398
4336,1640
4336,2003
4336,7428
4337,2004
4337,4035
4337,5982
4337,7427
4338,1640
4338,2003
4339,2006
4340,2007
4341,1956
4341,6911
4342,2008
4343,2008
4344,2009
4345,1617
4345,1956
4345,8726
4346,2010
4347,2010
4348,828
4349,2012
4350,2012
4351,2013
4352,1590
4352,2013
4352,5100
4352,7379
4353,1564
4353,4641
4353,4981
4354,552
4354,941
4354,1300
4354,1890
4354,5420
4355,1300
4355,1419
4355,1890
4355,4430
4355,4947
4356,2015
4357,1275
4358,1275
4359,1780
4359,2152
4360,1275
4360,2685
4361,1780
4362,610
4363,1232
4363,1894
4364,2016
4364,3154
4365,2017
4366,2018
4367,2019
4367,4915
4367,5414
4368,2020
4368,3752
4368,3753
4368,4916
4368,7181
4369,2021
4370,2022
4371,2023
4372,2023
4373,2022
4374,2024
4375,2024
4376,2024
4376,2393
4377,1213
4378,1213
4379,631
4379,1213
4379,1946
4380,1213
4381,2025
4382,2026
4383,2027
4384,2028
4384,5295
4385,2029
4386,2029
4387,401
4388,401
4389,1617
4389,3275
4389,3775
4390,2030
4391,2031
4392,2031
4393,1109
4394,1705
4394,2032
4395,1109
4396,2032
4397,1362
4398,2033
4398,2105
4398,3222
4398,4634
4399,1362
4400,2033
4400,2105
4400,4634
4401,2034
4402,2034
4403,2034
4404,2034
4405,2035
4406,1150
4406,4049
4407,986
4407,2036
4408,2037
4408,3758
4408,5943
4409,2038
4410,2038
4411,11
4411,940
4412,1200
4413,1131
4413,4755
4414,1131
4414,4396
4414,4755
4414,7507
4415,1131
4415,4396
4415,4755
4415,6093
4415,9017
4416,823
4416,3185
4417,1473
4417,1617
4417,2263
4418,2039
4419,1040
4419,1472
4419,1943
4419,7202
4419,8147
4420,1463
4420,2042
4420,3422
4420,3720
4420,3963
4421,2042
4422,1463
4423,1108
4423,2042
4423,2208
4424,1463
4425,2043
4426,2043
4426,3443
4427,1130
4427,1221
4428,1222
4428,2044
4428,6034
4428,6125
4429,2045
4430,1358
4430,9199
4431,2045
4432,1358
4432,1741
4433,2046
4434,2046
4435,2046
4436,2047
4437,1209
4438,2050
4439,2050
4440,2050
4441,1315
4442,1315
4442,9091
4443,2051
4444,501
4444,2051
4445,1234
4446,2052
4447,291
4448,291
4448,3544
4449,291
4449,3544
4450,291
4450,2847
4451,1227
4451,1585
4451,6627
4452,1088
4452,6637
4452,9023
4453,726
4453,1088
4453,4726
4454,2053
4454,2774
4454,3019
4454,6088
4455,1507
4455,1585
4455,1997
4456,2054
4457,1627
4457,2055
4457,5238
4457,8887
4458,2055
4459,2054
4460,191
4460,1300
4460,2056
4460,8273
4461,787
4461,822
4461,1729
4461,2057
4461,2071
4461,2180
4461,2489
4461,6825
4461,9001
4462,1072
4462,1617
4463,2059
4464,2059
4465,2059
4465,6545
4465,7268
4466,2059
4467,1719
4468,1719
4469,1292
4470,1292
4471,2060
4472,1292
4473,1292
4473,4044
4474,1388
4475,191
4475,608
4475,659
4475,2061
4475,2785
4475,3679
4475,6478
4476,2062
4477,2062
4478,2062
4479,2063
4480,2063
4481,1042
4482,2065
4483,1960
4483,2065
4483,3646
4484,1116
4485,1330
4486,1064
4486,2525
4486,2951
4486,7711
4486,7815
4487,2067
4488,2070
4489,2070
4490,2070
4491,2070
4492,1709
4493,2072
4494,2073
4495,2073
4496,684
4496,2075
4496,3574
4497,1937
4497,2076
4498,2075
4499,1064
4499,6990
4500,375
4501,375
4502,494
4502,1483
4503,494
4503,1446
4503,1483
4503,2173
4504,2077
4505,2077
4506,2077
4507,2077
4508,1059
4508,2078
4509,2078
4510,1059
4510,2078
4511,2079
4512,2079
4512,3701
4513,2080
4513,2852
4513,4816
4514,2081
4515,2081
4515,7900
4516,2081
4517,2082
4517,5851
4517,9164
4518,2082
4519,2083
4520,2083
4521,2083
4522,1120
4522,1362
4522,2669
4522,4575
4523,1048
4524,1546
4525,1048
4526,1347
4527,1347
4528,1347
4529,342
4529,2084
4529,5534
4529,7468
4530,2084
4531,2084
4532,2084
4533,2084
4534,2084
4534,5534
4534,7468
4535,552
4536,1585
4536,1997
4537,1585
4537,1997
4538,1997
4539,1997
4540,2085
4541,2086
4542,2086
4542,3573
4543,1048
4544,1048
4545,1048
4545,1689
4545,1983
4545,2572
4545,2906
4545,7375
4546,2087
4547,2087
4548,1221
4549,1237
4549,1570
4549,1788
4549,3469
4549,3573
4549,6837
4549,7647
4550,940
4551,138
4551,940
4552,1132
4553,940
4554,2090
4555,817
4555,2091
4556,2092
4557,2092
4557,3556
4558,1109
4559,2094
4560,1479
4560,1791
4560,6655
4561,1109
4562,1109
4562,3706
4562,4986
4563,2095
4564,2095
4564,5730
4565,2095
4565,5730
4566,2095
4566,5730
4566,9183
4567,2
4567,2096
4567,2239
4568,2098
4568,4799
4569,2099
4570,2098
4570,4799
4570,7353
4570,9168
4571,2099
4572,2100
4573,610
4573,711
4573,725
4574,191
4574,610
4574,7764
4575,610
4575,711
4576,2101
4577,610
4577,711
4578,610
4578,711
4579,610
4579,711
4580,191
4581,1270
4582,1270
4583,1270
4584,1270
4585,1068
4586,890
4586,3575
4587,1058
4588,986
4588,1617
4588,2106
4588,7352
4589,2107
4590,2107
4591,2106
4591,2701
4591,3780
4592,2106
4593,1146
4594,1146
4595,1882
4596,1882
4596,2928
4597,2110
4598,2111
4599,2112
4600,2111
4600,5743
4600,6677
4601,2113
4602,1622
4603,1201
4603,1622
4605,191
4606,16
4606,191
4606,2836
4606,6058
4606,7672
4606,8142
4607,994
4607,1297
4607,2317
4607,6473
4608,788
4608,994
4608,1070
4608,7205
4609,492
4609,994
4609,1005
4609,1451
4609,2114
4609,2848
4609,4540
4609,6508
4609,9641
4610,823
4610,1330
4611,1330
4612,1330
4613,1137
4614,2115
4615,2116
4615,3617
4616,2116
4616,3617
4617,2117
4618,2118
4618,9056
4619,2119
4620,1187
4620,1882
4621,1882
4622,1882
4622,2904
4622,3895
4622,4739
4622,5572
4623,552
4623,2120
4624,2121
4625,2122
4626,838
4627,838
4628,838
4629,838
4630,2123
4631,2123
4631,4829
4632,1108
4632,2123
4632,4829
4633,1342
4633,2124
4633,3626
4634,1342
4634,2124
4634,3626
4634,4741
4634,7318
4634,7608
4634,8225
4635,2125
4635,3221
4636,2125
4637,1279
4638,1279
4639,2126
4640,2127
4641,2126
4642,1297
4642,5323
4643,1297
4643,4996
4644,2128
4644,4824
4645,2129
4645,4752
4645,6125
4646,2129
4647,2129
4647,2504
4647,2645
4647,4136
4647,4752
4647,6126
4647,6243
4648,2130
4649,2131
4650,2131
4651,1036
4652,818
4652,1473
4652,3775
4652,6840
4653,2133
4653,2157
4653,2214
4654,1473
4654,5505
4655,1473
4655,1617
4656,1072
4657,1138
4657,1778
4657,2680
4657,2973
4658,2134
4659,2134
4660,2135
4661,2135
4662,2136
4663,2136
4664,1143
4665,1143
4666,1143
4667,1258
4668,2137
4669,2138
4670,2139
4671,1800
4671,2140
4672,2141
4673,2141
4674,208
4675,1049
4676,2142
4676,3875
4676,8583
4677,2142
4677,3875
4677,8583
4678,202
4678,2143
4679,202
4679,2143
4679,5488
4679,9495
4680,2143
4681,2144
4682,2146
4683,115
4683,1044
4683,2108
4683,2358
4683,2705
4683,8985
4684,2147
4685,2148
4686,2148
4687,2148
4688,2149
4689,102
4689,1155
4689,1232
4689,1894
4689,3705
4689,6154
4689,8240
4689,9288
4690,1058
4691,2150
4692,2150
4692,4675
4693,824
4693,1072
4693,1096
4693,1116
4693,8983
4694,824
4695,118
4695,1189
4695,2152
4695,2491
4695,2765
4695,4094
4696,1330
4697,2153
4698,1006
4698,2577
4698,3746
4698,4558
4698,6010
4699,2154
4699,3210
4699,5161
4700,2154
4700,2445
4700,3210
4700,4367
4700,5161
4700,5162
4701,1472
4701,2154
4701,4367
4701,4604
4702,1284
4702,5187
4703,1068
4703,1284
4704,1992
4705,1135
4706,2155
4707,1064
4707,2291
4707,3299
4708,2156
4709,2156
4710,1660
4711,255
4712,255
4713,255
4714,255
4715,1064
4716,2157
4717,2158
4718,2157
4719,1300
4720,1300
4720,1362
4721,2159
4722,2050
4723,2050
4724,2160
4725,2161
4726,793
4727,2162
4728,2162
4729,1143
4729,2162
4730,2163
4731,2163
4732,1143
4732,2162
4732,3121
4733,1232
4733,2164
4733,2704
4734,1232
4735,1921
4735,2166
4735,7453
4735,7488
4736,2167
4737,1680
4737,2212
4737,3324
4738,1680
4739,1680
4740,1680
4740,5950
4741,2169
4742,1915
4742,2169
4743,1117
4744,242
4744,1279
4744,2170
4744,5614
4745,1279
4746,1279
4746,2889
4746,5614
4747,1296
4748,2157
4749,2157
4749,4280
4749,8311
4750,1012
4751,1014
4752,1072
4752,1096
4752,1446
4753,1209
4753,2172
4754,1446
4755,2174
4755,6513
4756,2174
4756,6513
4757,2175
4758,2175
4759,963
4759,2175
4760,1393
4761,1393
4761,7975
4762,1393
4763,1393
4764,2176
4765,2176
4766,2177
4767,2177
4768,1072
4769,1072
4770,1072
4771,1072
4771,1710
4772,1196
4772,2178
4773,1196
4773,2178
4774,2179
4775,2179
4776,2179
4777,2179
4778,1155
4779,191
4780,2180
4781,2181
4782,2180
4783,1480
4783,2182
4783,2482
4784,578
4784,2183
4784,6040
4785,2184
4786,1013
4786,3172
4786,4168
4787,1937
4787,2185
4788,691
4788,2186
4789,2187
4790,2187
4790,2594
4790,2822
4790,4427
4790,9398
4791,2187
4792,2187
4793,2187
4794,1038
4795,2188
4796,2188
4797,2188
4798,2189
4799,2188
4800,986
4801,986
4801,987
4801,1228
4802,1706
4803,1189
4803,1706
4803,1756
4803,2862
4803,3685
4803,6089
4803,8289
4804,481
4804,1287
4805,2193
4806,2193
4807,2193
4808,2193
4809,1472
4810,2194
4811,2195
4812,2195
4813,2196
4814,2197
4814,5139
4815,2198
4816,2198
4817,2199
4818,2200
4819,1116
4820,62
4820,1337
4820,2400
4821,2202
4822,978
4823,2203
4823,2246
4823,2345
4823,5791
4823,5900
4824,2204
4824,5899
4824,6713
4825,904
4826,1064
4826,2599
4826,4193
4827,1064
4828,1064
4829,1213
4830,1057
4830,1064
4830,2599
4831,2207
4832,2208
4833,2208
4833,9068
4834,2208
4835,2209
4836,2209
4837,2209
4838,2209
4839,2210
4840,2210
4841,1231
4841,1473
4841,2068
4842,2211
4843,1175
4843,1231
4844,1072
4844,1231
4844,4362
4845,847
4845,2255
4846,978
4847,847
4848,2213
4848,4000
4848,4760
4849,1956
4850,1956
4850,5193
4851,2157
4852,1315
4853,1317
4854,2217
4855,2217
4856,2217
4857,2217
4858,2217
4859,2217
4860,2217
4861,2217
4862,1237
4863,1237
4864,1237
4865,1237
4866,1237
4867,1146
4867,1237
4868,1237
4869,1237
4870,1237
4871,1237
4872,1237
4873,2211
4873,9605
4874,2211
4874,9605
4875,2211
4875,2616
4875,5241
4875,9605
4876,2211
4876,9605
4877,2211
4877,9605
4878,2211
4879,552
4880,824
4881,824
4882,824
4883,1144
4883,5393
4884,2218
4885,2218
4886,2219
4886,4297
4887,2220
4887,2237
4888,2221
4888,5744
4889,2222
4890,2222
4891,2222
4892,501
4892,2222
4893,2223
4894,2223
4895,2224
4895,5851
4895,9164
4896,1059
4896,4400
4897,2226
4897,2607
4898,1263
4898,2227
4899,2227
4899,7358
4900,96
4900,522
4900,4696
4901,68
4901,96
4901,4696
4901,6624
4902,1117
4902,1347
4902,2722
4903,837
4904,1710
4905,2228
4906,1181
4907,2229
4908,1125
4909,2230
4910,2232
4910,7053
4911,2230
4912,1721
4913,303
4913,3299
4913,7170
4913,8293
4914,2234
4915,2235
4916,2236
4917,2235
4918,2238
4919,2240
4920,2241
4921,2242
4922,2242
4923,491
4923,691
4923,2586
4923,2839
4924,1064
4925,1040
4926,1040
4927,1040
4928,1040
4929,1040
4929,2243
4929,8148
4930,2244
4931,936
4931,2244
4931,2259
4931,4746
4931,7999
4931,8614
4932,2245
4932,2346
4933,725
4933,847
4933,3527
4933,7720
4934,725
4934,847
4935,2247
4936,2248
4937,191
4938,16
4938,191
4938,2100
4938,5813
4939,1232
4940,191
4941,1529
4942,2250
4943,2251
4944,2252
4944,9352
4946,2256
4946,5783
4947,1502
4948,2256
4948,3837
4948,5783
4949,2257
4950,2257
4951,1157
4951,2258
4952,2258
4953,2260
4954,989
4955,2261
4956,2261
4957,2262
4958,1473
4958,2263
4959,1231
4959,2264
4960,1231
4960,2263
4961,1072
4962,986
4962,1231
4962,1617
4962,2265
4962,7728
4963,2036
4963,2263
4964,1795
4965,1795
4966,2267
4967,2268
4968,1057
4968,2269
4969,1330
4970,1004
4971,2270
4972,115
4972,1657
4972,2108
4973,2273
4974,2273
4975,2273
4976,2273
4977,2276
4978,2277
4979,2278
4980,2039
4981,2278
4981,8916
4981,9334
4982,2278
4983,2279
4984,2279
4984,2289
4984,8102
4985,2279
4985,2289
4986,2280
4987,2280
4988,837
4988,2282
4988,3378
4989,1825
4989,4379
4990,1825
4991,2283
4992,2283
4993,1026
4994,1026
4995,1026
4995,3271
4996,1388
4996,2441
4997,2284
4997,6263
4998,1388
4999,1388
5000,1388
5001,2285
5002,2286
5003,1932
5004,1057
5004,1686
5005,1057
5005,1686
5005,3530
5005,6507
5006,2287
5006,3193
5007,2212
5007,2288
5008,2289
5009,2289
5010,2289
5011,2289
5012,2290
5013,2290
5014,2290
5015,1472
5016,1660
5017,1660
5018,2293
5019,378
5019,2294
5020,2293
5021,2295
5022,2297
5023,2297
5024,2297
5025,2298
5026,1064
5026,1711
5026,2654
5026,3299
5026,7528
5026,8652
5026,9357
5027,501
5027,890
5027,2738
5028,2299
5029,1610
5030,2300
5031,1906
5032,1906
5033,2301
5034,2301
5035,2301
5036,2301
5037,62
5037,552
5038,578
5038,632
5038,1064
5038,1175
5038,2798
5038,3299
5038,6040
5038,6106
5038,9376
5039,1585
5039,1717
5039,1997
5039,2503
5039,4512
5039,4743
5039,9631
5040,828
5040,890
5040,2302
5040,3500
5040,3683
5041,14
5041,1585
5041,2863
5041,3555
5041,3740
5041,4512
5041,9145
5042,1585
5042,4512
5043,2303
5044,2304
5044,5930
5045,2304
5046,2305
5047,2306
5047,3065
5048,1196
5049,2032
5049,3856
5049,4691
5050,2309
5050,8001
5051,2309
5052,1064
5052,4000
5053,2310
5053,3381
5054,1529
5054,2311
5054,8895
5055,1529
5055,2311
5056,2312
5057,2037
5058,2037
5058,3167
5059,1480
5059,2037
5059,4907
5060,2313
5061,1068
5062,610
5062,1326
5062,7814
5063,2315
5063,3650
5064,14
5064,1585
5065,2316
5066,838
5067,1079
5068,1079
5069,1079
5070,1079
5071,2317
5072,2317
5072,3490
5072,4394
5072,9089
5073,1399
5073,7350
5074,2318
5075,1010
5075,3770
5076,1010
5076,3770
5077,1010
5078,1010
5079,1010
5079,3770
5079,5345
5080,1916
5080,2320
5080,2441
5080,3649
5080,6115
5080,6150
5080,7068
5081,2320
5081,5620
5082,1640
5082,4145
5083,1581
5083,2322
5084,1388
5084,2324
5084,5402
5084,5835
5084,6027
5085,1388
5086,2326
5087,823
5087,6079
5088,2327
5089,2327
5090,2327
5090,6079
5091,2327
5092,2292
5093,2292
5093,3682
5093,5000
5094,2143
5095,1145
5096,1145
5096,4675
5097,1595
5097,1972
5097,5315
5097,6457
5098,2328
5099,817
5099,1270
5099,3714
5100,2329
5101,2330
5102,2330
5103,2330
5104,2330
5105,2330
5106,2331
5107,2332
5108,2332
5109,2332
5109,8748
5109,8858
5110,1006
5110,2333
5110,2424
5110,6655
5110,6793
5111,986
5112,1202
5112,1393
5113,291
5113,1617
5113,2472
5114,291
5114,2334
5115,291
5116,1823
5116,1875
5117,1824
5117,2205
5117,2547
5118,1823
5118,1875
5119,2335
5120,2335
5121,1297
5121,2338
5122,2339
5123,331
5123,3414
5124,331
5124,3414
5125,331
5126,501
5126,519
5127,941
5127,6173
5128,973
5128,4605
5129,973
5130,2340
5131,1423
5131,2340
5131,2341
5131,6110
5132,1791
5133,935
5133,1704
5133,2344
5133,7320
5134,2347
5134,2526
5134,5830
5135,2315
5135,2526
5135,2546
5136,2315
5136,2526
5137,2315
5137,2526
5137,2546
5138,2315
5139,2315
5140,2315
5141,2315
5142,2315
5142,2458
5143,2315
5144,1345
5144,2315
5144,3407
5144,3661
5144,4083
5144,6113
5145,2315
5145,3407
5145,4083
5146,88
5146,552
5146,1181
5146,1871
5146,2348
5146,3336
5146,3373
5146,3407
5146,3662
5146,5267
5146,5594
5147,1871
5147,2315
5147,2526
5147,3407
5147,3439
5147,3661
5147,4083
5148,1013
5148,6522
5149,2349
5150,1013
5151,2351
5151,6002
5152,2351
5152,6002
5153,2351
5154,2351
5155,2351
5156,2351
5156,6001
5157,2352
5158,2354
5159,2353
5160,2354
5161,2355
5162,2355
5163,2356
5164,1234
5165,1292
5166,817
5167,1004
5167,3329
5168,2359
5169,1951
5169,4642
5169,4887
5170,2219
5170,4297
5171,2219
5171,4297
5172,255
5173,255
5174,255
5175,608
5175,659
5176,608
5176,659
5176,7316
5176,9525
5177,495
5177,608
5177,659
5178,2360
5178,5263
5179,2360
5180,2360
5181,978
5181,2361
5181,2879
5181,4080
5181,4938
5181,6057
5181,6779
5181,9012
5182,1585
5182,2363
5182,5849
5182,7438
5183,2363
5184,14
5184,1021
5184,1229
5184,1585
5184,2363
5184,4743
5184,5777
5185,1135
5186,2364
5187,2365
5187,2617
5187,6695
5188,2368
5189,2370
5190,1651
5190,2371
5190,3665
5191,2372
5192,2373
5193,1651
5193,2371
5193,3665
5194,2374
5194,7264
5195,2374
5196,284
5196,1012
5196,1111
5196,3434
5197,1012
5197,1111
5198,2375
5199,2375
5200,1013
5200,1489
5200,5638
5201,1013
5201,2956
5202,1489
5202,3288
5202,6808
5203,2376
5204,2377
5205,2378
5206,2378
5207,2377
5208,978
5208,1013
5208,6630
5208,8640
5209,1013
5209,5663
5209,6531
5210,684
5210,1013
5210,3574
5210,5005
5211,2379
5212,2380
5213,2381
5214,501
5215,2382
5216,2382
5217,2382
5218,1438
5218,2382
5219,2383
5220,109
5220,162
5220,2383
5220,9343
5221,109
5221,162
5221,2383
5221,6964
5221,9343
5222,1388
5223,986
5223,1037
5223,1473
5223,1617
5224,986
5224,1231
5224,1473
5224,2036
5225,2384
5225,5033
5226,2385
5227,2385
5228,552
5228,1181
5229,552
5229,1181
5230,2386
5231,2386
5232,2388
5232,4203
5232,5431
5232,6166
5232,6883
5232,7789
5233,2390
5234,2390
5234,3465
5234,6074
5235,1354
5235,1585
5235,2392
5235,3246
5235,3739
5235,7075
5236,1330
5237,1330
5238,978
5239,552
5240,1409
5240,2430
5241,1409
5242,2395
5243,2395
5244,2395
5245,2395
5246,1636
5247,2396
5248,1302
5249,1636
5250,1636
5250,8806
5251,1585
5252,1929
5253,1929
5254,2397
5254,3112
5255,2398
5256,978
5257,2400
5258,2400
5259,2400
5260,1791
5260,3130
5261,1791
5261,3130
5262,1791
5262,3130
5263,1105
5263,2402
5264,345
5264,1633
5264,4620
5264,5586
5265,1633
5265,4620
5265,5586
5266,597
5266,2404
5267,769
5268,828
5268,1307
5269,769
5271,1698
5271,2407
5273,2408
5274,2408
5275,608
5276,608
5277,608
5278,692
5278,2411
5278,5334
5279,692
5279,1713
5279,2411
5279,5334
5279,9545
5280,2411
5281,2412
5282,2413
5283,843
5284,843
5285,197
5285,843
5285,2494
5286,1021
5286,1585
5287,1021
5288,1021
5289,1021
5290,1704
5291,529
5291,935
5291,1704
5292,2414
5293,2414
5294,2416
5294,5785
5294,5879
5295,973
5295,974
5295,5316
5296,1064
5297,2417
5297,7149
5298,2419
5299,2420
5300,2417
5300,3816
5301,1937
5302,1937
5302,4686
5302,5645
5303,1263
5304,2292
5305,2292
5306,2422
5307,2422
5308,1162
5309,1162
5309,1976
5310,1159
5311,1159
5312,1479
5313,1006
5313,1133
5314,2425
5315,2425
5316,2425
5317,2425
5318,2426
5318,6028
5319,2427
5320,2428
5321,2429
5322,1274
5322,1955
5322,2427
5322,4797
5322,7986
5323,1732
5323,2406
5323,7866
5324,2432
5325,2432
5326,2432
5327,2432
5328,2432
5329,2435
5330,2435
5331,2435
5332,1958
5333,1958
5334,978
5334,1465
5335,847
5335,1992
5336,1825
5336,6072
5337,1825
5338,994
5339,1059
5340,1059
5340,7272
5341,1059
5341,7272
5342,1059
5342,2084
5343,1059
5344,2439
5345,2439
5346,2146
5346,5222
5347,1070
5347,4164
5348,1070
5348,4164
5348,7698
5349,2440
5350,1013
5351,1585
5351,2441
5351,3388
5352,1718
5352,2441
5352,3388
5352,4348
5352,6150
5353,2208
5354,14
5354,1227
5354,1354
5354,1526
5354,3339
5354,3796
5354,9362
5355,191
5355,1611
5356,191
5357,2442
5358,2443
5359,2442
5360,2154
5360,2444
5360,3211
5360,4605
5361,2445
5362,726
5362,1072
5362,2154
5362,2445
5362,5162
5363,2154
5363,2445
5364,2154
5364,2446
5365,2154
5365,2446
5366,2447
5367,608
5367,2447
5368,608
5368,2447
5369,2447
5371,1079
5372,2448
5373,1565
5374,1419
5375,2449
5376,2449
5377,2449
5378,2451
5379,1034
5380,1035
5381,2452
5382,2453
5382,5974
5383,2453
5384,539
5384,1779
5385,2239
5386,2239
5387,2
5387,2239
5388,1263
5389,1263
5389,3028
5390,1200
5390,2454
5390,5952
5390,8595
5391,2455
5392,1288
5393,1388
5394,1388
5395,1388
5396,550
5396,1025
5396,2456
5396,4120
5397,2456
5398,2456
5399,2456
5400,2456
5401,2458
5402,2458
5403,1479
5403,2107
5403,3146
5404,1729
5405,1384
5405,1840
5405,2033
5406,1118
5406,5647
5407,2461
5407,7142
5408,2461
5409,2462
5410,2463
5411,2463
5412,2464
5413,2464
5414,2464
5415,1318
5416,2465
5417,2466
5418,2467
5419,2468
5420,1317
5421,1079
5421,1317
5421,1556
5421,6452
5422,1317
5423,1079
5423,1317
5423,8026
5424,1388
5424,3479
5425,837
5425,5402
5426,2469
5427,2470
5428,2471
5429,2472
5430,1440
5431,2473
5432,2473
5433,2474
5433,3687
5434,2474
5435,1292
5436,1292
5437,1279
5437,3566
5437,7869
5438,2475
5438,2537
5438,6534
5439,2475
5440,1279
5440,5716
5441,1423
5442,2476
5443,2476
5444,2476
5445,2333
5445,2477
5445,3833
5446,24
5446,191
5447,2479
5448,2480
5449,2481
5450,2481
5451,2483
5452,2483
5453,2483
5454,2484
5455,2483
5456,2485
5457,2485
5457,6248
5458,2486
5458,2877
5459,2486
5459,2877
5460,2486
5461,1257
5462,1159
5463,1079
5463,1506
5464,1079
5465,1079
5466,2304
5467,1555
5468,1555
5469,2487
5469,8787
5470,2487
5471,2487
5471,8787
5472,2488
5473,2488
5474,2488
5475,2489
5476,2489
5476,4671
5477,552
5477,1072
5478,2490
5479,2490
5480,2490
5481,2491
5482,2491
5482,2696
5482,2765
5482,5300
5483,1556
5484,2492
5485,2492
5486,2493
5486,5515
5487,2493
5487,5515
5488,2493
5489,2043
5489,2493
5489,5515
5490,2119
5491,1453
5491,2119
5492,2495
5493,2496
5494,2497
5495,2497
5496,2499
5496,6770
5497,1137
5497,1488
5497,9344
5498,191
5498,1215
5498,5597
5499,2504
5499,6243
5500,2504
5501,2505
5502,2505
5503,2505
5504,2505
5505,2505
5506,378
5506,2506
5506,6473
5506,6997
5506,7131
5506,7870
5507,2506
5508,373
5508,1278
5508,2507
5509,2508
5510,2509
5511,1278
5511,2507
5512,1004
5512,1263
5512,2511
5513,2512
5514,1112
5514,1263
5514,2513
5515,1515
5516,1850
5516,2514
5517,1048
5517,1983
5517,6872
5518,2515
5519,2516
5520,2515
5521,2515
5521,4463
5522,2517
5523,1954
5524,1688
5524,2518
5524,4418
5525,2519
5526,1434
5527,2089
5527,2520
5527,4125
5528,2521
5529,2521
5529,6162
5530,2521
5530,6162
5531,2521
5532,2521
5533,2521
5534,110
5534,2307
5534,2521
5534,3799
5534,4676
5534,6162
5534,7254
5535,24
5536,16
5536,24
5536,191
5536,4028
5536,4071
5536,4794
5536,9005
5537,16
5537,24
5537,191
5537,4028
5537,4071
5537,4794
5537,9005
5538,16
5538,24
5538,191
5538,4071
5538,4794
5538,5079
5538,9005
5539,2522
5540,1705
5541,1705
5542,1705
5543,2524
5544,2524
5544,5191
5545,2524
5546,2526
5547,2527
5548,2527
5548,8546
5549,2033
5549,3599
5550,1053
5550,7767
5550,8425
5551,1053
5551,3414
5551,4052
5551,9390
5551,9413
5552,2531
5552,6725
5552,8105
5553,2531
5554,2532
5555,769
5556,2533
5557,552
5558,552
5558,909
5559,1549
5560,2535
5560,6230
5560,7655
5560,9359
5561,1549
5562,1549
5563,1317
5564,1317
5565,838
5565,1064
5566,1341
5567,1341
5567,4090
5567,5697
5568,1237
5568,1570
5568,1657
5569,2475
5569,2537
5570,2538
5571,2539
5571,2696
5572,2475
5572,2537
5572,6534
5573,2539
5573,2540
5573,2696
5573,8377
5574,2537
5574,2697
5574,6534
5575,191
5576,1555
5577,2541
5577,4373
5578,2541
5579,2541
5580,2542
5581,1014
5582,2543
5583,191
5584,191
5584,4773
5585,2544
5586,2545
5587,2544
5588,1116
5588,1617
5589,255
5590,255
5591,2526
5591,2546
5591,8604
5592,2315
5592,2526
5592,2546
5592,3407
5593,1200
5594,1200
5595,989
5595,1884
5595,2145
5596,818
5597,2548
5598,2548
5599,2549
5600,818
5601,2550
5602,2551
5603,2550
5604,2553
5604,2757
5604,9012
5605,291
5605,2553
5605,3092
5606,2553
5606,3923
5607,2157
5607,2554
5607,6244
5608,1010
5608,2555
5608,5386
5609,1228
5609,2474
5609,4955
5610,2556
5611,1064
5611,5668
5612,1064
5614,1300
5614,1921
5615,941
5615,1300
5615,2672
5615,3267
5615,4947
5616,1744
5616,7315
5617,2557
5618,2557
5619,1109
5619,3130
5619,4986
5620,610
5621,610
5622,159
5623,1058
5624,1300
5624,1419
5625,2559
5625,6094
5625,9177
5626,2559
5627,214
5627,474
5627,1434
5627,2560
5627,3611
5627,4900
5627,6288
5627,6942
5628,2561
5629,2562
5630,2562
5631,2562
5632,2563
5633,2563
5634,2564
5635,557
5635,2569
5635,5156
5636,557
5636,1960
5636,2134
5636,2569
5636,3002
5636,3052
5636,4168
5636,5017
5636,5156
5636,5538
5637,2570
5638,1162
5639,1162
5640,234
5640,1162
5640,9610
5641,1162
5641,9610
5642,14
5642,80
5642,1064
5642,1657
5642,2108
5642,2253
5642,3299
5642,6640
5642,8985
5643,2573
5643,2987
5643,5087
5644,2574
5644,4421
5644,6566
5645,2574
5645,4421
5646,2575
5647,1117
5648,726
5648,1152
5648,2577
5648,3042
5648,4108
5649,890
5649,2578
5649,6136
5650,2579
5651,973
5652,2581
5653,1446
5653,2581
5654,2583
5655,2584
5656,2585
5657,2585
5658,2585
5659,501
5659,2585
5660,501
5660,940
5660,1954
5660,7334
5660,7990
5661,1175
5661,2183
5661,7041
5661,7906
5662,632
5662,1175
5662,2183
5662,4039
5663,2586
5664,2562
5665,2442
5665,2586
5666,1234
5667,1234
5668,1577
5668,3522
5669,1577
5669,3522
5670,191
5670,610
5670,5629
5671,1521
5672,191
5672,5629
5672,8688
5673,191
5674,1568
5675,1568
5675,3562
5676,2588
5677,2588
5678,2589
5679,2590
5680,610
5680,711
5680,2591
5681,2592
5682,2592
5683,2592
5684,2592
5684,9146
5685,2593
5686,255
5687,255
5688,255
5689,255
5690,255
5691,2187
5692,1132
5692,2595
5692,8071
5693,1097
5693,2596
5694,847
5694,1139
5694,1428
5694,1992
5694,2255
5694,8095
5694,9298
5695,978
5696,978
5697,191
5698,941
5699,1131
5699,2208
5700,2208
5700,2598
5700,3271
5700,3421
5700,6806
5701,2208
5701,4423
5702,1388
5703,1560
5704,1122
5705,1122
5706,986
5707,2602
5708,2602
5709,986
5710,986
5711,2602
5712,2603
5713,2603
5714,1241
5714,2603
5715,1352
5715,2604
5715,7270
5716,2605
5716,2775
5717,1480
5717,2482
5717,2810
5717,5203
5718,1480
5718,2482
5719,1622
5720,1622
5721,400
5721,986
5721,1049
5721,2036
5722,986
5722,2036
5722,2940
5722,6638
5723,1883
5724,1893
5725,1263
5726,2611
5726,2970
5726,3235
5727,994
5728,2612
5729,2613
5730,2614
5731,2615
5731,5700
5732,2615
5732,3103
5732,5700
5733,2615
5733,5700
5734,2211
5734,2616
5735,2211
5735,2616
5735,6151
5736,2616
5736,5070
5737,2617
5738,2617
5739,1219
5740,37
5740,1231
5740,4682
5741,2618
5742,2208
5743,2208
5744,2208
5745,1740
5746,191
5746,838
5746,1064
5746,2525
5746,6201
5746,6804
5746,7086
5747,986
5747,1072
5747,1096
5747,1883
5747,8984
5748,1753
5748,1972
5748,2621
5749,1068
5749,5159
5750,2622
5751,2622
5752,2623
5752,3696
5752,5468
5752,5908
5753,2623
5753,5468
5754,2417
5754,3744
5754,5907
5755,2626
5756,2626
5757,2627
5758,2628
5758,5593
5758,6626
5758,6893
5758,8190
5759,2040
5759,2628
5759,3048
5759,5593
5759,6626
5759,6893
5759,8190
5760,1209
5761,2
5761,634
5761,890
5761,1219
5761,1281
5761,1378
5761,1849
5761,2474
5761,2605
5761,2629
5761,3910
5761,4240
5762,890
5763,890
5764,828
5764,890
5764,1849
5765,2630
5766,1048
5766,1983
5766,2906
5767,2631
5767,2714
5767,4175
5768,2631
5769,2631
5769,4175
5770,2632
5771,2633
5772,1312
5773,1312
5774,2634
5775,2635
5776,2636
5777,1453
5777,2637
5778,1079
5778,6023
5779,2638
5780,2639
5780,9353
5781,1007
5781,4528
5782,1450
5782,3685
5782,4399
5782,4529
5783,710
5783,2640
5784,2641
5785,2642
5786,2641
5787,165
5787,1274
5787,1275
5788,1274
5788,2417
5788,3703
5788,3744
5789,2643
5790,2644
5791,2643
5792,2645
5793,2504
5793,2645
5794,1849
5795,2647
5796,2647
5796,2648
5796,9124
5797,2648
5798,2648
5799,2105
5799,4634
5800,2105
5801,2105
5802,1275
5803,1275
5804,1275
5804,2685
5805,2649
5806,1062
5806,1155
5807,1062
5808,1062
5809,2650
5810,2651
5811,2650
5812,2650
5813,2650
5814,2650
5815,2650
5816,2652
5817,2653
5818,2654
5819,2654
5820,2654
5821,2654
5822,2654
5823,2655
5824,2656
5825,2658
5826,1079
5827,2659
5828,2659
5829,2659
5830,2659
5831,2660
5832,2660
5833,1010
5833,5386
5834,1010
5834,2555
5834,2963
5834,6535
5835,818
5835,1279
5836,2661
5837,2661
5838,2661
5839,2662
5840,2662
5841,2662
5842,1473
5843,1159
5843,2567
5844,1330
5844,3095
5845,1330
5845,3095
5846,1071
5846,3145
5846,3445
5846,5567
5846,5740
5846,7751
5846,8109
5846,8332
5846,8638
5846,9621
5847,989
5848,1059
5848,1232
5848,4139
5849,1059
5849,1232
5850,2666
5851,1710
5851,2667
5852,1292
5853,1292
5854,1292
5855,1960
5855,2586
5856,2586
5857,1300
5857,2672
5858,2673
5859,2674
5860,2673
5861,2676
5862,2309
5862,2676
5863,1430
5864,1776
5865,1776
5866,2677
5867,1776
5868,2678
5869,2679
5870,2680
5870,2960
5871,1872
5871,2682
5872,1453
5872,1972
5873,1972
5874,284
5874,1012
5875,2683
5876,2684
5876,2842
5876,4349
5876,8459
5877,2684
5878,1345
5878,2684
5878,2842
5878,4349
5879,2684
5880,2684
5880,2842
5880,4349
5881,2685
5882,2685
5883,2686
5883,4670
5884,2686
5884,4670
5885,2686
5886,2686
5886,4670
5887,2687
5888,2688
5889,2688
5889,6684
5890,247
5891,247
5891,1029
5891,5072
5891,6910
5892,1823
5893,2689
5894,2689
5895,2689
5895,4616
5896,2689
5897,2690
5897,2751
5897,7235
5898,2690
5898,2751
5898,2905
5898,3521
5899,2690
5899,2751
5899,2905
5900,2691
5901,2691
5902,2691
5903,2692
5904,217
5904,8631
5905,1770
5905,2693
5905,5168
5906,2694
5907,2695
5908,2694
5908,3989
5909,2698
5910,2698
5911,2698
5912,2698
5913,1716
5913,2699
5913,6210
5914,1716
5914,2699
5914,6210
5915,1048
5915,1791
5916,1351
5916,2529
5917,2529
5918,2701
5919,191
5919,1227
5919,4318
5919,6581
5920,1219
5920,1227
5920,1572
5921,2702
5922,2703
5923,942
5924,942
5925,1058
5926,1058
5927,1005
5927,1122
5928,1005
5928,1023
5929,1005
5929,1109
5929,1122
5929,1263
5929,7338
5929,7453
5929,7488
5929,7693
5929,8124
5929,9083
5929,9322
5930,1005
5931,2705
5932,1044
5932,2705
5932,3674
5932,4769
5933,1108
5933,2208
5933,2864
5934,1117
5934,5409
5935,191
5936,24
5936,191
5936,2706
5937,986
5937,3302
5937,3695
5937,4678
5937,5128
5938,986
5938,2707
5938,3301
5938,3694
5938,5127
5938,8159
5939,2400
5940,2400
5941,2708
5942,2708
5942,7513
5943,24
5943,191
5943,552
5944,2709
5945,2710
5946,552
5947,2711
5948,2712
5949,154
5949,973
5949,1232
5949,1893
5950,154
5950,973
5950,1893
5951,2713
5951,5164
5951,7757
5952,2631
5952,2714
5952,4175
5953,1956
5953,2715
5953,3325
5954,2716
5954,5215
5955,991
5956,986
5956,2036
5956,7508
5957,1988
5958,2586
5958,6787
5958,7300
5959,1072
5960,978
5960,2577
5960,2717
5961,2043
5961,3248
5961,5612
5961,6836
5961,7161
5961,7647
5962,828
5962,890
5962,2043
5962,2520
5962,3248
5962,3413
5962,3552
5962,5108
5962,6074
5962,6836
5963,828
5963,1788
5963,2043
5963,2520
5963,3248
5964,890
5964,1037
5964,1040
5964,1281
5964,2620
5964,5111
5965,1068
5966,1068
5967,1068
5968,268
5968,1068
5969,890
5969,3030
5970,890
5970,1307
5970,1849
5970,5434
5970,6404
5971,1213
5971,2720
5972,2720
5973,1694
5974,1694
5975,1694
5976,2725
5977,2726
5978,2727
5979,2725
5980,1414
5981,2728
5981,2736
5981,2805
5981,4834
5981,4858
5981,4893
5982,2729
5983,2729
5984,1014
5984,1162
5984,8111
5985,1162
5986,1162
5987,2730
5988,1695
5989,1695
5990,1695
5991,1695
5992,1695
5993,2731
5994,2731
5995,2732
5996,2732
5996,8480
5997,1489
5997,6808
5998,1080
5998,8481
5998,9628
5999,2733
6000,2734
6001,1438
6002,501
6003,501
6004,1463
6004,2735
6004,3720
6005,491
6005,2735
6006,2736
6006,4153
6006,4834
6007,1010
6008,2737
6009,2738
6010,978
6011,1072
6012,1072
6012,1096
6012,1710
6013,1072
6014,1072
6015,191
6016,610
6017,2739
6018,2739
6019,2740
6020,2740
6021,2741
6022,2742
6023,2742
6023,2767
6024,1699
6024,2743
6024,4822
6024,6437
6025,2744
6026,1636
6026,2745
6026,4158
6027,2746
6027,7555
6028,1122
6028,2746
6029,1122
6029,2746
6029,7693
6030,2747
6031,2748
6032,2748
6033,2748
6034,1643
6034,2749
6035,2750
6036,2750
6037,2751
6038,2751
6039,2752
6040,2751
6041,899
6042,1352
6043,2754
6044,2755
6045,2754
6046,2756
6047,1263
6048,994
6048,1023
6048,4343
6048,4398
6049,2758
6050,1021
6050,1229
6051,1117
6051,1605
6051,4792
6051,7154
6051,7274
6052,1117
6053,2422
6054,2760
6055,1146
6056,2761
6057,2762
6058,2762
6059,2763
6060,2763
6063,302
6064,2765
6065,2766
6066,2767
6067,937
6067,994
6068,1109
6069,824
6069,1884
6069,1937
6070,2769
6071,2770
6072,2771
6073,890
6073,1132
6073,3172
6073,3290
6073,3785
6074,2772
6074,5036
6075,2773
6076,2773
6076,5037
6077,828
6077,890
6077,1307
6077,4335
6077,7519
6078,828
6078,837
6078,890
6078,4391
6078,9197
6079,2774
6080,2776
6081,1330
6082,583
6083,1330
6084,2777
6084,3116
6085,2779
6086,1948
6087,1948
6088,2780
6089,2780
6090,710
6091,710
6092,2393
6092,6505
6093,2393
6093,5065
6093,6505
6094,2393
6095,1172
6096,1202
6096,1393
6096,3516
6096,7868
6097,2781
6098,1202
6099,1994
6100,1893
6101,973
6101,1893
6101,4934
6102,2721
6102,3189
6102,6184
6103,2721
6104,552
6105,552
6105,2061
6105,6595
6106,2782
6107,2782
6107,7336
6108,1509
6108,4997
6109,2783
6110,1985
6110,2785
6110,3679
6111,2785
6111,2908
6111,3679
6111,6478
6112,2785
6112,6478
6113,2785
6114,2786
6115,1384
6116,2787
6117,2788
6117,3384
6117,4185
6118,2788
6118,3385
6118,4185
6119,2789
6120,2252
6121,2790
6122,2790
6123,2252
6124,2791
6125,2792
6126,1176
6127,2793
6128,2789
6129,2794
6130,1577
6131,2789
6132,1384
6133,1232
6134,1062
6134,1232
6135,1232
6136,1232
6137,2795
6138,2796
6139,2797
6140,1181
6140,2798
6141,2798
6141,3485
6142,1072
6143,1072
6143,1096
6144,1072
6145,1072
6146,1072
6147,2521
6148,110
6148,2521
6149,847
6150,847
6151,847
6151,1139
6152,1951
6152,2801
6153,2802
6154,2802
6155,2803
6156,1899
6156,8005
6157,1899
6158,1899
6159,1899
6159,6538
6160,2807
6161,1614
6162,1278
6163,1480
6163,2424
6163,2809
6163,6412
6163,8905
6164,154
6164,164
6164,1627
6164,2811
6164,5238
6165,2811
6166,2811
6167,552
6168,552
6169,1162
6170,1162
6171,1131
6171,2812
6172,2813
6172,3417
6173,2814
6174,2814
6175,711
6175,1438
6176,847
6176,1097
6176,1139
6176,1438
6177,610
6178,2815
6179,2815
6180,2815
6181,2816
6182,2817
6183,2817
6184,989
6184,2818
6185,989
6185,2818
6186,1037
6187,2819
6188,1345
6189,2819
6190,1228
6191,882
6191,1388
6192,1120
6192,1929
6193,2820
6194,2820
6195,978
6196,1079
6197,1079
6198,2821
6198,4864
6198,4886
6199,2821
6199,4886
6199,8393
6199,9228
6200,1010
6200,2555
6201,2594
6201,2822
6202,2823
6203,2824
6204,2824
6205,104
6205,2823
6206,2825
6207,2827
6208,145
6208,2827
6209,2827
6210,145
6210,2827
6210,6912
6210,6943
6211,2333
6211,4475
6212,2829
6213,2829
6214,2830
6214,9590
6215,2833
6216,1899
6217,2833
6218,19
6218,2260
6218,3262
6218,7775
6219,2834
6220,2835
6221,2835
6222,2835
6223,2835
6224,191
6224,2836
6225,2827
6226,14
6226,691
6226,2840
6227,691
6227,2839
6228,2841
6229,2842
6230,529
6230,935
6230,1704
6230,1885
6230,2483
6231,2844
6232,2845
6236,202
6237,1068
6238,1068
6238,1284
6238,5890
6239,1931
6240,610
6240,1097
6241,51
6241,822
6241,4671
6241,7348
6242,2847
6243,1064
6243,1228
6243,1617
6244,2848
6245,1281
6246,2850
6247,847
6248,847
6248,2255
6248,8810
6248,9511
6249,24
6249,191
6250,24
6250,191
6251,2545
6252,2545
6253,2851
6254,2545
6255,2545
6255,6034
6256,1530
6257,2853
6258,2853
6259,2853
6260,631
6260,1053
6260,1213
6260,2854
6261,2855
6262,1961
6263,2853
6264,2856
6264,6594
6265,1058
6266,1743
6267,2858
6268,978
6269,978
6270,1384
6271,1237
6272,847
6272,2011
6272,2255
6273,2860
6274,1726
6275,1609
6276,24
6276,191
6277,2861
6277,3273
6277,3811
6278,2861
6278,3208
6278,3273
6278,3811
6279,2861
6279,3273
6279,3811
6280,1071
6281,1010
6281,2555
6281,5386
6282,1997
6282,2863
6283,2864
6284,2864
6285,2865
6285,3935
6286,644
6286,3919
6287,2866
6288,2867
6289,2180
6290,1677
6290,1795
6290,2868
6291,1270
6292,2870
6293,2871
6294,2871
6295,2873
6296,2873
6297,2874
6298,2875
6299,2874
6300,1048
6301,552
6301,1799
6301,4917
6302,2878
6303,2329
6304,2877
6305,659
6305,2877
6306,1414
6307,375
6307,1237
6307,1570
6307,3469
6307,6056
6307,8008
6308,1473
6309,2880
6309,6199
6310,994
6311,994
6312,1564
6312,1916
6312,2320
6312,2881
6312,3403
6312,3452
6312,6109
6312,6118
6312,7068
6312,9040
6312,9051
6312,9492
6312,9542
6313,2883
6313,3403
6314,2882
6315,2883
6316,2885
6317,2885
6317,3391
6318,994
6318,2885
6318,3391
6319,1609
6320,1279
6321,2586
6321,2751
6321,2905
6321,4622
6322,1882
6322,2891
6322,2904
6323,2893
6324,2894
6325,2895
6326,2895
6327,2895
6328,2896
6329,2375
6330,2375
6331,2375
6332,2375
6333,191
6334,191
6335,191
6336,191
6337,191
6337,451
6338,191
6339,24
6339,191
6340,191
6341,1521
6341,2898
6342,1116
6342,5455
6343,2899
6344,2899
6344,5106
6345,2899
6345,5107
6346,2899
6346,5106
6347,2900
6348,2900
6349,1003
6350,2901
6351,1003
6352,2902
6353,2902
6354,1227
6354,4860
6355,1227
6356,1227
6356,4860
6357,1227
6357,4860
6358,973
6359,973
6360,973
6361,202
6361,1643
6362,202
6363,208
6363,1280
6363,3138
6364,634
6364,1280
6364,1643
6364,1685
6364,3138
6364,9493
6365,726
6365,1280
6365,1643
6365,7129
6366,2903
6367,2212
6368,1064
6369,1064
6370,2904
6371,2904
6372,552
6372,6125
6373,2634
6374,202
6375,1032
6377,1037
6378,1037
6378,3306
6379,1037
6379,3306
6380,1872
6381,2908
6382,2908
6383,2908
6383,3679
6383,6478
6384,2909
6385,191
6386,191
6387,191
6388,2910
6389,828
6389,890
6389,1228
6389,1849
6390,2911
6391,1960
6391,2911
6391,3646
6392,557
6392,1960
6392,2911
6392,3646
6393,1850
6394,1850
6395,2514
6395,2913
6396,1850
6397,2914
6398,2915
6399,2916
6400,2917
6401,1704
6402,1300
6402,1691
6402,1780
6403,1176
6404,1176
6405,1176
6406,1628
6407,1628
6408,2920
6409,2921
6410,1583
6410,2922
6411,1362
6412,1228
6413,1130
6414,1004
6414,1130
6415,1130
6416,2417
6417,1257
6417,2660
6417,2923
6417,3109
6417,7165
6417,8842
6418,2660
6419,2925
6420,2925
6421,2925
6421,7166
6422,1006
6422,2926
6422,4790
6423,2926
6423,3938
6423,4815
6423,5571
6423,7976
6424,2926
6425,2926
6426,2927
6426,4189
6427,2927
6428,978
6428,1755
6429,986
6429,1228
6430,1970
6430,5892
6430,6741
6431,1970
6431,5892
6431,5912
6431,6741
6432,2929
6433,1718
6434,940
6435,940
6436,1099
6437,1099
6438,2931
6438,3699
6439,2931
6440,2932
6441,2933
6442,890
6443,890
6444,191
6444,6200
6445,1972
6446,1453
6446,1972
6446,5340
6447,2934
6448,2935
6449,2935
6450,2936
6450,3376
6450,3763
6450,4454
6451,2936
6451,3376
6451,3763
6451,4454
6452,2936
6452,3763
6453,1931
6453,3238
6453,6420
6454,2937
6454,3237
6454,3240
6454,3826
6454,6084
6455,1931
6455,3238
6456,1850
6456,6053
6457,24
6458,24
6459,2938
6460,2938
6461,940
6461,2939
6462,986
6462,987
6462,2940
6462,5953
6463,1246
6464,2941
6465,2941
6466,2941
6466,5514
6466,5695
6467,2941
6467,5694
6467,5865
6468,16
6468,191
6469,191
6470,191
6471,2943
6471,3291
6471,6697
6472,1079
6473,62
6473,552
6473,1181
6473,2643
6473,3803
6474,2944
6475,1272
6475,5397
6475,7969
6476,1246
6477,1246
6478,847
6478,1139
6478,1992
6479,2947
6480,1972
6480,5758
6481,644
6482,644
6483,501
6484,1904
6485,728
6485,1561
6485,2562
6486,823
6486,2185
6486,2949
6486,3185
6487,1705
6487,3432
6488,1705
6489,16
6489,2951
6490,2952
6491,2952
6492,2953
6492,3946
6493,2953
6494,1951
6494,2953
6494,3946
6494,5233
6494,5245
6495,1006
6495,1992
6495,2954
6495,4283
6496,2956
6497,1013
6497,2956
6498,2957
6499,2958
6500,2389
6500,2958
6501,2958
6502,1087
6502,2962
6503,2963
6504,2619
6505,1155
6506,1044
6507,1352
6508,1155
6509,2965
6509,4459
6509,6172
6510,1155
6511,2966
6512,1960
6512,2967
6513,557
6513,1960
6513,2967
6514,2968
6515,2968
6516,2969
6517,2968
6518,2968
6519,2968
6520,417
6520,1117
6521,501
6522,1125
6523,501
6524,2153
6525,2970
6526,2970
6527,2971
6528,2972
6529,1893
6530,1093
6530,1138
6530,2483
6530,6405
6531,2974
6532,2974
6533,2975
6534,2975
6535,1064
6535,2599
6536,63
6536,2977
6537,1006
6537,1479
6537,5247
6537,5290
6537,7208
6538,2978
6538,4515
6538,5894
6539,1894
6540,1096
6541,2146
6541,2962
6541,3976
6541,7935
6542,2979
6543,2979
6544,2979
6545,2980
6546,1485
6547,828
6547,890
6547,1376
6547,3918
6548,2981
6549,2982
6550,2983
6551,2985
6551,5046
6552,1463
6552,2956
6553,2956
6554,2988
6555,2989
6556,2989
6557,2989
6558,2990
6559,2991
6560,2992
6561,2145
6561,3083
6561,5595
6561,7656
6562,191
6563,823
6564,1117
6565,1117
6566,2994
6567,319
6567,2994
6568,2994
6569,2685
6570,2620
6571,2995
6572,1192
6572,2996
6573,1473
6573,2263
6574,1388
6574,3689
6575,1388
6576,2997
6577,1450
6577,2998
6577,6742
6577,7979
6578,2999
6579,1450
6579,1706
6579,2999
6579,3685
6579,5337
6580,3000
6581,2134
6581,3001
6582,4
6582,631
6582,1213
6582,1788
6582,3573
6583,1136
6584,1136
6585,3003
6586,1921
6587,3004
6588,3004
6589,1064
6590,3005
6591,3005
6592,3005
6593,3005
6594,3006
6595,1788
6595,2043
6596,291
6597,2716
6597,7918
6598,710
6599,710
6600,3008
6600,4922
6601,3009
6602,2138
6603,2138
6604,2138
6605,2138
6606,1622
6607,1622
6608,4331
6609,2212
6609,2288
6610,3011
6611,1529
6612,1116
6612,6562
6613,3012
6614,847
6614,2255
6615,3013
6616,3014
6617,197
6617,1000
6618,3015
6619,3016
6620,1200
6621,2417
6622,3017
6623,2521
6624,2521
6625,3018
6626,986
6626,1617
6627,1760
6627,8307
6628,1760
6628,4831
6629,2774
6629,3019
6630,2774
6630,3019
6631,3020
6631,3146
6631,7051
6632,3020
6633,3021
6634,3022
6635,3022
6636,3022
6637,1048
6638,2270
6639,2270
6640,1237
6640,4430
6640,9478
6641,1237
6641,2928
6642,759
6643,3023
6644,1362
6645,3024
6646,3025
6647,191
6648,365
6648,501
6648,1274
6648,1955
6648,6547
6649,501
6649,1521
6649,3448
6650,3027
6651,3027
6652,3027
6653,3027
6654,3028
6655,3029
6656,2311
6657,828
6657,890
6657,1849
6657,3500
6657,4426
6657,5060
6657,6136
6658,1872
6658,5103
6658,9628
6659,1872
6659,5103
6660,1872
6660,9628
6661,1872
6662,3030
6663,3030
6664,1166
6665,991
6666,989
6666,991
6666,3032
6666,8232
6667,214
6667,991
6667,1418
6668,991
6668,2649
6669,1660
6670,1071
6670,1660
6670,3780
6671,1660
6672,1453
6672,1753
6673,1453
6673,1753
6674,3033
6675,3034
6676,3035
6677,3035
6678,3035
6679,3035
6680,3035
6681,3036
6682,1921
6683,579
6684,579
6685,1111
6685,1317
6685,5836
6685,8995
6686,1317
6686,5774
6686,6023
6687,1738
6688,1116
6688,1738
6688,9646
6689,1738
6690,3039
6690,3359
6690,4946
6691,2315
6692,3040
6693,3041
6694,1157
6695,1157
6696,1176
6697,1176
6698,1213
6699,631
6699,1213
6699,4685
6700,1213
6701,973
6703,1013
6704,1131
6704,2654
6705,2654
6705,3907
6706,1883
6707,726
6707,1072
6707,1237
6707,1414
6707,1570
6707,2198
6707,4590
6708,1710
6709,1330
6710,3043
6710,4053
6711,3043
6712,1068
6713,1009
6713,3044
6714,1358
6715,3045
6716,3046
6717,3048
6718,2040
6718,3048
6719,3049
6719,5515
6720,3050
6721,3050
6722,3050
6723,3050
6724,1049
6725,3051
6725,3052
6726,978
6727,1558
6728,3054
6728,5007
6729,1209
6729,3054
6730,3055
6730,3464
6730,5938
6730,8881
6730,9367
6731,3056
6731,3464
6732,3055
6733,3055
6734,3055
6735,2383
6736,2383
6736,6965
6737,3057
6737,5873
6738,3057
6738,4222
6738,7076
6739,3057
6739,4222
6739,7076
6740,552
6741,3059
6742,3059
6743,3059
6744,3060
6744,3321
6745,3060
6746,3060
6747,3060
6748,1430
6749,3062
6750,3063
6751,3064
6752,3066
6753,3067
6754,3067
6755,3068
6756,1058
6757,1058
6758,3070
6759,3071
6760,3071
6761,3072
6761,3506
6761,6114
6762,1987
6763,3073
6764,3074
6765,3075
6766,1790
6767,3073
6767,3924
6767,5055
6767,5666
6767,7257
6768,2315
6769,2315
6770,1038
6771,622
6771,940
6771,2724
6772,1176
6773,1120
6774,1120
6775,1120
6776,3076
6776,4364
6776,9131
6777,552
6778,1081
6779,553
6780,3078
6781,553
6782,3080
6783,3080
6784,3081
6785,726
6785,1872
6785,3042
6786,2690
6786,2751
6786,3521
6787,3082
6788,1491
6789,1491
6790,3085
6791,3085
6792,3086
6793,3086
6794,3086
6795,3086
6796,1960
6797,1916
6797,8889
6798,1960
6799,3087
6800,1237
6800,3469
6800,3932
6801,3034
6802,1330
6803,1330
6804,1330
6805,1330
6805,4592
6805,6649
6806,3088
6807,3088
6808,3089
6808,4034
6809,3090
6810,87
6810,284
6810,1685
6810,2568
6811,3091
6811,3322
6811,5049
6811,6992
6811,7174
6812,1685
6812,3323
6812,4194
6813,491
6813,492
6813,622
6813,5451
6813,7851
6814,3092
6814,5242
6815,3092
6816,3093
6816,3923
6816,5243
6816,7331
6816,7382
6817,3094
6818,3094
6818,3806
6819,3095
6820,1607
6821,3096
6822,2521
6823,942
6824,942
6824,6405
6824,6466
6825,2643
6825,3098
6826,608
6827,1037
6827,2853
6827,3099
6828,2375
6829,3100
6830,3100
6831,3100
6832,501
6833,3101
6834,1453
6834,4473
6835,1699
6835,1893
6836,1699
6837,3102
6837,3647
6838,3104
6839,3104
6840,3105
6841,3106
6842,3107
6843,3108
6844,3109
6845,3109
6846,3110
6847,3111
6848,3112
6849,3113
6850,3113
6856,2311
6857,501
6857,940
6858,501
6859,501
6860,3115
6861,3116
6862,3116
6863,1469
6864,3117
6865,1469
6866,1469
6867,1691
6868,1691
6868,4332
6869,1937
6870,1937
6871,822
6871,2354
6871,3818
6871,6885
6872,1064
6873,1064
6874,1064
6875,986
6875,987
6875,1228
6875,6506
6876,987
6877,1138
6877,3119
6878,1138
6878,3119
6879,3119
6880,3098
6881,610
6882,3098
6883,268
6883,1068
6883,1330
6883,9037
6883,9285
6883,9324
6884,1330
6885,1330
6885,9036
6886,1232
6887,1428
6887,4287
6888,1428
6889,2257
6890,2257
6891,1234
6892,1659
6893,2538
6893,4532
6893,5213
6894,1700
6894,2538
6894,4532
6894,6067
6895,1976
6896,1087
6897,1278
6897,5558
6898,3121
6899,3124
6900,3125
6901,3126
6902,3125
6903,1279
6904,1279
6905,481
6905,2251
6905,7193
6906,1279
6907,1059
6908,3127
6909,1059
6910,1228
6910,1510
6910,6423
6911,1228
6911,7210
6911,8447
6912,1228
6913,1228
6914,1228
6914,7392
6915,1138
6916,1138
6917,3128
6918,1138
6919,191
6920,1000
6920,1305
6921,3130
6922,3131
6923,3131
6924,3131
6925,3131
6926,3131
6926,5304
6926,6479
6927,3131
6927,6479
6928,848
6928,3061
6929,1960
6930,3132
6931,3133
6932,3134
6933,3135
6934,3136
6935,989
6936,1824
6937,3137
6938,847
6939,847
6939,890
6939,1281
6940,847
6941,1992
6942,1992
6943,1048
6944,1048
6945,2
6945,1219
6946,3118
6947,610
6947,711
6947,1068
6947,1284
6947,7511
6947,8578
6948,3139
6949,3139
6950,3141
6951,3141
6952,3141
6953,3142
6953,4503
6954,1155
6954,1521
6954,2659
6955,1477
6956,1477
6957,1477
6958,3144
6959,3144
6960,3144
6961,1479
6961,3146
6961,7207
6962,1479
6962,3147
6962,7850
6963,817
6964,817
6965,3148
6966,817
6967,817
6968,2059
6969,817
6970,2492
6971,2492
6972,3149
6973,3149
6973,4465
6973,6206
6974,2343
6975,1097
6975,1992
6976,3150
6977,3151
6978,3152
6979,3151
6980,3153
6981,3154
6982,3155
6983,3156
6984,3157
6985,3158
6986,2728
6986,2736
6986,3158
6987,2324
6988,1388
6988,2324
6989,1096
6989,3159
6989,4155
6989,7073
6989,7111
6990,1109
6991,1109
6992,3160
6993,3160
6994,3161
6995,3161
6996,1657
6997,3162
6998,3162
6999,3162
7000,1438
7001,1438
7002,1937
7003,1438
7004,1438
7005,3163
7006,1265
7007,3164
7008,3165
7009,3166
7009,4540
7010,3166
7010,6034
7011,501
7012,3167
7013,3169
7014,3169
7015,1109
7016,1263
7017,208
7017,1117
7017,3400
7018,3170
7019,1660
7020,3171
7021,3171
7022,3171
7023,1850
7023,5637
7023,8562
7024,1850
7024,5637
7024,8562
7025,1850
7025,3757
7025,5637
7025,8562
7026,817
7027,2477
7028,1064
7029,3173
7030,3173
7031,3174
7032,1362
7032,3800
7033,1070
7033,7762
7034,1070
7035,3175
7036,3175
7037,1070
7038,1853
7038,8879
7039,1853
7040,1853
7040,6631
7041,1162
7041,2474
7041,9019
7042,1930
7043,1930
7044,1930
7045,1705
7045,1992
7045,2032
7045,3856
7045,5404
7046,2032
7047,1872
7047,9628
7048,1284
7049,3177
7050,3176
7051,321
7051,3179
7052,115
7052,3180
7053,1000
7054,1006
7054,1479
7054,1617
7054,3775
7055,1705
7056,3182
7057,3182
7058,3182
7059,3183
7060,3183
7060,7288
7061,3183
7061,7288
7062,3184
7063,578
7063,1175
7064,3186
7065,3186
7065,4833
7065,5627
7066,3187
7067,3187
7068,3188
7069,3189
7070,1300
7070,1611
7070,1806
7070,3228
7071,3190
7072,3190
7073,3191
7073,4555
7073,8950
7074,3191
7075,191
7075,2951
7076,1120
7077,1120
7078,838
7078,7282
7079,838
7079,7284
7080,3193
7081,3194
7082,3195
7083,2494
7084,197
7084,2494
7084,5449
7085,202
7086,202
7086,3133
7086,9044
7087,3196
7088,3196
7089,202
7089,3133
7090,2049
7091,1404
7091,2049
7091,3834
7091,6561
7091,6772
7091,7497
7092,3197
7093,3197
7094,3197
7095,1136
7096,1136
7097,3199
7098,3200
7099,3200
7100,848
7101,978
7101,3845
7102,3201
7103,1079
7103,3201
7103,8429
7104,1079
7104,2643
7105,3202
7106,3202
7107,1506
7108,145
7108,2168
7108,2827
7108,3203
7109,1149
7109,1872
7110,1711
7111,1711
7112,1116
7112,3204
7113,1116
7113,3204
7114,3205
7115,3133
7116,3206
7117,3206
7118,3206
7119,1292
7120,1292
7121,3207
7122,3207
7123,3209
7124,3209
7125,2258
7126,1761
7127,1761
7127,8226
7128,2154
7128,3210
7129,3212
7130,2481
7131,2481
7132,2481
7133,1779
7134,1779
7135,1582
7135,1779
7135,1921
7135,3213
7135,3691
7135,5470
7136,3216
7137,3216
7138,3216
7139,3217
7140,3218
7141,1374
7142,3219
7143,3219
7144,3219
7145,3220
7146,3220
7146,4251
7147,3221
7147,9305
7148,1087
7148,2683
7149,3222
7150,3222
7151,847
7151,3223
7152,3224
7153,3224
7154,3225
7154,4674
7155,2109
7155,3225
7156,2109
7156,3225
7157,3042
7158,3226
7159,3227
7159,8596
7160,1200
7163,2441
7164,3229
7165,3230
7166,1166
7166,3780
7167,3231
7168,2557
7168,3232
7169,3232
7170,3232
7171,1232
7172,1358
7173,3233
7174,3233
7175,1279
7176,1279
7177,1358
7178,1358
7178,1741
7178,8173
7179,1358
7180,3234
7181,622
7182,3069
7183,3237
7184,3825
7185,3240
7186,2725
7186,4498
7187,3241
7187,7937
7188,3243
7189,2568
7192,3244
7193,200
7193,3961
7194,994
7194,1005
7194,1023
7195,1277
7195,7695
7195,7861
7195,8349
7195,8551
7195,8774
7196,936
7197,936
7198,3245
7199,2704
7200,2719
7201,1281
7201,2719
7202,2719
7203,1354
7203,3246
7204,1354
7204,3246
7205,1354
7205,3246
7206,1354
7206,3246
7206,3382
7206,4047
7206,9100
7207,631
7207,1139
7207,3247
7208,3247
7209,828
7209,890
7209,1307
7209,3249
7210,1038
7210,3250
7210,3413
7210,3552
7210,3655
7210,5108
7210,6074
7211,3251
7212,3251
7213,3251
7214,3251
7215,608
7215,3252
7216,949
7216,3254
7216,5012
7216,5564
7216,6606
7217,3255
7217,6608
7218,3256
7219,3257
7220,3258
7221,3260
7222,3260
7223,3261
7223,4387
7223,5510
7224,3261
7224,4387
7224,5510
7224,6469
7225,3261
7225,4387
7225,5510
7225,6469
7226,571
7226,2212
7226,4299
7227,3263
7228,3263
7229,1278
7229,3264
7230,1278
7230,3264
7231,1278
7232,3265
7233,1112
7234,3267
7234,6617
7234,7312
7235,3267
7236,1221
7237,2827
7238,2827
7239,1695
7240,1695
7241,3270
7241,4654
7241,5549
7242,3271
7243,1234
7244,3272
7245,1200
7246,1200
7247,1200
7248,2232
7248,6984
7248,7053
7249,3277
7250,3278
7251,3278
7252,3278
7253,1326
7253,3277
7253,4033
7254,3278
7255,3278
7256,1450
7256,3685
7257,3278
7258,3278
7259,3279
7260,1450
7260,3685
7260,5337
7261,3278
7262,1450
7262,3685
7262,5337
7263,3278
7264,1450
7264,5337
7265,1450
7266,1450
7266,1706
7266,3685
7266,5337
7267,3278
7268,3278
7269,2932
7270,992
7271,1006
7271,1479
7271,2085
7271,2424
7272,1006
7272,2085
7272,4689
7273,217
7273,710
7273,899
7274,3280
7275,3281
7276,1970
7277,3282
7278,3283
7279,3284
7280,3286
7281,1300
7282,1096
7282,1237
7282,1710
7282,5268
7282,7669
7283,1096
7283,1710
7284,552
7285,3288
7285,6808
7286,1705
7286,5997
7287,2450
7288,2450
7288,3304
7289,2450
7290,610
7290,8993
7291,1215
7292,610
7293,3291
7293,4825
7294,3293
7295,824
7296,711
7297,1699
7298,1568
7299,552
7300,1213
7301,2562
7302,1699
7302,6437
7303,3294
7304,3295
7305,3295
7306,3296
7307,3296
7308,2198
7309,890
7309,1096
7309,5434
7310,1657
7310,6476
7311,191
7311,552
7312,552
7313,552
7314,3298
7314,9610
7315,2375
7315,2952
7315,5550
7315,7141
7316,1144
7316,4464
7316,5393
7317,3300
7318,1006
7319,2417
7320,3303
7321,847
7321,1849
7322,278
7323,255
7323,278
7324,278
7325,278
7326,255
7326,278
7327,3304
7328,224
7328,973
7328,1690
7328,9049
7329,973
7330,1297
7331,1297
7332,1297
7332,3305
7333,3307
7334,3308
7335,3309
7336,3310
7337,1132
7338,1884
7339,847
7340,435
7340,3189
7340,3311
7340,6184
7341,1219
7341,3312
7341,3444
7341,4979
7342,3312
7342,4980
7343,1219
7343,3312
7343,4374
7343,4980
7344,3313
7344,4980
7345,255
7345,3636
7346,3314
7347,3315
7348,1162
7348,5456
7349,1882
7349,2904
7349,3895
7349,4739
7350,3318
7351,1618
7352,1143
7353,2183
7353,3822
7353,7485
7354,2183
7355,3319
7355,6255
7356,3320
7356,3547
7357,1883
7358,1159
7359,3325
7360,1143
7361,1143
7361,3792
7362,1137
7362,1488
7363,1137
7363,1488
7364,1137
7364,1488
7365,1136
7366,1049
7367,1337
7368,1227
7369,1337
7370,1073
7370,6426
7371,3326
7372,1568
7372,3326
7373,3326
7374,1567
7374,1568
7374,3326
7374,5618
7374,9430
7375,1567
7375,1568
7375,3327
7375,4806
7376,1438
7377,1438
7378,1438
7379,552
7380,552
7381,3328
7382,3328
7383,3328
7384,3330
7385,3330
7386,3330
7387,3330
7388,3330
7389,3330
7390,3330
7391,3331
7392,3331
7392,4991
7393,1388
7393,2324
7393,3332
7393,3479
7394,202
7395,1627
7396,202
7397,2827
7398,631
7398,1213
7398,3333
7398,6096
7399,552
7400,1005
7400,2232
7401,1005
7401,7246
7402,1334
7403,1334
7404,608
7404,1334
7405,2402
7405,3334
7406,2402
7406,3334
7407,3334
7408,3335
7409,3335
7410,3335
7411,3335
7412,3335
7413,3335
7414,2039
7415,2039
7416,1467
7417,1467
7418,1467
7419,1467
7420,552
7420,1951
7420,4051
7420,4286
7421,255
7422,3312
7423,3312
7424,2586
7424,4375
7425,2586
7425,4375
7426,1352
7427,1352
7428,3337
7429,1024
7430,3338
7431,1219
7431,2474
7432,890
7433,1219
7434,1284
7435,320
7436,3341
7437,1884
7438,1992
7439,1992
7440,725
7440,847
7440,1992
7441,3342
7442,3344
7443,2418
7444,2418
7445,3345
7446,3345
7446,6666
7447,1143
7448,1143
7449,3346
7450,3346
7451,1263
7451,1575
7452,890
7453,1665
7454,1795
7455,3347
7456,1610
7457,3348
7458,3348
7459,3349
7460,3349
7460,5262
7460,5932
7461,3352
7462,1549
7462,3352
7462,8258
7463,3355
7464,3356
7465,2270
7466,1296
7467,3357
7468,3357
7468,8082
7469,3357
7469,8083
7470,3357
7471,202
7472,202
7472,973
7473,202
7473,302
7473,4984
7474,1609
7475,2441
7476,2441
7476,3681
7477,3360
7478,3361
7479,3149
7480,3326
7481,1351
7481,3362
7482,3326
7483,501
7484,501
7485,501
7485,1168
7486,501
7486,3448
7488,3042
7488,3118
7488,4108
7491,3363
7492,3364
7493,3365
7494,3366
7495,3367
7496,3363
7497,1159
7498,3368
7499,3368
7499,5137
7500,247
7500,3589
7501,247
7501,3589
7502,247
7502,1055
7502,3589
7503,247
7503,3589
7504,247
7504,3589
7505,1064
7505,1716
7506,2239
7507,1619
7508,3369
7508,4096
7508,4392
7509,1891
7510,3371
7511,2315
7512,3372
7513,1044
7513,2108
7514,978
7515,1064
7515,1475
7515,2410
7515,3299
7516,3374
7517,986
7518,1992
7519,3377
7519,4455
7519,5404
7519,7373
7520,1237
7520,3378
7521,3378
7522,3378
7523,3378
7524,3378
7525,633
7525,3205
7526,633
7526,3205
7527,633
7527,3205
7528,2239
7529,2239
7530,2239
7531,2239
7532,1850
7533,1850
7534,3379
7535,1159
7535,1704
7536,3380
7537,3380
7537,7989
7538,3380
7539,1064
7540,1960
7540,2474
7540,4168
7541,552
7541,1463
7542,1463
7543,1463
7544,1463
7545,3382
7546,3382
7546,4047
7547,1702
7548,2393
7549,2393
7549,5650
7550,2393
7550,5650
7551,2393
7552,3383
7553,948
7554,3386
7555,3386
7556,3387
7557,3387
7558,3387
7559,3387
7560,3387
7561,501
7565,3389
7566,3389
7567,2643
7568,2643
7569,3389
7570,2639
7571,828
7571,890
7571,4391
7572,890
7573,828
7573,890
7574,890
7575,3390
7576,3390
7576,4429
7576,9481
7577,67
7577,9027
7578,3390
7579,1072
7579,1231
7579,1473
7579,1710
7579,4556
7579,5505
7580,986
7580,1231
7580,4404
7580,5505
7581,978
7582,1073
7583,1073
7584,1073
7585,3391
7586,2442
7587,1297
7587,1955
7587,3024
7587,7339
7587,7893
7587,9085
7588,3393
7589,1871
7590,1287
7591,3395
7591,4737
7591,5821
7592,552
7593,552
7593,7323
7594,2393
7594,8799
7595,1013
7595,3053
7596,3397
7597,1583
7597,1753
7597,3118
7597,3398
7597,5872
7597,9458
7598,3399
7598,3778
7599,3399
7599,3778
7600,1069
7601,1069
7602,1241
7603,1200
7604,1200
7604,4255
7605,1200
7606,3401
7607,3402
7608,3402
7609,3405
7610,2631
7611,2631
7612,3408
7612,5268
7613,3407
7614,3408
7614,3888
7614,6425
7615,3408
7615,3888
7616,1473
7617,3409
7618,202
7618,255
7618,7688
7619,191
7620,3410
7620,9616
7621,3411
7622,1610
7622,2501
7623,3413
7624,3413
7625,3413
7625,6074
7626,1302
7627,464
7627,1967
7628,4
7628,631
7628,3414
7629,4
7629,631
7629,3414
7630,3414
7630,3415
7630,4347
7631,3415
7631,4347
7632,3415
7633,3416
7634,3416
7635,1176
7636,1176
7637,3418
7638,3419
7639,3420
7640,3421
7641,3421
7642,3421
7643,1960
7643,3207
7644,557
7644,1960
7644,3052
7644,3207
7644,3646
7645,1960
7646,3423
7647,3423
7647,8366
7648,3423
7649,3424
7650,3425
7651,1217
7652,3426
7653,3426
7654,3426
7654,7442
7655,3427
7656,3428
7657,1559
7658,3429
7659,3430
7660,3429
7661,3431
7661,3946
7662,2841
7663,2841
7664,2841
7665,1705
7665,6810
7666,837
7666,1705
7666,2092
7666,4414
7666,6401
7667,3433
7668,284
7668,3434
7669,1057
7669,3863
7669,6507
7670,3435
7671,1096
7672,1072
7672,1096
7673,1096
7674,3436
7674,5666
7675,3436
7676,1438
7677,3437
7678,3438
7679,3407
7680,3407
7680,3439
7681,940
7682,940
7683,940
7684,940
7685,3440
7686,3440
7687,3441
7688,2362
7688,3441
7688,5414
7689,3442
7690,3442
7691,3443
7691,3573
7691,4125
7692,3443
7692,3573
7693,3443
7693,5515
7694,1360
7695,501
7696,610
7697,501
7697,3698
7698,3445
7699,3446
7700,3447
7701,1477
7702,1477
7702,4861
7702,8179
7703,501
7703,3448
7704,3448
7705,3449
7706,3449
7707,3449
7708,3449
7709,3450
7710,2
7710,1219
7711,3451
7712,3451
7713,3451
7714,3452
7715,191
7715,3452
7716,3453
7716,5024
7717,2356
7717,3452
7718,3452
7719,3454
7720,3454
7721,3454
7722,3455
7723,3456
7724,3457
7725,3458
7726,3457
7727,3457
7727,5829
7728,3459
7729,2684
7730,2751
7731,1362
7732,1362
7733,1362
7734,1362
7735,2168
7735,2827
7735,6314
7735,7295
7736,191
7737,191
7738,1013
7739,1538
7740,1538
7741,1660
7742,3460
7743,3460
7744,3461
7745,1351
7746,1351
7747,2529
7748,1010
7748,5386
7749,1010
7750,1010
7750,2555
7750,5386
7751,1010
7751,5386
7752,1010
7753,1010
7753,5386
7754,3462
7755,3462
7756,1688
7757,552
7757,1079
7758,3463
7759,3463
7760,2286
7761,2286
7761,4122
7761,5459
7762,3464
7763,3464
7763,3534
7763,4779
7763,5441
7764,417
7764,1117
7765,3465
7766,458
7766,3466
7767,3467
7768,1559
7768,2660
7769,3468
7770,937
7770,4269
7770,7611
7770,8531
7770,8920
7771,3470
7772,3470
7773,3471
7774,3472
7775,1636
7776,3476
7777,3476
7778,2068
7778,3102
7779,1231
7780,1231
7781,1231
7782,3477
7783,1473
7783,1617
7783,1883
7784,1231
7785,986
7785,7474
7786,1138
7787,163
7787,1138
7788,1138
7789,3478
7790,3478
7791,1388
7791,3479
7792,1049
7793,1049
7793,1611
7794,1049
7794,1611
7795,1049
7796,3481
7796,8102
7797,3481
7798,3482
7799,986
7800,1315
7801,3484
7802,3188
7803,3028
7803,3188
7804,3485
7805,3486
7805,6660
7806,1791
7807,1791
7808,1791
7809,3489
7810,994
7811,994
7811,1023
7811,7234
7812,3491
7813,375
7813,1237
7813,1469
7813,1570
7814,1469
7815,1469
7816,3492
7816,4751
7816,4965
7817,1469
7818,1469
7819,3493
7820,2220
7821,2220
7822,3494
7823,3494
7824,3494
7825,3495
7826,3495
7827,3495
7828,3495
7829,3496
7830,1906
7831,2685
7832,2685
7833,2685
7834,2685
7835,3499
7836,3499
7837,3499
7838,14
7838,828
7838,890
7838,1849
7838,3500
7839,3501
7840,3502
7840,7983
7840,8043
7840,8951
7841,3503
7842,1133
7842,8769
7843,1158
7844,3503
7845,1345
7845,3505
7846,1741
7847,3507
7848,3507
7849,3508
7850,3508
7851,3508
7852,3509
7853,3509
7854,191
7855,1137
7856,1137
7857,191
7857,1116
7857,1453
7857,1972
7857,4873
7858,2795
7859,2796
7860,2797
7861,3510
7861,4117
7862,3511
7862,7957
7863,986
7864,986
7865,3512
7866,3512
7867,3512
7868,3513
7868,5346
7869,3513
7869,5346
7870,3514
7871,2285
7872,2285
7872,3692
7873,1237
7874,1237
7874,1960
7875,3515
7875,9064
7876,3515
7877,1132
7878,3516
7879,3518
7880,3519
7881,3520
7882,2025
7883,2025
7884,1831
7884,2746
7885,2746
7886,1122
7886,2746
7887,974
7887,3030
7887,5985
7887,6650
7888,974
7889,974
7889,3030
7889,5985
7890,3523
7891,3524
7892,3525
7893,3525
7894,3524
7895,3525
7896,3524
7897,3526
7898,1937
7899,1937
7900,1937
7901,1937
7902,1943
7903,3528
7904,3528
7905,3529
7906,3529
7907,3530
7908,3531
7909,3533
7910,3533
7910,7854
7911,1133
7911,5943
7911,6263
7911,7854
7912,1529
7913,3534
7914,3464
7914,3535
7914,6932
7914,9635
7915,3536
7916,3534
7917,3537
7918,1162
7919,1162
7920,1162
7921,989
7922,1453
7923,1175
7924,1330
7925,552
7926,552
7927,552
7928,255
7929,255
7929,1760
7929,4605
7929,6047
7929,6130
7929,7864
7929,8365
7929,8436
7930,3538
7931,3539
7932,3539
7933,1209
7934,3540
7935,1048
7935,1689
7936,1048
7937,1048
7938,2819
7939,3541
7940,631
7940,1213
7941,3542
7942,3543
7943,2467
7944,3546
7945,3548
7946,3549
7947,3550
7948,2143
7949,3551
7950,3552
7951,2867
7952,2867
7953,2503
7954,3553
7955,3554
7956,3554
7958,1014
7959,1159
7960,1159
7961,1159
7962,1159
7963,1297
7964,1297
7965,1070
7965,4329
7966,1070
7967,3558
7968,3558
7969,3558
7970,3559
7971,3559
7972,3559
7973,3560
7974,3560
7975,3561
7976,3561
7977,3561
7978,1568
7979,3562
7980,3562
7981,1326
7982,3564
7983,1326
7984,1326
7985,1988
7986,1326
7987,1326
7988,202
7988,3566
7989,941
7989,1300
7989,3567
7990,1059
7991,1059
7992,3570
7993,3570
7994,3570
7995,3571
7996,2211
7996,5241
7997,1414
7998,1072
7999,1438
8000,3572
8001,1438
8002,3573
8003,1040
8004,1040
8004,3306
8004,6466
8005,1040
8006,1079
8007,1079
8008,838
8008,2525
8009,890
8009,4570
8010,828
8010,890
8011,3576
8012,3576
8013,3576
8014,2719
8015,3577
8016,3578
8016,4291
8017,3578
8018,3579
8019,3579
8020,3580
8021,3580
8022,1472
8023,342
8023,1472
8024,1472
8025,2168
8026,3582
8027,3583
8028,2315
8029,2315
8030,2315
8031,3584
8032,2315
8033,2482
8034,1006
8034,1479
8034,1480
8034,2424
8034,4772
8035,3586
8036,3587
8037,3587
8038,3588
8039,3589
8040,3590
8040,8668
8041,3591
8042,3592
8043,3593
8044,3594
8045,2730
8046,3595
8047,2633
8047,6415
8048,501
8049,1146
8050,3596
8051,3596
8052,3596
8053,2036
8054,1166
8055,3598
8056,1393
8057,1237
8058,3599
8058,4877
8059,3600
8060,3604
8061,3605
8062,3606
8063,3605
8064,3605
8065,3607
8066,3608
8067,3608
8068,3609
8069,3609
8070,3609
8070,6475
8070,7271
8071,3609
8072,3610
8072,3831
8072,5118
8073,1760
8073,3831
8073,5118
8074,1760
8074,3831
8074,5118
8075,154
8075,3611
8076,3613
8077,3614
8078,3614
8078,5336
8079,3615
8079,5336
8079,6708
8080,3616
8081,3616
8082,2258
8083,1200
8084,1200
8085,1200
8086,3619
8087,2141
8088,2141
8089,2141
8090,3620
8091,3620
8092,1097
8092,2596
8093,1976
8094,1976
8095,552
8096,552
8097,1116
8098,1116
8099,552
8100,3621
8101,3621
8102,3622
8102,4729
8103,3622
8104,3622
8104,4729
8105,3623
8106,1302
8107,3624
8108,3625
8109,3625
8110,3625
8111,2125
8112,3627
8113,3627
8114,3628
8115,3629
8116,3628
8117,3630
8118,1472
8119,3631
8120,3143
8121,1037
8121,3632
8122,3633
8122,3844
8122,4382
8123,3633
8123,4478
8124,3634
8125,1013
8126,1696
8127,3635
8128,2402
8129,2402
8130,2083
8131,1480
8132,3637
8133,2441
8134,1351
8134,2529
8134,3362
8135,3639
8136,3639
8137,1636
8138,3640
8138,6760
8139,1893
8139,3641
8140,1893
8141,1893
8142,3642
8143,3643
8144,3644
8144,6936
8145,1072
8145,3645
8146,3646
8147,3646
8148,1577
8150,1825
8150,1959
8151,1882
8152,1882
8152,2891
8153,1882
8153,2891
8154,1993
8155,847
8156,3652
8157,1326
8157,3654
8158,1326
8158,3654
8159,501
8160,501
8161,501
8162,501
8162,3731
8162,6213
8162,6214
8163,501
8164,1388
8165,1388
8166,3656
8167,1388
8168,1388
8169,1360
8169,6484
8170,1360
8170,6484
8170,7763
8170,8412
8171,1360
8171,6484
8172,1360
8172,6484
8173,1360
8173,6484
8174,3657
8175,1440
8175,1499
8175,3657
8176,2441
8177,838
8178,271
8178,1440
8178,1499
8178,3657
8178,4160
8178,6041
8178,7425
8178,8385
8178,9418
8179,3658
8180,3659
8181,3660
8182,1521
8182,1646
8183,3664
8183,4963
8183,9530
8184,978
8185,978
8186,3421
8187,3421
8188,3421
8189,3665
8190,3668
8191,3668
8192,3669
8193,3670
8194,3670
8195,3671
8196,3672
8197,3673
8198,3674
8199,847
8199,8957
8200,3675
8200,5893
8200,8041
8201,3675
8201,5893
8202,3678
8203,838
8204,838
8205,838
8206,1068
8206,8280
8206,9531
8207,552
8208,1072
8208,1096
8208,1710
8208,3693
8208,8983
8209,1761
8210,1761
8211,3681
8212,191
8213,2817
8213,5485
8214,1450
8215,2034
8216,1521
8217,1521
8218,1521
8219,1087
8219,6160
8220,1087
8220,5462
8221,3684
8221,9507
8222,1122
8223,1122
8224,1122
8225,1122
8226,1122
8227,1122
8228,1122
8229,1122
8230,1232
8231,1300
8232,1300
8233,3685
8234,3278
8235,3279
8236,3279
8237,3685
8238,3278
8239,1617
8240,1617
8240,3775
8241,1704
8242,109
8242,2781
8242,4181
8243,3688
8244,1423
8244,3688
8244,5214
8245,935
8246,935
8246,1560
8247,1622
8248,1270
8248,1756
8249,1270
8250,1270
8251,1062
8252,1062
8252,4837
8253,1116
8254,3691
8255,3691
8258,3696
8259,2441
8260,2068
8261,1081
8262,1081
8263,9269
8265,2187
8266,1069
8267,3698
8267,3873
8268,2260
8269,2260
8270,2260
8271,2260
8272,1330
8272,3095
8273,123
8273,1358
8273,9415
8274,1992
8275,890
8276,3700
8277,3701
8278,1652
8279,3702
8280,3703
8281,3704
8282,1155
8283,1155
8283,1232
8283,3186
8284,3706
8285,3706
8286,2662
8287,1048
8288,3131
8289,3131
8290,3708
8291,989
8292,2375
8293,940
8294,2375
8295,2375
8296,3709
8297,3710
8298,3710
8299,3710
8300,3711
8301,1297
8301,6473
8301,8027
8301,9070
8302,1297
8302,6474
8303,3712
8304,501
8304,3713
8305,3713
8306,501
8306,3713
8307,1181
8308,3714
8309,552
8310,1044
8311,3715
8312,3292
8313,3292
8314,255
8315,3290
8315,3716
8316,1070
8316,2638
8316,6807
8317,2638
8318,3717
8319,1237
8320,1064
8321,1064
8322,2652
8323,2652
8324,1593
8325,3719
8326,3719
8327,817
8327,1593
8327,5231
8330,291
8330,1472
8331,291
8332,3721
8333,3721
8334,3721
8335,2753
8336,2753
8337,2753
8338,3357
8339,3722
8340,3187
8341,3724
8342,3724
8343,3725
8344,3725
8345,3725
8346,3725
8347,3726
8348,3726
8349,3392
8350,1057
8350,3392
8351,1109
8351,4986
8352,1087
8353,552
8354,1806
8355,1048
8356,1048
8357,843
8358,843
8359,3729
8359,9609
8360,3729
8360,9609
8361,1757
8362,3730
8363,3730
8364,3731
8365,501
8365,3731
8366,3731
8367,1956
8368,3732
8369,3732
8370,3733
8370,6619
8371,823
8372,3734
8373,3735
8374,3736
8375,3735
8376,3735
8377,1070
8378,552
8378,1232
8379,3737
8380,1618
8381,3738
8382,3738
8383,191
8384,1423
8384,2557
8384,3684
8385,1108
8386,1463
8386,3720
8387,1463
8388,1215
8389,1398
8390,1215
8391,1215
8392,1215
8393,1013
8394,1013
8395,3741
8396,3741
8397,3742
8398,2417
8398,3743
8399,1550
8400,1467
8401,3745
8402,909
8402,3840
8403,552
8403,909
8404,1134
8405,828
8405,890
8405,1281
8405,1849
8406,2375
8407,2375
8407,5550
8408,2375
8408,5550
8409,2375
8409,5550
8410,2375
8411,2375
8412,1073
8413,1073
8414,3749
8415,3464
8416,3464
8417,3464
8417,3534
8417,5423
8418,1287
8419,1959
8420,1763
8420,1959
8420,4284
8421,1959
8421,4284
8422,1023
8422,3750
8422,8106
8423,3751
8424,3753
8424,5110
8424,5414
8424,6442
8425,3753
8425,5414
8426,1824
8427,3755
8428,3755
8429,3755
8430,3756
8431,3757
8432,3757
8433,1480
8433,3758
8433,4907
8434,1480
8434,3758
8435,3646
8436,3759
8437,974
8437,3760
8438,973
8438,3760
8439,3761
8440,2012
8441,2012
8442,2012
8442,8291
8443,847
8444,3764
8445,3766
8446,3766
8446,6171
8447,3766
8447,6171
8448,3767
8449,818
8450,3770
8451,3771
8452,3772
8453,1012
8453,1111
8453,1578
8454,11
8454,1012
8454,1111
8454,1578
8454,2764
8454,3434
8455,11
8455,1012
8455,1578
8455,8995
8456,3773
8457,847
8457,1992
8457,2853
8457,3774
8457,5432
8457,7128
8458,3774
8459,3774
8460,475
8460,1521
8460,3774
8460,5934
8461,1122
8462,1595
8463,501
8463,610
8463,838
8463,7451
8463,7804
8463,8023
8463,8114
8463,8465
8463,8751
8464,501
8464,519
8464,4422
8464,4596
8465,1296
8466,1296
8467,102
8467,1970
8467,3776
8467,4655
8467,5892
8467,5912
8468,3777
8469,860
8470,860
8471,860
8472,16
8472,191
8472,552
8473,608
8474,1710
8474,5268
8475,3779
8476,3779
8477,1489
8477,3240
8478,2146
8479,3780
8480,2146
8481,1287
8482,1287
8483,1136
8484,3781
8485,1136
8486,1885
8487,1885
8487,6204
8488,1885
8489,978
8490,3055
8491,1053
8491,5841
8491,6411
8492,1053
8493,1053
8494,1213
8494,3450
8494,3782
8495,3783
8496,202
8497,202
8498,3024
8499,3786
8500,3787
8501,1075
8502,1075
8502,1324
8503,3788
8504,3789
8505,1791
8506,1324
8506,1480
8506,3666
8507,1220
8508,3792
8509,1143
8509,2256
8510,1143
8511,1064
8512,1064
8512,5607
8512,5684
8513,3793
8513,4464
8513,4928
8513,4990
8514,1893
8515,3794
8516,3794
8516,4655
8517,3795
8518,3797
8519,3796
8520,3796
8521,3796
8522,3479
8523,3798
8524,3799
8525,3801
8526,2134
8526,4168
8526,5015
8527,3805
8528,1155
8528,1894
8528,6154
8528,8728
8529,3807
8529,6154
8530,1037
8530,8148
8531,1423
8532,3809
8533,1423
8534,1423
8535,191
8536,1483
8537,3812
8538,2252
8539,2252
8540,1643
8541,3814
8542,976
8543,3817
8544,524
8544,1132
8545,3819
8545,6818
8546,3819
8546,6781
8547,3819
8547,6781
8548,3820
8549,552
8550,202
8550,828
8550,890
8550,1378
8550,1849
8550,7519
8551,1585
8552,3237
8552,3826
8553,2924
8553,6016
8553,8510
8554,3827
8555,3828
8555,4298
8555,5528
8556,3828
8556,5528
8557,1297
8558,1636
8559,3829
8560,1636
8561,2946
8561,4791
8562,828
8562,890
8563,3830
8563,3927
8564,1064
8565,217
8565,710
8565,7671
8566,3835
8567,2474
8568,2958
8569,2958
8570,3836
8571,2958
8572,973
8573,3837
8574,3838
8575,1143
8575,2162
8575,3635
8575,3837
8576,1491
8577,1491
8578,1491
8579,3839
8580,1139
8581,1131
8582,1131
8585,1585
8586,2515
8587,2515
8588,2154
8588,4367
8589,62
8589,1960
8590,2208
8591,1108
8591,2208
8592,1108
8592,2208
8592,2864
8593,1624
8593,4372
8593,6592
8594,3841
8595,3842
8596,3843
8597,3845
8597,3992
8598,2965
8599,2965
8600,2965
8601,1270
8602,1270
8603,3847
8604,3847
8605,3849
8606,3849
8607,3851
8607,4229
8608,3851
8609,3851
8610,3851
8610,4229
8611,3851
8612,1330
8613,3852
8614,1049
8615,1049
8616,3853
8617,3854
8618,3855
8619,3856
8619,7395
8619,7505
8620,1196
8620,7856
8621,1196
8622,1196
8623,1196
8624,1196
8625,1159
8626,1159
8627,3858
8627,5685
8627,9182
8628,3859
8629,3860
8630,3861
8630,5686
8631,3861
8632,3862
8633,1472
8633,1943
8634,1472
8634,4352
8635,1472
8635,1943
8636,1330
8637,1330
8637,3186
8638,1133
8638,6904
8639,3865
8640,3866
8641,3867
8642,476
8642,1609
8643,1725
8644,1725
8645,1699
8646,191
8647,191
8648,3868
8649,3869
8650,3870
8651,191
8652,191
8653,1951
8654,1951
8655,3872
8656,3872
8657,552
8657,3874
8658,2897
8659,491
8659,2643
8660,2643
8660,7241
8661,1533
8662,1533
8663,3875
8664,3876
8665,3877
8666,3878
8667,3879
8668,3879
8669,3880
8670,255
8671,255
8672,1710
8673,3881
8674,3881
8675,3883
8676,1093
8677,3884
8678,3886
8679,3888
8680,2568
8681,1960
8682,986
8683,1960
8683,4774
8684,1985
8685,342
8686,1985
8687,3889
8688,1985
8689,3891
8690,3892
8691,3892
8692,3893
8693,3333
8693,3894
8694,3896
8695,3897
8696,3897
8697,3898
8698,621
8699,621
8700,621
8701,622
8702,622
8703,622
8704,622
8705,622
8705,5140
8706,621
8706,3901
8707,1330
8708,1330
8709,1116
8710,1116
8711,1279
8712,1279
8713,1279
8714,1279
8715,3674
8715,3903
8715,4892
8716,824
8716,4119
8717,824
8718,191
8718,7693
8719,3904
8720,3904
8721,3904
8722,3905
8723,3905
8724,3905
8725,3904
8726,1105
8727,1105
8728,1105
8729,1105
8730,1105
8731,552
8732,1014
8732,4495
8733,508
8733,1014
8734,1014
8735,3906
8736,3906
8737,3316
8738,1122
8738,3908
8739,1234
8740,1234
8741,3909
8742,1274
8742,1398
8742,1955
8743,1278
8744,1691
8745,1330
8746,3915
8747,3915
8748,1711
8749,1711
8750,3916
8751,3916
8752,3917
8753,1916
8754,1916
8754,2320
8754,7068
8755,3919
8756,644
8756,3919
8756,4505
8757,1287
8758,1287
8759,3920
8760,3921
8761,3921
8762,1267
8763,1267
8764,1267
8765,1267
8766,1072
8766,1096
8766,5653
8767,3922
8768,3924
8768,5055
8769,3925
8770,1760
8770,1916
8770,4545
8770,9040
8770,9492
8770,9542
8771,1760
8771,4160
8771,4545
8771,7267
8771,8385
8772,3926
8773,1971
8773,2292
8774,1971
8775,1451
8776,986
8777,847
8777,1139
8778,1849
8779,3929
8780,3929
8781,3929
8782,475
8782,3929
8783,3931
8784,3931
8785,3931
8786,3933
8786,3947
8787,3933
8787,3947
8787,5896
8788,1044
8788,5377
8789,1044
8789,1153
8790,1330
8791,1231
8792,1884
8792,3934
8792,4398
8792,4566
8793,1473
8793,3276
8794,1438
8794,4474
8795,1438
8796,1438
8797,1150
8798,1473
8799,1108
8799,6976
8800,3936
8801,3937
8802,3938
8803,3937
8804,3939
8805,3940
8806,3940
8807,3940
8808,3940
8809,3940
8810,3941
8810,7261
8811,986
8812,1143
8813,3942
8814,3943
8815,1850
8816,115
8816,1657
8816,3944
8816,6618
8817,1685
8818,2107
8819,3945
8819,5058
8820,973
8821,1131
8822,3946
8823,3946
8824,3947
8825,3948
8826,1446
8827,1446
8827,1483
8827,7473
8827,9275
8828,1446
8828,1483
8829,1477
8830,217
8830,710
8830,899
8830,1204
8830,6938
8831,824
8832,824
8833,3950
8834,3950
8835,3950
8836,3950
8837,1611
8838,1415
8839,1415
8840,1415
8841,1415
8842,3952
8843,3130
8844,3130
8845,1967
8845,5578
8845,6100
8846,1967
8847,1583
8847,3118
8848,3953
8848,4381
8849,3953
8850,3954
8851,3955
8851,4382
8852,3956
8853,3957
8854,3957
8855,1079
8855,3957
8856,3958
8857,3958
8858,3959
8859,3960
8860,3960
8861,1825
8861,3961
8861,4379
8862,552
8863,24
8863,191
8864,191
8865,1529
8866,1529
8867,1529
8868,1529
8869,1529
8870,1529
8871,1529
8872,1134
8872,1529
8873,1529
8874,1529
8875,1529
8876,1529
8877,62
8877,552
8877,4504
8878,62
8880,3962
8881,3962
8882,986
8883,3964
8884,3821
8885,3821
8886,3821
8887,3764
8888,3764
8889,3764
8890,3965
8891,3966
8892,3966
8893,552
8894,3967
8894,4465
8895,3149
8895,6206
8896,1633
8896,5784
8897,818
8897,1049
8898,1049
8898,1627
8898,1806
8898,5238
8899,1279
8900,1279
8901,1279
8902,644
8902,7298
8903,644
8904,2823
8905,2823
8906,3968
8907,2823
8908,2823
8908,4823
8909,376
8909,1227
8909,3172
8909,3290
8909,3785
8910,1135
8911,1013
8912,1013
8913,2417
8914,3969
8915,3970
8916,3970
8917,3970
8918,3971
8919,3971
8920,3972
8921,3971
8922,3972
8923,3207
8924,3207
8925,3973
8926,3973
8927,1013
8927,1850
8927,2514
8927,3974
8927,6663
8927,9316
8928,3975
8929,3975
8930,2782
8931,2782
8932,3976
8933,2146
8933,3976
8933,6369
8934,3976
8935,978
8936,3977
8937,3978
8938,3978
8939,3979
8940,3980
8941,817
8941,818
8941,847
8941,4431
8942,3981
8943,3981
8944,3981
8945,1609
8946,1609
8947,1609
8948,539
8948,1779
8949,3982
8950,3982
8951,1068
8952,191
8952,610
8952,725
8953,1921
8954,1849
8955,3988
8956,2494
8957,3989
8958,3989
8959,3989
8960,3990
8961,823
8962,2206
8963,1546
8964,1546
8965,1546
8966,1546
8967,1014
8968,1014
8969,1014
8970,847
8970,1992
8970,2255
8970,5404
8971,1992
8972,1992
8972,4513
8973,2383
8973,7313
8974,2383
8975,2383
8976,109
8976,162
8976,2383
8977,1013
8978,2212
8979,2212
8980,3993
8981,3993
8982,1694
8982,7379
8983,1059
8984,1059
8985,1059
8986,1059
8986,4139
8987,1059
8988,3995
8989,3995
8990,3996
8991,3996
8992,3997
8993,3996
8994,3998
8995,383
8996,3999
8997,3999
8998,2728
8999,255
9000,255
9001,255
9002,847
9003,255
9004,255
9005,4002
9005,5643
9006,3133
9007,4004
9008,4005
9009,1657
9009,4137
9009,4854
9009,5638
9010,291
9011,291
9011,1450
9012,4006
9013,4007
9014,4006
9015,1558
9016,1558
9017,1558
9018,1967
9019,24
9020,24
9021,4010
9022,2311
9023,4011
9023,6786
9024,4012
9025,1064
9026,1064
9027,1064
9028,1064
9029,1064
9030,1937
9031,3028
9032,3028
9032,6421
9033,4014
9034,4014
9035,1259
9036,4015
9037,3181
9037,4355
9038,1096
9039,1096
9040,1096
9041,1521
9042,1521
9043,1116
9044,1116
9045,1438
9046,1162
9047,4019
9048,1162
9049,1159
9050,4020
9051,4020
9052,3779
9053,4021
9054,4022
9054,5304
9054,5383
9054,6211
9054,7432
9055,4023
9055,5304
9056,4022
9057,4022
9057,5383
9058,1465
9059,1993
9059,4024
9059,5180
9059,8077
9059,9166
9060,2039
9061,2417
9061,5753
9062,1162
9063,4026
9064,1231
9065,1231
9066,2039
9067,2039
9068,4027
9069,2039
9069,2367
9069,9241
9070,4028
9071,191
9071,4028
9071,7982
9072,191
9072,4028
9073,4029
9073,5417
9074,4029
9075,4029
9075,5417
9076,4029
9076,5417
9077,1943
9078,2333
9078,2477
9079,88
9079,557
9079,1960
9079,2595
9079,4030
9080,2634
9081,2634
9082,2083
9083,1021
9084,202
9084,552
9085,202
9086,202
9087,202
9088,202
9089,4034
9090,4036
9091,2920
9092,1232
9093,4038
9094,2214
9094,4040
9094,4280
9094,6244
9095,1716
9096,4041
9097,4041
9098,4041
9099,3265
9100,3265
9101,3265
9102,3265
9103,79
9103,4042
9104,1351
9105,1351
9106,4043
9107,4044
9108,4045
9109,4045
9110,4046
9111,4047
9112,4048
9113,4047
9114,1227
9115,978
9116,4050
9117,1037
9117,1040
9118,552
9118,8602
9119,552
9120,552
9121,4051
9122,4051
9122,7260
9123,1665
9123,4052
9124,4052
9125,4053
9126,4054
9127,4054
9128,4054
9129,4055
9130,4055
9131,2308
9132,4056
9133,1885
9134,4057
9135,3714
9136,11
9136,1384
9137,1384
9138,4059
9139,24
9139,552
9139,726
9140,552
9141,1619
9142,4060
9143,973
9143,1660
9143,4537
9143,6111
9144,1660
9145,787
9145,978
9145,1108
9146,171
9146,2853
9147,1699
9148,4061
9149,1699
9150,4062
9151,4063
9152,3464
9152,3534
9152,4055
9152,5441
9153,3534
9154,2826
9155,4064
9155,7733
9156,4065
9157,4066
9158,4067
9159,4067
9160,4068
9161,4068
9161,7424
9162,4068
9163,1133
9163,4069
9164,1720
9164,4069
9165,4070
9166,4070
9167,1393
9168,1393
9169,2787
9170,4071
9171,4072
9172,4073
9173,4074
9174,4075
9175,3636
9175,6008
9176,1234
9177,1292
9178,1108
9179,1108
9180,1139
9180,1992
9181,1992
9181,4077
9182,1037
9182,1040
9182,1992
9182,2033
9182,6405
9182,6466
9183,191
9184,1585
9185,1585
9186,1585
9187,1585
9188,4081
9189,4081
9190,4081
9191,1108
9191,4423
9192,644
9192,1108
9192,1463
9192,4423
9193,4082
9194,4085
9195,1345
9196,1069
9197,1840
9198,4088
9199,4089
9200,4090
9201,202
9201,1884
9202,890
9202,4091
9203,1883
9204,890
9205,1883
9206,518
9206,1887
9206,4092
9206,6264
9207,4092
9208,192
9208,4093
9208,4157
9209,192
9209,4093
9209,4157
9209,5721
9209,5805
9210,1231
9210,1473
9210,1617
9210,4095
9211,987
9211,1096
9211,1710
9212,255
9213,4097
9213,6080
9214,4100
9215,2031
9216,2031
9217,4100
9218,2031
9219,3000
9219,4101
9220,4101
9221,4102
9222,4105
9223,4105
9224,1480
9225,3024
9226,3024
9227,3024
9228,3024
9228,8361
9229,4107
9230,837
9231,4108
9232,4109
9233,4109
9234,1660
9235,1133
9236,4110
9237,4111
9237,5279
9238,4111
9238,5279
9239,4112
9239,5280
9240,3556
9240,4114
9241,4115
9242,1326
9242,3654
9243,3654
9244,1058
9245,1058
9246,1058
9247,1058
9248,1058
9249,1058
9250,1689
9250,5352
9251,1182
9252,1182
9253,3714
9254,4122
9255,2286
9255,4122
9255,4624
9255,6589
9256,4123
9257,4123
9258,4123
9259,191
9260,191
9261,191
9262,994
9262,1023
9262,7896
9263,4124
9264,4124
9264,7675
9265,4124
9265,7675
9266,579
9267,579
9268,579
9268,7513
9269,579
9269,5437
9270,1004
9271,1472
9272,1004
9273,3534
9274,2417
9274,5907
9275,110
9275,3799
9276,1137
9277,552
9277,1707
9278,552
9279,4127
9280,4128
9281,4129
9282,4127
9283,4127
9284,4130
9285,4130
9286,1388
9286,4130
9287,610
9287,711
9289,7602
9293,986
9294,986
9295,1072
9296,978
9297,978
9298,4052
9299,3689
9299,4351
9300,2315
9300,5254
9301,2526
9302,2526
9303,4132
9303,5255
9304,2068
9305,1473
9306,4133
9307,1618
9308,1645
9309,2393
9310,4137
9311,4137
9311,6743
9311,7042
9312,4138
9312,5458
9313,4138
9314,4138
9314,5458
9314,6843
9315,4138
9316,3030
9317,4139
9318,4139
9319,3715
9320,4140
9321,2036
9322,1162
9323,4144
9324,4144
9325,518
9325,1651
9326,1651
9327,1004
9327,4763
9328,4145
9329,4145
9330,4146
9331,4147
9332,973
9333,4026
9333,4644
9334,1072
9335,217
9335,710
9335,6938
9336,1132
9336,1202
9336,8588
9337,3696
9338,3696
9338,7972
9339,4150
9339,6780
9339,8685
9339,9187
9340,4150
9341,4151
9341,6930
9342,3252
9343,4152
9344,4153
9344,4834
9344,4893
9345,4153
9346,4154
9347,4155
9348,4155
9349,1072
9350,4155
9351,1072
9352,4155
9353,1072
9354,4155
9354,7073
9355,4155
9356,1072
9357,4156
9358,1072
9359,1072
9360,4155
9361,1992
9362,1992
9363,1992
9364,4157
9365,4157
9366,4158
9367,881
9368,1882
9368,2891
9369,986
9369,1097
9369,1428
9369,1992
9370,3496
9371,3496
9372,4159
9373,4159
9374,2109
9375,2586
9376,2286
9377,2109
9378,4160
9379,4160
9380,2515
9381,2515
9382,4161
9383,4161
9384,4163
9385,4165
9386,2289
9387,940
9388,940
9389,3691
9390,3691
9391,255
9391,7361
9392,255
9393,255
9394,255
9395,255
9396,1213
9397,1956
9398,610
9399,610
9399,4170
9400,1162
9401,1278
9402,1278
9403,1278
9404,552
9405,552
9406,552
9407,552
9408,552
9409,2382
9410,610
9411,1668
9412,4166
9413,890
9413,1013
9413,4391
9413,6135
9413,9197
9414,1231
9414,1473
9414,4168
9415,1321
9415,1324
9416,1923
9417,610
9418,1215
9419,610
9420,4171
9421,4172
9422,1213
9423,1145
9424,4173
9425,1111
9426,1111
9427,1111
9428,4174
9429,4174
9430,4174
9431,4176
9432,4177
9433,342
9433,1236
9434,1546
9434,7287
9435,217
9435,899
9435,1053
9436,631
9436,1053
9437,711
9437,725
9437,4179
9438,4180
9439,4180
9439,5598
9440,1521
9441,1595
9442,1595
9443,4182
9444,4182
9444,4315
9444,4982
9444,5466
9445,4182
9446,1685
9446,4194
9447,4184
9448,1087
9448,1290
9449,1111
9450,1111
9451,4185
9452,4186
9453,3916
9453,4187
9454,3916
9454,4187
9455,4187
9455,4221
9456,4187
9457,4187
9458,2292
9459,4188
9460,2912
9461,2912
9462,2912
9463,2912
9464,2912
9465,1213
9466,4190
9467,4190
9468,4190
9469,1218
9469,4192
9470,4195
9471,4195
9472,4195
9473,1109
9473,7085
9474,4196
9475,4197
9476,1654
9477,1287
9478,2920
9478,4200
9479,4160
9480,3014
9481,3014
9482,3014
9483,940
9483,973
9483,7286
9484,2255
9485,2255
9486,2841
9487,2841
9488,711
9489,4203
9490,4203
9490,6883
9491,4203
9492,4203
9492,6883
9493,608
9494,608
9495,1064
9495,3299
9495,4204
9496,4205
9497,4206
9498,4206
9499,4207
9500,4206
9501,191
9502,191
9502,4794
9503,1757
9504,1757
9504,8569
9505,1757
9506,4208
9507,4189
9507,4209
9508,4210
9509,4211
9510,2107
9510,7209
9511,2286
9512,2286
9513,1585
9513,2286
9513,4624
9514,552
9515,608
9515,3252
9516,1300
9516,3194
9517,14
9517,4212
9518,164
9518,1627
9519,4213
9520,4213
9521,4214
9522,4214
9523,4215
9524,4217
9525,1884
9526,4218
9527,4219
9528,4219
9529,191
9530,255
9531,255
9532,4220
9533,4222
9533,7076
9534,1614
9535,2643
9536,2643
9537,4224
9538,4224
9539,4224
9539,5778
9540,4224
9541,4224
9542,4225
9543,4225
9544,4226
9545,4226
9546,4226
9547,4227
9548,4227
9549,1778
9550,4230
9551,1059
9552,1059
9553,1162
9554,4231
9555,3815
9556,1362
9557,1362
9558,1362
9560,727
9560,5075
9561,5983
9562,2474
9562,4232
9563,4232
9564,1643
9564,3987
9565,1643
9566,174
9566,511
9566,1915
9566,5745
9567,174
9568,4234
9569,1139
9570,1064
9571,4235
9572,1351
9573,3316
9574,4236
9575,1352
9576,4237
9576,4532
9576,5213
9577,2521
9577,4567
9578,2521
9579,1133
9579,2521
9579,4567
9580,1872
9581,1058
9582,644
9583,4241
9584,4241
9585,4242
9586,4242
9587,1404
9588,1404
9589,1404
9590,1404
9591,4243
9592,4244
9593,4245
9594,4246
9595,4246
9596,1135
9597,4247
9598,2155
9599,1159
9599,4249
9599,6031
9600,4249
9601,4250
9602,1308
9602,4250
9603,3220
9604,3220
9605,4252
9606,1196
9607,1196
9608,1196
9609,101
9609,1108
9609,6395
9610,4253
9611,1096
9612,1096
9613,1595
9614,990
9614,1595
9615,4254
9616,4255
9617,4255
9618,4255
9619,4256
9620,4257
9621,3186
9622,1330
9623,1547
9624,1547
9625,1547
9626,4258
9627,4258
9628,4258
9629,4260
9630,4261
9631,4261
9632,634
9632,4918
9633,634
9633,4918
9634,634
9634,4918
9635,4262
9635,4919
9636,1040
9636,6462
9636,6466
9637,1040
9638,1040
9639,1423
9640,2307
9641,1116
9641,4418
9642,3976
9642,4263
9642,4952
9643,4264
9644,4264
9645,1200
9646,2039
9646,5149
9647,2039
9647,5149
9648,2639
9649,4265
9650,268
9650,1068
9651,1358
9652,2513
9653,4267
9654,4268
9654,9636
9655,4267
9656,4269
9657,890
9658,3073
9658,5538
9658,6783
9659,1882
9660,1414
9661,4271
9662,4272
9663,4271
9664,1300
9665,1300
9666,989
9666,1409
9666,1434
9666,7513
9666,8181
9667,1085
9667,1409
9668,1438
9669,4274
9670,4274
9671,4274
9672,4275
9673,4275
9674,4275
9675,4277
9676,1263
9676,2276
9677,109
9677,1057
9677,1109
9677,1263
9677,8117
9677,8929
9678,3764
9679,4278
9680,4278
9681,1085
9682,4279
9683,1176
9684,1176
9685,2038
9686,4280
9687,4280
9688,4281
9689,942
9690,942
9691,2146
9692,4284
9693,4284
9694,4284
9695,501
9695,2738
9696,1699
9697,4285
9698,1627
9698,3205
9698,6527
9699,501
9700,1704
9701,952
9701,2194
9701,3834
9701,7625
9702,2194
9702,7625
9703,952
9703,2194
9704,62
9705,1143
9705,2256
9705,5309
9706,4288
9706,5311
9707,4289
9707,5308
9708,1976
9709,4290
9710,4290
9710,5703
9711,4290
9712,622
9713,622
9714,4292
9714,5634
9715,4293
9716,2493
9716,5515
9716,5636
9717,1472
9718,1472
9719,610
9719,711
9719,1992
9720,4295
9721,4295
9721,6188
9722,1529
9722,2039
9722,6092
9722,9184
9723,4297
9724,4297
9727,5312
9728,940
9729,940
9730,940
9731,2877
9732,2877
9733,2877
9734,2877
9735,2877
9736,2877
9737,1688
9738,552
9738,1181
9739,552
9739,1181
9739,2514
9740,1955
9740,4300
9741,610
9742,1281
9742,3832
9743,2050
9744,2050
9745,1181
9746,1228
9747,1228
9748,1228
9749,4304
9750,4304
9750,5996
9750,6232
9751,4304
9751,6232
9752,4306
9753,4307
9754,4307
9755,1072
9756,1744
9757,1744
9757,4390
9758,818
9759,4308
9760,3028
9761,3028
9761,7966
9761,8667
9762,3028
9763,3028
9764,4309
9765,4310
9766,4309
9767,978
9768,4311
9769,4311
9770,1341
9771,4312
9772,4313
9773,4314
9774,4314
9775,4314
9776,2227
9777,2227
9778,2227
9779,2227
9780,4315
9781,4315
9781,4527
9781,4982
9781,5244
9782,4182
9782,4315
9783,4316
9784,2928
9785,2928
9786,191
9787,4319
9788,4319
9789,1278
9790,4320
9791,4321
9792,4322
9793,2461
9794,4323
9795,1200
9796,4323
9797,2724
9798,2724
9799,557
9799,1469
9800,1469
9801,1469
9802,4324
9803,4325
9804,3731
9805,3731
9806,4326
9806,6218
9806,8922
9807,1864
9808,1585
9809,1585
9810,1585
9811,4327
9812,4328
9813,4327
9814,255
9815,255
9816,1079
9817,4294
9818,4329
9819,986
9820,3599
9821,4332
9822,4332
9822,4974
9822,5358
9823,4332
9824,4332
9825,4333
9826,3869
9827,3578
9828,3578
9829,4334
9830,995
9830,4337
9830,4409
9830,6584
9831,4338
9832,1064
9832,1985
9833,1064
9834,4339
9835,4339
9836,1064
9837,4339
9838,1228
9839,1228
9840,1228
9841,1037
9842,1037
9843,1228
9844,1228
9845,1228
9846,1037
9847,1072
9848,1228
9849,1228
9850,4340
9851,4341
9851,7290
9852,4342
9853,4341
9854,247
9855,1550
9856,1467
9857,1550
9858,1705
9859,1100
9860,1100
9861,1100
9862,3533
9863,3533
9864,4344
9865,2095
9866,2095
9867,4345
9868,4346
9869,4346
9870,4347
9871,4348
9872,191
9873,191
9874,4350
9875,1541
9875,5862
9876,1317
9876,1541
9877,1317
9877,1541
9877,5862
9878,4352
9879,4353
9879,5737
9880,2920
9881,690
9881,710
9881,1117
9881,1605
9882,1605
9883,1605
9884,67
9885,67
9886,67
9887,67
9888,941
9889,202
9890,202
9891,202
9892,1131
9893,1131
9893,5668
9894,1305
9895,1305
9896,4356
9897,1305
9898,4356
9899,1305
9900,191
9901,1219
9902,2493
9903,4357
9904,4357
9905,4358
9906,4358
9907,553
9908,4358
9909,4358
9910,1480
9912,1081
9913,1081
9914,4359
9915,1287
9916,1287
9917,1287
9918,1287
9919,1118
9919,4360
9920,3290
9921,4361
9922,1048
9923,1048
9924,1048
9925,1951
9925,5978
9926,978
9927,4363
9928,1489
9929,1489
9930,1027
9931,4364
9931,9131
9932,4366
9933,1507
9933,1997
9933,4366
9934,1200
9935,1200
9936,1200
9937,191
9938,4368
9939,191
9940,191
9941,191
9942,4371
9943,1132
9944,1132
9945,1132
9946,3447
9947,1263
9947,7489
9948,4376
9949,1279
9950,1074
9951,4377
9952,4377
9953,4377
9954,501
9955,4378
9956,4378
9957,191
9957,610
9958,610
9959,1700
9960,1700
9962,1132
9963,4380
9964,4380
9964,4683
9965,552
9966,4381
9967,4381
9968,4381
9969,3532
9970,4383
9971,552
9971,1760
9972,552
9973,4385
9974,4385
9975,2077
9976,4386
9977,4386
9978,4387
9979,823
9980,828
9980,890
9980,1281
9981,1038
9982,552
9983,552
9984,2562
9985,4388
9986,4389
9987,4389
9987,7953
9988,4389
9989,4389
9990,4389
9991,2492
9992,2492
9992,5508
9993,1515
9995,1137
9996,1031
9996,2757
9996,6238
9997,1031
9998,1031
9999,1105
10000,1105
10001,2537
10002,2537
10002,8327
10003,2537
10004,2537
10005,3689
10006,3689
10007,1057
10007,1955
10008,1955
10008,7931
10009,3191
10009,5285
10009,6489
10010,2315
10011,2315
10012,2315
10013,2315
10014,2315
10015,3946
10015,4393
10015,5130
10016,4394
10017,4394
10018,501
10019,501
10020,4395
10021,1817
10022,1817
10023,4397
10024,4398
10025,1884
10026,3685
10026,4399
10027,3715
10028,1141
10029,974
10029,3030
10030,974
10031,4402
10032,4402
10033,4402
10034,4402
10035,4403
10036,4403
10037,4403
10038,1228
10038,4404
10039,4405
10040,4406
10040,7329
10040,7381
10041,4406
10042,1463
10043,1463
10044,1463
10045,4407
10045,6504
10046,4407
10046,4598
10046,6488
10046,6753
10047,4408
10048,1059
10049,1059
10049,5113
10050,2501
10051,4410
10052,4410
10053,987
10053,1473
10053,1617
10054,3661
10055,3661
10056,2853
10057,4411
10058,4412
10059,4413
10060,1698
10060,6546
10060,6587
10061,1698
10062,4415
10063,4416
10063,4715
10064,4416
10064,5593
10064,6626
10065,2389
10065,4416
10065,4716
10065,6961
10066,1109
10066,5234
10066,7506
10067,3238
10068,3238
10069,1755
10069,3238
10070,1420
10070,1825
10071,1420
10071,1825
10072,2844
10073,4417
10074,2844
10075,1096
10076,1133
10077,1133
10078,2340
10079,2341
10080,234
10080,1162
10081,1971
10082,1619
10083,1234
10084,4419
10085,4420
10085,4488
10086,4420
10086,4488
10086,6255
10087,942
10088,942
10089,942
10090,202
10091,501
10091,519
10091,1450
10091,4596
10092,2315
10094,4423
10095,191
10096,191
10097,539
10098,539
10099,4425
10100,539
10101,1960
10102,828
10102,1281
10103,828
10103,890
10103,1997
10104,2685
10105,2685
10106,2685
10107,2685
10108,4427
10109,1555
10109,1956
10109,6826
10109,6859
10110,1956
10111,1044
10112,1044
10113,817
10114,1991
10115,4429
10115,4546
10116,1232
10117,1232
10117,1694
10117,4869
10117,9668
10118,1232
10118,9668
10119,191
10120,191
10121,191
10122,501
10123,501
10124,191
10125,2032
10126,191
10126,978
10127,2492
10127,5508
10128,1072
10129,4432
10130,4432
10131,552
10132,552
10133,4433
10134,4434
10135,4433
10135,5191
10136,3069
10137,1049
10138,1049
10139,4435
10140,4435
10141,1324
10142,4436
10143,4436
10143,4673
10144,4437
10145,4436
10145,4673
10146,4438
10146,7214
10146,7837
10146,7930
10147,4439
10147,6568
10147,7214
10147,7370
10147,7837
10147,7930
10147,8243
10147,8690
10148,1037
10149,828
10149,1037
10150,2302
10151,2302
10152,1215
10153,610
10154,4440
10154,5233
10155,2926
10155,7912
10156,4442
10157,4442
10158,4443
10159,4444
10160,4445
10161,4445
10162,940
10163,940
10164,940
10165,940
10166,163
10166,1093
10166,1138
10166,1778
10167,4446
10168,4447
10169,4448
10169,8831
10170,2957
10170,5764
10171,2957
10172,2957
10173,847
10173,3267
10174,4449
10175,4449
10176,1118
10176,4707
10177,1118
10178,4450
10179,958
10180,958
10181,4451
10182,4452
10183,4453
10184,1117
10185,417
10185,1117
10185,4424
10186,1072
10187,1779
10188,1779
10188,2638
10189,1414
10190,1023
10191,1451
10192,4456
10193,1451
10194,4457
10195,2662
10196,2086
10197,4458
10198,4458
10199,1489
10199,4597
10200,1489
10201,4460
10202,1951
10202,4461
10202,4597
10203,2393
10204,1850
10205,1058
10206,4464
10207,4464
10208,4465
10209,4465
10210,1527
10211,1527
10211,5413
10212,4466
10212,6014
10213,4467
10214,4468
10215,4467
10216,4468
10217,4468
10218,4467
10219,4469
10220,2643
10221,1453
10222,2417
10223,4471
10224,4472
10225,4471
10226,1453
10227,1453
10228,3290
10229,1529
10229,8005
10236,552
10237,4477
10238,4477
10239,4477
10240,4477
10240,4831
10241,4477
10242,4477
10243,4477
10244,4478
10245,4478
10246,4479
10247,4479
10248,1337
10249,1165
10250,2014
10251,4481
10251,5998
10252,4481
10253,4481
10253,9467
10253,9482
10254,109
10255,1279
10256,1279
10256,9027
10257,1279
10258,4482
10259,4482
10260,4483
10261,4483
10262,4332
10263,4332
10264,4484
10265,4484
10265,9520
10266,553
10266,4485
10266,5333
10266,6875
10267,14
10268,1899
10269,4486
10270,4489
10271,4489
10272,4489
10273,3907
10274,978
10275,4490
10276,1159
10277,4491
10278,2577
10278,3562
10279,3562
10280,4494
10281,4494
10282,2315
10282,5254
10283,2315
10284,2315
10285,2315
10286,4495
10287,4495
10288,4496
10289,4499
10290,4499
10290,7012
10291,4500
10292,4501
10293,4502
10294,4503
10295,1337
10296,1237
10296,5256
10296,9509
10297,1237
10298,4506
10299,4506
10300,1159
10301,1159
10302,1159
10303,2853
10304,4507
10305,2141
10306,4507
10307,4508
10308,4508
10308,6147
10309,4509
10309,7805
10310,1027
10311,1027
10312,1717
10312,1997
10312,4512
10313,847
10313,2255
10313,2525
10314,552
10315,4517
10316,1593
10317,3719
10318,4519
10319,4519
10320,4519
10321,1780
10322,1780
10323,1215
10324,1423
10324,3496
10324,6110
10325,4520
10325,4605
10325,6130
10326,1384
10326,1755
10326,7777
10326,9377
10327,838
10327,1795
10328,4521
10329,4521
10330,3645
10331,1192
10331,4523
10332,4524
10333,4524
10333,5244
10334,4524
10335,191
10335,5202
10336,24
10336,191
10337,2654
10338,2654
10339,2654
10340,4525
10341,4526
10342,4526
10343,4526
10344,1326
10345,1326
10346,1326
10347,4530
10348,4531
10348,8519
10349,4532
10350,4532
10351,4532
10352,4533
10353,4534
10354,4535
10355,145
10355,4533
10356,145
10356,2827
10356,4533
10357,2343
10358,4536
10359,3133
10360,1960
10361,1960
10362,4539
10363,492
10363,994
10363,1023
10363,4540
10364,583
10364,1176
10364,6644
10364,8302
10364,9643
10365,1176
10366,4541
10366,4733
10367,4542
10368,4542
10369,4542
10370,4542
10371,4543
10372,4543
10373,4074
10373,4543
10374,1850
10374,2514
10374,4544
10375,4544
10376,4544
10377,3441
10378,4546
10379,91
10380,102
10380,1475
10381,102
10382,847
10382,4154
10382,4827
10383,847
10384,847
10384,1992
10385,1374
10385,5354
10386,3981
10387,3981
10388,3981
10389,3290
10390,1040
10390,1384
10390,6405
10390,6466
10391,4548
10392,4549
10393,4550
10394,148
10394,1424
10395,148
10395,1424
10396,4551
10397,4552
10398,1302
10399,1588
10400,2417
10401,1384
10401,1840
10401,3118
10402,1710
10402,3276
10403,3775
10404,2085
10405,4559
10406,3062
10407,3062
10408,4560
10408,8642
10409,4560
10410,191
10411,4562
10412,4495
10413,4495
10414,4495
10415,4495
10416,4495
10417,4564
10417,4771
10420,2788
10421,4565
10422,1450
10423,978
10424,978
10425,978
10426,978
10427,2259
10427,4568
10427,8664
10428,4568
10429,4569
10429,7287
10430,1709
10431,1709
10432,1709
10433,1709
10434,1709
10435,1709
10436,1709
10437,4571
10438,4572
10439,4573
10440,4160
10440,4574
10440,5074
10441,4575
10442,4576
10443,727
10443,4575
10444,4577
10445,3159
10446,3159
10447,3159
10448,3159
10449,3159
10450,973
10451,610
10452,4578
10453,610
10454,1992
10455,1182
10456,1097
10456,1139
10456,1992
10456,2308
10456,4672
10456,5404
10457,1466
10458,4579
10459,4580
10460,1281
10461,78
10461,4581
10462,3423
10463,3423
10464,3423
10465,3423
10466,1219
10467,4584
10468,1064
10469,1064
10470,1064
10471,1064
10472,2562
10473,710
10474,710
10475,710
10476,2660
10477,2660
10478,2660
10479,267
10479,501
10480,3028
10481,3028
10482,68
10482,4587
10483,2198
10483,4590
10483,5503
10484,2198
10484,4590
10484,5503
10485,4590
10486,1414
10486,2198
10486,4590
10486,5503
10487,2827
10487,4591
10488,4592
10489,4593
10490,4009
10491,4009
10492,973
10493,1158
10494,1158
10495,1937
10496,1072
10497,890
10497,9610
10498,890
10499,1617
10500,4594
10501,4595
10502,4595
10503,4596
10504,610
10505,610
10505,1992
10506,978
10506,2202
10507,1472
10508,4597
10509,191
10510,24
10510,191
10511,2168
10512,2100
10512,4599
10513,4600
10514,1131
10515,1131
10515,7229
10516,1131
10517,1131
10518,4601
10519,4601
10520,202
10521,4602
10522,202
10523,202
10524,1760
10524,4603
10524,6523
10525,4605
10526,4606
10526,5419
10527,4607
10528,3147
10528,4608
10528,5881
10529,1393
10530,4609
10531,4609
10532,4609
10533,4611
10534,1992
10535,1202
10536,4614
10537,4615
10538,4616
10539,1131
10540,3028
10541,4617
10542,2931
10542,6029
10542,8915
10543,1232
10544,4618
10545,4619
10546,1232
10547,4621
10548,1166
10549,1166
10550,1166
10551,1636
10552,1636
10552,8746
10553,1232
10554,1232
10555,1795
10556,940
10557,4623
10558,1690
10559,4624
10560,4626
10561,2474
10562,2474
10563,2285
10564,2285
10565,4628
10566,4629
10567,1960
10567,5016
10568,1960
10568,5016
10569,4633
10570,647
10571,4634
10572,4635
10573,4636
10574,4637
10575,4638
10576,4639
10576,4970
10577,4640
10577,4641
10578,4640
10578,4641
10579,4641
10580,4640
10581,3331
10582,3331
10583,3331
10584,818
10585,818
10585,1643
10586,818
10587,1116
10588,1472
10589,1472
10589,2260
10590,285
10591,2375
10592,986
10592,1139
10592,2036
10592,5415
10593,4648
10594,4648
10595,4648
10596,4649
10597,4649
10598,4651
10599,1884
10600,1884
10601,1006
10602,1006
10603,4652
10603,5475
10604,1583
10604,3118
10604,4652
10605,4652
10606,1234
10607,1079
10608,496
10608,764
10609,4655
10610,1071
10611,1071
10612,4656
10613,4656
10614,1473
10614,2036
10615,818
10616,818
10617,818
10618,935
10619,935
10620,4658
10621,24
10622,4659
10623,2083
10624,2083
10625,1761
10626,1761
10627,4
10627,1213
10628,4664
10629,4665
10630,632
10630,4664
10630,4685
10631,1108
10632,1108
10633,491
10633,4666
10633,5759
10634,4667
10635,3946
10636,2188
10637,4669
10638,978
10638,2286
10638,2696
10638,4122
10639,2696
10640,2696
10641,4670
10643,824
10643,5296
10644,847
10644,1992
10645,2276
10646,2276
10647,2276
10648,2562
10649,1296
10650,4673
10651,1660
10652,4675
10653,4676
10654,4677
10655,3799
10655,4676
10656,4676
10657,2180
10658,2180
10659,2180
10660,2180
10661,4678
10662,2180
10662,6187
10663,1946
10664,4679
10665,823
10666,1262
10667,989
10668,4681
10669,4681
10670,4681
10671,4681
10672,4683
10673,4684
10673,5137
10673,6184
10673,9387
10674,1992
10674,4684
10675,4684
10676,602
10676,1146
10676,2682
10677,1883
10677,3045
10678,4687
10679,4687
10680,1556
10681,1399
10681,1556
10682,447
10683,447
10684,987
10685,986
10685,987
10685,1228
10686,987
10687,1791
10688,5278
10688,8458
10695,774
10696,4692
10697,838
10698,4693
10699,4693
10700,1428
10701,714
10702,4694
10703,4694
10704,4694
10705,4694
10706,4696
10707,2586
10708,2586
10709,1931
10709,7110
10709,7663
10709,7806
10710,2586
10711,1213
10711,3414
10711,5341
10712,3404
10713,2304
10714,2304
10715,518
10715,1136
10716,4697
10717,4697
10718,1196
10719,1951
10720,847
10720,1428
10721,1139
10722,1131
10722,6111
10722,7007
10722,9432
10723,4698
10723,6760
10724,818
10725,726
10725,818
10726,818
10727,4700
10728,4700
10729,4701
10730,4701
10731,4701
10732,4701
10733,1593
10733,5231
10734,1593
10734,5231
10735,4702
10736,4702
10737,4702
10738,1109
10739,1175
10740,4704
10741,978
10742,4708
10743,2014
10743,4641
10744,1057
10745,2913
10746,1473
10747,3691
10748,1585
10749,1585
10750,4709
10751,4710
10752,4711
10753,4712
10754,4713
10755,4713
10756,4713
10757,4714
10758,4714
10759,4714
10760,4714
10761,1706
10761,4911
10762,4717
10763,1521
10764,1521
10765,1521
10766,4718
10767,1069
10768,1182
10769,1069
10770,1069
10771,1896
10772,1992
10773,1760
10773,4545
10773,5282
10774,1760
10774,4545
10775,4719
10776,4719
10777,24
10777,191
10778,1472
10779,1472
10780,1885
10780,4798
10781,1027
10782,1027
10783,4720
10783,5272
10783,6183
10784,1085
10785,1118
10786,4722
10786,5291
10787,4724
10788,4724
10789,4725
10790,4726
10791,1992
10792,1992
10793,1992
10794,1351
10795,4728
10795,9591
10796,3701
10797,4730
10798,4731
10799,4731
10800,3701
10801,4732
10802,234
10803,234
10804,234
10804,7323
10805,234
10805,3802
10806,234
10807,234
10808,234
10809,234
10809,3802
10810,234
10811,234
10811,1162
10812,234
10813,234
10813,3802
10814,234
10815,234
10816,234
10817,234
10817,9610
10818,234
10818,1162
10819,4734
10820,4734
10821,4735
10822,4736
10823,552
10823,882
10824,406
10825,406
10826,406
10827,2342
10828,2342
10829,2342
10830,2342
10831,1013
10832,2871
10833,4738
10834,4739
10835,4740
10836,4741
10837,4740
10838,4742
10839,1155
10840,1155
10841,1231
10842,1231
10843,1231
10843,1585
10843,2068
10844,1231
10845,2183
10846,1270
10847,4750
10848,3620
10849,4756
10850,2313
10851,828
10851,890
10851,7671
10852,4757
10853,4761
10854,4763
10855,4765
10856,1012
10856,2633
10856,3434
10857,2633
10858,4766
10859,4767
10860,24
10861,837
10861,1162
10862,3370
10862,5670
10863,3370
10864,978
10865,978
10866,2343
10867,4768
10868,2638
10868,4768
10869,4769
10870,4770
10870,5425
10870,6694
10871,4769
10871,6085
10872,2724
10873,2615
10873,9183
10874,2615
10875,2154
10876,1480
10877,1480
10878,4773
10879,4773
10880,2753
10881,1960
10882,1960
10883,4775
10883,5516
10884,4775
10885,4775
10886,4776
10887,4776
10888,4776
10889,4777
10890,4776
10891,1117
10892,4778
10893,1117
10894,1117
10895,4779
10896,4779
10897,4779
10898,4780
10899,4781
10900,4781
10901,1109
10902,4283
10902,5054
10903,1166
10904,1992
10904,4942
10905,1280
10906,4784
10907,4785
10908,4786
10909,4787
10910,4787
10911,4788
10912,2033
10913,1138
10914,828
10914,890
10914,1281
10914,1426
10915,1472
10916,1472
10917,610
10922,4791
10923,4791
10924,4791
10925,1717
10926,2993
10927,4794
10928,4189
10929,4189
10930,4189
10930,6818
10930,6834
10931,4795
10932,4796
10933,4795
10934,4797
10934,7986
10935,838
10935,1151
10936,4799
10937,1992
10938,1850
10939,1850
10940,847
10941,847
10942,1096
10942,4801
10943,3856
10944,4802
10945,4802
10946,4802
10947,4802
10948,4803
10949,4804
10950,4804
10951,4804
10952,4806
10953,4806
10954,3888
10955,4807
10956,4808
10957,4809
10958,4809
10959,4810
10960,890
10960,1378
10961,2694
10962,2694
10963,2694
10964,2694
10965,1302
10966,1209
10966,1450
10967,1450
10968,1450
10969,4811
10970,941
10970,1300
10970,4811
10970,9018
10971,4812
10972,974
10972,6465
10973,552
10973,7067
10974,552
10975,552
10976,552
10977,2315
10978,2315
10979,4813
10980,4813
10981,498
10982,263
10982,498
10983,1915
10984,1850
10985,1850
10986,1850
10987,4814
10988,4814
10989,1231
10990,1231
10991,1231
10992,1231
10993,4817
10994,4819
10995,4820
10996,4821
10997,4822
10997,6500
10998,4822
10999,1058
11000,1058
11001,4823
11002,1096
11003,1701
11004,2418
11005,4824
11006,552
11007,284
11007,1012
11008,1014
11009,4825
11010,2108
11011,1992
11012,4828
11013,4828
11014,4829
11015,4830
11016,1657
11017,610
11018,4430
11019,4832
11020,4832
11021,4832
11022,1155
11022,1894
11022,4429
11022,6154
11022,9000
11023,3304
11024,3304
11025,4835
11026,4835
11027,986
11028,1483
11028,4836
11028,9071
11029,4836
11030,4836
11031,4836
11032,4836
11033,3589
11034,4838
11035,4839
11036,4839
11036,6858
11037,4840
11038,1893
11039,4841
11040,1992
11041,1992
11042,610
11042,725
11043,1760
11044,1883
11045,2535
11046,1227
11047,3624
11048,4842
11049,4842
11050,4843
11051,1073
11052,2715
11052,8487
11053,4845
11054,4846
11055,4844
11056,1549
11057,1549
11058,1549
11059,1326
11060,936
11061,1326
11062,1274
11062,1913
11062,1955
11063,4849
11064,608
11065,246
11065,3466
11065,4850
11066,456
11067,994
11067,6539
11068,994
11069,1044
11070,1200
11071,1200
11072,1200
11073,1228
11073,2577
11073,2717
11073,5053
11073,8015
11074,4855
11075,4856
11076,3655
11076,3850
11077,1354
11078,202
11079,710
11080,710
11081,2912
11082,2912
11082,5650
11083,202
11083,302
11083,8260
11084,4859
11085,4859
11086,4860
11087,4860
11088,4860
11089,4860
11090,1414
11090,4860
11091,4860
11092,4860
11093,1330
11094,1321
11094,1324
11095,4861
11096,1477
11096,4861
11097,1477
11097,3434
11098,4861
11099,4862
11100,4
11101,816
11102,2530
11103,2594
11104,1884
11105,4865
11106,1515
11106,7978
11106,8798
11107,1515
11108,1515
11109,4866
11110,4867
11111,1155
11111,1894
11111,4429
11111,9000
11112,1781
11112,1993
11113,1781
11114,1781
11114,1993
11115,1992
11116,1992
11117,1992
11117,2105
11117,3599
11118,1992
11119,1992
11120,2255
11121,2255
11122,4870
11123,4870
11124,4871
11125,1337
11126,1300
11127,4872
11128,882
11128,1388
11128,6870
11128,6959
11128,9010
11129,1058
11129,1972
11129,4873
11130,1388
11131,978
11132,145
11132,4874
11133,4874
11134,1434
11135,4874
11136,1232
11137,1232
11137,9223
11138,62
11139,62
11140,62
11140,552
11141,4875
11142,4641
11143,4876
11144,986
11145,4879
11146,71
11147,71
11148,4880
11149,1477
11150,1275
11151,1275
11152,1215
11153,1438
11154,1590
11154,5100
11155,1159
11156,4883
11157,4885
11158,4885
11159,2827
11160,1992
11161,4889
11162,4890
11163,4891
11164,4893
11165,4894
11166,4895
11167,4896
11168,4894
11169,4897
11170,4897
11171,4899
11172,1279
11173,1279
11174,1279
11174,5319
11175,3946
11176,3946
11177,4900
11178,4900
11179,474
11179,1434
11179,4900
11181,3083
11182,4901
11183,4901
11184,4901
11185,4901
11186,4391
11187,4391
11188,4903
11189,4903
11190,4904
11191,4904
11192,1192
11193,1096
11194,3666
11195,4906
11196,2521
11197,110
11197,2521
11198,4908
11199,4908
11200,4908
11201,4909
11202,4910
11203,4910
11204,1706
11204,4363
11205,1872
11206,1149
11206,1872
11207,4912
11208,1872
11209,4596
11210,1266
11211,1300
11212,4916
11212,5414
11213,1617
11214,4145
11215,2960
11215,4145
11215,6695
11216,4145
11217,3780
11217,4617
11218,4617
11219,4617
11220,4617
11221,2343
11222,978
11222,5530
11223,978
11223,1472
11224,2474
11224,4918
11225,710
11226,4923
11227,4923
11228,759
11228,3556
11229,3556
11230,4926
11231,4927
11232,4926
11233,1263
11234,4929
11235,4929
11236,3479
11237,4930
11238,4930
11239,4931
11240,4933
11241,4932
11242,4937
11243,255
11243,366
11243,8785
11244,255
11245,4940
11246,1358
11247,3095
11248,974
11248,9320
11249,3095
11250,1100
11251,1100
11252,4944
11253,4945
11254,4945
11255,476
11256,909
11256,7190
11257,828
11257,4947
11258,4948
11259,4949
11260,4949
11261,4950
11262,3780
11262,4952
11263,987
11264,987
11265,4093
11266,4093
11267,4093
11268,2657
11268,3961
11269,4956
11270,4957
11271,86
11271,989
11271,4958
11271,5595
11271,6222
11271,7513
11272,4959
11273,4960
11274,4961
11275,1200
11276,4961
11277,4962
11278,1027
11279,1195
11280,1195
11281,2039
11282,2039
11283,1607
11284,2329
11284,4966
11285,2329
11285,4966
11285,8982
11286,4966
11287,4966
11288,4966
11289,2329
11289,4966
11290,1059
11291,102
11291,1059
11292,4967
11293,4967
11294,4968
11295,1279
11296,4969
11297,4971
11298,4972
11298,9243
11299,4972
11300,4973
11301,4973
11302,2634
11303,2634
11304,4976
11305,1665
11306,759
11307,1982
11308,838
11308,4977
11309,4978
11310,4978
11311,1362
11312,1992
11313,583
11313,1176
11313,9644
11314,191
11315,191
11316,4982
11317,4982
11318,1800
11319,1070
11319,3274
11319,6807
11320,3452
11321,118
11321,1595
11321,2152
11321,3452
11321,6754
11322,501
11323,501
11324,4987
11325,1125
11325,4935
11326,4937
11327,4988
11328,4989
11329,498
11329,1424
11330,498
11330,1424
11331,1424
11332,1585
11333,4991
11334,4991
11334,6191
11335,4991
11336,4991
11336,6193
11337,4992
11338,1362
11339,1112
11339,4994
11340,4994
11341,4994
11342,1358
11343,552
11344,4995
11345,4995
11346,4995
11347,4996
11348,1959
11349,2051
11350,4998
11351,4998
11352,552
11353,552
11354,4999
11354,6371
11355,5000
11356,5002
11356,7396
11357,5003
11358,5003
11359,5004
11360,5005
11361,5005
11362,5005
11363,5006
11364,5007
11365,5008
11366,1096
11367,1700
11368,2485
11369,890
11369,5010
11370,5010
11371,1068
11372,5011
11373,5011
11374,5011
11375,1308
11376,1308
11376,1795
11377,5016
11378,1300
11378,1595
11378,9151
11379,1300
11380,5018
11381,5018
11382,5018
11383,5019
11384,1619
11385,1619
11386,62
11386,552
11386,774
11386,1619
11387,1619
11388,1619
11389,1202
11390,1202
11391,5022
11392,4725
11393,5022
11394,552
11395,24
11395,191
11395,527
11396,5027
11397,291
11398,1228
11399,11
11399,1111
11400,376
11401,5028
11402,2105
11403,2085
11404,3780
11405,3780
11406,3780
11407,192
11407,478
11407,5029
11408,5030
11409,5031
11410,4182
11411,1068
11412,610
11413,1068
11414,5032
11415,1010
11416,579
11417,191
11417,400
11418,3357
11419,3357
11420,3357
11421,5033
11422,1899
11422,4464
11422,8139
11423,5034
11424,5035
11425,5036
11426,5037
11427,5038
11428,5038
11429,5038
11430,1609
11431,5039
11432,5039
11433,5039
11434,5039
11435,3714
11436,5040
11437,552
11437,2400
11438,1111
11439,284
11439,1111
11440,5044
11441,3042
11442,3042
11443,5046
11444,5046
11444,5451
11444,5509
11445,5048
11446,5048
11447,847
11447,890
11448,847
11449,847
11449,1072
11450,5051
11451,1219
11452,5055
11453,5055
11454,79
11455,79
11456,5056
11457,5056
11458,5056
11459,5057
11460,5059
11461,5059
11462,3685
11463,3685
11464,6510
11464,9124
11465,3645
11466,1234
11467,1137
11468,1137
11469,14
11469,1585
11469,6430
11470,5061
11470,6033
11471,816
11471,1308
11472,5063
11473,1122
11474,122
11474,1122
11475,1122
11476,631
11476,1213
11477,818
11478,818
11478,6096
11479,1622
11480,1923
11481,5064
11482,5066
11483,5066
11484,1477
11485,1477
11486,1477
11487,1477
11488,1561
11489,823
11490,823
11491,978
11492,1072
11493,5069
11494,5069
11495,1219
11496,1882
11497,1192
11497,1951
11497,5369
11497,8997
11498,1509
11499,1509
11499,2304
11500,1231
11500,2068
11501,5071
11502,5071
11503,3976
11504,5072
11505,5072
11506,501
11507,1960
11508,501
11509,5074
11510,986
11511,1473
11512,2282
11513,1489
11514,5076
11515,1302
11516,5077
11517,4431
11518,4431
11519,5078
11520,5078
11521,202
11522,1074
11523,443
11524,608
11525,1062
11526,1062
11527,1062
11528,1062
11529,1062
11530,1062
11531,1384
11532,1384
11533,1384
11534,817
11534,1951
11535,3780
11536,4464
11537,1296
11538,5082
11539,2373
11540,2373
11541,5084
11542,5084
11543,5085
11544,5086
11545,5086
11546,847
11547,5088
11548,1280
11549,5091
11550,5091
11551,5091
11552,5091
11553,5091
11554,5092
11555,848
11556,848
11557,847
11558,1166
11558,5223
11559,5093
11560,5094
11561,5094
11562,5094
11563,5095
11564,4374
11565,4374
11566,4374
11567,5096
11568,5097
11569,5098
11570,5099
11571,5101
11572,5101
11572,7230
11572,7919
11573,5102
11574,1704
11575,1704
11576,5104
11577,5105
11577,8327
11578,5105
11579,5105
11580,5106
11581,4046
11582,890
11583,890
11584,890
11585,5109
11586,5110
11587,5109
11588,973
11588,8287
11589,1281
11590,5112
11591,1229
11591,5777
11591,5849
11592,1229
11593,5113
11594,5113
11595,5113
11596,1438
11597,1300
11598,1850
11599,2481
11600,4478
11601,4478
11602,1636
11603,1425
11604,5114
11605,1425
11606,1425
11607,1425
11608,1425
11609,1425
11610,1893
11611,5115
11612,5116
11613,5119
11614,552
11614,1643
11615,5122
11615,5535
11615,7802
11616,5123
11617,5123
11618,5125
11619,3172
11620,5130
11621,5130
11622,1363
11622,5131
11622,5664
11623,5133
11623,8284
11623,8585
11624,4207
11624,5133
11624,5535
11624,6000
11625,3193
11625,5133
11625,8335
11626,14
11627,164
11627,1627
11627,7048
11628,5134
11629,5135
11630,847
11630,2255
11631,3528
11632,1472
11633,5136
11634,5136
11635,5137
11635,6518
11636,1031
11637,5138
11638,1414
11639,1414
11640,5141
11641,3324
11641,9171
11642,3324
11643,5142
11644,5142
11645,978
11646,5143
11647,5143
11648,5143
11649,1096
11650,1096
11651,5144
11652,5144
11653,5145
11654,5144
11655,5145
11656,5145
11657,5145
11658,5144
11659,5144
11660,5146
11661,5146
11662,1628
11663,1628
11664,1384
11664,1840
11665,2647
11666,2647
11667,5147
11668,847
11669,5149
11670,5151
11671,5152
11672,1850
11673,1096
11674,1840
11675,5155
11676,5155
11677,5155
11678,5156
11679,191
11680,1116
11681,4168
11682,5157
11683,5157
11684,5158
11684,5433
11685,4605
11686,5163
11687,1700
11688,5164
11689,5055
11689,5165
11689,9012
11690,5167
11691,5167
11692,5167
11693,5167
11694,501
11694,890
11694,1849
11695,2491
11696,2491
11697,994
11698,1700
11699,1700
11700,899
11701,5168
11702,1166
11703,5170
11704,5170
11705,1657
11706,1162
11707,5172
11708,5172
11709,5172
11710,5172
11711,5173
11712,5174
11713,1388
11713,8679
11714,5176
11714,6370
11715,5177
11716,191
11717,1232
11718,1232
11719,5179
11720,5179
11721,5179
11722,1465
11723,2198
11724,5181
11725,5182
11726,5183
11727,1111
11727,5329
11727,6690
11728,2660
11729,5184
11730,2702
11731,5185
11732,5185
11733,5186
11734,1997
11735,2643
11736,1068
11737,5188
11738,5188
11739,5189
11740,1213
11740,5190
11741,1213
11741,5190
11742,1213
11742,5190
11743,1825
11744,208
11744,5175
11745,5191
11746,5195
11747,400
11747,1806
11748,1780
11749,1780
11750,376
11750,690
11750,838
11750,3290
11750,3785
11750,6804
11751,2198
11752,5198
11753,5198
11754,5198
11755,2
11755,1219
11755,4698
11756,3057
11757,5199
11758,4999
11759,3057
11760,5200
11761,5200
11762,3414
11763,4
11764,1992
11765,1992
11766,847
11767,217
11768,473
11769,473
11769,862
11770,978
11771,2286
11771,6589
11772,1585
11772,5204
11772,9348
11772,9517
11773,5205
11774,5205
11775,4885
11776,4885
11777,1122
11778,5206
11779,710
11780,5207
11781,247
11781,1055
11781,5207
11781,5719
11782,4532
11783,2375
11784,5208
11784,6498
11784,8532
11785,5209
11786,5210
11787,5211
11788,5210
11789,376
11790,5212
11791,5213
11792,1237
11793,1451
11794,1451
11795,5085
11796,5085
11797,501
11797,552
11797,7067
11798,5214
11799,79
11800,79
11800,6621
11801,79
11801,1351
11801,6621
11802,218
11802,2716
11802,5215
11803,5216
11804,5216
11805,5216
11806,5217
11807,847
11808,5218
11809,2654
11810,3760
11811,1125
11812,1287
11813,990
11814,481
11814,1287
11815,5219
11816,1157
11816,5220
11816,7111
11817,5221
11817,6137
11818,2439
11819,2439
11820,2439
11821,1279
11822,5224
11823,5225
11824,5225
11825,5225
11826,5224
11827,5226
11828,1139
11829,1139
11830,5227
11831,5228
11832,5229
11833,5230
11834,5231
11835,5231
11836,5231
11837,1049
11838,5232
11839,5232
11840,5232
11841,5234
11842,5235
11843,1213
11844,1213
11844,6149
11844,7124
11845,5237
11846,852
11846,5237
11847,246
11847,5237
11848,847
11849,5238
11850,1967
11851,1967
11852,5240
11853,1143
11854,1285
11855,1285
11855,8158
11856,973
11857,1070
11858,2417
11859,5241
11860,1701
11861,1701
11862,5242
11862,7257
11863,5242
11864,5242
11865,4101
11866,4101
11867,5244
11868,5244
11869,2993
11870,2993
11871,1450
11872,5246
11873,1450
11874,1450
11875,5247
11876,5247
11876,5290
11876,8496
11876,8639
11877,14
11877,5248
11878,5248
11879,5248
11880,5249
11881,1760
11882,1760
11883,1232
11883,4139
11884,5250
11885,5251
11886,5250
11887,5252
11888,5250
11889,828
11889,890
11890,5253
11891,5255
11892,1883
11893,5256
11894,847
11894,1139
11895,1139
11896,4961
11897,1080
11898,5257
11899,5257
11900,5257
11901,2342
11901,5365
11902,2342
11903,5258
11904,935
11904,1704
11905,2152
11906,224
11906,1690
11906,9049
11907,14
11907,1227
11908,1227
11909,711
11910,5259
11911,5259
11912,5262
11913,1279
11914,191
11915,610
11916,610
11917,1005
11918,1026
11919,2342
11919,5950
11920,3799
11921,2521
11921,3799
11922,5264
11923,5264
11924,5265
11925,1099
11926,1099
11927,1992
11928,1992
11929,1884
11930,5266
11931,1992
11932,1992
11933,1992
11934,2033
11935,5267
11936,5267
11937,5269
11938,4291
11939,5143
11940,1096
11940,5473
11941,1096
11942,5271
11943,5272
11944,5272
11944,6183
11945,5273
11946,5274
11947,2036
11948,2562
11949,552
11950,1699
11951,2562
11952,1699
11953,5275
11954,5276
11955,1710
11955,3118
11956,1583
11956,3118
11957,175
11958,5277
11959,1057
11959,5283
11959,8366
11960,1228
11961,1228
11962,1228
11963,5286
11964,5286
11965,5286
11966,202
11967,1580
11968,1556
11969,1556
11969,7452
11970,1853
11970,3236
11970,9342
11971,5288
11972,1326
11973,1059
11974,1326
11975,1326
11976,5292
11977,2286
11978,5293
11979,5293
11980,5294
11981,978
11982,5297
11983,5297
11984,2366
11985,2366
11986,2753
11987,5301
11989,3102
11990,5303
11991,5304
11992,5305
11993,5305
11994,1143
11994,2256
11994,7873
11994,8086
11995,2256
11995,5306
11996,5308
11997,5309
11998,4288
11998,5310
11998,8087
11999,5312
12000,5312
12001,5313
12002,145
12003,145
12004,145
12005,145
12005,9046
12006,1358
12007,501
12007,519
12007,5315
12007,5326
12008,5315
12009,4988
12010,5318
12011,2292
12012,978
12013,3599
12014,5320
12015,5320
12016,5320
12017,5320
12018,1617
12018,2255
12018,4942
12018,7787
12019,5321
12020,1711
12021,5034
12021,5322
12022,5322
12023,5034
12023,5322
12024,1738
12025,4327
12025,5991
12026,5325
12027,5326
12028,5326
12029,1438
12030,539
12031,823
12032,823
12033,1265
12034,1265
12035,940
12035,1012
12035,5253
12035,7637
12036,4641
12037,5330
12038,5331
12039,557
12039,5331
12040,5332
12041,1096
12042,2286
12042,4485
12042,5459
12043,5335
12044,5335
12045,5336
12046,5336
12047,5337
12048,5337
12049,5337
12049,7816
12050,5337
12051,1010
12052,1010
12052,5386
12053,5338
12053,5387
12054,5338
12054,5387
12055,5338
12055,5387
12056,3578
12057,5339
12058,5339
12058,6611
12059,5342
12060,5343
12061,2037
12062,2037
12063,5344
12064,2232
12065,5344
12066,5344
12067,1130
12067,2232
12067,6092
12068,5345
12069,5346
12070,1215
12070,8195
12071,1215
12071,8195
12072,1614
12073,1576
12074,1300
12075,5347
12076,5355
12077,610
12078,847
12079,2880
12080,2152
12081,5356
12082,5357
12083,1049
12083,1627
12084,1166
12085,1166
12086,5358
12087,222
12088,222
12089,5359
12090,5360
12091,2166
12092,5361
12093,5362
12094,5362
12095,844
12096,844
12097,844
12098,844
12099,5364
12100,501
12100,828
12100,1378
12100,1426
12101,1096
12102,5365
12103,5367
12104,5367
12105,5367
12106,2039
12107,5368
12108,1278
12109,4740
12110,4740
12111,4740
12112,4740
12113,4740
12114,4740
12115,4740
12116,5370
12117,5371
12118,5372
12119,5372
12120,5373
12121,5373
12122,2657
12123,2657
12124,5375
12125,1704
12126,1786
12127,1786
12128,862
12129,816
12130,816
12131,816
12132,268
12132,1284
12133,268
12135,994
12136,1200
12137,1200
12138,1200
12139,1893
12140,3053
12141,1617
12142,552
12143,552
12144,5378
12145,5380
12146,5380
12147,2302
12148,2302
12149,5382
12150,5016
12151,1087
12152,1087
12153,2521
12154,2521
12155,1951
12156,1740
12157,5388
12158,1740
12159,1951
12160,2307
12161,5389
12162,5389
12163,5390
12164,890
12165,2260
12166,1472
12167,2260
12167,9638
12168,2302
12169,2302
12170,1096
12171,837
12172,1791
12173,5392
12174,5393
12175,5394
12176,5395
12177,5396
12178,608
12179,3720
12180,2400
12181,5398
12182,5398
12183,1993
12184,2108
12185,823
12185,2108
12186,5399
12187,1360
12188,5401
12189,611
12190,611
12191,5401
12192,1109
12193,5405
12194,5406
12195,5407
12196,5408
12197,5408
12198,4885
12199,4885
12200,5411
12201,5412
12202,1013
12203,1013
12204,1237
12205,5416
12205,7160
12206,5417
12207,1202
12208,1096
12209,1219
12210,5418
12211,1202
12212,5421
12213,5422
12214,3464
12214,5423
12214,6932
12214,9635
12215,5424
12216,5425
12216,6694
12217,4424
12218,4424
12219,5427
12220,5427
12221,2187
12222,2187
12227,16
12228,5434
12229,5434
12230,1004
12231,1753
12232,5437
12233,5438
12234,5439
12235,5440
12236,1231
12237,1473
12238,1175
12239,978
12240,1960
12240,5444
12241,5445
12242,5447
12243,5448
12244,1893
12245,1893
12246,1893
12247,1893
12248,2515
12249,973
12249,1278
12249,9084
12250,255
12250,690
12250,838
12251,5450
12252,5452
12253,2388
12254,978
12255,4343
12256,5458
12257,5458
12258,5458
12259,5460
12260,5461
12261,5461
12262,5461
12263,5463
12264,5464
12265,5464
12266,5465
12267,4014
12268,5466
12269,5467
12270,5467
12271,5468
12272,5471
12273,5472
12274,1013
12275,1013
12276,610
12277,655
12278,1055
12279,1055
12280,1585
12281,2315
12282,1419
12283,1884
12283,4431
12284,4431
12285,4431
12286,4132
12287,4132
12288,1368
12289,5478
12290,4942
12291,1780
12292,986
12293,986
12294,5479
12295,5480
12296,5479
12297,1044
12298,2880
12299,5481
12300,5481
12301,5481
12302,5481
12303,1162
12304,1162
12305,1425
12306,1425
12307,5482
12308,5482
12309,5482
12310,5482
12311,1425
12311,5675
12312,5483
12313,5484
12314,5486
12315,1388
12316,847
12316,1931
12317,1096
12318,1096
12319,1096
12320,5489
12321,5489
12322,5489
12323,5490
12324,1139
12325,5491
12326,1323
12327,1324
12327,5492
12328,5493
12329,2585
12330,1166
12331,5494
12332,5495
12333,5494
12334,5496
12334,5950
12335,5497
12336,625
12337,793
12338,5499
12339,2259
12339,6583
12340,2244
12341,1237
12342,1237
12343,1515
12344,1515
12345,5500
12346,5500
12347,5501
12348,5502
12349,1884
12349,5500
12350,162
12351,162
12352,162
12353,162
12354,2660
12355,3205
12356,5504
12357,4161
12358,5506
12359,5507
12360,4685
12361,1660
12362,1660
12363,1660
12364,5508
12365,5508
12367,481
12368,5509
12369,5509
12370,5509
12371,5509
12371,7448
12372,84
12373,5514
12374,5514
12375,5514
12375,7251
12376,2904
12377,5038
12378,5515
12379,952
12380,302
12381,302
12382,242
12383,302
12384,5516
12384,5779
12385,105
12386,5034
12387,5517
12388,1165
12388,5683
12389,1165
12389,5683
12390,1165
12391,1165
12391,5683
12392,1287
12393,5518
12394,5519
12395,5521
12396,5523
12397,733
12398,5524
12399,4478
12400,4478
12401,4478
12402,4478
12403,105
12404,491
12404,2367
12405,491
12405,2367
12405,6120
12406,5526
12406,5601
12410,1583
12411,1584
12412,1584
12413,1584
12414,579
12415,579
12416,579
12417,579
12418,5529
12419,5529
12420,5529
12421,1767
12422,5531
12423,5531
12424,4232
12424,7468
12425,417
12427,5536
12428,5536
12429,5536
12430,1197
12431,1197
12432,1197
12433,1381
12433,5537
12434,1607
12434,2897
12434,8232
12435,5539
12436,5540
12437,5541
12438,5542
12439,5253
12440,1362
12441,5540
12442,5543
12443,68
12444,68
12444,96
12445,68
12445,96
12446,105
12447,105
12448,5545
12449,371
12449,5546
12450,246
12451,246
12452,123
12453,5549
12454,5550
12455,5551
12456,284
12456,2764
12457,6325
12462,1438
12463,3109
12464,3405
12465,167
12466,5552
12467,2598
12468,5553
12469,5553
12470,2043
12470,2520
12470,2822
12470,3248
12470,3573
12470,5689
12470,7197
12471,1698
12472,5554
12473,5555
12474,5555
12475,4861
12476,4861
12477,1284
12478,1284
12481,105
12482,105
12483,105
12484,1649
12484,5561
12485,1649
12485,5561
12486,2276
12487,5564
12488,5565
12489,5564
12490,5566
12491,373
12491,1278
12491,2507
12491,5566
12491,8300
12491,8759
12492,1278
12492,2507
12492,5566
12493,373
12493,5566
12494,1290
12494,8073
12495,174
12495,1915
12495,6060
12495,6775
12495,7125
12497,2557
12497,3684
12497,9039
12500,1064
12500,1849
12500,3299
12501,1064
12502,1071
12503,5568
12504,2430
12505,5569
12506,234
12510,2286
12511,2286
12512,942
12513,942
12514,634
12514,2474
12514,4232
12514,9492
12515,2474
12515,4232
12516,4232
12517,1259
12518,1232
12518,2704
12519,417
12519,5967
12520,1237
12520,3469
12521,1760
12522,1709
12522,2904
12522,5572
12523,986
12524,2952
12525,2162
12526,2162
12527,5574
12528,5576
12529,5576
12530,5577
12531,3172
12532,3172
12533,608
12533,659
12534,608
12534,659
12535,5582
12536,5582
12537,5582
12538,5582
12539,890
12539,1281
12540,1281
12540,1426
12541,1281
12542,2774
12542,3019
12542,5584
12542,6088
12542,7159
12542,7642
12543,4920
12544,14
12545,2474
12546,2474
12546,6702
12547,2474
12548,2474
12548,6702
12549,5587
12549,5725
12549,6498
12549,7795
12549,8319
12549,8341
12549,8532
12550,4
12550,632
12550,1213
12551,828
12551,5589
12551,9394
12552,5589
12553,3362
12554,1068
12555,5592
12556,2108
12557,1287
12558,3312
12561,86
12561,5595
12561,6222
12562,5596
12563,255
12563,366
12564,2366
12564,7229
12565,753
12565,2646
12566,2146
12567,24
12568,5598
12569,1068
12570,3118
12570,5871
12571,1064
12572,5599
12573,838
12574,1070
12575,62
12575,491
12575,552
12576,164
12577,5526
12578,164
12579,5600
12579,5779
12579,6958
12580,5600
12580,6579
12581,5602
12582,5557
12583,974
12583,5557
12584,1064
12584,3299
12584,7528
12585,1064
12585,5607
12586,5608
12587,5608
12588,1068
12589,2104
12589,5609
12589,6415
12590,145
12590,2827
12591,4
12591,631
12591,1213
12591,3414
12592,516
12592,631
12592,3414
12592,6466
12593,1453
12593,1753
12594,1453
12594,1753
12595,1453
12595,1753
12595,8202
12596,1453
12596,6051
12597,5610
12598,5611
12599,838
12599,5611
12600,6415
12602,1237
12602,3469
12602,6991
12603,1237
12603,3469
12604,659
12605,659
12606,659
12607,5617
12608,5618
12609,5619
12610,5620
12610,6118
12610,9040
12610,9051
12610,9492
12610,9542
12611,5620
12611,6118
12612,5621
12613,164
12614,1760
12615,1760
12616,5623
12617,1760
12618,2641
12619,5624
12620,91
12621,91
12622,5625
12623,3237
12624,3237
12625,1753
12628,5630
12629,1087
12629,5631
12630,1162
12630,3000
12631,234
12631,1162
12631,3000
12632,62
12632,552
12632,1181
12632,6465
12633,1704
12633,2483
12634,1093
12635,3049
12636,1559
12637,5635
12639,1622
12639,9529
12640,9530
12643,84
12644,1284
12645,456
12646,890
12646,1284
12646,1378
12647,5639
12648,1424
12649,5640
12650,5640
12651,5641
12652,1760
12653,5642
12654,5643
12655,5644
12656,1447
12656,9347
12657,1447
12657,8353
12657,9279
12658,1447
12658,6573
12658,7316
12658,9279
12659,529
12660,529
12661,529
12661,1691
12662,5645
12663,1296
12664,4942
12665,5651
12665,8063
12666,5651
12667,1423
12668,1489
12669,1072
12669,1096
12670,1072
12670,5654
12671,5654
12672,1096
12673,1096
12674,2410
12674,3290
12674,8093
12674,8932
12675,5655
12676,165
12677,5656
12678,5656
12679,2489
12680,1189
12681,1189
12682,5658
12682,6399
12682,9025
12683,5660
12684,5661
12685,1388
12686,154
12687,5662
12688,1013
12688,6113
12689,5663
12690,1048
12690,6871
12691,5664
12692,1096
12693,942
12694,942
12695,1388
12696,3566
12697,3566
12698,3566
12699,2034
12700,3566
12701,4605
12702,1438
12703,5666
12704,5666
12704,6828
12704,8500
12705,5666
12705,6057
12705,6828
12705,8500
12706,2417
12706,5990
12707,1446
12707,1483
12708,519
12709,1059
12710,5669
12711,2562
12712,1219
12713,1200
12714,1200
12715,1336
12716,1336
12717,1636
12718,5671
12719,1048
12720,1546
12720,6661
12721,1048
12721,1676
12722,5672
12722,6204
12723,986
12724,608
12725,5673
12726,5673
12727,3335
12727,5674
12727,6953
12728,838
12729,5676
12730,847
12731,5677
12732,3157
12732,9033
12733,986
12733,1617
12734,847
12735,191
12736,191
12737,1330
12738,191
12739,191
12740,191
12741,2724
12741,2822
12742,2724
12743,2724
12744,5679
12745,5679
12746,5679
12747,5679
12748,5679
12749,5680
12750,1951
12750,5681
12751,5681
12752,5682
12753,5682
12754,5682
12755,5682
12757,5683
12758,1064
12758,3299
12758,5684
12759,2012
12760,2012
12761,2012
12761,8292
12762,5685
12763,5685
12764,5686
12765,5686
12766,5687
12767,5687
12768,5688
12769,1232
12769,1590
12770,1232
12770,1590
12770,1694
12771,1590
12772,1590
12773,5690
12774,5690
12775,5691
12776,5691
12777,5690
12778,5692
12779,5692
12780,5693
12781,5692
12782,5694
12783,5696
12784,5698
12785,5698
12786,5698
12787,5698
12788,5699
12789,5699
12790,5699
12791,5699
12792,5699
12793,5029
12794,5703
12795,5704
12796,5704
12796,5741
12797,5704
12798,5704
12798,5741
12799,2634
12800,2634
12800,7718
12801,1993
12802,1931
12803,1072
12804,1553
12805,5705
12806,67
12807,5706
12808,5706
12808,5811
12809,5707
12810,5706
12811,5706
12812,5708
12813,5709
12814,5708
12815,5710
12816,105
12817,105
12818,105
12819,5711
12820,5712
12821,5712
12822,5713
12823,5715
12824,5715
12825,5715
12826,5715
12827,5716
12828,5716
12829,5717
12830,5718
12831,5718
12832,5719
12833,115
12834,5720
12835,1257
12835,3404
12836,1257
12836,3404
12837,2529
12838,2529
12839,2529
12840,2529
12841,2529
12846,1646
12847,5761
12849,5761
12850,1646
12852,5722
12853,5722
12854,5722
12855,5723
12855,6948
12856,5724
12857,5725
12858,3030
12859,5728
12860,3619
12861,5729
12862,3619
12863,5730
12864,5730
12865,5731
12866,5731
12867,5731
12868,5731
12869,5732
12870,5732
12871,5732
12872,5732
12873,5733
12874,5732
12875,78
12875,5921
12876,5734
12877,78
12877,5922
12878,78
12879,78
12880,78
12881,3030
12881,5985
12882,3030
12883,974
12883,3030
12884,5735
12885,1570
12886,1960
12886,3646
12887,5737
12888,5738
12889,5739
12890,2594
12891,5741
12892,2594
12893,1929
12893,4885
12894,1549
12894,4885
12895,5742
12896,4885
12897,5743
12898,5745
12899,5748
12900,5748
12900,9477
12901,2853
12901,4667
12901,7860
12901,9327
12902,5748
12903,5748
12904,5749
12905,3362
12906,3362
12907,5750
12908,5750
12909,659
12910,659
12911,659
12912,1259
12913,1553
12914,5751
12915,8587
12916,5752
12917,5754
12918,5754
12919,5754
12920,5754
12921,5755
12922,5756
12924,4
12924,631
12925,5760
12926,242
12926,1279
12926,7296
12927,1646
12928,5762
12928,7082
12929,5762
12929,7082
12930,5763
12931,5763
12932,5765
12933,1029
12934,1029
12935,1029
12936,5767
12937,4352
12938,5769
12939,5770
12940,5770
12941,5130
12942,5130
12942,7258
12943,1263
12943,5771
12949,202
12949,6169
12950,202
12950,6169
12951,202
12951,6169
12952,202
12953,5772
12954,5772
12955,5773
12956,5773
12957,5774
12958,5775
12959,5776
12960,5776
12961,5777
12962,5777
12963,5777
12964,5778
12965,5779
12966,5779
12967,5779
12967,8282
12967,9276
12967,9379
12968,5779
12969,5780
12970,1795
12971,5781
12972,5782
12973,5783
12974,1237
12975,1237
12976,5785
12977,5786
12978,5788
12979,5789
12980,5790
12981,5792
12982,5792
12983,557
12985,5793
12986,5793
12987,5793
12989,5794
12990,5794
12991,2877
12992,2877
12993,2877
12994,5795
12995,5796
12996,5796
12997,5795
12998,2410
12998,3299
12999,366
12999,5798
13000,890
13001,1064
13001,2291
13002,2291
13003,5800
13004,5801
13005,5805
13006,3030
13007,3030
13008,5806
13009,5807
13010,5808
13011,5808
13012,5809
13014,1259
13015,1259
13016,1259
13017,5810
13018,5810
13020,83
13020,2368
13021,2079
13022,5812
13022,7319
13022,8017
13026,527
13027,5813
13028,5814
13031,5814
13032,5815
13034,2643
13034,5774
13035,5816
13036,5817
13036,6142
13037,5817
13038,5817
13039,5817
13039,6143
13040,5817
13041,5817
13041,6143
13042,1565
13043,1565
13044,5815
13045,5815
13046,5814
13047,1176
13047,5818
13048,5820
13049,5822
13050,5822
13051,5823
13052,5822
13053,5824
13054,2166
13054,5825
13055,5826
13058,1884
13059,5827
13060,5827
13061,5827
13062,5827
13063,5827
13064,5827
13065,1560
13065,8238
13065,9050
13065,9370
13066,1560
13067,1059
13067,1988
13067,3609
13068,1988
13068,3609
13068,6475
13068,7272
13069,1824
13070,5828
13071,5828
13072,890
13072,7944
13073,1082
13074,5829
13075,2526
13075,5830
13076,1475
13077,5833
13081,2559
13082,2324
13083,5836
13084,5836
13085,5836
13086,5779
13087,5837
13088,5837
13089,5838
13090,5838
13091,5839
13092,5840
13093,631
13093,3414
13093,6196
13094,5842
13095,5842
13095,7973
13096,5843
13096,7974
13097,498
13098,5846
13099,5846
13100,5847
13101,5847
13104,5848
13105,5848
13106,5848
13107,5848
13108,5848
13109,5850
13110,5849
13111,5849
13112,5849
13112,7439
13113,4093
13114,5851
13115,5851
13116,3074
13117,5851
13118,5704
13119,5852
13120,5853
13121,5854
13122,5854
13122,9486
13123,1875
13123,5854
13123,9486
13124,1472
13125,552
13125,1472
13126,5855
13127,5856
13128,2199
13129,4575
13129,5857
13130,154
13130,3760
13131,4575
13131,5857
13132,5858
13133,5858
13134,5858
13135,5858
13136,5858
13137,552
13137,3118
13138,710
13141,5859
13142,5859
13143,86
13143,989
13143,3375
13143,6940
13144,5862
13145,5862
13146,5863
13147,62
13147,552
13147,1181
13148,62
13149,164
13150,5865
13151,5854
13152,1275
13152,1875
13152,5866
13152,6497
13152,8534
13152,9379
13153,5867
13154,5868
13155,5869
13156,5870
13157,3118
13157,5871
13157,9458
13158,5873
13159,5873
13160,5874
13161,1521
13161,5874
13162,5874
13163,5874
13164,5875
13165,5875
13166,5875
13167,5876
13168,5877
13169,5878
13171,5878
13172,5879
13173,1817
13174,1817
13175,557
13175,5880
13176,5881
13177,5882
13178,5881
13179,5883
13180,5883
13181,5884
13182,5884
13183,5885
13184,5886
13185,5887
13186,5886
13187,5888
13188,5889
13189,5889
13190,5889
13191,5889
13192,5890
13193,1352
13194,5892
13195,5895
13196,1893
13197,1893
13198,5896
13199,5897
13200,5897
13201,5897
13202,5897
13203,5898
13205,3651
13205,5267
13206,2315
13206,3651
13206,5267
13207,5901
13207,6400
13208,3651
13208,5267
13209,5892
13209,6674
13210,80
13210,102
13210,1988
13210,2253
13210,5892
13210,6674
13211,1347
13212,5902
13213,1347
13214,5903
13215,5904
13216,5904
13217,5905
13218,5906
13219,5906
13220,5906
13221,930
13222,5906
13223,1560
13224,3730
13225,3730
13226,5911
13229,2307
13229,9144
13230,1362
13231,5913
13232,1362
13233,2307
13233,9144
13234,5914
13235,5915
13236,5915
13237,5915
13238,5916
13239,5916
13240,5916
13241,5917
13242,5918
13243,5918
13243,6632
13243,7118
13244,5918
13244,6632
13244,7118
13245,5919
13246,5919
13247,1627
13248,1710
13248,3042
13249,1073
13249,3042
13250,5920
13251,5920
13252,5920
13253,5923
13254,5922
13255,5921
13256,102
13257,102
13258,102
13259,5924
13260,5925
13261,202
13262,5926
13263,5927
13264,5928
13265,552
13266,1237
13267,1937
13268,1237
13269,1132
13270,5929
13271,5933
13272,552
13273,1883
13274,1883
13275,1883
13276,1263
13277,5934
13278,5934
13279,5934
13280,1992
13281,847
13282,3333
13283,5936
13284,16
13285,560
13286,560
13287,3464
13287,4055
13288,5940
13289,5941
13290,5942
13291,5940
13292,5942
13293,838
13294,5943
13295,828
13295,1228
13295,5945
13296,5947
13297,122
13298,1136
13299,5949
13300,5949
13301,435
13302,1617
13303,5951
13304,5954
13304,8302
13305,145
13306,5955
13307,5955
13308,5955
13309,5956
13310,5957
13311,5958
13312,1955
13313,2417
13314,1955
13315,5959
13315,5999
13316,379
13316,968
13317,379
13317,968
13318,379
13319,5960
13320,5961
13321,5961
13322,5961
13323,3563
13324,5962
13325,5963
13326,5962
13327,3563
13328,1096
13329,5964
13330,5964
13331,5965
13332,5965
13333,528
13334,171
13334,2853
13334,5432
13335,171
13336,5968
13337,5969
13338,5970
13339,5969
13340,2389
13341,14
13342,14
13343,5971
13344,5972
13345,5973
13346,1549
13347,1549
13348,1549
13349,217
13349,710
13349,899
13349,1096
13350,5975
13351,5977
13352,5977
13353,5977
13355,5979
13356,823
13356,1072
13357,5981
13358,5982
13359,5982
13360,5982
13361,940
13362,5983
13363,726
13364,1446
13365,104
13366,5986
13367,246
13368,5989
13369,2309
13370,3335
13371,3335
13372,5992
13373,102
13374,5993
13375,978
13376,5994
13377,647
13378,647
13379,1549
13380,1549
13381,5649
13382,5649
13383,5649
13384,5649
13385,5649
13386,5996
13387,5996
13388,246
13389,690
13393,5998
13394,2260
13395,501
13395,4596
13396,191
13397,191
13398,191
13399,2097
13400,492
13401,978
13402,978
13403,492
13404,2526
13405,1931
13405,6003
13406,6004
13407,6005
13408,6005
13409,6004
13410,5356
13410,6006
13410,8981
13411,449
13412,449
13413,3008
13413,8422
13414,2033
13415,2033
13415,6007
13416,4760
13416,6011
13416,8872
13416,9055
13417,1136
13418,1068
13419,246
13420,710
13421,710
13422,608
13423,191
13424,1279
13425,1279
13426,1279
13427,6014
13428,935
13428,1704
13429,1704
13429,7320
13430,2302
13431,2302
13432,1376
13433,1209
13434,1209
13435,1636
13436,1716
13437,6016
13438,1010
13438,7156
13439,1010
13440,191
13440,1549
13441,1118
13441,6017
13441,9371
13442,1882
13443,552
13444,6018
13445,6018
13446,978
13447,1937
13448,817
13449,711
13450,6019
13451,6020
13452,6021
13453,6020
13454,1465
13455,1549
13456,6022
13457,1138
13458,1068
13459,1138
13460,1138
13461,3271
13462,1232
13463,1232
13464,1232
13465,3231
13466,3193
13467,1028
13468,2827
13469,978
13470,1972
13470,6457
13470,7286
13471,890
13472,890
13473,2494
13474,191
13475,2276
13476,379
13476,990
13477,1388
13478,1279
13479,1300
13480,1279
13481,1072
13482,1072
13483,1072
13484,1072
13485,1072
13486,1072
13487,1072
13488,1072
13488,1710
13489,1070
13489,6807
13490,1070
13491,1388
13492,1096
13493,1096
13494,6029
13495,2442
13496,1064
13497,2827
13497,6943
13497,7756
13498,6030
13498,8207
13499,6030
13499,8207
13500,6032
13500,6553
13501,6032
13501,6553
13502,1951
13503,1951
13503,7145
13504,2252
13504,6121
13505,622
13506,828
13506,890
13506,1378
13506,5010
13507,1040
13507,6405
13507,7701
13507,8418
13508,2400
13508,8090
13509,1849
13510,2400
13511,6036
13512,16
13512,191
13512,6038
13513,578
13513,1175
13513,6040
13514,578
13514,1175
13514,6040
13515,978
13516,978
13517,6042
13518,978
13519,1130
13520,644
13521,644
13522,2842
13523,2634
13524,6043
13525,822
13525,828
13525,1729
13525,2489
13525,9001
13526,1378
13527,1472
13528,1884
13529,1337
13530,2907
13531,11
13531,2907
13532,890
13533,1228
13534,1228
13535,2157
13536,1064
13536,8375
13537,838
13538,5108
13538,7074
13539,1064
13539,3299
13539,9648
13540,1665
13541,6045
13541,7863
13541,8437
13541,8928
13542,255
13543,255
13544,6048
13545,6049
13545,8450
13546,1237
13547,16
13547,191
13548,578
13548,1068
13548,1175
13549,191
13550,2286
13551,3650
13551,4760
13551,6053
13552,6053
13553,5259
13554,6055
13555,6055
13556,16
13556,191
13556,6058
13557,16
13557,191
13557,6058
13558,3870
13558,9650
13559,1064
13559,3299
13560,191
13561,2375
13562,2850
13562,7533
13562,7645
13563,62
13563,552
13563,6059
13564,1227
13565,4605
13566,6062
13567,6063
13568,4605
13569,4605
13570,6064
13571,6064
13572,3655
13575,5375
13579,6065
13580,6065
13581,6065
13581,6629
13581,6844
13583,376
13583,6519
13584,318
13586,6068
13588,816
13592,6074
13593,376
13594,246
13595,6076
13596,6076
13597,6077
13599,4352
13600,417
13601,6080
13602,6080
13608,6081
13609,81
13610,81
13614,14
13615,6082
13616,6082
13617,6083
13618,6083
13619,6085
13620,302
13621,302
13624,475
13625,475
13626,475
13627,6087
13628,6087
13629,6087
13632,828
13633,6074
13634,882
13635,6090
13636,725
13637,6091
13642,164
13643,118
13644,6094
13645,6095
13651,1237
13651,6067
13652,6067
13653,3739
13653,6067
13654,6067
13656,4575
13659,138
13660,16
13661,6098
13662,78
13663,78
13664,78
13666,4737
13667,631
13668,303
13668,2633
13669,6101
13669,6904
13680,6082
13681,6082
13682,6082
13683,1779
13683,6082
13685,14
13686,6103
13687,6104
13688,6104
13689,828
13690,828
13691,828
13692,6105
13693,578
13695,6105
13701,208
13702,2214
13703,14
13704,87
13706,87
13707,6108
13708,6108
13709,375
13709,6506
13710,375
13711,1219
13714,6111
13715,725
13716,6112
13717,6111
13718,725
13719,6111
13720,6111
13728,6113
13729,4352
13730,1972
13730,6117
13731,242
13731,1279
13732,6119
13733,725
13734,2385
13735,375
13736,6122
13737,882
13737,6470
13738,102
13739,102
13744,6124
13745,6124
13746,6124
13748,6127
13749,87
13750,87
13751,6128
13752,5975
13753,174
13754,268
13755,3450
13757,6130
13758,6130
13759,515
13760,515
13761,515
13762,6131
13764,4379
13765,632
13765,2014
13767,6133
13768,2212
13769,2212
13770,2212
13773,234
13773,1931
13774,6134
13775,6137
13776,2214
13777,2214
13778,102
13779,6138
13780,102
13781,3445
13782,6140
13783,6140
13784,6140
13785,3832
13787,6142
13788,6142
13790,218
13790,1228
13791,218
13792,217
13793,6146
13796,115
13797,115
13798,727
13799,727
13800,1176
13800,8110
13801,6148
13802,6148
13803,6148
13804,519
13805,519
13812,5414
13813,631
13814,6149
13816,6113
13823,492
13823,994
13824,1585
13825,14
13829,6093
13830,6153
13831,6816
13833,208
13834,167
13836,6157
13837,6125
13839,1609
13839,1884
13839,1985
13840,6158
13841,6159
13842,5613
13843,1931
13844,2526
13848,87
13850,5242
13851,847
13851,6161
13852,5242
13853,6162
13854,6162
13855,6162
13856,6162
13857,6162
13858,5975
13859,115
13859,7243
13860,162
13861,6164
13862,21
13863,21
13869,6113
13870,2474
13870,9019
13871,2904
13872,6166
13873,6166
13874,6167
13875,6168
13876,268
13877,268
13877,9305
13878,769
13879,6096
13880,163
13882,6076
13886,6169
13887,6169
13888,6169
13889,3030
13892,6171
13893,6113
13896,138
13898,104
13904,3109
13905,3109
13906,6084
13907,6175
13908,2905
13914,6171
13917,828
13918,6178
13919,6178
13920,6074
13925,6162
13926,3053
13926,6180
13926,6987
13926,7823
13927,5268
13928,6172
13929,6172
13930,631
13931,631
13932,6172
13933,6181
13934,376
13936,242
13938,6183
13939,3913
13940,3913
13941,3913
13942,3913
13943,6093
13944,6093
13945,6185
13946,6185
13947,4
13948,690
13949,208
13950,6188
13951,6188
13952,208
13953,208
13958,6113
13959,366
13960,366
13961,366
13962,366
13963,366
13964,6190
13965,6190
13966,6190
13968,303
13968,7768
13969,6191
13970,6192
13971,6194
13972,6194
13973,6195
13975,62
13975,2562
13983,219
13984,219
13984,1992
13985,219
13986,6197
13987,6197
13989,6198
13990,6198
13993,6199
13997,8459
13997,9154
13998,725
13999,6186
14005,242
14007,276
14008,6132
14010,6202
14011,6120
14015,6722
14017,6101
14017,6203
14018,6203
14019,6203
14020,6207
14030,6000
14032,2385
14033,6208
14034,6208
14035,6208
14036,6208
14037,5864
14039,6074
14040,557
14041,14
14042,14
14043,6113
14046,6120
14054,3562
14055,3562
14056,1716
14056,6210
14056,6601
14057,6211
14058,6211
14058,7431
14059,5526
14060,5526
14061,5526
14062,5526
14063,6213
14064,6215
14065,519
14065,6217
14065,7028
14066,197
14066,7503
14066,7792
14067,6219
14068,4122
14069,6220
14070,6221
14071,6221
14072,989
14072,6222
14073,86
14074,303
14075,303
14076,303
14077,303
14078,175
14079,6224
14080,1284
14081,16
14082,16
14083,16
14084,6226
14085,1237
14086,6228
14087,6229
14088,6228
14089,6232
14090,647
14090,6233
14091,6233
14092,6233
14093,6213
14094,6234
14095,6215
14096,234
14097,6236
14098,6237
14099,6237
14100,6237
14101,6237
14102,6237
14103,6237
14104,1209
14105,1209
14106,4
14107,6238
14108,725
14109,6240
14110,6240
14111,6241
14112,6241
14113,6242
14114,6243
14115,6244
14116,6244
14117,6244
14118,6244
14118,8612
14119,1549
14120,1549
14121,6245
14122,6246
14123,6245
14124,6245
14125,474
14125,6287
14126,3802
14127,3802
14128,5964
14129,6248
14130,6248
14131,6248
14132,6186
14133,6249
14134,6250
14135,6250
14136,6250
14137,366
14137,9471
14138,246
14138,6252
14139,475
14140,475
14141,6253
14141,6269
14142,6254
14143,478
14144,6255
14145,6255
14146,941
14147,990
14148,990
14149,6256
14150,941
14151,6257
14152,6257
14153,6257
14154,6257
14155,247
14156,247
14157,2826
14157,6895
14158,6258
14159,6259
14160,6261
14161,6261
14162,6261
14163,6261
14164,6261
14165,6261
14166,6262
14167,475
14168,6262
14169,6262
14170,6262
14171,498
14172,499
14173,1822
14173,6956
14174,3368
14174,4947
14174,9626
14175,644
14175,728
14175,2562
14176,4681
14177,4681
14178,4681
14179,4681
14179,6891
14180,4681
14180,6891
14181,1118
14181,5647
14181,8244
14182,6265
14182,7242
14183,68
14184,6265
14184,7242
14185,1337
14186,1694
14187,1694
14188,475
14188,1521
14188,6268
14189,475
14189,6268
14190,6270
14191,6270
14192,6271
14193,6272
14193,6319
14194,6273
14194,6318
14195,6274
14196,6275
14197,6276
14198,6276
14199,6276
14200,3111
14201,3111
14202,3111
14203,3111
14204,3111
14205,6277
14206,6278
14207,6277
14208,6277
14209,6277
14210,6277
14211,6279
14212,6277
14213,521
14213,6383
14214,521
14215,519
14216,519
14217,519
14217,8524
14218,6280
14219,6280
14220,6281
14221,6282
14222,6282
14223,6283
14224,6284
14225,6285
14226,6233
14226,6285
14227,1916
14227,6286
14228,6290
14229,6293
14230,487
14231,6294
14232,6295
14233,268
14234,6296
14235,6297
14236,6297
14237,6296
14238,375
14239,375
14240,375
14241,375
14242,6298
14243,6298
14244,6298
14245,6298
14246,6299
14247,6300
14248,6300
14249,475
14250,475
14251,6301
14252,475
14253,6302
14254,1791
14255,3869
14256,3869
14257,6303
14258,6303
14259,6303
14259,7539
14260,6304
14261,6304
14262,6304
14263,6304
14264,1064
14264,3299
14265,6305
14266,278
14266,9047
14267,278
14268,6307
14269,6273
14270,6273
14271,6273
14272,6308
14273,6308
14274,6309
14275,6310
14276,6309
14277,6311
14278,6311
14279,6311
14280,6311
14281,1549
14282,6312
14283,6303
14284,6303
14285,6313
14286,6313
14287,6313
14288,6313
14289,6314
14290,6314
14291,6314
14292,268
14293,268
14294,6315
14295,6275
14296,6316
14297,6317
14298,6316
14299,4
14299,6320
14300,6320
14301,6320
14302,6263
14302,6320
14303,6320
14304,6320
14305,6321
14306,5679
14307,5679
14308,6321
14309,3410
14310,6322
14311,6182
14312,6323
14313,6323
14314,6324
14315,6325
14316,2559
14317,2559
14318,2559
14319,6326
14320,6327
14321,6327
14322,6327
14323,6328
14324,6328
14325,6329
14326,6330
14327,6330
14328,6330
14329,6331
14330,6331
14331,6331
14332,6332
14333,6333
14333,6349
14334,6333
14335,6332
14336,6333
14337,6332
14338,6334
14339,6336
14340,6336
14341,2853
14342,6337
14343,2853
14344,6338
14345,6338
14346,4741
14347,19
14348,19
14349,19
14350,20
14351,6339
14352,6339
14353,6340
14354,6340
14355,6340
14356,6341
14357,6341
14358,6341
14359,6341
14360,6342
14361,684
14361,6342
14362,6343
14363,6343
14364,1317
14364,6343
14365,6273
14366,6273
14367,6303
14368,6303
14369,198
14370,6132
14371,6132
14372,853
14373,6132
14374,6344
14375,6344
14376,6344
14377,6345
14378,5526
14379,6346
14380,5526
14381,6346
14382,1700
14383,6314
14384,6347
14385,6347
14386,6303
14387,6303
14388,164
14389,5526
14390,6348
14391,6348
14392,6349
14393,6349
14394,6350
14395,6350
14396,6350
14397,6351
14398,6352
14399,6350
14400,6353
14401,6353
14402,6353
14403,6354
14404,6355
14405,62
14406,2646
14407,2646
14408,519
14408,8523
14409,837
14409,1388
14409,2736
14410,6356
14411,6356
14412,6356
14413,6357
14414,6357
14415,1116
14416,1116
14417,6335
14418,6358
14419,6358
14420,6358
14421,6358
14422,6358
14423,6358
14424,6359
14425,6360
14426,6359
14427,6361
14428,6362
14429,6361
14430,5545
14431,6273
14432,6273
14433,6364
14434,443
14435,6365
14436,6366
14437,6366
14438,926
14439,6367
14440,167
14440,926
14441,1472
14442,6368
14446,6372
14447,3028
14448,1521
14449,3028
14450,3028
14451,1521
14453,1037
14454,1037
14455,1037
14456,1398
14457,1699
14458,1711
14459,2071
14460,1699
14461,1795
14462,6373
14465,1263
14465,7988
14465,7993
14470,6375
14473,2208
14474,6377
14475,2208
14476,2208
14477,942
14478,942
14479,710
14480,4806
14481,4806
14482,6378
14483,6379
14484,6379
14484,6453
14486,1118
14487,6384
14488,6384
14489,6384
14490,4760
14491,6385
14492,3092
14493,6386
14495,3102
14496,3102
14497,6387
14498,3928
14498,4189
14505,1330
14507,6390
14508,6390
14509,6390
14510,1237
14511,1237
14512,6057
14512,6828
14512,9012
14513,6391
14514,1040
14515,1040
14516,6392
14517,6392
14518,1072
14519,1883
14520,838
14521,1120
14522,838
14523,6393
14524,1699
14525,217
14525,710
14525,4760
14525,8273
14526,1048
14527,6396
14528,6397
14529,6397
14530,6398
14531,6396
14533,3739
14534,3739
14535,3739
14536,417
14536,1117
14538,2441
14541,6402
14542,6402
14543,6402
14544,6403
14545,6403
14546,6404
14547,1302
14548,1302
14549,1302
14550,6405
14551,6405
14551,7402
14552,6405
14552,7402
14553,6405
14554,6405
14555,6405
14556,6406
14557,1770
14558,898
14558,1270
14559,145
14561,974
14562,6408
14563,974
14564,974
14565,6408
14566,1030
14567,1013
14568,1013
14569,3312
14570,1951
14571,1951
14572,1951
14573,1951
14574,6043
14575,6072
14576,6072
14577,2257
14578,2577
14579,6412
14580,2577
14581,6413
14581,7002
14582,6414
14583,1549
14584,1549
14585,2239
14586,6413
14587,3753
14587,7181
14591,1040
14592,6417
14594,847
14595,6418
14596,6084
14597,217
14597,710
14597,8896
14598,941
14598,7199
14599,936
14599,1560
14600,973
14601,973
14602,985
14603,1228
14604,1228
14605,1072
14608,6422
14609,4047
14609,9100
14610,6424
14611,2141
14612,1087
14613,1073
14614,2314
14615,1657
14616,6431
14620,1882
14622,6432
14623,6432
14624,6432
14625,1125
14626,1125
14627,1125
14628,6435
14629,1064
14629,3299
14630,1992
14631,1992
14632,1992
14633,1992
14634,1992
14635,1992
14637,217
14637,710
14637,7426
14638,2180
14639,6437
14640,6438
14641,6437
14642,978
14643,1709
14644,62
14645,6072
14646,1040
14646,6405
14647,1040
14648,495
14648,608
14648,8423
14649,608
14650,838
14650,2525
14651,6441
14652,6441
14653,6443
14654,6444
14655,6444
14656,6443
14657,6445
14657,7152
14658,6446
14659,6447
14660,6448
14661,6449
14662,1884
14663,1884
14669,1037
14670,1037
14670,8150
14671,2696
14672,6450
14676,6451
14682,6454
14683,6454
14684,6454
14685,6455
14686,6454
14687,817
14688,817
14689,838
14690,1699
14691,552
14692,2400
14693,1080
14694,6456
14695,6456
14698,759
14699,6458
14703,6460
14704,6461
14705,1139
14706,1139
14707,1139
14708,1139
14709,1139
14710,1961
14711,1961
14712,1961
14713,1961
14714,1961
14715,1200
14716,1200
14717,218
14718,1894
14719,1125
14720,1037
14721,1037
14722,1037
14723,690
14724,6118
14727,1685
14728,1685
14729,1685
14730,2521
14732,2521
14734,6463
14735,6464
14736,6464
14737,6464
14738,6464
14739,6464
14740,6464
14741,6464
14742,1040
14742,6405
14742,6466
14742,7701
14743,1263
14744,6467
14745,4387
14745,6469
14746,1622
14747,1388
14748,6471
14749,6471
14750,6471
14751,6471
14752,2757
14755,6472
14756,7066
14757,202
14761,302
14762,3599
14763,3599
14764,1044
14764,1992
14764,2308
14764,6476
14765,2152
14766,557
14766,1960
14767,1882
14768,1111
14769,1711
14769,6141
14770,1711
14770,6141
14770,9038
14771,838
14772,1279
14773,1279
14774,1068
14775,1263
14775,7203
14776,1263
14777,1657
14777,6476
14778,6476
14779,6476
14780,1122
14781,1122
14782,1300
14783,1213
14784,6478
14785,6478
14786,1937
14787,1937
14787,9270
14788,1937
14789,6479
14790,6480
14791,6480
14792,3834
14793,6481
14794,6482
14795,1116
14795,6562
14796,1116
14797,86
14797,989
14798,6483
14798,7363
14799,4300
14800,6485
14801,6485
14802,1100
14803,2187
14804,2187
14805,6486
14806,6487
14807,1087
14808,5859
14809,5859
14810,1139
14810,3433
14810,7980
14810,8390
14810,8629
14811,5136
14812,974
14813,974
14814,2650
14815,2650
14816,6491
14817,1951
14818,6492
14819,1134
14819,1529
14820,1529
14821,1529
14822,1529
14823,1529
14824,1529
14825,1162
14826,200
14826,1825
14827,2728
14828,2728
14829,5663
14830,6493
14831,6493
14832,6494
14833,6494
14834,6494
14835,6494
14836,2614
14837,6495
14838,6496
14838,6675
14839,6497
14840,1610
14841,4454
14841,6928
14842,4454
14843,4454
14843,6928
14844,57
14844,255
14845,2719
14846,2719
14847,3333
14847,5424
14848,5424
14848,6960
14849,1031
14850,6500
14850,7299
14851,3057
14851,6501
14852,3057
14852,6501
14853,6502
14853,6666
14854,6502
14854,6666
14855,1300
14856,1779
14857,1779
14858,6503
14859,88
14859,3662
14860,1672
14861,1672
14862,1672
14863,3335
14864,1700
14865,1700
14866,6508
14867,6508
14868,1215
14869,3290
14869,3785
14870,1131
14871,24
14872,24
14873,1617
14874,1617
14875,1278
14876,2507
14877,2507
14878,6511
14879,1241
14880,1351
14881,167
14881,1352
14882,6513
14883,6514
14884,86
14884,989
14885,6516
14886,6517
14886,7337
14887,6517
14887,7337
14888,1048
14889,2108
14889,8837
14890,1657
14890,2108
14891,2108
14892,6519
14893,6520
14894,6523
14895,6523
14896,6523
14897,6523
14898,6523
14899,1850
14900,1850
14900,7960
14901,2654
14902,1219
14903,1072
14903,1096
14903,7055
14903,8089
14903,8983
14904,3674
14905,1287
14906,2685
14907,2685
14908,6525
14909,6525
14910,6526
14911,6526
14911,9078
14912,936
14912,1560
14912,6524
14912,7827
14913,6528
14914,6528
14915,6529
14916,437
14916,6529
14917,6530
14918,6529
14919,6529
14920,3578
14921,2827
14922,989
14923,3578
14924,1894
14924,6532
14924,7226
14924,7888
14924,9000
14925,1850
14926,1850
14927,1850
14928,1850
14929,202
14929,302
14930,501
14931,191
14932,2100
14933,191
14934,1326
14935,1326
14936,2107
14937,1672
14938,1477
14939,1477
14940,1477
14941,1477
14942,2660
14943,6536
14944,6536
14945,1010
14946,1010
14947,2315
14947,3407
14948,1906
14949,6537
14950,6538
14951,6537
14952,1297
14952,2317
14953,2039
14954,1676
14954,2654
14954,7766
14955,2654
14955,3907
14956,1456
14956,1676
14956,7766
14956,8279
14957,1456
14957,1676
14957,7766
14957,8279
14958,2654
14959,2704
14960,2704
14960,9597
14961,2704
14962,2704
14963,6542
14964,6544
14965,4429
14965,6544
14965,7275
14966,6544
14967,6544
14968,2915
14969,2915
14970,1116
14970,1146
14971,1887
14972,1887
14972,6886
14973,989
14973,1887
14973,6886
14973,7222
14973,7245
14973,7256
14973,7513
14973,7753
14973,7831
14973,8003
14973,8244
14974,2633
14974,8271
14975,2633
14976,6546
14977,365
14977,1955
14977,6547
14978,6549
14978,7788
14979,6550
14980,6551
14981,1409
14982,6552
14983,4280
14984,1781
14985,1529
14986,1529
14987,1529
14988,1529
14989,1529
14990,1529
14991,1529
14992,1529
14993,1529
14994,6553
14995,6553
14996,6554
14997,6555
14998,6555
14999,6555
14999,7457
15000,1232
15001,6557
15001,6647
15002,6559
15003,1167
15004,6560
15005,501
15005,1695
15006,1136
15007,6562
15008,6563
15009,6564
15010,1279
15011,6565
15012,6565
15013,1590
15014,1672
15015,1155
15016,1155
15017,1155
15018,1155
15019,6567
15020,6568
15021,6568
15022,6568
15023,6568
15024,6568
15025,6568
15025,7370
15026,486
15026,6569
15027,6570
15028,824
15029,1719
15030,1719
15031,1044
15032,6571
15032,9669
15033,6572
15034,6572
15035,6572
15036,6573
15037,6573
15038,6574
15039,6574
15040,6574
15041,6574
15041,6926
15042,6574
15043,978
15044,6576
15045,6577
15046,6578
15047,6578
15048,6578
15049,6578
15050,6578
15051,1162
15052,6579
15052,6958
15053,6580
15054,6580
15055,118
15055,6580
15056,2304
15057,788
15058,6581
15059,6586
15060,6587
15061,6587
15062,6588
15063,6589
15064,6589
15065,2256
15066,2256
15067,1795
15068,1795
15068,1929
15069,1795
15070,6591
15071,1850
15072,6593
15073,2239
15074,1595
15074,8366
15075,2239
15076,191
15077,191
15078,191
15079,6592
15080,6592
15081,6592
15082,501
15083,1483
15084,985
15085,1483
15085,7473
15086,1483
15087,417
15087,8172
15088,1263
15089,6598
15090,6598
15091,1916
15092,1916
15092,9040
15093,1916
15094,6599
15095,6599
15096,6599
15097,1527
15097,7204
15098,6601
15099,6023
15100,6023
15101,6602
15102,1317
15102,6023
15103,2314
15104,1143
15105,3821
15106,1014
15106,1399
15107,1399
15108,4502
15108,8968
15109,4406
15109,4502
15110,1633
15111,2633
15112,1409
15113,1144
15114,6604
15115,847
15116,1993
15117,6607
15118,6609
15119,6610
15120,2541
15121,1471
15122,6612
15123,6613
15124,6614
15125,6615
15126,1279
15127,6616
15128,6616
15129,2022
15130,2022
15131,2022
15131,8412
15132,6616
15133,2022
15134,2022
15135,6616
15136,6617
15137,5175
15138,5175
15139,6619
15140,6619
15141,6620
15142,6619
15143,2764
15144,501
15145,501
15146,1510
15147,3238
15148,2
15148,1219
15149,6101
15150,6101
15151,2039
15152,202
15153,191
15154,5598
15155,978
15156,1228
15157,1234
15158,1234
15159,1234
15160,2043
15160,3248
15161,6624
15161,8752
15162,1181
15163,3499
15164,6625
15165,6255
15166,890
15166,1136
15167,2227
15168,862
15169,862
15170,1037
15171,6627
15172,6628
15173,4069
15174,2853
15174,7860
15174,8373
15174,8647
15175,2853
15175,7860
15175,9020
15176,1853
15176,9342
15177,6629
15177,6822
15177,7638
15178,4069
15179,552
15180,1704
15181,935
15181,1704
15181,7320
15182,1704
15183,1137
15184,6631
15185,1284
15186,1014
15187,1215
15187,7750
15187,8004
15188,1215
15188,6950
15189,1215
15189,6950
15190,1971
15191,1971
15192,1971
15193,1270
15194,4992
15195,2526
15196,376
15196,3290
15197,6632
15197,7118
15198,6633
15198,7104
15199,6633
15199,7104
15200,6635
15201,6636
15202,6635
15202,6639
15203,2897
15204,6637
15205,1096
15206,890
15207,191
15208,191
15213,4945
15214,4945
15215,4945
15216,501
15217,1125
15218,1125
15219,816
15219,1795
15220,890
15221,978
15222,6642
15223,6642
15224,4052
15225,1175
15226,62
15226,2643
15227,2643
15228,940
15229,1232
15230,940
15231,940
15232,6643
15233,6643
15234,994
15234,2397
15234,7966
15235,1232
15236,974
15237,974
15238,2108
15239,2108
15240,1176
15241,2897
15242,2897
15243,6498
15244,1817
15245,2897
15246,552
15247,552
15248,6645
15249,6645
15250,6646
15251,1232
15252,6648
15253,1133
15254,937
15261,1125
15261,1182
15262,1116
15262,7394
15262,9329
15263,1299
15264,1209
15265,1891
15266,1136
15267,1483
15268,1483
15269,1023
15270,4069
15271,4069
15272,6653
15273,6658
15274,6659
15275,2
15275,2239
15275,7501
15276,1330
15277,6662
15278,1330
15279,115
15279,608
15279,2108
15280,495
15280,608
15281,495
15281,608
15282,191
15283,608
15283,7622
15284,501
15285,501
15286,1004
15287,1064
15288,1013
15288,3053
15289,1779
15290,6664
15291,1779
15292,6665
15293,6667
15294,6666
15295,6668
15296,6668
15297,6668
15298,6669
15299,1590
15300,1970
15301,6670
15302,6671
15303,6671
15304,6671
15305,6671
15306,6671
15307,6671
15308,6672
15309,1970
15310,6673
15311,2685
15312,6676
15313,6677
15314,6677
15315,6678
15316,6679
15317,6678
15318,6680
15319,6679
15320,6679
15321,6679
15322,3646
15323,3646
15324,6681
15325,6144
15326,3646
15326,9476
15327,6682
15328,6682
15329,6683
15330,6684
15331,6684
15332,6685
15333,6686
15334,6687
15335,6686
15336,6688
15337,6688
15338,6689
15339,6689
15340,3434
15341,6690
15342,6690
15343,6690
15344,6692
15345,6691
15346,6693
15347,6695
15348,2100
15349,6696
15350,6696
15351,6697
15352,6698
15353,6697
15354,6697
15355,6700
15356,6700
15357,6700
15358,6701
15359,6701
15360,550
15360,1025
15361,1025
15362,1025
15363,1031
15364,1031
15365,890
15365,1031
15365,1307
15365,9326
15366,3597
15367,6703
15368,6703
15368,6731
15369,6703
15369,6731
15369,9456
15370,1016
15371,6704
15372,6704
15373,6704
15374,6601
15375,6601
15376,6705
15377,6705
15378,6705
15379,6705
15380,3489
15381,3489
15382,3489
15383,3489
15384,6706
15385,6706
15386,1374
15387,6707
15388,6708
15389,6708
15390,6709
15391,6710
15392,6710
15393,6711
15394,3944
15395,6712
15396,6714
15397,6714
15398,6714
15399,6715
15400,6715
15401,6716
15402,6717
15403,6715
15404,6718
15405,6718
15406,6718
15407,6718
15408,6719
15409,6719
15411,6720
15412,6720
15413,6720
15414,6721
15415,6721
15416,2474
15417,6724
15418,6724
15419,6724
15420,2647
15422,9108
15425,1053
15426,579
15427,6670
15428,1596
15429,6726
15430,6727
15431,6728
15432,6728
15434,6729
15435,6729
15436,278
15437,6730
15438,6730
15438,8204
15439,6730
15440,6730
15441,6731
15442,6732
15443,324
15443,6732
15443,7437
15444,6733
15445,6734
15446,6736
15447,6736
15448,6736
15449,6737
15450,6738
15451,4918
15452,6739
15453,4918
15454,6740
15459,6744
15460,6744
15461,6744
15462,6744
15463,5238
15464,6745
15465,6745
15466,6745
15467,6746
15468,6746
15469,1702
15470,6747
15471,6747
15472,6747
15473,655
15474,655
15475,2857
15476,2857
15477,2857
15478,6748
15479,2616
15480,2616
15481,2616
15482,6749
15483,6750
15484,6749
15485,6751
15486,6751
15487,4332
15488,4332
15490,968
15491,6752
15492,6752
15493,6752
15494,6752
15495,6752
15496,1471
15497,1471
15498,4675
15499,4675
15500,5874
15501,5874
15502,5874
15503,5874
15504,5874
15505,5874
15506,1529
15507,6755
15508,6755
15509,6755
15510,6755
15511,2309
15512,2309
15513,2309
15514,6756
15515,6756
15516,6756
15517,6756
15518,6756
15519,4093
15520,6757
15521,6757
15522,2095
15523,6758
15524,6758
15529,4358
15530,4358
15531,6759
15532,6759
15533,487
15533,6759
15533,8681
15533,8696
15537,1606
15538,1606
15539,1606
15540,1606
15541,1606
15542,5238
15543,5238
15544,5238
15545,838
15546,4698
15547,6761
15548,6761
15549,6762
15550,6763
15551,6763
15553,6764
15553,7169
15560,6765
15561,6765
15562,6765
15562,8451
15563,596
15564,6766
15565,6766
15566,596
15567,596
15568,6766
15569,6767
15570,6769
15571,6771
15572,202
15573,1109
15574,6773
15575,5316
15576,6774
15577,6776
15578,978
15579,470
15581,6777
15582,6778
15602,4945
15603,6593
15604,847
15605,847
15606,6003
15607,710
15607,984
15608,710
15608,984
15609,491
15610,102
15611,102
15611,1155
15611,9289
15612,7428
15613,1096
15614,501
15625,6780
15626,6780
15627,6780
15628,937
15629,6188
15630,6781
15631,6781
15631,9468
15632,6785
15633,6786
15635,6790
15636,6791
15637,6792
15638,6790
15639,3194
15640,3194
15644,1096
15644,1710
15647,511
15647,7730
15648,633
15649,2842
15658,6797
15659,6797
15660,6798
15667,6781
15668,6799
15671,6800
15678,1825
15683,1825
15684,9422
15685,9422
15686,9422
15687,9422
15688,7930
15692,1330
15693,501
15694,501
15695,501
15696,501
15700,2827
15700,9046
15701,2827
15702,2827
15703,2827
15704,2827
15705,7146
15706,7146
15713,6466
15726,1004
15726,6802
15735,3024
15735,8359
15738,495
15738,608
15740,608
15741,5893
15742,823
15744,816
15745,816
15746,191
15747,218
15749,3290
15752,8767
15765,7762
15766,7762
15767,9127
15769,9127
15770,6841
15771,578
15771,1175
15785,1004
15786,1037
15786,6466
15799,6805
15801,1489
15807,6415
15809,1005
15809,2511
15810,1297
15818,7058
15819,7058
15820,7058
15821,271
15821,1058
15821,6637
15825,1201
15826,1201
15827,1582
15828,1582
15829,6808
15830,941
15837,3684
15837,9364
15838,165
15844,6810
15845,6810
15846,6810
15847,6810
15848,6810
15849,6320
15849,6811
15849,7377
15850,6320
15855,8226
15858,2577
15859,6784
15860,1586
15861,2577
15867,2232
15867,7355
15868,6812
15868,7356
15869,1068
15869,1335
15869,9305
15870,2232
15871,6813
15872,6814
15873,6814
15873,6816
15875,6815
15886,3841
15887,3841
15888,3841
15889,3841
15894,6818
15895,6818
15903,16
15903,191
15903,7617
15908,191
15908,9005
15909,191
15909,9005
15917,1579
15932,492
15932,9345
15943,105
15944,4262
15945,6820
15951,6821
15952,6821
15953,102
15959,1275
15960,1275
15962,828
15963,6824
15966,8208
15968,8208
15970,8210
15971,9199
15972,9199
15988,1700
15995,6589
15996,6589
15997,6589
16000,2474
16001,1068
16003,6826
16003,6889
16003,8625
16012,3299
16013,6827
16014,202
16026,9651
16030,1753
16034,437
16034,1780
16035,437
16035,1691
16035,1780
16041,6829
16042,6830
16043,6831
16044,6831
16045,6832
16046,6830
16047,6829
16048,6833
16048,9516
16057,4105
16058,1758
16071,1438
16071,2084
16077,191
16078,191
16079,191
16080,4160
16083,9439
16085,6837
16088,818
16089,6839
16090,1472
16091,978
16092,978
16093,1362
16094,1699
16097,1139
16097,1992
16098,1139
16103,8005
16122,6844
16123,6844
16124,6844
16125,2562
16134,1277
16134,8204
16136,1068
16137,7383
16137,8281
16139,6845
16140,2474
16159,1111
16160,1012
16160,1111
16167,2114
16168,890
16169,2654
16171,2654
16171,8973
16172,2822
16172,9398
16174,6521
16174,9054
16175,552
16178,844
16179,2842
16179,9110
16179,9450
16183,2276
16183,7342
16185,1202
16185,8588
16186,1013
16187,1884
16188,838
16191,1972
16192,1972
16193,1237
16201,973
16201,9060
16202,974
16203,6851
16209,376
16212,2389
16213,6852
16214,5652
16215,1617
16216,552
16217,191
16218,1940
16219,1940
16219,8137
16220,6853
16221,6854
16222,5091
16222,6855
16226,2389
16227,2389
16228,6856
16229,492
16230,5950
16231,5950
16235,6858
16248,816
16251,8939
16251,9349
16279,6135
16280,8162
16298,816
16299,1795
16309,1122
16310,1122
16310,7693
16311,1232
16312,1376
16313,1438
16314,1438
16315,6863
16316,6864
16317,6865
16321,6866
16331,1788
16331,2043
16331,2493
16334,2211
16335,2114
16336,2114
16337,2114
16345,6867
16346,6867
16347,6867
16348,6867
16349,6867
16350,1096
16351,6106
16351,6850
16351,7901
16362,9305
16366,9305
16367,1352
16368,1162
16369,1162
16370,1162
16373,2389
16383,9419
16388,501
16389,519
16390,1014
16395,1072
16397,552
16398,558
16399,64
16400,3454
16401,3101
16402,3454
16403,64
16403,2526
16404,1117
16405,2116
16406,6869
16407,6869
16408,6869
16409,1058
16410,1058
16411,2442
16412,1660
16413,162
16414,162
16415,162
16416,162
16417,978
16418,2526
16419,2227
16420,2227
16421,2227
16422,2227
16423,1643
16424,1643
16425,1643
16426,1707
16427,6871
16428,6871
16428,9538
16429,6871
16430,1707
16431,838
16432,838
16433,838
16434,838
16435,2774
16436,633
16436,3205
16437,1617
16438,1617
16439,1617
16440,6873
16441,6874
16442,6874
16444,9222
16447,8062
16448,1510
16449,1510
16450,1510
16451,1510
16452,1510
16453,1510
16454,1510
16454,7482
16455,1472
16456,1472
16457,1219
16458,6876
16458,7479
16459,6877
16460,6878
16461,3753
16461,6879
16461,7480
16462,501
16464,6405
16465,1139
16466,823
16467,1139
16468,501
16469,501
16470,1937
16471,1937
16472,1937
16473,1937
16474,6881
16475,1287
16475,6881
16476,4741
16477,6882
16477,6883
16478,6882
16478,7512
16479,6882
16480,501
16480,519
16481,519
16482,495
16483,495
16484,6884
16485,495
16486,6885
16487,4360
16487,6886
16487,7245
16488,268
16489,268
16490,550
16491,550
16492,520
16493,520
16494,520
16495,475
16496,475
16497,192
16498,6887
16499,6887
16500,6888
16501,6890
16502,70
16502,9477
16503,234
16504,6125
16505,6205
16505,6896
16506,6893
16507,6894
16508,725
16509,345
16510,6897
16511,6898
16512,6899
16513,6900
16514,6901
16515,6902
16516,4
16517,3830
16518,16
16519,6903
16520,6904
16521,475
16522,475
16522,8683
16523,475
16523,8683
16524,6906
16525,475
16526,475
16527,6907
16528,6908
16529,6908
16530,6163
16531,6909
16532,6163
16532,6909
16533,6910
16534,264
16535,145
16535,6912
16536,234
16537,234
16538,6914
16539,6915
16540,6916
16541,224
16542,224
16542,9049
16543,224
16544,246
16545,6917
16546,6918
16547,6919
16548,6920
16549,6920
16550,6920
16551,6921
16552,6225
16553,6225
16554,373
16555,373
16556,154
16557,690
16558,366
16559,6806
16560,6922
16560,6925
16560,7261
16560,7897
16561,6922
16561,6925
16561,7261
16561,7898
16562,6923
16562,6927
16563,285
16564,6194
16564,7225
16564,8049
16564,8053
16565,6194
16565,7225
16566,6924
16567,5005
16567,8162
16568,5005
16569,6925
16569,7896
16570,91
16571,16
16572,6929
16573,6780
16574,6780
16575,6930
16576,224
16577,6931
16578,224
16579,224
16579,8755
16580,224
16581,6932
16581,9635
16582,6933
16583,6933
16584,6934
16585,6934
16586,6154
16587,1583
16588,1583
16589,123
16590,123
16591,123
16591,1624
16592,123
16593,6935
16594,6936
16595,19
16596,5207
16597,5207
16598,5207
16599,6937
16600,5592
16601,86
16602,6940
16602,8206
16603,6163
16604,6942
16605,6942
16606,6944
16607,519
16607,7028
16608,519
16609,519
16609,7028
16610,104
16611,62
16611,552
16611,9102
16612,6945
16613,6946
16614,6947
16615,6949
16616,302
16617,302
16618,202
16618,302
16619,6950
16620,6951
16621,6950
16622,6950
16623,6950
16624,498
16625,498
16626,6952
16627,1767
16628,1767
16629,6953
16630,6953
16631,6953
16632,6237
16633,6237
16634,550
16634,9194
16635,550
16636,6954
16637,6955
16638,6956
16639,373
16639,2059
16640,6957
16641,6957
16642,373
16643,6110
16644,6110
16645,6130
16646,104
16647,6959
16647,8896
16648,6961
16649,6962
16650,475
16650,1521
16650,8402
16651,16
16652,379
16653,16
16654,234
16655,6110
16656,6110
16657,6964
16658,162
16658,6964
16658,9343
16659,105
16660,6368
16661,6368
16662,6966
16663,224
16663,6967
16663,6973
16663,8171
16664,6891
16665,6891
16666,11
16667,6968
16668,6968
16669,6968
16670,6968
16671,6968
16672,79
16673,6969
16674,6969
16675,91
16676,91
16677,91
16678,91
16679,6971
16680,6972
16681,6973
16682,6973
16682,8051
16682,9185
16682,9204
16682,9217
16683,6974
16684,6903
16685,145
16686,145
16686,9046
16687,6975
16688,162
16689,199
16690,6976
16691,6976
16692,2083
16692,6977
16693,79
16694,6978
16695,6068
16696,6068
16697,1388
16698,817
16699,6979
16702,2521
16703,365
16703,1955
16705,847
16706,6980
16707,1657
16708,1657
16709,6981
16710,6981
16711,6981
16712,6982
16713,1038
16714,1710
16714,7669
16715,6984
16716,6984
16717,293
16718,6985
16719,1700
16719,2863
16720,6988
16721,6988
16722,492
16722,996
16722,9440
16723,4160
16723,8385
16724,1685
16725,1685
16726,1685
16727,1234
16728,1685
16729,1685
16734,1064
16734,3299
16735,6989
16735,7121
16736,1064
16736,5606
16738,935
16739,1711
16740,1064
16740,3299
16741,217
16743,217
16743,710
16744,1270
16744,7761
16747,2084
16747,6991
16750,787
16751,9610
16752,512
16753,512
16754,512
16755,6000
16756,491
16757,491
16758,1695
16759,1695
16760,1510
16760,1695
16760,8217
16761,5612
16761,6994
16764,1143
16765,62
16766,6595
16771,631
16771,1213
16772,1213
16772,6995
16773,6995
16773,7114
16774,631
16774,1213
16777,5975
16780,3299
16781,7817
16782,7816
16783,3299
16787,7295
16789,691
16790,62
16791,2904
16793,6996
16794,1250
16795,631
16803,378
16804,14
16804,1526
16804,6135
16805,6999
16805,7725
16806,3299
16807,6201
16808,5607
16809,115
16809,1657
16809,2108
16809,2998
16810,115
16811,7000
16812,2108
16812,7001
16813,1585
16813,1985
16813,8389
16814,16
16815,4352
16816,5769
16817,7003
16818,7003
16819,890
16823,578
16823,7419
16824,7004
16825,578
16826,578
16827,7004
16827,7419
16832,1960
16835,9495
16837,1279
16838,711
16838,7705
16838,8330
16839,1438
16839,7005
16840,4605
16840,7841
16840,8550
16841,1414
16842,1414
16843,1414
16844,1414
16845,1414
16846,7006
16847,978
16848,847
16849,926
16850,7008
16851,6318
16852,4429
16853,365
16853,1955
16854,6334
16854,7011
16855,7012
16856,7012
16857,302
16858,302
16859,7013
16860,302
16861,7014
16862,6325
16863,7015
16864,7016
16865,7016
16866,7016
16867,7017
16868,7018
16869,7019
16870,7019
16871,7019
16872,6297
16873,6297
16874,6297
16875,7021
16876,7021
16877,7021
16878,7021
16879,472
16880,472
16880,7022
16881,479
16882,479
16883,1336
16884,552
16885,730
16886,554
16887,554
16888,730
16889,730
16890,7023
16891,7024
16892,7024
16893,7024
16894,7024
16895,7025
16895,8561
16896,7025
16897,6297
16898,7026
16899,7026
16899,8489
16900,7026
16900,8489
16900,8530
16901,6357
16902,5526
16903,5526
16904,5526
16905,5526
16906,5526
16907,7027
16908,7027
16909,7028
16910,7028
16911,6186
16912,7029
16913,7029
16914,7029
16915,6186
16916,6303
16917,6303
16918,496
16919,496
16920,496
16921,7030
16922,7030
16923,7030
16924,7030
16925,7030
16926,7031
16927,7032
16928,7033
16929,7034
16930,7035
16931,7035
16932,7035
16933,7035
16934,7036
16935,7036
16936,7037
16937,7038
16938,496
16939,6110
16940,6110
16941,6110
16942,6110
16943,7039
16943,8528
16944,7039
16944,8528
16945,7039
16946,7039
16947,6303
16953,7028
16954,7041
16954,7772
16954,7907
16955,7043
16956,7043
16957,7043
16958,7044
16959,7044
16960,7044
16961,7044
16962,7044
16963,7045
16964,7046
16965,7047
16966,7047
16967,7048
16968,7049
16969,6275
16970,5526
16970,7060
16971,5526
16971,7060
16972,7050
16972,7257
16973,7050
16974,2204
16975,7052
16976,7052
16977,481
16978,481
16979,1072
16979,7055
16980,7055
16981,7056
16982,7057
16983,7057
16984,7057
16985,7057
16986,7057
16987,7057
16988,7057
16993,6412
16994,224
16995,224
16996,224
16997,7059
16998,7059
16999,7060
17000,7060
17001,7061
17002,7061
17003,7062
17004,1510
17004,7482
17005,1510
17005,7482
17006,1510
17007,1510
17008,1510
17009,1510
17010,7063
17011,7063
17012,7064
17013,7064
17014,1049
17015,1049
17016,838
17017,838
17018,838
17019,838
17020,2422
17021,838
17022,838
17022,7641
17023,838
17024,7065
17025,7065
17026,552
17027,817
17028,191
17029,7073
17030,7073
17031,7073
17032,7073
17033,7079
17034,7080
17035,7081
17036,7082
17037,1695
17037,8662
17038,1695
17040,3042
17041,1710
17042,726
17042,1710
17042,8089
17043,1710
17043,8089
17044,7084
17045,383
17046,383
17047,7086
17047,7656
17048,7086
17049,7086
17050,7086
17050,7656
17050,8722
17051,7086
17052,7086
17053,7086
17053,7135
17053,7656
17053,7815
17053,8375
17053,8397
17053,8952
17053,9465
17054,7087
17055,7088
17055,8348
17056,7088
17057,7087
17058,3335
17059,7089
17060,7090
17061,7091
17062,7092
17063,7093
17064,7094
17065,1916
17066,3634
17067,3634
17068,7095
17069,7095
17070,271
17070,1058
17071,7098
17072,7098
17073,7098
17074,7098
17075,7098
17075,8368
17076,7098
17077,7098
17078,7100
17079,7101
17079,7515
17080,1007
17080,7516
17081,583
17081,1324
17081,7758
17082,6029
17082,8915
17083,7102
17084,6029
17084,8915
17085,2669
17086,4367
17087,3186
17088,3186
17089,192
17089,1286
17090,263
17091,7103
17092,7104
17093,7104
17094,7104
17095,2736
17095,7105
17096,7106
17097,2093
17098,712
17098,2093
17098,8392
17099,1972
17100,1972
17101,1972
17102,7107
17103,7107
17104,1951
17105,7109
17105,7662
17106,7110
17106,7662
17107,7109
17108,7109
17109,7111
17110,7111
17111,7111
17112,7112
17113,7113
17114,7113
17115,7112
17116,1096
17117,1096
17118,1072
17118,1096
17119,1096
17120,1096
17121,1096
17122,1096
17123,1096
17124,1096
17125,7115
17126,1096
17127,1096
17128,1096
17129,1096
17130,191
17130,7116
17131,710
17132,7118
17132,8302
17133,7119
17134,7120
17135,1175
17136,2624
17137,712
17138,1695
17139,1695
17140,1117
17141,1117
17142,552
17143,1219
17144,3809
17144,4760
17145,3809
17146,3809
17147,7123
17147,8249
17148,1213
17149,1213
17150,7127
17151,1270
17152,1270
17153,1049
17153,1510
17153,2321
17153,7048
17153,8747
17154,1049
17154,7134
17154,8401
17155,1049
17156,1049
17156,2321
17156,8747
17157,987
17158,987
17159,1617
17160,987
17161,1330
17162,7130
17163,7130
17164,7131
17165,2276
17166,255
17167,838
17168,608
17169,2276
17170,838
17171,501
17172,890
17172,1378
17172,7793
17172,9021
17172,9197
17173,1378
17174,7132
17175,7132
17176,7132
17177,7132
17178,7133
17179,7133
17180,7133
17181,7133
17182,7134
17183,1660
17184,7137
17185,978
17186,1270
17187,1270
17188,973
17189,7139
17190,7140
17191,7142
17192,7143
17193,7143
17194,7144
17195,1146
17196,1146
17197,2819
17198,2819
17199,2043
17200,7147
17201,7148
17202,7151
17202,7741
17203,7151
17203,7742
17204,7151
17204,7744
17205,1453
17206,7153
17207,2562
17207,3042
17208,817
17209,6405
17209,6466
17210,817
17211,5259
17212,5259
17213,5259
17214,1117
17215,7155
17216,818
17217,1139
17217,1992
17217,9330
17218,1139
17219,1139
17220,1010
17221,1743
17222,487
17222,6536
17223,202
17224,202
17225,7158
17226,1096
17227,1096
17228,1096
17229,1096
17230,1096
17231,1096
17232,1096
17233,1096
17234,1096
17235,1096
17236,1096
17237,1096
17238,1096
17239,1096
17240,1096
17241,1096
17242,828
17242,890
17243,552
17244,7160
17245,552
17246,4926
17247,7162
17248,1175
17249,7163
17250,2302
17251,7165
17251,7680
17252,973
17253,7167
17254,1595
17255,7168
17256,1176
17257,1176
17257,1286
17258,1176
17258,1286
17258,8306
17259,7171
17259,8294
17260,1489
17261,1489
17262,1489
17263,7172
17264,1270
17264,7932
17265,1270
17265,7932
17266,1270
17267,3821
17268,1882
17269,683
17269,1116
17270,726
17270,1116
17271,1116
17272,2108
17273,1362
17274,1729
17275,1192
17276,7173
17277,1192
17278,1064
17279,1362
17280,2562
17281,2562
17282,1685
17283,7174
17284,608
17285,552
17286,552
17287,1232
17287,8433
17288,7177
17289,7178
17290,7179
17291,7179
17292,978
17293,487
17293,6536
17294,1010
17295,7180
17296,7180
17297,7180
17298,7180
17299,7182
17300,7182
17300,8324
17301,7182
17301,8324
17302,2867
17303,2867
17304,2867
17305,2867
17306,1286
17307,1286
17308,1388
17309,7183
17310,838
17311,838
17312,7184
17313,838
17314,838
17315,1706
17316,1137
17317,710
17318,710
17319,7186
17320,7187
17321,267
17321,7188
17322,7189
17323,7190
17324,7190
17325,7190
17326,6034
17327,6034
17328,7191
17329,7192
17330,1992
17331,1287
17332,817
17333,1685
17334,87
17334,1685
17335,6499
17335,7194
17335,7757
17335,8006
17335,9401
17336,7194
17336,7757
17336,8007
17337,7194
17337,7757
17338,7194
17339,7194
17339,7757
17339,8006
17340,7195
17341,7195
17342,7195
17343,7195
17344,7194
17345,7196
17346,2527
17347,552
17348,552
17349,1699
17350,7198
17351,978
17352,935
17353,2827
17354,2827
17355,7201
17356,7201
17357,7201
17358,1037
17358,6405
17359,1068
17359,9305
17360,1568
17361,234
17362,62
17363,5493
17364,5493
17365,5493
17366,847
17372,1992
17372,7206
17373,1097
17374,1883
17375,4122
17376,1263
17377,3306
17377,6405
17378,3306
17378,6466
17380,973
17381,973
17388,492
17388,8313
17389,1510
17390,1510
17391,7211
17392,268
17393,268
17394,268
17395,379
17396,379
17397,6233
17398,79
17399,79
17400,542
17401,542
17402,7214
17403,7214
17403,8243
17404,191
17404,7215
17405,191
17406,560
17407,7216
17408,5663
17409,7217
17410,7217
17411,7217
17412,7217
17413,528
17414,7218
17415,7219
17416,7219
17417,5052
17417,7222
17417,7703
17417,8034
17418,5052
17419,7220
17420,5052
17420,7222
17421,7221
17422,7221
17423,7221
17424,7221
17425,7221
17426,7221
17427,2276
17427,5526
17428,5526
17429,2276
17429,5526
17430,5526
17431,2276
17431,5526
17432,1960
17433,528
17434,528
17435,7223
17436,7224
17437,1676
17438,255
17439,4429
17439,7226
17440,6443
17441,7228
17442,7228
17443,7228
17444,7228
17445,7228
17446,7230
17447,7230
17447,7919
17448,7232
17449,7232
17449,9573
17450,128
17450,7233
17451,7233
17451,9655
17452,26
17453,128
17454,128
17455,128
17456,1916
17457,1299
17458,1299
17459,1299
17460,7236
17461,7238
17462,7238
17463,7238
17464,202
17465,202
17465,302
17465,8260
17466,202
17467,202
17467,302
17467,8260
17468,7239
17468,9535
17469,1122
17470,1122
17471,1122
17472,1122
17473,1118
17474,3189
17475,3189
17476,1155
17476,9288
17477,1155
17478,1155
17479,7240
17480,7240
17481,3205
17482,3205
17483,1263
17484,1263
17485,1055
17486,64
17486,2315
17487,7241
17488,7241
17489,7241
17490,202
17491,1138
17492,1138
17493,1138
17494,1138
17495,935
17496,1521
17497,1521
17498,7242
17499,7242
17500,191
17501,16
17501,191
17502,16
17502,191
17502,8942
17503,16
17503,191
17504,7246
17505,7246
17506,2375
17507,2375
17508,2375
17509,7247
17510,7248
17511,7247
17512,1515
17513,7249
17514,7250
17515,7252
17516,191
17517,191
17518,191
17518,7475
17519,191
17520,1434
17521,7256
17521,7753
17522,994
17522,7341
17522,8015
17523,994
17523,1023
17524,7259
17525,7258
17526,1908
17527,935
17528,1100
17529,1100
17530,165
17530,1275
17531,1275
17532,941
17532,1419
17533,3186
17533,8758
17534,3186
17534,7606
17534,7607
17534,8758
17535,1438
17536,1438
17537,1706
17538,1706
17539,191
17540,191
17541,1699
17542,1699
17543,7263
17544,7263
17545,7264
17546,7264
17547,1330
17548,1330
17549,1330
17550,2660
17551,1330
17552,7265
17553,2624
17554,1317
17555,1064
17556,6850
17556,7266
17557,4160
17558,4160
17559,1956
17560,7269
17561,552
17562,1929
17563,1691
17563,1780
17563,6529
17564,1691
17565,1087
17566,1087
17567,890
17568,890
17569,817
17569,890
17569,1378
17570,1850
17571,1133
17572,1330
17573,1270
17574,1270
17575,1292
17576,1292
17577,191
17578,1352
17578,7270
17579,1352
17579,7270
17580,2932
17581,2932
17582,1059
17583,1059
17584,3102
17585,7272
17586,7273
17587,7272
17588,1072
17588,1710
17589,818
17590,2736
17591,973
17592,7275
17593,1062
17594,7275
17595,1062
17596,1062
17597,1695
17598,1695
17599,1695
17600,191
17601,191
17602,989
17603,989
17603,1398
17603,8146
17603,9346
17603,9459
17604,989
17605,843
17606,843
17607,843
17608,7276
17608,7368
17609,7276
17610,3028
17611,7277
17612,7277
17613,7277
17614,1068
17614,8770
17615,268
17615,1068
17615,7739
17616,1068
17617,7278
17617,8278
17618,7279
17618,7383
17618,7740
17618,8876
17619,7281
17620,2041
17621,7283
17622,7283
17623,7283
17624,7283
17625,7285
17626,1636
17627,1636
17628,7288
17629,7288
17630,6536
17631,5283
17632,7289
17633,1708
17634,7291
17635,4195
17636,974
17636,7292
17637,202
17637,978
17637,7293
17637,7412
17638,1780
17639,1691
17639,1780
17640,838
17641,838
17642,838
17643,3116
17644,3116
17645,3116
17646,837
17647,1882
17648,7294
17649,7294
17650,7294
17651,1219
17652,1219
17653,1196
17654,1196
17655,1196
17656,608
17657,608
17658,608
17659,608
17660,1549
17661,1549
17662,109
17663,109
17664,1324
17665,6646
17666,1279
17666,7913
17667,1279
17667,7296
17668,6500
17669,7299
17670,7299
17671,4429
17671,7272
17672,973
17673,1695
17674,1695
17674,8785
17675,7205
17676,242
17676,1279
17677,242
17677,1279
17678,2827
17679,1279
17680,7295
17681,7301
17681,7876
17682,1330
17683,1330
17684,1738
17685,1617
17685,2577
17686,7302
17687,7302
17688,1330
17689,1330
17690,2276
17690,7899
17690,9125
17691,2276
17692,255
17693,255
17694,3205
17695,3205
17696,7303
17697,1434
17698,973
17699,7304
17699,8793
17700,1694
17701,1694
17702,1694
17702,9443
17703,1694
17704,7305
17705,1694
17705,9053
17705,9443
17706,1257
17706,7165
17706,7680
17707,1257
17707,7165
17707,7680
17708,7165
17709,7165
17710,6415
17711,6415
17712,6415
17713,6415
17714,6415
17715,6415
17716,7306
17717,2470
17718,2470
17719,2470
17720,7306
17720,9066
17721,7307
17722,2634
17723,2634
17724,2634
17725,2470
17725,7308
17726,1676
17727,2368
17727,7286
17727,7309
17727,7668
17728,1657
17729,1676
17730,7311
17731,1434
17732,7273
17733,7273
17734,7234
17735,1628
17736,7273
17737,109
17738,109
17739,1610
17740,2441
17741,1610
17742,1610
17743,2441
17744,5108
17745,7314
17746,5108
17747,191
17748,191
17749,7316
17750,7317
17751,1275
17752,1275
17753,165
17753,1275
17754,3186
17755,1275
17756,1278
17757,1012
17758,1012
17759,5812
17760,5284
17761,191
17761,5284
17762,197
17763,822
17764,822
17765,1317
17766,1275
17767,7327
17768,7287
17768,8460
17769,7328
17770,7330
17771,7332
17772,7332
17773,7334
17773,9008
17774,7334
17775,7335
17776,2487
17777,1450
17778,1450
17779,6493
17780,6493
17781,1219
17782,1955
17783,1955
17784,7337
17785,7337
17786,578
17786,1175
17787,1175
17787,8998
17787,9278
17788,191
17789,191
17790,1302
17791,1302
17792,1302
17793,644
17793,1302
17794,1302
17795,1302
17796,6629
17797,6629
17798,1112
17799,1112
17800,7340
17801,1023
17801,7341
17801,8723
17802,1122
17803,1122
17804,1831
17804,8926
17805,2787
17805,9281
17805,9501
17806,4947
17807,4605
17808,6666
17809,608
17810,608
17811,608
17811,8811
17812,7342
17813,7342
17814,1585
17815,989
17816,2276
17817,1434
17817,9276
17818,1434
17819,1434
17820,1434
17821,1434
17822,1234
17823,1234
17824,1234
17825,501
17826,1521
17827,890
17828,890
17829,2374
17830,1014
17830,7344
17831,2374
17832,6034
17833,6034
17834,6034
17835,109
17836,109
17837,7345
17838,109
17839,109
17840,7346
17841,2108
17842,7320
17843,7347
17844,1388
17845,7349
17846,978
17847,1031
17848,1031
17849,255
17850,255
17851,255
17852,1579
17853,1579
17854,1579
17855,2083
17856,994
17856,1023
17856,9314
17857,2083
17858,7354
17859,1988
17860,1155
17861,7358
17862,7358
17863,1155
17864,1546
17865,1049
17866,1049
17867,1477
17868,7361
17869,7361
17870,973
17871,6498
17871,9034
17872,1162
17873,1162
17874,202
17875,7362
17876,1521
17877,1521
17878,1521
17879,1521
17880,1521
17881,1434
17882,1070
17883,3028
17884,3028
17885,1546
17886,2474
17887,501
17888,552
17889,1884
17890,1699
17891,1699
17892,1906
17893,1906
17894,1023
17895,1438
17896,1438
17897,2822
17897,9398
17898,6646
17899,890
17900,890
17901,608
17902,2634
17902,7521
17903,1109
17904,1110
17905,1109
17906,1109
17906,9294
17907,1691
17908,1691
17909,710
17909,9035
17910,7286
17911,1275
17912,2098
17913,2098
17914,2098
17915,402
17915,4429
17916,4429
17917,4429
17918,843
17919,7276
17920,7276
17921,973
17922,2276
17923,973
17924,7369
17925,6814
17926,1351
17927,1351
17928,1351
17929,1351
17930,1351
17931,1351
17932,1012
17933,7370
17933,7837
17934,7370
17934,7930
17935,7371
17936,1317
17937,1031
17938,1031
17939,1883
17940,1072
17941,935
17942,935
17943,3092
17944,3092
17945,7374
17946,191
17947,191
17948,3584
17949,3584
17950,1955
17950,2417
17951,2417
17952,1200
17952,7376
17953,4160
17954,191
17955,191
17956,1116
17957,191
17958,191
17959,2276
17960,2276
17961,2276
17962,191
17963,1529
17964,1529
17965,1691
17965,1780
17965,7987
17966,1691
17966,1780
17966,6529
17966,7987
17967,6402
17968,6402
17969,7378
17970,6263
17971,7379
17972,1040
17973,6784
17974,7380
17975,7380
17976,3829
17977,3829
17978,1068
17979,1068
17980,501
17981,501
17982,501
17983,1988
17984,3048
17985,3186
17986,3186
17987,3186
17988,3186
17989,3186
17990,1627
17991,7384
17992,7384
17993,7385
17994,1788
17995,2822
17996,1788
17997,890
17998,1215
17998,7338
17999,7386
18000,7386
18001,7387
18002,7388
18003,7389
18004,7390
18005,6498
18006,7391
18007,435
18007,5175
18008,5175
18009,847
18010,847
18011,847
18012,6406
18013,501
18013,9041
18014,7392
18015,7392
18016,7392
18017,7392
18018,1097
18019,1097
18020,191
18021,191
18025,7397
18026,7398
18027,1695
18028,1695
18029,1695
18030,1317
18030,8026
18031,7399
18032,3881
18032,7401
18033,550
18034,62
18035,550
18036,550
18036,8166
18037,6956
18038,6244
18039,7402
18040,7402
18041,6405
18041,7402
18043,7403
18044,7403
18045,7403
18046,2654
18047,1710
18048,1850
18053,994
18053,9325
18060,3109
18061,7404
18075,1423
18075,8062
18090,2633
18091,578
18091,7487
18091,8998
18092,7024
18093,7024
18094,1477
18094,7024
18095,9422
18096,9422
18099,7405
18100,7406
18101,7407
18102,7407
18103,7408
18113,8253
18118,365
18118,1955
18120,784
18120,1547
18120,6664
18123,816
18124,7409
18145,6384
18146,7834
18147,5607
18148,3299
18149,5607
18151,9181
18174,9144
18183,690
18183,838
18183,6201
18183,9031
18184,838
18185,1499
18189,9308
18205,7413
18217,7414
18219,7414
18225,3109
18226,7415
18229,2822
18230,631
18234,4412
18242,7416
18243,7417
18243,8101
18244,7418
18249,2
18256,6164
18262,365
18262,7606
18265,552
18265,6461
18266,491
18267,491
18268,491
18268,552
18281,7420
18282,7421
18287,7422
18288,7423
18288,9410
18289,7424
18290,7424
18291,7424
18292,7423
18301,9393
18335,1055
18336,1055
18357,492
18358,491
18363,7975
18365,6184
18365,9387
18373,1072
18373,1096
18374,1072
18374,1096
18375,1096
18376,1096
18377,726
18377,1072
18377,1096
18377,9302
18379,7429
18383,470
18384,470
18384,9220
18385,470
18386,7430
18387,6113
18387,7532
18392,7626
18393,7626
18394,7626
18409,5242
18410,7432
18411,838
18420,7433
18436,599
18436,3821
18438,7434
18439,7435
18440,7436
18441,729
18446,115
18446,8985
18449,324
18449,7437
18450,324
18450,7437
18451,324
18451,8152
18452,1788
18452,2043
18452,6141
18457,2208
18458,1451
18459,7439
18460,7439
18461,7439
18462,2643
18462,8988
18463,2643
18480,501
18480,7440
18481,711
18482,501
18484,7606
18489,1064
18489,3299
18495,921
18496,7441
18497,417
18501,7442
18502,7442
18503,7442
18504,7442
18504,7857
18505,7442
18506,7442
18506,7857
18519,154
18522,7443
18523,7444
18524,7456
18525,1788
18525,2043
18528,1960
18528,9476
18539,6999
18540,376
18541,1788
18541,2043
18541,2089
18546,192
18546,478
18547,192
18547,478
18548,3335
18548,6953
18548,9496
18549,6953
18549,9496
18567,7970
18577,1012
18578,7446
18579,7447
18591,7448
18592,7448
18602,2586
18603,1556
18603,7452
18604,7453
18605,644
18606,644
18607,7455
18608,7456
18609,7456
18610,7456
18611,7456
18612,7457
18613,5552
18614,1465
18615,7457
18616,7458
18617,1951
18618,1951
18619,5466
18620,5466
18621,6053
18622,1058
18623,1125
18623,2104
18623,7459
18623,7872
18623,7951
18624,7459
18625,7459
18625,7951
18626,1125
18626,2104
18626,7459
18626,7872
18627,7459
18627,7872
18627,7951
18628,1125
18628,2104
18628,6637
18628,7459
18628,7713
18628,7952
18628,8780
18628,9023
18629,202
18630,202
18630,302
18630,3730
18631,7460
18632,1237
18633,5256
18634,5256
18635,1014
18636,1014
18637,1351
18638,1351
18639,7462
18640,7338
18640,7453
18641,7463
18642,1070
18643,191
18644,7464
18645,1138
18645,3119
18646,1146
18647,4122
18647,5459
18648,4122
18648,5459
18649,1882
18650,4605
18651,6500
18652,1080
18653,1080
18654,1080
18655,7468
18656,817
18657,935
18658,4947
18659,191
18660,1510
18660,1695
18661,1510
18662,1510
18663,1510
18664,1200
18665,1200
18666,1200
18667,4947
18668,3186
18669,1955
18670,3186
18671,7471
18672,2374
18673,2374
18674,1483
18674,9071
18675,202
18676,1017
18677,1617
18678,1237
18679,191
18680,1951
18681,3834
18682,3834
18683,3834
18684,7476
18685,7476
18686,7476
18687,7476
18688,7476
18689,7477
18690,7478
18691,1025
18691,7478
18692,7478
18693,1139
18694,1139
18695,1139
18696,1139
18697,1139
18698,1139
18699,1139
18700,1068
18701,1068
18702,7481
18703,7482
18704,7482
18705,7482
18706,7482
18707,7482
18708,7482
18709,7482
18710,7482
18711,7482
18712,7482
18713,7482
18714,7482
18715,7482
18716,7483
18717,7483
18718,1960
18719,1434
18720,1404
18721,1404
18722,1404
18723,2362
18724,2362
18725,2362
18726,2362
18727,2362
18728,1278
18729,57
18729,1087
18730,508
18730,1014
18731,1278
18732,2083
18733,2083
18734,1760
18735,3028
18736,937
18737,7484
18738,578
18738,1175
18739,7485
18740,2638
18741,2638
18742,2638
18743,6120
18744,6120
18745,6120
18746,6120
18747,7490
18748,6120
18749,7491
18750,7491
18751,7492
18752,7491
18753,7493
18754,7494
18755,1162
18756,7494
18757,1472
18758,6057
18761,1510
18762,3028
18763,3028
18764,3028
18765,7338
18765,8187
18766,7338
18766,8443
18766,9006
18767,1510
18768,1510
18769,1510
18770,1510
18771,1510
18772,1510
18773,7496
18774,7496
18775,7496
18776,7498
18777,1087
18778,7500
18779,7502
18780,163
18781,1434
18782,197
18783,7503
18784,2853
18785,621
18785,945
18785,3147
18785,7851
18786,2853
18787,2853
18788,1014
18789,7510
18790,101
18791,1931
18792,978
18793,978
18794,1780
18795,7512
18796,1695
18797,1695
18798,1695
18799,7513
18800,86
18801,102
18802,7514
18803,175
18804,1136
18805,1058
18805,9418
18806,271
18806,1058
18806,9418
18807,7515
18808,1627
18809,7517
18809,7518
18810,86
18810,522
18811,86
18811,949
18812,7518
18813,3333
18813,9011
18814,3333
18815,828
18815,890
18815,1378
18815,7519
18816,7519
18816,9394
18817,5259
18818,5259
18819,5259
18820,5259
18821,5259
18822,5259
18823,2089
18826,838
18827,690
18827,838
18827,6201
18832,3683
18832,6986
18832,8303
18837,7977
18840,2897
18841,1068
18846,214
18849,83
18849,2368
18849,8885
18852,608
18855,7522
18857,7523
18858,6904
18859,7524
18869,234
18870,1825
18871,7526
18872,7526
18873,7526
18874,7526
18875,7526
18876,7527
18879,1788
18879,9357
18880,1788
18881,7526
18882,7526
18883,552
18884,552
18885,552
18887,217
18894,6111
18894,9432
18895,7428
18897,9461
18898,634
18898,2474
18898,8854
18898,8891
18899,3118
18902,246
18903,7901
18904,7901
18905,7901
18906,7901
18913,997
18916,7526
18917,7533
18918,2850
18919,6144
18919,7534
18920,1388
18921,191
18922,7535
18923,7536
18924,1695
18925,1695
18926,1695
18927,6125
18927,7537
18928,7537
18929,1237
18930,1132
18931,7538
18932,1132
18933,1529
18934,1136
18935,6303
18936,6303
18937,7539
18938,7539
18939,7540
18941,7541
18941,7568
18942,7542
18942,7548
18942,7567
18943,7543
18943,7569
18943,7572
18943,7578
18943,7595
18944,7543
18944,7569
18945,7543
18945,7569
18946,7543
18947,7544
18947,7549
18947,7562
18947,7570
18948,7544
18948,7561
18948,7570
18949,7545
18950,7545
18951,7545
18952,7545
18953,1489
18954,3650
18954,8979
18954,9300
18964,7539
18966,7543
18967,7543
18971,7546
18972,7546
18975,6314
18979,475
18980,475
18981,475
18982,475
18983,7547
18984,7543
18985,7550
18986,7543
18987,7543
18988,7551
18988,8477
18989,6303
18990,6303
18991,6303
18992,6332
18993,6332
18994,6332
18995,6332
18996,7552
18997,268
18998,268
18999,6950
19000,6950
19001,6950
19002,6950
19003,6950
19004,102
19005,464
19006,102
19007,7553
19008,102
19009,6303
19010,6303
19011,5334
19012,5334
19013,5334
19014,5334
19015,7542
19016,7542
19017,7543
19018,7554
19018,7559
19018,7583
19019,7543
19020,6303
19021,6303
19022,519
19023,6303
19024,6303
19025,7555
19026,7555
19027,7555
19028,6303
19028,7556
19028,8502
19029,7556
19030,7557
19031,6344
19032,6344
19033,7543
19034,7558
19035,7551
19036,7543
19037,7543
19038,7543
19039,7543
19040,7560
19041,7563
19042,7544
19043,7550
19044,8603
19045,8603
19046,7564
19047,7544
19048,7564
19049,7565
19050,7565
19051,7550
19052,7558
19053,7561
19054,7561
19055,817
19056,7560
19057,7543
19057,7595
19058,7544
19058,7549
19059,7543
19059,7578
19060,7566
19061,7543
19062,7571
19063,7572
19063,7578
19064,7573
19065,7574
19066,7572
19067,6357
19068,7543
19069,7575
19070,7576
19071,7577
19072,7575
19073,7573
19074,7579
19075,7562
19076,5526
19077,5526
19078,5526
19079,5526
19079,9125
19085,475
19086,475
19087,6303
19088,6303
19089,7580
19090,7580
19091,7581
19092,7582
19093,7582
19094,7582
19095,7582
19096,7584
19097,7584
19098,7584
19099,7585
19100,7560
19101,7543
19102,7586
19103,7586
19104,7586
19105,7586
19106,7586
19107,5
19108,5
19109,5
19110,5
19111,475
19112,475
19113,475
19114,475
19115,3229
19116,3229
19117,3229
19118,7587
19118,8630
19119,7543
19120,7543
19121,6303
19122,6094
19123,6094
19124,6094
19125,475
19128,7588
19129,7589
19130,7590
19131,1709
19132,7591
19133,1709
19134,978
19135,475
19136,475
19137,7541
19138,7543
19139,7558
19140,7592
19141,7544
19142,7593
19142,8118
19142,8733
19143,7593
19143,8118
19145,7544
19146,7544
19147,519
19148,7594
19149,519
19150,7561
19151,7550
19152,978
19153,978
19154,978
19155,978
19156,978
19157,978
19158,978
19159,978
19160,978
19161,7596
19162,7596
19163,7597
19164,7597
19165,7597
19166,7597
19167,7597
19168,7598
19169,7598
19170,7599
19171,7600
19172,379
19173,379
19174,379
19175,379
19176,7601
19177,162
19178,7543
19179,1038
19180,1362
19181,7602
19182,7603
19183,7603
19184,7604
19185,7605
19186,7605
19187,7605
19188,7605
19189,7605
19190,690
19190,8286
19191,690
19192,690
19193,519
19194,519
19195,519
19196,519
19197,519
19198,7606
19199,7607
19200,7607
19201,7607
19202,118
19203,118
19204,246
19205,246
19206,7608
19207,7608
19207,8225
19208,217
19209,7609
19210,7610
19210,9449
19211,7609
19211,8531
19211,8920
19212,6082
19212,7612
19213,7612
19214,6082
19214,7612
19215,7612
19216,1779
19216,7612
19217,7613
19217,7967
19218,62
19219,2556
19219,7605
19220,7614
19221,495
19222,7615
19223,495
19224,145
19225,642
19226,488
19227,7616
19228,62
19229,62
19230,1755
19231,7618
19232,6092
19233,7619
19234,6244
19235,7620
19236,495
19237,495
19238,495
19239,7623
19240,80
19241,80
19241,8985
19242,3109
19242,9052
19243,1791
19244,1951
19245,3012
19246,7625
19247,105
19248,5242
19249,5242
19250,7626
19250,8703
19251,7626
19251,8703
19252,6314
19253,6314
19254,5550
19255,5550
19256,3193
19257,7628
19258,7628
19259,7628
19260,7628
19261,246
19262,246
19263,508
19264,508
19264,9078
19265,173
19266,7630
19267,7630
19268,7630
19269,7631
19270,7632
19271,7633
19272,7632
19273,7634
19274,7636
19275,7636
19276,7636
19277,6903
19278,6903
19279,6163
19280,6163
19281,6903
19282,1882
19283,1882
19284,11
19285,531
19286,531
19287,531
19288,599
19288,3821
19289,255
19289,366
19290,284
19291,6184
19292,6344
19293,6344
19294,81
19295,3830
19296,285
19297,508
19298,7639
19298,9518
19299,7640
19299,9519
19300,495
19301,495
19302,16
19303,1822
19304,552
19305,475
19306,475
19307,475
19308,475
19309,365
19310,365
19310,1955
19311,365
19312,365
19313,365
19313,1955
19314,1324
19315,1286
19316,890
19316,5328
19317,973
19318,7644
19319,402
19320,102
19321,7646
19322,102
19323,7648
19324,7649
19325,1788
19326,7502
19327,214
19328,214
19329,214
19330,7651
19331,7652
19332,6294
19333,7653
19334,6950
19335,6950
19336,6950
19337,6950
19338,6950
19339,472
19340,3118
19341,7656
19342,7656
19343,7656
19344,7656
19345,7656
19346,7656
19347,7656
19348,3186
19349,4
19349,8081
19349,8801
19350,608
19351,1434
19351,6942
19352,7658
19353,6950
19354,6950
19355,1711
19356,1711
19357,1711
19358,1711
19359,1711
19360,7659
19361,117
19361,8203
19362,117
19363,117
19364,7660
19364,8219
19365,1529
19366,1529
19367,6263
19368,817
19369,6263
19370,6113
19371,255
19371,366
19372,1695
19372,9323
19373,7661
19373,8261
19374,255
19375,7662
19376,7662
19377,16
19377,191
19378,3055
19378,7664
19378,9367
19379,7665
19380,7666
19381,7665
19382,7665
19383,7667
19384,990
19385,990
19386,1710
19386,7669
19387,1710
19387,7669
19388,179
19389,179
19390,4052
19391,191
19392,191
19392,1521
19392,8840
19393,501
19394,1118
19395,699
19395,3267
19396,7286
19397,3267
19398,3267
19399,3267
19400,16
19400,191
19401,711
19401,725
19402,191
19403,16
19403,191
19404,7673
19405,1072
19406,1072
19407,7674
19408,7675
19409,109
19410,109
19411,7676
19412,7676
19412,9611
19413,7676
19414,7677
19414,9611
19414,9658
19415,608
19416,608
19417,552
19418,1549
19419,3205
19420,2375
19421,501
19422,501
19423,501
19424,501
19425,6184
19426,7679
19427,7681
19428,508
19428,7681
19429,7682
19430,11
19431,202
19432,202
19433,202
19434,3189
19435,608
19436,608
19437,7502
19438,7683
19439,7502
19440,7502
19441,7502
19442,7684
19443,7502
19444,7502
19445,145
19445,2827
19445,6943
19446,145
19446,2827
19447,7685
19448,3271
19449,1510
19450,1510
19451,1510
19452,1510
19453,1510
19454,1510
19455,3881
19456,3881
19457,3881
19458,3881
19459,3881
19460,3881
19461,7502
19462,7502
19463,7686
19464,7686
19465,7686
19466,7686
19467,7686
19468,7687
19469,202
19470,191
19471,7690
19472,2474
19473,7691
19474,7692
19474,8387
19475,7692
19476,7693
19477,7693
19478,7694
19478,8913
19479,86
19480,86
19480,989
19480,8553
19480,9469
19481,86
19481,989
19481,2145
19481,9469
19482,6977
19483,2083
19483,6977
19484,2083
19484,6977
19485,1070
19486,1883
19487,1883
19488,1883
19489,1883
19490,1883
19491,1883
19492,1699
19493,1699
19494,1699
19495,1699
19496,6456
19497,6456
19498,255
19499,255
19500,1695
19501,6387
19502,7699
19503,7700
19504,4189
19505,4189
19506,4189
19507,4189
19508,4189
19509,7701
19510,7701
19511,7701
19512,7701
19513,7701
19514,7701
19515,7701
19516,7701
19517,1709
19518,1709
19519,1709
19520,4605
19521,4605
19522,7702
19523,7702
19524,7704
19525,7703
19526,1049
19526,7048
19527,7705
19528,4546
19529,4546
19530,7706
19531,7708
19532,7708
19533,7708
19534,7708
19535,7708
19536,6188
19537,6188
19538,4295
19538,6188
19539,608
19540,4691
19541,1695
19542,2033
19543,1388
19544,1388
19545,284
19546,2211
19547,7709
19548,7709
19549,7709
19550,6405
19551,6405
19552,6405
19553,1068
19554,7485
19555,508
19556,508
19557,508
19558,7711
19558,7815
19559,1059
19560,7295
19561,51
19562,5647
19563,5647
19564,5647
19565,2108
19565,8985
19565,9291
19566,1972
19567,7713
19568,32
19569,7714
19570,7715
19571,191
19572,6154
19572,7716
19573,7295
19574,1529
19575,7719
19576,7719
19577,7721
19578,2827
19579,1695
19580,1695
19581,1695
19582,1695
19583,1714
19584,111
19585,4058
19586,4058
19587,14
19588,14
19589,284
19589,1111
19590,508
19591,508
19591,1014
19592,2562
19593,7723
19594,7724
19595,7724
19596,890
19596,1378
19596,7519
19596,7855
19597,890
19597,1378
19598,375
19598,890
19599,3019
19600,481
19601,7726
19602,7727
19603,7727
19604,86
19605,1228
19605,1617
19606,1617
19607,6043
19608,7729
19609,7729
19610,7730
19611,7731
19612,197
19613,197
19614,197
19615,197
19616,550
19617,7733
19618,7733
19619,7733
19620,208
19621,7734
19622,7735
19623,7735
19624,7736
19625,7735
19626,1215
19626,6950
19626,8193
19627,1215
19628,4160
19629,271
19629,4160
19630,4160
19631,4160
19632,1711
19633,3109
19634,3109
19635,3109
19636,3109
19636,9433
19637,3109
19637,9433
19638,86
19639,86
19640,7737
19641,302
19642,7283
19643,1882
19644,7738
19645,191
19646,145
19647,1175
19648,268
19648,1068
19648,7739
19649,475
19650,837
19651,837
19652,837
19653,6082
19654,6082
19655,6082
19656,191
19657,191
19658,7743
19658,8407
19659,7745
19660,7745
19661,3809
19662,3809
19663,3809
19664,3809
19665,2525
19666,1072
19666,1096
19667,1096
19668,1072
19668,1096
19669,7746
19670,7747
19671,7748
19672,7748
19673,7748
19674,6950
19675,3110
19675,7649
19676,6203
19676,6998
19676,7752
19676,8637
19676,9513
19677,7754
19678,7754
19679,7755
19680,3186
19681,3186
19682,3186
19683,3186
19684,57
19685,7757
19686,7194
19686,7757
19686,8785
19687,1324
19688,1324
19689,1324
19690,1636
19691,1182
19692,1182
19693,1182
19694,1182
19695,4546
19696,4546
19696,8255
19697,4546
19698,4546
19698,8255
19699,5375
19699,8254
19700,508
19701,868
19702,7759
19703,7759
19704,7760
19705,7762
19706,1361
19707,7763
19708,475
19709,475
19710,475
19711,501
19712,711
19713,711
19714,711
19715,711
19716,7765
19717,6244
19718,2654
19718,3907
19719,7766
19720,7766
19721,255
19722,1707
19723,1707
19724,255
19725,1707
19726,7767
19727,7767
19727,8425
19728,974
19729,974
19730,974
19731,974
19732,974
19733,2633
19734,2633
19735,7286
19736,7286
19737,1162
19738,7769
19739,302
19740,302
19741,302
19742,302
19743,302
19744,2441
19745,7770
19746,552
19747,1213
19748,1472
19749,7773
19749,8725
19750,7773
19751,7773
19751,8725
19752,7773
19752,8725
19753,7773
19754,7774
19755,7774
19756,7776
19757,6405
19758,6405
19759,2276
19760,710
19761,2276
19762,2276
19763,7778
19763,8384
19764,7778
19765,246
19766,173
19767,7779
19768,7779
19769,7779
19770,1049
19771,890
19772,68
19773,68
19773,6624
19774,68
19775,2853
19775,5432
19776,2853
19777,2853
19778,191
19779,552
19780,1064
19781,7780
19782,191
19783,7781
19784,7782
19785,7783
19786,19
19787,7786
19788,1884
19789,6472
19790,6472
19791,6472
19792,6472
19793,70
19793,1057
19794,1988
19795,11
19796,11
19797,7789
19798,7790
19799,7791
19800,7787
19801,6415
19802,7794
19802,7796
19802,7949
19802,8362
19803,162
19804,162
19805,162
19806,519
19807,6415
19808,6163
19809,6163
19810,6163
19811,6163
19811,9461
19812,7623
19813,6945
19814,7797
19815,16
19816,16
19817,16
19818,16
19819,16
19820,7798
19821,5242
19822,7799
19823,7799
19824,2320
19825,6203
19825,7752
19825,8637
19826,882
19827,552
19828,191
19829,7803
19830,2304
19831,2586
19832,246
19833,7807
19834,3662
19834,9386
19835,7808
19836,5562
19836,7809
19836,9153
19837,5562
19837,7809
19837,9153
19838,16
19838,191
19838,3452
19839,7518
19840,7518
19841,7518
19842,7518
19843,7810
19843,8333
19843,8737
19844,255
19845,7810
19845,8737
19846,7810
19847,7810
19847,8333
19847,8737
19848,7811
19849,1068
19849,8379
19850,7813
19851,268
19851,1068
19851,9305
19852,7812
19853,7814
19854,2557
19855,2557
19856,7816
19857,7816
19858,7818
19859,191
19860,5055
19861,1660
19862,5055
19863,7819
19864,978
19865,1116
19865,8409
19866,1116
19867,1116
19868,1116
19869,1116
19870,1037
19871,1223
19871,7835
19872,7824
19873,7825
19874,501
19875,7826
19876,202
19877,7827
19878,202
19879,7828
19879,9454
19880,7828
19880,9454
19881,1337
19882,7830
19883,3650
19883,4760
19883,8273
19884,7831
19884,8245
19885,7831
19886,1358
19887,7832
19888,7832
19889,7832
19890,1358
19891,202
19892,202
19893,202
19894,202
19895,202
19896,202
19897,6500
19898,7833
19899,6384
19900,6384
19901,6384
19902,1237
19903,1237
19904,7836
19905,7836
19906,7837
19907,3028
19908,552
19909,552
19910,552
19911,552
19912,552
19913,552
19914,552
19915,7839
19916,7840
19917,1992
19918,7843
19919,7844
19920,1345
19921,1345
19922,1345
19923,552
19924,1709
19925,8939
19925,9349
19926,202
19927,202
19928,202
19929,1064
19929,2410
19929,3299
19930,2410
19936,255
19937,255
19938,255
19943,1951
19944,978
19945,1031
19945,2757
19946,1274
19947,1274
19948,7846
19954,1510
19954,1695
19954,8271
19955,1510
19956,1510
19957,1510
19958,1510
19959,1657
19960,81
19961,7847
19962,7848
19963,7847
19967,1992
19968,1992
19969,838
19970,822
19970,1729
19970,2489
19971,3499
19975,7849
19976,3464
19977,3464
19978,3464
19979,3464
19980,1779
19981,1779
19982,1279
19983,1330
19983,9036
19984,7338
19985,7338
19985,8187
19988,7754
19990,2511
19991,7851
19992,1270
19993,1153
19993,9157
19999,6466
20000,6466
20001,6405
20002,6405
20003,6405
20004,6405
20005,6405
20006,2646
20007,2646
20008,7853
20016,7358
20017,1004
20018,7854
20021,1040
20022,7855
20022,9394
20026,1738
20027,1196
20028,1196
20029,7857
20030,3118
20031,3118
20039,191
20040,191
20054,5535
20055,5535
20056,1096
20056,8984
20061,1146
20062,2696
20062,8377
20063,2696
20063,9370
20064,2696
20067,1695
20068,1695
20068,8217
20068,8271
20069,1695
20070,973
20071,973
20073,973
20074,8906
20075,989
20075,8611
20076,989
20077,86
20077,989
20078,7858
20079,7859
20080,1009
20081,2757
20082,2757
20083,255
20084,7865
20085,7831
20086,2853
20087,2853
20088,1021
20089,2853
20090,1959
20091,1732
20091,2406
20092,1521
20093,1521
20094,1521
20095,2826
20096,2826
20097,2826
20098,2826
20099,1292
20100,1292
20101,1292
20102,7867
20103,7867
20104,7867
20105,7867
20106,501
20107,1202
20108,7869
20109,7869
20110,7869
20111,7870
20112,1279
20113,1279
20114,1279
20115,7871
20116,7871
20117,6415
20118,7871
20119,2276
20120,1614
20121,6816
20122,6816
20123,6816
20124,2232
20125,2232
20126,2232
20127,2232
20128,7872
20129,2256
20130,5308
20131,2256
20132,7874
20133,5308
20134,1014
20135,7875
20136,2131
20137,2131
20138,4429
20139,191
20140,191
20143,1916
20144,7876
20145,1048
20146,1480
20147,837
20147,7671
20148,6582
20148,7940
20148,8814
20149,1388
20150,6582
20151,6582
20152,5540
20153,7338
20154,2654
20155,1068
20155,9305
20156,1068
20157,1068
20157,9305
20158,2276
20159,2276
20160,3024
20161,7877
20162,1636
20163,1257
20164,1257
20165,3907
20166,1676
20167,3186
20168,3186
20169,3186
20170,7878
20171,7879
20172,7879
20173,7880
20174,3662
20175,3662
20176,7882
20177,608
20178,608
20178,8736
20179,1381
20180,7883
20181,1070
20182,7884
20183,1521
20184,4947
20185,4947
20186,3186
20186,7606
20187,7885
20188,191
20189,16
20189,191
20189,9005
20190,4578
20191,365
20191,7886
20192,7887
20192,9462
20193,7888
20194,7889
20195,7890
20196,7890
20197,1711
20198,1711
20199,3918
20200,622
20201,973
20202,1453
20203,1453
20204,2897
20205,7891
20206,7892
20207,7892
20208,7892
20209,1521
20210,1087
20211,4829
20212,4829
20213,4829
20214,7895
20215,6048
20216,1546
20217,1546
20218,7899
20218,9125
20219,7899
20220,7899
20220,9125
20221,7899
20222,940
20223,1278
20224,1278
20225,1278
20226,7902
20227,7903
20228,7904
20229,7904
20230,890
20230,1307
20230,9326
20231,1884
20231,1993
20232,890
20233,501
20234,710
20235,7908
20236,7908
20237,710
20238,1352
20239,1458
20240,1458
20241,4464
20242,1458
20243,1899
20244,2040
20245,191
20246,191
20247,4429
20248,1048
20249,7909
20250,7910
20251,1546
20252,7911
20253,1618
20254,1618
20255,3392
20256,3392
20257,6466
20258,6466
20259,6466
20260,6466
20261,6466
20262,788
20263,6592
20264,7916
20265,2716
20266,7917
20267,7693
20268,1122
20268,1263
20268,7693
20268,9321
20269,7693
20269,9083
20270,7693
20271,1362
20272,1362
20273,7919
20274,7919
20275,7919
20276,4429
20277,4429
20278,7920
20279,4222
20280,7921
20281,7922
20282,4760
20282,7923
20283,7924
20284,202
20284,302
20285,202
20286,202
20287,202
20287,302
20288,7925
20289,1278
20290,1278
20291,1480
20292,7927
20293,7928
20294,1458
20295,7929
20296,7929
20297,7929
20298,1098
20298,8883
20299,1270
20300,1270
20301,1270
20302,1270
20303,1270
20304,7933
20305,7933
20306,940
20307,940
20308,940
20309,940
20310,940
20311,940
20312,501
20313,7934
20313,9275
20314,6809
20315,6809
20316,6809
20317,1430
20318,1430
20319,1430
20320,1430
20321,1430
20322,1430
20323,1430
20324,1430
20325,1139
20326,7936
20327,7936
20328,7936
20329,7937
20330,7937
20331,7938
20332,7941
20333,1527
20334,1527
20335,7942
20336,1636
20337,1636
20338,4429
20339,4429
20340,4429
20341,2638
20342,7943
20343,837
20344,1038
20345,7945
20346,7334
20347,3780
20348,3780
20349,1275
20350,7947
20351,7948
20352,6415
20353,6415
20354,7953
20355,7953
20356,7953
20357,7953
20358,255
20358,7954
20359,7954
20360,1695
20360,8271
20361,1300
20362,1116
20365,7958
20366,552
20367,1234
20368,6402
20369,1704
20369,9016
20370,1704
20370,9016
20371,1415
20372,1850
20373,1850
20374,191
20375,2059
20376,1100
20377,2289
20378,2289
20379,2289
20380,2289
20381,7964
20382,1279
20383,1279
20384,7296
20385,1277
20386,1023
20386,8724
20387,7967
20388,7968
20389,7969
20390,7969
20391,3292
20391,8802
20392,3292
20393,1477
20394,1477
20395,1014
20396,7970
20397,7970
20398,7970
20399,7970
20400,7970
20401,7970
20402,7970
20403,7970
20404,1521
20405,1270
20406,1270
20407,1270
20408,1270
20409,1270
20410,1270
20411,2633
20412,2633
20413,2633
20414,2633
20415,7971
20416,191
20417,191
20418,1134
20419,1134
20420,1134
20421,7973
20422,7973
20423,109
20424,109
20424,9343
20425,1058
20425,8994
20426,3290
20433,3057
20434,1096
20435,1096
20436,1096
20437,1096
20438,4429
20439,1125
20440,1317
20441,6402
20442,1317
20443,1695
20444,1960
20445,1627
20446,1610
20447,1960
20448,1695
20448,8271
20448,8785
20449,1622
20449,8434
20450,2897
20451,2897
20452,2897
20453,1139
20453,1992
20454,1992
20455,1992
20456,1992
20457,7981
20458,1992
20459,2634
20460,7326
20460,8021
20461,191
20462,7984
20463,7984
20464,7985
20465,1263
20466,1263
20467,7986
20468,1780
20468,7987
20469,2474
20470,2059
20471,2059
20472,5328
20473,973
20474,2232
20475,255
20476,255
20477,2224
20478,1521
20479,2897
20480,2897
20481,1351
20482,7992
20483,7994
20484,7995
20485,2329
20486,2329
20487,3186
20487,7996
20488,3186
20489,7997
20490,3186
20491,1064
20492,1237
20493,1064
20494,2098
20494,9168
20495,8000
20496,1116
20497,1200
20498,1200
20499,1200
20500,1200
20501,4429
20502,4429
20503,1232
20503,9223
20504,8002
20505,4097
20506,1636
20507,8003
20508,8003
20509,8003
20510,1215
20511,3335
20512,3335
20513,847
20514,2853
20515,1029
20516,1029
20517,1029
20518,1780
20519,8005
20520,8005
20521,1117
20522,2827
20523,2827
20524,6255
20525,6255
20526,6499
20526,7194
20526,7757
20527,3116
20528,3116
20529,3116
20530,2521
20531,3834
20532,3834
20533,1956
20533,8009
20534,8009
20535,8010
20536,3624
20537,2224
20538,2224
20539,2224
20540,8011
20541,2224
20542,2224
20543,2224
20544,6812
20545,3028
20546,6812
20547,8012
20548,8013
20549,1710
20550,8012
20551,7961
20551,8014
20552,8014
20553,109
20553,9343
20554,109
20554,9343
20555,6813
20556,8018
20557,8018
20558,8018
20559,8018
20560,8018
20561,8019
20562,8019
20563,8019
20564,6028
20565,2108
20566,8020
20567,8020
20568,8022
20569,501
20570,501
20571,2474
20571,8113
20572,501
20573,501
20574,890
20575,4024
20576,4024
20578,498
20581,8026
20582,8027
20582,9070
20583,247
20584,4018
20585,302
20586,1064
20587,1064
20592,8028
20593,8029
20594,8028
20595,8029
20596,1072
20597,1072
20597,8983
20598,1072
20599,1072
20600,1072
20605,1850
20606,1992
20607,1992
20608,342
20608,1472
20609,726
20609,1072
20610,14
20611,14
20612,14
20613,14
20614,14
20615,8030
20616,8031
20617,951
20618,7634
20624,1004
20625,1004
20626,8032
20627,2586
20631,1955
20631,7893
20631,9085
20632,2543
20632,9090
20633,2933
20633,9088
20634,1112
20634,9087
20635,3841
20635,9086
20638,379
20639,8033
20640,8035
20641,8036
20642,8037
20642,8221
20643,8037
20643,8221
20644,8037
20645,8037
20645,8221
20646,8038
20647,1342
20648,1342
20649,8039
20650,8040
20651,8042
20652,16
20653,16
20654,86
20654,989
20655,8044
20656,8044
20657,8044
20657,8056
20658,8045
20659,9512
20661,4058
20663,4058
20664,529
20665,8046
20666,8046
20667,8046
20668,8046
20669,8047
20670,365
20671,365
20672,365
20673,1297
20674,1297
20675,1297
20676,8048
20677,8048
20678,8048
20679,481
20680,4813
20681,4813
20682,4813
20683,4813
20684,4813
20685,4813
20686,664
20687,664
20688,664
20689,664
20690,303
20691,122
20692,122
20693,122
20694,122
20695,11
20696,11
20696,8995
20697,5985
20698,4719
20699,4719
20700,8050
20700,9203
20701,5526
20702,5526
20703,8052
20704,852
20704,8056
20705,852
20710,8055
20711,8056
20712,8057
20713,8058
20714,816
20714,2696
20715,3233
20716,8059
20717,8059
20718,8060
20719,8061
20720,8062
20727,6233
20728,6233
20729,8064
20730,8065
20730,8987
20731,8066
20732,8067
20733,8068
20734,8069
20735,8069
20736,8069
20737,8070
20743,1472
20744,470
20745,470
20746,470
20747,890
20747,1849
20761,1263
20762,1472
20763,7468
20764,8072
20765,8072
20766,8072
20767,8072
20768,8072
20769,8072
20770,8072
20771,8072
20772,8072
20773,8072
20774,5983
20786,1279
20787,2368
20788,2368
20792,1064
20793,8074
20794,8075
20798,9418
20799,8076
20804,9078
20810,2474
20811,1388
20812,7310
20813,268
20813,9305
20814,8077
20815,8078
20816,2827
20817,2827
20817,9046
20818,2827
20818,9046
20821,9457
20822,1278
20823,1695
20824,1695
20832,2286
20833,3714
20834,8079
20835,2286
20836,2562
20837,7020
20837,8414
20838,7020
20838,8414
20839,7020
20839,8414
20842,8419
20846,3357
20847,1287
20848,8082
20850,475
20850,1521
20851,475
20851,8084
20852,475
20852,8084
20853,475
20853,8084
20854,1884
20854,9363
20856,9157
20857,8088
20858,2660
20859,7901
20860,7901
20861,7901
20862,3333
20862,8321
20865,1058
20865,8994
20867,726
20867,8089
20868,1072
20869,1072
20870,1072
20872,145
20872,172
20872,6943
20880,2827
20881,172
20884,2114
20885,2114
20886,2114
20894,828
20895,828
20904,1064
20904,3299
20905,8091
20905,8265
20906,8091
20906,8266
20909,8092
20916,1014
20917,7295
20921,255
20922,2933
20923,1695
20924,2933
20925,8094
20940,8095
20940,9032
20941,4160
20942,7815
20942,8375
20942,8396
20942,8644
20942,9465
20943,7815
20943,8375
20943,8396
20943,9465
20944,8375
20944,8397
20945,5893
20946,8096
20947,2474
20949,362
20952,1345
20953,6113
20954,940
20955,940
20956,1125
20958,1708
20959,8098
20960,501
20961,191
20962,8099
20963,8100
20964,8100
20965,8100
20967,6405
20967,8418
20968,1013
20973,6452
20974,1556
20975,6452
20975,8151
20979,105
20980,105
20981,1287
20982,1116
20983,552
20984,8102
20985,8102
20986,8102
20987,8102
20988,8103
21008,1029
21011,191
21019,1711
21024,828
21025,4
21030,1125
21039,978
21039,9014
21040,978
21040,9014
21053,3578
21054,3578
21057,9478
21058,501
21059,268
21060,5656
21061,5656
21063,1072
21064,191
21065,191
21066,191
21067,8107
21069,1058
21069,8994
21070,8108
21071,8108
21077,7713
21078,6405
21079,6405
21080,6405
21085,2397
21086,2397
21087,1955
21088,1955
21089,1955
21094,2385
21095,501
21096,5136
21097,501
21098,1014
21099,8112
21100,9422
21101,1825
21101,9058
21107,501
21108,8115
21112,8725
21113,8116
21114,1200
21116,1048
21116,8117
21117,8117
21118,8119
21119,8118
21122,8120
21123,8120
21124,8120
21125,8120
21128,383
21135,8121
21136,8121
21137,8122
21172,8126
21173,8126
21174,4547
21186,2308
21187,8128
21219,8129
21220,8129
21222,7605
21223,7605
21224,7605
21236,9176
21249,1695
21250,1695
21251,1695
21252,1695
21253,1695
21254,1695
21255,8130
21268,145
21270,4074
21270,9328
21271,1781
21271,1993
21272,3808
21273,8131
21274,8132
21303,9258
21306,9259
21317,9484
21318,2147
21318,2202
21319,4154
21319,4801
21327,8921
21337,2787
21351,5177
21353,9171
21367,828
21367,1058
21375,1014
21376,8133
21393,191
21394,8134
21398,9495
21399,6120
21400,8135
21401,6120
21402,8136
21412,9131
21430,9362
21448,6110
21449,552
21450,9215
21454,7961
21455,7961
21456,7961
21457,7961
21458,8140
21459,8139
21459,8446
21460,8141
21460,8445
21471,8143
21504,492
21525,8228
21531,8144
21532,7416
21535,7513
21535,8146
21539,8148
21540,8149
21541,8148
21550,9226
21552,978
21558,4760
21559,1072
21578,324
21578,7437
21586,9490
21601,8153
21603,7427
21625,8154
21626,6103
21627,8154
21628,6070
21634,6069
21642,8155
21643,8156
21644,8157
21645,8157
21646,8157
21647,1791
21648,192
21648,1176
21649,2180
21650,1700
21651,1700
21652,1700
21653,8162
21654,8162
21655,8163
21656,8163
21657,8163
21658,8163
21659,8163
21660,8163
21661,1992
21662,1992
21663,1200
21664,1992
21665,1992
21666,1992
21667,1992
21668,1992
21669,1992
21670,1992
21671,1992
21672,1992
21673,1992
21674,1992
21675,1992
21676,1992
21677,1992
21678,1992
21679,1992
21680,1992
21681,1992
21682,1992
21683,1992
21684,1992
21685,1992
21686,1992
21687,1992
21688,494
21688,1992
21689,1992
21690,1992
21691,8166
21692,8166
21693,8167
21694,8167
21695,8168
21696,201
21697,4751
21698,234
21699,8169
21700,1521
21701,1521
21702,475
21703,1055
21704,4295
21705,8174
21706,1438
21707,8175
21708,4084
21709,4084
21713,774
21714,5131
21715,8176
21715,9112
21716,8176
21716,9112
21717,487
21718,487
21719,8178
21720,2239
21721,8178
21722,8179
21723,8179
21724,8179
21727,8180
21728,8180
21729,1434
21729,6288
21730,1434
21730,6288
21731,3452
21732,1954
21733,1954
21734,8182
21735,8182
21736,8184
21737,8184
21737,8211
21738,8185
21739,8185
21740,8185
21741,8185
21742,8185
21743,8185
21744,437
21745,8186
21746,5977
21747,989
21747,7222
21747,7513
21747,8244
21748,7222
21749,6082
21750,6082
21751,6188
21752,6188
21753,8188
21754,8188
21755,191
21756,402
21757,102
21758,402
21759,102
21760,102
21761,8189
21762,8191
21763,145
21763,172
21764,172
21765,6225
21766,6225
21767,8193
21768,2738
21769,2738
21770,8195
21771,6164
21772,16
21772,191
21773,6257
21773,8242
21774,6257
21774,8242
21775,5550
21776,487
21777,5550
21778,5550
21779,8196
21780,6548
21781,608
21782,941
21783,4295
21784,4295
21785,4295
21786,8197
21786,8694
21787,8197
21788,8198
21789,8197
21790,6094
21791,8199
21792,8199
21793,8199
21794,8199
21795,8199
21796,8199
21797,191
21798,8200
21799,1695
21800,8201
21801,8204
21802,24
21803,24
21803,191
21805,5242
21805,9331
21806,5242
21807,117
21808,8205
21809,145
21810,145
21811,145
21812,7754
21813,8208
21814,8208
21815,8209
21816,8211
21817,8212
21818,145
21819,145
21820,8213
21821,8214
21822,8214
21823,8214
21824,175
21825,167
21826,6082
21827,6082
21828,8215
21829,8216
21830,4360
21831,7757
21831,9401
21832,451
21832,9400
21833,8217
21834,8217
21835,8217
21836,6499
21836,7757
21836,9401
21837,302
21838,302
21839,302
21840,302
21841,302
21842,302
21843,3849
21844,3849
21845,8218
21846,512
21847,512
21848,8220
21849,8221
21850,8221
21851,402
21852,102
21853,102
21854,102
21855,402
21856,8222
21857,5242
21858,8223
21859,8224
21860,550
21861,8204
21862,8204
21863,96
21864,96
21865,7318
21865,8225
21866,579
21867,579
21868,579
21869,8226
21870,8227
21871,8229
21872,8229
21872,8681
21873,8229
21874,784
21875,8230
21876,8231
21877,8231
21878,8231
21879,8231
21883,475
21884,475
21885,475
21886,989
21887,7757
21888,7757
21889,8233
21890,8234
21891,8235
21892,246
21893,2276
21894,2276
21895,2276
21901,202
21901,8260
21902,8236
21903,8182
21904,8237
21905,8182
21906,8238
21906,9050
21906,9370
21907,8238
21908,8239
21909,8239
21910,8240
21911,8241
21912,8240
21913,145
21914,145
21915,8243
21916,8243
21917,8244
21918,5934
21919,5934
21920,5934
21921,8246
21922,8246
21923,8246
21924,5779
21925,8247
21926,268
21927,268
21928,8248
21929,8250
21930,8251
21931,8252
21932,8252
21933,2605
21934,1181
21935,8252
21938,6265
21939,6265
21940,8253
21941,6265
21942,8255
21943,8255
21944,8256
21945,138
21946,138
21947,86
21948,86
21948,989
21949,8257
21950,5526
21951,8258
21952,79
21953,2897
21954,2897
21955,145
21956,64
21956,2526
21957,7658
21958,7658
21959,7658
21960,7658
21961,7658
21962,7658
21963,271
21963,1058
21963,8994
21964,475
21965,8261
21966,366
21967,8261
21968,366
21975,8262
21976,8262
21977,8262
21978,520
21979,8263
21980,498
21981,8263
21984,154
21986,154
21988,154
21991,5284
21997,5267
21999,80
22000,9040
22005,9080
22006,9079
22021,8944
22025,6128
22026,8264
22027,6128
22028,6128
22043,828
22044,828
22044,1378
22053,1423
22053,8062
22054,8931
22062,1175
22063,8268
22064,8269
22065,8269
22066,8269
22067,5983
22068,6103
22069,6110
22070,6110
22071,6110
22072,6110
22073,6110
22074,6110
22075,16
22076,8270
22077,8270
22078,16
22079,16
22080,2716
22081,2826
22081,8272
22082,8273
22083,1510
22084,1330
22085,7693
22085,9083
22086,1510
22087,1510
22088,634
22089,726
22090,1200
22091,1200
22092,1200
22093,1200
22094,1200
22095,1200
22096,1200
22097,1200
22098,1200
22099,271
22100,271
22100,1058
22101,342
22102,8275
22103,8275
22104,8276
22105,1695
22105,8217
22106,8277
22107,1695
22107,8217
22108,268
22109,7279
22109,8278
22109,8281
22110,88
22111,8279
22112,8279
22113,8279
22114,8279
22115,1510
22116,1510
22117,1510
22118,1510
22119,1510
22120,1510
22121,1510
22122,1510
22123,268
22124,1072
22125,1072
22126,1072
22127,1072
22128,1072
22129,1072
22130,1072
22131,1072
22132,1072
22133,1072
22134,1072
22135,1072
22136,8282
22137,8282
22138,8282
22139,8282
22140,8282
22141,1660
22142,1660
22143,214
22144,726
22145,726
22146,726
22147,726
22148,726
22149,1940
22150,1940
22151,1940
22152,1940
22153,1940
22154,1940
22155,1940
22156,1940
22157,1940
22158,726
22159,1510
22160,1510
22161,1510
22162,1510
22163,1510
22164,1510
22165,1510
22166,1423
22167,973
22168,973
22169,8283
22170,1423
22171,1423
22172,2827
22173,145
22174,8284
22175,8284
22176,8284
22176,8585
22177,8285
22178,1882
22179,8286
22180,684
22180,3574
22181,684
22181,3574
22182,1345
22183,8287
22184,8287
22185,80
22186,80
22187,80
22188,8288
22189,1791
22190,1791
22191,3841
22192,1791
22193,508
22194,373
22195,6144
22196,8289
22197,8289
22198,2012
22198,8290
22199,8295
22200,8295
22201,8295
22202,8295
22203,8295
22204,8295
22205,8295
22206,8295
22207,7634
22208,7634
22209,2910
22210,2083
22211,2083
22212,2083
22213,2083
22214,2083
22215,2083
22216,8298
22217,7640
22218,302
22219,302
22220,302
22221,302
22222,302
22223,373
22223,8300
22224,373
22224,8300
22225,8300
22226,8301
22226,9365
22227,8302
22228,8302
22229,2633
22230,2633
22231,2633
22232,2633
22233,7622
22234,7993
22235,7993
22236,7993
22237,7993
22238,7993
22239,8305
22240,7993
22241,7993
22242,8305
22243,8305
22244,8305
22245,8305
22246,1176
22247,8306
22248,1176
22249,6940
22250,6940
22251,8307
22252,8307
22253,8308
22254,8308
22255,8308
22256,8309
22257,145
22258,1037
22259,1037
22260,1037
22261,1037
22262,8311
22263,3464
22264,822
22265,978
22266,1359
22267,822
22268,8312
22269,4760
22270,4760
22271,4760
22272,8315
22273,8316
22274,1176
22275,8317
22276,8316
22277,1176
22278,8118
22279,191
22280,8142
22281,8142
22282,7607
22283,7607
22284,8318
22285,8319
22286,302
22287,6320
22288,6320
22289,122
22290,978
22291,978
22292,978
22293,978
22294,978
22295,342
22296,342
22297,342
22298,342
22299,8321
22300,684
22300,8322
22301,8323
22302,8323
22303,8323
22304,8323
22305,7993
22306,8324
22307,8324
22308,8324
22309,8325
22310,8325
22311,8325
22312,8325
22313,8325
22314,7993
22315,7993
22316,7993
22317,7993
22318,8326
22319,1883
22320,1362
22321,1219
22322,2
22322,1219
22323,728
22323,8328
22324,8329
22324,8659
22325,8329
22326,8329
22326,8660
22327,2
22327,1219
22328,7257
22329,191
22330,191
22331,191
22332,2751
22333,1521
22334,191
22335,202
22335,302
22335,3133
22336,1992
22337,1992
22338,1992
22339,2905
22340,2751
22340,2905
22341,302
22341,8260
22342,1068
22343,501
22344,242
22345,8331
22346,725
22347,519
22348,725
22349,6129
22350,837
22351,837
22352,837
22353,837
22354,8333
22355,8333
22356,255
22357,8333
22358,2
22359,91
22360,8334
22361,683
22362,1795
22363,8337
22364,1795
22364,9207
22365,8337
22366,8338
22367,8338
22368,8338
22369,1709
22370,1709
22371,8340
22372,8340
22373,1709
22374,7048
22375,7048
22376,7239
22376,8836
22377,8343
22378,8343
22379,8343
22380,8344
22381,8344
22382,8344
22383,5975
22384,726
22385,8345
22386,1707
22387,8346
22388,3832
22389,8347
22390,8348
22391,8348
22392,8307
22393,383
22393,8548
22394,202
22394,302
22395,1087
22396,1087
22397,1087
22398,1087
22399,8351
22400,8352
22401,255
22402,2104
22403,8354
22404,8354
22405,725
22406,8356
22407,1125
22408,1125
22409,1125
22410,8357
22411,8358
22412,8360
22413,8362
22414,8363
22415,8364
22416,8363
22417,8363
22418,8363
22419,1695
22420,1695
22421,8365
22422,1695
22423,1695
22424,1676
22425,62
22426,6984
22427,145
22428,8367
22429,8367
22430,362
22431,362
22432,362
22433,4
22434,1149
22435,6950
22436,365
22437,784
22437,6664
22438,1388
22439,3335
22440,8370
22441,726
22442,699
22443,699
22444,699
22445,699
22446,373
22447,373
22448,6141
22449,8371
22450,6624
22451,6624
22452,6624
22453,6624
22454,8372
22455,8372
22456,8372
22457,1279
22458,8372
22459,8374
22459,8956
22460,14
22460,9199
22460,9362
22461,14
22462,14
22463,366
22464,14
22465,5983
22466,5983
22467,5983
22468,5983
22469,5983
22470,5983
22471,5983
22472,145
22473,8375
22474,1521
22475,1695
22476,1521
22477,1695
22478,1695
22479,8376
22480,8376
22481,8376
22482,8378
22483,8378
22484,8378
22485,8378
22486,8378
22487,8378
22488,6314
22488,7295
22489,5432
22490,1125
22491,8382
22492,8382
22493,8382
22494,1007
22495,1007
22496,6163
22497,6163
22498,2474
22499,1617
22500,8383
22501,8302
22502,8302
22503,8302
22504,8302
22505,8302
22506,8302
22507,8302
22508,8302
22509,898
22510,898
22511,8385
22512,8385
22513,252
22514,8386
22515,3650
22516,3650
22517,4183
22518,4183
22519,16
22520,16
22521,16
22522,691
22523,5656
22524,1040
22525,8387
22526,8387
22527,8387
22528,817
22529,817
22530,8388
22531,8388
22532,8388
22533,8388
22534,5983
22535,1139
22536,1139
22537,1139
22538,8376
22539,8391
22540,1510
22541,1940
22542,1779
22543,2
22544,8187
22545,6314
22546,6314
22547,555
22548,342
22549,725
22550,2362
22551,2362
22552,1064
22553,1064
22554,2362
22555,2362
22556,2362
22557,699
22558,699
22559,8392
22560,5550
22561,191
22562,191
22563,711
22564,711
22565,1157
22566,8395
22567,7648
22568,7648
22569,1695
22570,7648
22571,1710
22572,1710
22573,1710
22574,1710
22575,1710
22576,1710
22577,1710
22578,1710
22579,191
22580,191
22581,8397
22582,1795
22583,8398
22584,8399
22585,1660
22586,1660
22587,8400
22588,16
22589,375
22590,5656
22591,1985
22592,725
22593,725
22594,57
22595,423
22596,423
22597,423
22598,8403
22599,423
22600,1483
22600,9071
22601,8404
22602,8404
22603,8404
22604,8404
22605,8404
22606,501
22606,519
22607,8405
22607,8946
22608,8405
22608,8947
22609,8407
22610,8407
22611,8407
22612,8408
22613,1116
22614,1116
22615,6079
22616,823
22616,6079
22617,8410
22618,8273
22619,8273
22620,302
22621,16
22622,8412
22623,5253
22624,8413
22625,302
22626,302
22627,302
22628,730
22629,154
22630,8415
22631,366
22632,366
22633,342
22634,8303
22634,9484
22635,8416
22636,8416
22637,8416
22638,8416
22639,8416
22640,8416
22641,8416
22642,16
22643,1676
22644,8417
22645,8418
22646,8420
22647,8421
22648,8422
22649,8423
22650,495
22650,8423
22651,8423
22652,1116
22653,2059
22654,495
22655,138
22656,495
22657,495
22658,8426
22659,8426
22660,8427
22661,8428
22662,882
22663,882
22664,8271
22664,8785
22665,8430
22666,8271
22667,8271
22667,8785
22668,8271
22669,8271
22670,8397
22671,8397
22672,8397
22673,8397
22674,1219
22675,8431
22676,1068
22677,8431
22678,8431
22679,8431
22680,8431
22681,8431
22682,1068
22683,710
22684,710
22685,710
22686,710
22687,8432
22688,1937
22689,1564
22690,2736
22691,2736
22692,8303
22693,8303
22694,8434
22695,2104
22696,2104
22697,2104
22698,8436
22699,1695
22700,1695
22701,1695
22702,255
22703,8438
22704,268
22705,1302
22706,1710
22707,4556
22708,3624
22709,3624
22710,3624
22711,3624
22712,1362
22713,1125
22714,1709
22715,8440
22716,16
22717,5656
22718,1546
22719,8442
22720,8442
22721,8442
22722,8442
22723,8442
22724,495
22725,8443
22726,6154
22727,8187
22728,6111
22729,8444
22736,727
22737,727
22738,550
22740,8448
22741,8448
22742,8448
22743,8448
22747,7037
22748,7037
22749,7037
22750,8449
22751,557
22752,557
22753,3559
22754,8451
22755,8452
22756,1228
22757,1228
22758,1228
22759,8454
22760,202
22761,6405
22765,8455
22766,1960
22767,1960
22768,8456
22769,1960
22773,8457
22774,8457
22775,1960
22776,8459
22778,8461
22779,8462
22780,8462
22781,7656
22782,8463
22783,7603
22784,8464
22785,8463
22788,1079
22789,1028
22790,1477
22790,8985
22798,1699
22799,8466
22800,1699
22801,8467
22802,8468
22803,8469
22804,8470
22805,8470
22806,8470
22807,8470
22812,7558
22813,7541
22814,491
22816,8471
22817,8471
22818,4122
22819,4122
22820,4122
22821,1237
22822,1138
22823,8472
22824,8474
22824,8493
22825,8475
22826,8475
22827,8476
22828,8477
22829,7551
22829,8477
22830,8477
22831,8477
22832,7569
22832,8475
22833,817
22834,817
22836,8478
22840,2141
22841,2141
22842,2141
22844,5
22845,5
22846,492
22847,557
22848,3299
22853,8990
22854,8990
22859,8479
22865,3042
22868,8480
22869,8480
22870,8480
22871,8480
22872,8482
22873,8482
22874,8483
22875,6764
22876,8484
22877,1237
22878,816
22879,9526
22888,1131
22889,1131
22892,7543
22893,7541
22894,8485
22895,7551
22896,8486
22897,7551
22899,8489
22900,1695
22901,1695
22902,5612
22903,1960
22904,1960
22905,8490
22906,8491
22907,8492
22908,7543
22909,7543
22910,7543
22911,8494
22912,8495
22913,8496
22914,8496
22917,9165
22924,8497
22931,1227
22932,1072
22933,1072
22934,1072
22935,1072
22936,1072
22937,8498
22938,8499
22939,6357
22940,2441
22941,2441
22942,115
22943,115
22944,115
22945,828
22946,828
22947,8501
22948,6821
22949,6303
22949,8502
22949,8577
22950,8502
22950,8577
22951,8503
22952,2180
22953,8504
22954,2180
22958,504
22959,504
22961,6888
22963,302
22964,302
22965,302
22966,302
22967,8505
22968,8505
22969,8505
22969,8657
22970,491
22971,1237
22972,1237
22973,1237
22974,1237
22975,8506
22976,8506
22977,4
22979,5526
22979,9125
22980,5526
22981,5526
22981,9125
22982,5526
22982,9125
22989,8507
22990,8508
22991,1237
22992,2562
22993,2562
22994,2562
22996,87
22997,87
22998,246
22998,8563
22999,8509
23000,8511
23001,8511
23002,2172
23003,8512
23004,8513
23005,8514
23008,8738
23009,1058
23011,5005
23012,6808
23013,8515
23014,8516
23015,8516
23016,8517
23017,8517
23018,8515
23019,8515
23022,8518
23023,5154
23024,246
23025,6472
23026,6472
23027,6472
23028,6472
23029,8505
23030,8505
23031,8505
23032,8519
23033,8520
23034,8521
23035,8522
23036,8523
23037,8525
23041,8526
23042,944
23042,9069
23043,944
23044,944
23045,944
23046,944
23047,8528
23048,8528
23049,8528
23050,7003
23051,1929
23054,8531
23055,8533
23056,8534
23057,8534
23058,8534
23059,7222
23060,8535
23061,8162
23062,1937
23063,1937
23064,1937
23065,1937
23069,1510
23070,8536
23071,8536
23072,8537
23073,8538
23074,8538
23075,8536
23076,8538
23077,8538
23078,8536
23080,8539
23081,8539
23082,8540
23085,8542
23086,8542
23087,3299
23088,8543
23089,2897
23089,9491
23090,14
23091,284
23093,1079
23094,1079
23095,1079
23096,8545
23097,2643
23097,8545
23098,8545
23104,1695
23105,1510
23106,8547
23107,8549
23108,4605
23109,1330
23110,1330
23111,5983
23112,973
23113,2474
23113,9238
23114,2474
23115,4072
23116,5154
23117,4072
23120,1992
23121,1992
23122,1992
23123,1992
23124,1992
23125,1992
23126,1992
23127,1992
23128,1992
23129,1992
23130,7543
23131,8486
23132,2145
23132,9469
23133,8553
23134,8554
23135,8555
23136,8556
23137,8556
23139,8697
23139,9521
23140,102
23140,8697
23140,9615
23142,973
23146,1472
23147,4379
23148,8557
23149,362
23153,8559
23154,8560
23155,8129
23156,458
23157,8561
23158,8561
23159,217
23160,486
23161,486
23162,486
23166,470
23167,470
23168,470
23169,470
23170,8564
23171,8565
23174,1378
23175,1378
23176,8566
23177,7134
23178,7134
23179,7134
23180,7134
23181,7134
23188,8567
23189,8568
23190,8568
23191,8567
23192,191
23195,8569
23196,8570
23197,62
23198,62
23199,366
23200,8571
23201,8572
23202,1277
23203,8574
23204,6029
23205,6029
23207,5668
23208,5668
23209,5668
23212,3780
23213,973
23214,3780
23215,8575
23216,8575
23217,1362
23218,8576
23219,8575
23220,8577
23226,8578
23227,8578
23228,4
23229,8579
23230,4
23231,375
23232,2304
23233,6067
23234,6067
23235,8393
23236,6067
23237,7441
23237,8393
23238,8393
23238,9228
23240,5238
23241,5238
23242,8580
23243,8581
23244,7295
23245,7295
23246,978
23247,8582
23248,8582
23249,978
23250,978
23251,978
23252,8584
23253,8584
23258,7502
23259,7502
23260,7502
23261,7502
23262,7502
23263,7502
23264,7502
23265,7502
23266,7502
23267,7502
23268,7502
23269,8585
23270,495
23274,8586
23275,8586
23276,1122
23277,8587
23278,8587
23279,8587
23280,557
23282,5105
23283,6905
23290,2141
23291,2141
23292,1202
23293,9300
23295,6314
23296,6314
23297,165
23298,644
23302,1695
23303,8589
23304,202
23304,9102
23305,1779
23306,8590
23307,8591
23308,1068
23308,8720
23309,1521
23310,1068
23311,1477
23312,1472
23317,8594
23318,8594
23319,8327
23320,1362
23321,8597
23321,8608
23322,8597
23322,8608
23323,8598
23324,8597
23325,8597
23326,978
23327,978
23328,8599
23329,8599
23330,4887
23331,1617
23331,2577
23332,8600
23333,8601
23334,8602
23335,8602
23336,2141
23338,9482
23340,7569
23341,7569
23342,7569
23343,7569
23344,8477
23345,1139
23346,8604
23347,8605
23348,8606
23349,8604
23350,8604
23351,8606
23352,8607
23353,8607
23354,8608
23355,8608
23356,8608
23357,7048
23358,8609
23359,8609
23367,376
23369,8610
23372,1176
23374,2214
23375,2214
23380,486
23381,486
23382,1237
23384,8613
23385,6871
23386,8962
23389,7777
23390,7777
23391,7777
23391,8707
23392,7777
23393,552
23394,7777
23395,7777
23396,7777
23397,8615
23398,8617
23399,8618
23400,8617
23401,8619
23402,8620
23403,3333
23403,9009
23404,2308
23405,2308
23406,8621
23407,202
23408,2108
23409,2108
23410,8622
23411,8624
23412,1351
23413,8625
23414,8625
23415,8625
23416,8625
23417,8626
23418,1072
23419,1072
23420,8627
23421,8627
23422,8628
23423,1883
23423,9309
23424,1219
23425,8632
23426,8633
23427,1960
23428,1960
23429,8634
23430,552
23431,8636
23431,9307
23432,1037
23433,1037
23434,1037
23435,2308
23436,608
23437,191
23438,8641
23439,2441
23440,838
23441,838
23442,838
23443,1345
23444,1345
23445,8642
23446,8642
23447,8643
23448,8645
23449,847
23450,1931
23451,1710
23452,1710
23453,8649
23454,8650
23455,8651
23456,4760
23457,6303
23458,1883
23459,8654
23460,8655
23461,8656
23462,1992
23463,8657
23464,8657
23465,8658
23466,8660
23467,6472
23468,6472
23469,202
23470,5605
23471,202
23472,202
23473,202
23474,1270
23475,1270
23476,1695
23477,8662
23478,8662
23479,109
23480,1611
23481,1116
23482,8663
23483,8664
23484,8665
23485,1695
23486,1695
23487,1695
23488,1695
23489,1695
23490,1132
23491,1132
23492,1132
23493,8666
23494,2827
23495,2827
23496,2827
23497,1489
23498,8669
23499,973
23500,973
23501,1695
23502,1695
23503,1695
23504,1695
23505,1695
23506,8670
23507,8670
23508,1278
23509,1278
23510,1345
23511,1345
23512,1695
23513,1695
23514,1695
23515,109
23516,2511
23517,8671
23518,8671
23519,8672
23520,8672
23521,8672
23522,8672
23523,8672
23524,8672
23525,8672
23526,8672
23527,8672
23528,8672
23529,8672
23530,8672
23531,8672
23532,8672
23533,2083
23534,2083
23535,3193
23536,8673
23537,1710
23538,1710
23538,8983
23539,1710
23539,8983
23540,8674
23540,8983
23541,1710
23542,1710
23543,1711
23544,8675
23545,3299
23546,8677
23547,8677
23548,8677
23549,8677
23550,8681
23550,9361
23551,8681
23552,5550
23552,8682
23553,8683
23554,3267
23555,8684
23556,8686
23557,8686
23558,8686
23559,4885
23560,8687
23561,8688
23562,8689
23563,8688
23564,8690
23565,8690
23566,8690
23567,8690
23568,8691
23569,8692
23570,8691
23571,501
23572,8693
23573,968
23574,968
23575,968
23576,8694
23577,8694
23578,8694
23579,1546
23580,1546
23581,1546
23582,8695
23583,8695
23584,4546
23584,8697
23585,5962
23586,8698
23587,8698
23588,1521
23589,1521
23590,1521
23591,8699
23592,8699
23593,8699
23594,8700
23595,8700
23596,8700
23597,8701
23598,8702
23599,8701
23600,8703
23601,8703
23602,8704
23603,8704
23604,8705
23605,8705
23606,8705
23607,8706
23608,8706
23609,8707
23610,8708
23611,8709
23611,8719
23612,8710
23613,8711
23614,8683
23615,8713
23616,8714
23617,8715
23618,2417
23619,1955
23620,8716
23621,8717
23622,1955
23623,5657
23624,6101
23625,8716
23626,8718
23627,8719
23633,191
23634,191
23635,8721
23636,202
23637,202
23638,7815
23638,8375
23638,9465
23639,7815
23639,9465
23641,7379
23642,7379
23643,8723
23644,8723
23648,634
23649,634
23650,8725
23651,5643
23652,1710
23657,154
23657,973
23658,154
23658,973
23666,8385
23666,9417
23671,9386
23681,1849
23682,710
23683,4605
23684,4605
23685,501
23686,501
23687,8732
23688,501
23689,1510
23690,1483
23691,1483
23692,8404
23693,8404
23694,8404
23695,1510
23696,1510
23697,1510
23698,989
23699,1695
23700,1695
23701,1263
23702,1136
23703,2309
23704,1064
23705,1307
23705,1849
23706,8734
23707,8734
23708,1510
23709,1510
23710,1510
23711,1988
23712,1988
23713,1988
23714,1988
23715,1929
23716,3739
23717,2660
23718,8737
23719,1279
23720,1279
23721,1279
23722,1279
23723,1059
23724,1059
23725,1059
23726,1707
23727,1707
23728,2474
23729,1937
23730,2474
23731,1779
23732,1779
23733,8739
23734,202
23734,8941
23735,202
23735,8941
23736,202
23737,1352
23738,1388
23739,8740
23740,2543
23741,3780
23742,8741
23743,4605
23744,4605
23745,4605
23746,5108
23747,8742
23748,8742
23749,8742
23750,2521
23751,8742
23752,3118
23753,1477
23754,1477
23755,890
23755,1307
23755,8743
23755,9394
23756,1434
23757,1434
23758,1434
23759,8744
23760,8744
23761,7275
23762,7275
23763,8745
23764,8745
23765,8747
23766,8748
23766,8858
23767,8749
23768,8750
23769,109
23770,109
23771,109
23772,109
23773,109
23774,1695
23775,1695
23776,109
23777,2276
23778,1132
23779,1132
23779,9287
23780,3933
23781,8753
23782,8753
23783,8753
23784,608
23785,608
23786,608
23787,2827
23788,2827
23789,2827
23790,8200
23791,501
23792,552
23793,4827
23794,4827
23795,1438
23796,8756
23797,8757
23798,1058
23799,8758
23800,8758
23801,1122
23802,1122
23803,1122
23804,2108
23805,2108
23806,373
23806,1278
23807,1278
23808,8760
23808,9366
23809,8761
23809,9366
23810,1564
23811,2108
23812,8762
23813,8763
23814,8764
23815,838
23816,838
23817,1292
23818,1292
23819,1292
23820,1227
23821,1227
23822,1227
23823,8765
23824,1064
23825,7379
23826,501
23827,8766
23828,7693
23829,8768
23830,8769
23831,6405
23832,6405
23833,6405
23834,6405
23835,6405
23836,6405
23837,1068
23838,1068
23839,7279
23840,1434
23841,8772
23842,8773
23843,8775
23844,990
23845,8776
23846,1398
23847,1398
23848,8777
23849,8778
23850,8779
23851,1125
23852,1125
23853,1125
23854,109
23854,8929
23855,8781
23856,1700
23857,1453
23858,8782
23859,501
23860,501
23861,1971
23862,1510
23863,1510
23864,1510
23865,1132
23866,1003
23867,8783
23868,2423
23869,8786
23870,890
23871,8787
23872,8787
23873,1012
23874,8111
23875,3316
23876,3316
23877,8788
23878,8789
23879,8789
23880,8790
23881,8791
23882,8791
23883,8791
23884,3186
23885,3186
23886,945
23887,4606
23888,8794
23889,8794
23890,8794
23891,8794
23892,622
23893,8795
23894,622
23895,622
23896,8796
23897,1732
23898,8797
23899,8797
23900,1758
23901,4502
23902,6555
23903,1477
23904,1921
23905,1477
23906,8799
23907,1257
23908,8800
23909,8800
23910,8800
23911,8800
23912,8800
23913,3918
23914,2963
23914,9446
23915,1398
23916,191
23917,8804
23918,1779
23919,1510
23920,1779
23921,1779
23922,7194
23923,7194
23924,8805
23925,1162
23926,1660
23927,2910
23928,2910
23929,2910
23930,973
23931,3012
23932,975
23933,2660
23934,2660
23935,6642
23936,6642
23937,6642
23938,8807
23939,2276
23940,8808
23941,8808
23942,8808
23943,710
23944,8808
23945,1450
23946,1450
23947,6816
23948,8809
23949,7379
23950,7379
23951,7379
23952,2276
23953,2276
23954,1136
23955,1330
23956,2276
23957,8810
23958,8811
23959,8811
23960,1307
23961,8811
23962,1330
23963,8737
23964,8813
23965,8813
23966,255
23967,255
23968,1695
23969,1636
23970,6415
23971,6415
23972,6415
23973,7275
23974,1062
23975,1695
23976,1695
23977,1695
23978,6624
23979,6624
23980,1521
23981,1098
23982,7648
23982,8217
23983,1695
23984,1695
23985,1695
23986,255
23986,8940
23987,1362
23988,1279
23989,1695
23990,1695
23991,8817
23992,1068
23993,1279
23994,1287
23995,8818
23996,255
23997,1695
23998,255
23999,1695
24000,1695
24001,255
24002,1695
24002,8898
24003,1695
24004,1068
24005,1068
24006,8819
24007,2276
24008,8820
24009,2276
24010,2276
24011,2276
24012,191
24013,1195
24014,8843
24015,8844
24016,8845
24017,8821
24018,1713
24018,9545
24019,1307
24020,2104
24021,8823
24022,8824
24023,8824
24024,8824
24025,1510
24026,1510
24027,8825
24028,8826
24029,1109
24030,1109
24031,202
24032,8827
24033,1279
24034,1279
24035,8828
24036,501
24037,501
24038,501
24039,1779
24040,1779
24041,1779
24042,8829
24043,7693
24043,9083
24044,8830
24045,7693
24046,6415
24047,6415
24048,1139
24049,6415
24050,1004
24051,1004
24052,1477
24053,1477
24054,8831
24055,501
24056,2474
24057,501
24058,191
24059,8832
24060,8833
24061,8834
24062,8835
24063,3028
24064,3028
24065,2108
24066,6631
24067,8838
24068,191
24069,1087
24070,8840
24071,8840
24072,8841
24073,1884
24074,1483
24075,1483
24075,9071
24076,1483
24077,1278
24078,255
24079,8846
24080,1418
24081,8807
24082,7295
24083,7295
24084,8847
24085,492
24086,492
24087,1362
24088,191
24088,9005
24089,1510
24090,1157
24091,1157
24092,8849
24093,8849
24094,8849
24095,1215
24096,1215
24097,8806
24098,8850
24099,8851
24100,8850
24101,8852
24102,3012
24103,3012
24104,8853
24105,501
24106,1330
24107,3118
24108,8856
24109,2276
24110,2276
24111,1146
24112,109
24113,1274
24114,3186
24115,8857
24116,8857
24117,8857
24118,8857
24119,8857
24120,8857
24121,8857
24122,8857
24123,8859
24124,8860
24125,2097
24126,8859
24127,8859
24128,1145
24129,8861
24130,8861
24131,8861
24132,8862
24133,8863
24134,8864
24135,1825
24136,3657
24137,3657
24138,3657
24139,3186
24140,3186
24141,3186
24142,3186
24143,7878
24144,7878
24145,7878
24146,7878
24147,552
24148,1708
24149,8865
24150,8866
24151,6835
24152,8868
24153,8869
24154,8868
24155,8870
24156,8871
24157,2474
24158,1937
24159,1779
24160,1779
24161,2084
24162,2084
24163,8872
24163,9055
24164,3186
24165,1398
24166,3186
24167,3186
24168,191
24169,6529
24170,191
24171,7338
24172,7338
24173,7338
24174,7338
24175,8873
24176,1595
24177,8874
24178,1595
24179,1595
24180,8875
24181,941
24182,941
24183,941
24184,941
24185,941
24186,941
24187,1595
24188,191
24189,191
24190,191
24191,2521
24192,838
24193,1192
24194,1068
24195,1068
24196,8877
24197,8878
24198,8878
24199,8878
24200,1477
24201,8880
24202,1477
24203,1477
24204,202
24205,1676
24206,1676
24207,501
24208,3055
24209,3055
24210,1555
24211,1956
24212,1956
24213,8882
24214,8884
24215,1753
24216,3696
24217,1219
24218,2302
24219,6624
24220,6624
24221,6624
24222,1279
24223,1279
24224,621
24225,1279
24226,8888
24227,1219
24228,8889
24229,8890
24230,2276
24231,191
24232,2276
24233,8892
24234,1779
24235,1779
24236,989
24237,7612
24237,8893
24238,1549
24239,847
24240,8894
24241,7050
24242,83
24243,8896
24244,1753
24245,2442
24246,8897
24247,8897
24248,8897
24249,4945
24250,4945
24251,8899
24252,1378
24253,1378
24254,1378
24255,1378
24256,6405
24256,9022
24257,8900
24258,8901
24259,8901
24260,8902
24261,8903
24262,2114
24263,890
24264,8904
24265,2809
24266,8534
24267,8534
24268,255
24269,890
24270,890
24271,1279
24272,1883
24273,3888
24274,1992
24275,1992
24276,1483
24277,1695
24278,8907
24279,1330
24280,8908
24281,3821
24282,8909
24283,3821
24284,6499
24285,6499
24286,6499
24287,6499
24288,6499
24289,6499
24290,6499
24291,6499
24291,9402
24292,1695
24293,1695
24294,2097
24295,1695
24296,1265
24297,8911
24298,6473
24299,1278
24300,1695
24301,1695
24302,1695
24303,1695
24304,255
24305,255
24306,848
24307,8912
24308,3834
24309,1477
24310,1477
24311,1477
24312,3205
24313,3205
24314,3205
24315,3205
24316,1279
24317,997
24318,8916
24319,8917
24320,8006
24321,8006
24322,8006
24323,8006
24324,8006
24325,8918
24326,1951
24327,1951
24328,1951
24329,8919
24330,2368
24331,1960
24332,8789
24333,8789
24334,8923
24335,8924
24336,8925
24337,191
24338,1122
24339,8926
24340,8927
24341,7860
24342,1695
24343,1695
24344,8928
24345,1923
24346,1125
24347,1125
24348,1125
24349,197
24350,8930
24351,1423
24352,2526
24353,8934
24354,6508
24355,6500
24356,3111
24357,3092
24358,1423
24359,1423
24360,1423
24361,3186
24362,7496
24363,7496
24364,7496
24365,7496
24366,3205
24367,552
24368,890
24369,890
24370,890
24371,255
24372,1189
24373,501
24374,501
24375,501
24376,501
24377,501
24378,501
24379,501
24380,501
24381,501
24382,8935
24383,1595
24384,197
24385,197
24386,1134
24387,1134
24388,1134
24389,1134
24390,1134
24391,1134
24392,1134
24393,1134
24394,1058
24395,191
24396,1153
24397,1200
24398,1200
24398,9028
24399,3333
24399,9194
24400,3333
24401,3333
24401,9194
24402,8936
24403,8936
24404,8936
24405,8937
24406,1068
24407,1068
24408,1068
24408,9305
24409,608
24410,7656
24411,838
24412,7656
24413,8942
24414,1209
24415,8746
24416,1521
24417,1521
24418,8943
24419,8943
24420,1521
24421,202
24422,202
24423,8945
24424,7860
24425,8945
24426,8945
24427,2897
24428,2897
24429,1279
24430,2897
24431,8948
24432,1779
24433,1779
24434,191
24435,202
24436,8952
24437,8952
24438,8953
24439,8954
24440,202
24441,202
24442,8955
24443,202
24444,1779
24445,202
24446,7338
24446,8969
24447,1097
24448,1992
24449,8958
24450,8958
24451,8958
24452,8958
24453,8958
24454,8958
24455,8958
24456,8958
24457,1908
24458,3316
24459,973
24460,973
24461,2221
24462,3118
24462,9458
24463,8959
24464,8960
24465,822
24466,822
24467,8961
24468,8963
24469,8964
24469,9169
24470,2098
24470,9168
24471,8965
24472,8966
24473,8965
24474,8967
24475,8967
24476,4502
24477,4502
24478,995
24479,1307
24480,1125
24481,1125
24482,1125
24483,1125
24484,1125
24485,1125
24486,1125
24495,8569
24562,8970
24563,8970
24564,8971
24565,8972
24566,8970
24567,8973
24568,8974
24569,8975
24570,8973
24571,8975
24572,8973
24573,8976
24574,8977
24575,8978
24576,8979
24577,8979
24578,8982
24579,8982
24580,8982
24581,8983
24582,8984
24583,8984
24584,8985
24585,8986
24586,8989
24593,8991
24594,8992
24594,9477
24595,8992
24596,8992
24597,8993
24598,8993
24599,8993
24600,8993
24601,8996
24603,8997
24603,9306
24604,8998
24605,8998
24606,9000
24607,9000
24608,9001
24609,9002
24610,9003
24611,8997
24612,9004
24613,8995
24614,9007
24617,9006
24618,9006
24619,9006
24627,9013
24628,9015
24629,9015
24630,9015
24631,9015
24632,9015
24633,9015
24634,9016
24640,9004
24641,9018
24642,9021
24642,9197
24643,9021
24644,9021
24645,9022
24646,9023
24647,9023
24648,9024
24651,9026
24658,9027
24659,9027
24660,9027
24661,9028
24662,1200
24662,9028
24663,9001
24664,9030
24665,9032
24666,9032
24667,9032
24668,9032
24669,9005
24670,9005
24671,9005
24672,9005
24673,9033
24674,9033
24675,9033
24676,9033
24677,9034
24678,9034
24679,9034
24685,9022
24686,9036
24687,8994
24688,9040
24689,9040
24694,9042
24695,9043
24701,9044
24702,9046
24707,9048
24708,9048
24709,9048
24710,9048
24711,9050
24711,9370
24712,9008
24713,9008
24714,9008
24721,9246
24722,9053
24722,9443
24723,9053
24723,9443
24724,9053
24724,9443
24725,9053
24725,9444
24728,9000
24729,9008
24730,9055
24737,9046
24738,9056
24739,9056
24740,9057
24743,9058
24744,9059
24745,9060
24746,9061
24746,9153
24747,9063
24748,9066
24749,9063
24750,9067
24751,9063
24763,9019
24764,8983
24768,8983
24769,8983
24770,8983
24771,8983
24772,9027
24773,9027
24774,9027
24775,9027
24776,9068
24777,9069
24778,9069
24784,9070
24785,9072
24786,9072
24787,9073
24788,9074
24788,9300
24788,9377
24789,9074
24790,9074
24791,9055
24791,9377
24796,9075
24797,9075
24798,9075
24799,9075
24800,9075
24801,9075
24802,963
24803,9076
24804,9077
24805,9077
24806,9005
24819,9079
24820,9080
24821,9080
24822,9081
24823,9055
24828,9046
24829,9083
24830,9083
24831,9060
24832,9060
24837,9091
24838,512
24839,512
24840,9092
24841,512
24842,9093
24843,9094
24844,9095
24845,9095
24845,9117
24846,9095
24847,9095
24847,9117
24848,9096
24849,9097
24850,9098
24851,9099
24852,9100
24853,9101
24854,9101
24855,9101
24856,9101
24857,9101
24858,252
24859,9102
24860,252
24861,9103
24862,9105
24863,9105
24864,9106
24865,9107
24866,9108
24867,9108
24868,9109
24869,9110
24869,9451
24870,9111
24871,9114
24872,9115
24873,9115
24874,9115
24875,9116
24876,9118
24877,9118
24878,9118
24879,9118
24880,9118
24881,9118
24882,9118
24883,9119
24884,9119
24885,9119
24886,9119
24887,9118
24888,9120
24889,9121
24890,9122
24891,9121
24892,5535
24893,9123
24894,9123
24895,9123
24896,9125
24897,9126
24898,9127
24899,9128
24900,9129
24901,478
24902,9130
24903,478
24904,9131
24905,9131
24906,9131
24907,9131
24908,9132
24909,8982
24910,68
24911,68
24912,68
24913,68
24914,9133
24915,9134
24916,9134
24917,9135
24918,9136
24919,9135
24920,154
24921,9137
24922,9137
24923,9137
24924,242
24925,242
24926,242
24927,242
24928,242
24929,242
24930,242
24931,9138
24932,9138
24933,9139
24934,9139
24935,9139
24936,9140
24937,9141
24938,9141
24939,3299
24940,9142
24941,3299
24942,7606
24943,9034
24944,154
24945,9144
24946,9144
24947,9145
24948,9145
24949,9146
24950,9147
24951,9147
24952,9147
24953,9148
24954,478
24955,9149
24956,9150
24957,9150
24958,9150
24959,9151
24960,9151
24961,9152
24962,9152
24963,9152
24964,9152
24965,9153
24966,9154
24967,9154
24968,9154
24969,9154
24970,9154
24971,9155
24972,9156
24973,9156
24974,9156
24975,9156
24976,9157
24977,9158
24978,9158
24979,9158
24980,9158
24981,9158
24982,9158
24983,9158
24984,9159
24985,9159
24986,9159
24987,9160
24988,9161
24989,9162
24990,9159
24991,9163
24992,9163
24993,9163
24994,9163
24995,9164
24996,9164
24997,9165
24998,9165
24999,9165
25000,9165
25001,9165
25002,9165
25003,9166
25004,9166
25005,9166
25006,8393
25007,8393
25008,8393
25009,8393
25010,8393
25011,8393
25012,5535
25013,9167
25014,5535
25015,9170
25016,9171
25017,9171
25018,5005
25019,9172
25020,5005
25021,9173
25022,9173
25023,9173
25024,9173
25025,9173
25026,9174
25027,9174
25028,9174
25029,9174
25030,9175
25031,9176
25032,9176
25033,9177
25034,9177
25035,9178
25036,9179
25037,9178
25038,7757
25039,7757
25040,9180
25041,7757
25042,7757
25043,7757
25044,9183
25045,9183
25046,9183
25047,9183
25048,9183
25049,9183
25050,9184
25051,224
25052,9186
25053,9124
25054,9144
25055,9144
25056,9144
25057,9188
25058,2089
25059,9188
25060,2089
25061,9189
25062,9190
25063,9191
25064,9192
25065,478
25066,478
25067,9193
25068,8393
25069,8393
25070,9127
25071,7606
25072,7606
25073,7606
25074,9194
25075,8253
25076,8253
25077,9101
25078,9101
25079,9101
25080,9101
25081,9101
25082,9195
25083,9195
25084,9196
25085,9196
25086,9198
25087,9199
25088,9200
25089,9201
25090,9201
25091,9201
25092,9201
25093,4546
25094,9106
25095,9202
25096,9202
25097,9205
25098,9206
25099,9208
25100,9208
25101,9208
25102,9208
25103,9210
25104,9211
25105,9212
25106,9212
25107,9211
25108,8253
25109,8253
25110,9213
25111,9213
25112,9214
25113,9150
25114,9215
25115,478
25116,5048
25117,5048
25118,9216
25119,9106
25120,9106
25121,9106
25122,9106
25123,9106
25124,9218
25125,9181
25126,9219
25127,9219
25128,9219
25129,9220
25130,9221
25131,9222
25132,9220
25133,9223
25134,9223
25135,9223
25136,9134
25137,9134
25138,9224
25139,8393
25140,9225
25141,9225
25142,9226
25143,9227
25144,9227
25145,8062
25146,8062
25147,8062
25148,9229
25149,9230
25150,9231
25151,7513
25152,9232
25153,9233
25154,9234
25155,9234
25156,9236
25157,9236
25158,9237
25159,9237
25160,9237
25161,9238
25162,9238
25163,9239
25164,9242
25165,9243
25166,9244
25167,9244
25167,9245
25168,9244
25169,9243
25170,9131
25171,9131
25172,9131
25173,9244
25174,9244
25175,9244
25176,9248
25177,9244
25178,9249
25179,9250
25180,9250
25181,9251
25182,9251
25183,9252
25184,9252
25185,9252
25186,9253
25187,9254
25188,9254
25189,4546
25190,4546
25191,4546
25192,9255
25193,9256
25194,9256
25195,9257
25196,9255
25197,9258
25198,9258
25199,963
25200,154
25201,154
25202,154
25203,154
25204,9165
25205,9165
25206,451
25207,451
25208,451
25209,9260
25210,9260
25211,9262
25212,9154
25213,9154
25214,9154
25215,9154
25216,9125
25217,9125
25218,9125
25219,9125
25220,9263
25221,9263
25222,9264
25223,9264
25224,9265
25225,9266
25226,9264
25227,9267
25228,633
25229,9267
25230,9267
25231,68
25232,68
25233,9131
25234,9131
25235,9131
25236,9131
25237,9131
25238,9215
25239,9268
25240,9269
25241,9269
25242,9269
25243,9269
25244,9270
25245,9271
25246,9271
25247,9271
25248,9271
25249,9271
25250,1714
25251,1714
25252,1714
25253,9131
25254,9131
25255,9272
25256,478
25257,9261
25258,9273
25259,9274
25260,9274
25261,9274
25262,9274
25263,9275
25264,9275
25265,9275
25266,9276
25267,9276
25268,9277
25269,9276
25270,9279
25271,9279
25272,9280
25273,9280
25275,9282
25276,9283
25277,9286
25278,9286
25279,9286
25280,9286
25281,9290
25282,9292
25283,9292
25284,1200
25285,1200
25286,9293
25287,9294
25288,9294
25289,9295
25290,9296
25291,9297
25292,9299
25293,9299
25294,9301
25295,9301
25296,9301
25297,9303
25298,9304
25299,9278
25300,9305
25301,9305
25302,9308
25303,9308
25304,9308
25305,9308
25306,9309
25307,9309
25308,9310
25309,9309
25310,9313
25311,9315
25312,9316
25313,9316
25314,9317
25315,9318
25316,9319
25317,9318
25318,9320
25319,9323
25320,9325
25321,9325
25322,9325
25323,9326
25324,9309
25325,9278
25326,9332
25327,9333
25328,9334
25329,9334
25330,9335
25331,9337
25332,9338
25333,9339
25334,9340
25335,9341
25336,9303
25337,9342
25338,7630
25339,9342
25340,9342
25341,9162
25342,9344
25343,9344
25344,9344
25345,9305
25346,9305
25347,123
25348,123
25349,9350
25350,6113
25351,6113
25352,7513
25353,9354
25354,9354
25355,9355
25356,9355
25357,9355
25358,9354
25359,9354
25362,9158
25363,9358
25364,9359
25365,9158
25366,9158
25367,9134
25368,9134
25368,9488
25369,9361
25370,6113
25371,475
25372,3684
25373,224
25374,9305
25375,8260
25376,8260
25377,8260
25378,19
25379,19
25380,19
25381,19
25382,9368
25383,9369
25386,9143
25387,9143
25388,9370
25389,8377
25390,9371
25391,9372
25392,3684
25393,224
25394,3684
25395,9162
25396,9373
25397,9305
25398,9305
25399,8062
25400,8062
25401,9374
25402,9375
25403,9374
25404,9153
25405,9153
25406,9376
25407,9377
25408,9378
25409,9378
25410,9378
25411,9382
25412,9381
25413,9383
25414,9384
25415,9384
25416,6943
25417,6943
25418,8217
25419,8217
25420,8217
25421,8217
25422,8217
25423,8217
25424,154
25425,8375
25426,154
25427,8375
25428,9387
25429,9387
25430,9387
25431,9388
25432,9362
25433,9389
25434,9391
25434,9414
25439,9392
25440,9393
25441,519
25442,9393
25443,9394
25444,8273
25445,6201
25446,9395
25447,9396
25447,9447
25448,9397
25449,9397
25450,9397
25451,9397
25452,9398
25453,9398
25454,9399
25462,9401
25463,9401
25464,9401
25465,9401
25466,9403
25467,9403
25468,475
25469,451
25470,7627
25471,7627
25472,9078
25473,8062
25474,8062
25475,8307
25476,8260
25477,9405
25478,690
25479,9406
25480,9407
25481,5432
25482,5432
25483,9376
25484,9376
25485,9408
25486,9409
25487,9409
25488,9410
25489,9411
25490,9410
25491,9410
25492,9156
25493,9156
25494,9156
25495,9412
25496,9389
25497,9343
25498,9415
25499,9415
25500,9416
25501,9416
25502,9417
25503,6965
25504,8062
25505,8062
25506,9305
25507,9305
25508,9420
25509,9421
25510,9421
25511,9018
25512,9034
25513,9423
25514,9362
25515,9362
25516,9424
25517,9424
25518,9425
25519,165
25520,9426
25521,9426
25522,9357
25523,9394
25524,9394
25525,6085
25526,9427
25527,9428
25528,9427
25529,7612
25530,7612
25531,9408
25532,9408
25533,7612
25534,9408
25535,9429
25536,9431
25537,9432
25538,9432
25539,9433
25540,9433
25541,9433
25542,9434
25543,9434
25544,9434
25545,9434
25546,9435
25547,9435
25548,9434
25549,9379
25550,9379
25551,373
25552,9379
25553,9436
25554,9437
25554,9640
25555,9438
25556,68
25557,68
25558,9151
25559,68
25560,9441
25561,9442
25562,6943
25563,6943
25564,6908
25565,6908
25566,288
25567,288
25568,9444
25569,9448
25570,9452
25571,9143
25572,9455
25573,9456
25574,9027
25575,9027
25576,9229
25577,9458
25578,9458
25579,9460
25580,9461
25581,9461
25582,9462
25583,6065
25584,6065
25585,9463
25586,9463
25587,9463
25588,690
25589,690
25590,690
25591,690
25592,9466
25593,9467
25594,9468
25595,9469
25596,9470
25597,496
25598,496
25599,496
25602,9472
25603,9473
25604,9474
25605,9474
25606,9474
25607,9472
25608,9475
25609,9475
25610,9475
25611,9475
25612,9475
25613,9476
25614,9478
25615,9481
25616,9481
25617,9484
25618,3683
25619,9195
25620,9195
25621,9269
25622,9485
25623,9487
25624,9208
25625,9208
25626,9492
25627,9494
25628,9492
25629,9495
25630,9495
25631,9495
25632,9305
25633,9305
25634,9418
25635,9497
25636,9498
25637,9027
25638,9027
25643,9461
25644,9499
25645,9501
25646,9502
25647,9503
25648,9501
25649,9418
25650,9504
25651,154
25652,154
25653,373
25654,9506
25655,9431
25656,373
25657,9507
25658,9507
25659,9507
25660,9507
25661,165
25662,9508
25663,9509
25664,9509
25665,9510
25666,9511
25667,9511
25668,9510
25669,9510
25670,4058
25671,4058
25672,4058
25673,4058
25674,9513
25675,9458
25676,9458
25677,9125
25678,9504
25679,9305
25680,9515
25681,9516
25682,9458
25683,690
25684,9501
25685,9343
25686,9343
25687,418
25688,9343
25689,9343
25690,9422
25691,9522
25695,9165
25696,9165
25697,451
25698,165
25699,451
25700,9527
25701,9528
25702,9305
25703,9153
25704,9533
25705,9158
25706,9158
25707,9158
25708,9158
25709,9078
25710,8995
25711,9534
25712,9535
25713,9536
25714,6113
25715,8062
25716,8062
25717,8062
25718,8062
25719,519
25720,475
25721,9537
25722,519
25723,9539
25724,451
25725,9540
25726,9541
25727,451
25728,9541
25729,451
25730,80
25731,80
25732,9543
25733,9544
25734,9543
25735,373
25736,373
25737,9458
25738,6113
25739,6113
25740,6113
25741,6113
25742,9545
25743,9545
25744,7513
25745,7513
25746,7513
25747,9103
25748,9546
25749,9195
25750,9195
25751,9361
25752,9195
25753,9069
25756,128
25759,9549
25760,9549
25761,9550
25762,9550
25763,9551
25764,9551
25765,9551
25766,9552
25767,9552
25768,9552
25769,9553
25769,9554
25770,9554
25771,9555
25772,9555
25773,9555
25774,9555
25775,9555
25776,9556
25777,9556
25778,9556
25779,9556
25780,9557
25781,9557
25782,2652
25783,9559
25784,9559
25785,9560
25786,9561
25787,9562
25788,9560
25789,366
25790,9564
25791,9565
25792,9566
25793,9567
25794,9564
25795,2070
25796,9568
25797,2070
25798,2070
25799,9569
25800,9569
25801,9569
25802,9569
25803,9570
25804,6151
25805,128
25806,7634
25807,9571
25808,9571
25809,9571
25810,9571
25811,9571
25812,9549
25813,9549
25814,9549
25815,9572
25816,9572
25817,9573
25818,9573
25819,9573
25820,1832
25821,9574
25822,9575
25823,9575
25824,9576
25825,9575
25826,9577
25827,9577
25828,3094
25829,9578
25830,6154
25831,268
25832,9579
25833,9580
25834,9581
25835,9582
25836,9583
25837,9584
25838,9585
25839,9585
25840,9585
25841,128
25842,1111
25843,1521
25844,1521
25845,9587
25846,9587
25847,3325
25848,9588
25849,9589
25850,6569
25851,9590
25852,9590
25853,9591
25854,9591
25855,9592
25856,9593
25857,9594
25858,1279
25859,5172
25860,5172
25861,5172
25862,1330
25863,408
25864,9595
25865,255
25866,255
25867,481
25868,9596
25869,9596
25870,9596
25871,9599
25872,9600
25873,9601
25874,9602
25875,9602
25876,9603
25877,725
25878,9606
25879,128
25880,128
25881,644
25882,9607
25883,7024
25884,373
25885,9608
25886,9608
25887,9608
25888,9608
25889,9608
25890,9608
25891,400
25892,9610
25893,9610
25894,9610
25895,9610
25896,9610
25897,9610
25898,9610
25899,9610
25900,9610
25901,9610
25902,9610
25903,9610
25904,9610
25905,9610
25906,9611
25910,9612
25911,9613
25912,9612
25913,9613
25914,145
25915,145
25916,9615
25917,9615
25918,9615
25919,9615
25920,2951
25922,4747
25923,5267
25924,128
25925,9617
25926,9618
25927,9620
25928,1071
25929,4139
25930,4139
25931,4139
25932,9623
25933,9624
25934,9624
25935,9625
25936,9625
25937,9627
25938,9628
25939,9628
25940,9628
25941,9628
25942,9628
25943,9628
25945,9629
25946,9630
25947,631
25948,6106
25949,9632
25950,9632
25951,9633
25952,9634
25953,9633
25954,9633
25955,9633
25956,9635
25957,284
25958,5005
25959,383
25960,7638
25961,7638
25962,9637
25963,5005
25966,6303
25967,6303
25971,14
25972,14
25973,8053
25976,6103
25977,816
25978,6103
25979,9640
25980,9642
25981,6023
25982,6023
25983,9645
25984,539
25985,539
25987,9647
25988,9647
25989,9647
25990,1317
25991,9651
25992,9652
25993,9652
25995,9653
25996,9654
25997,9656
25998,9657
25999,9656
26000,6295
26001,6295
26002,9659
26003,9660
26004,9660
26005,9661
26006,9661
26007,9661
26008,9661
26009,9613
26010,9613
26011,9662
26012,9662
26013,9662
26014,9662
26015,491
26016,9663
26017,9664
26018,9665
26019,9665
26020,9666
26021,9668
26022,9669
