2,341
3,1632
3,5255
11,965
13,5022
16,846
16,1243
16,2693
16,2739
16,3667
22,1235
23,531
24,65
37,2431
37,2572
37,5546
39,2612
39,5885
39,7647
40,23
41,166
43,626
44,668
45,1835
45,5585
45,5963
56,117
56,3334
56,5319
56,6736
58,711
59,3639
59,3891
59,4043
59,4408
64,7065
66,4614
66,6039
67,6546
68,950
68,1547
68,1690
68,2612
68,3639
68,4408
68,5974
75,1114
75,5139
75,5788
83,1861
83,2809
83,5713
86,2596
86,5083
86,5282
93,3728
93,4295
93,7593
93,7707
95,2735
95,4471
98,5045
102,3891
102,4408
102,4933
105,5793
105,6351
106,5963
110,2347
111,6289
111,7558
112,4404
114,27
114,255
114,306
114,575
114,7564
116,4141
117,3334
117,6736
122,5780
122,6220
123,950
123,4704
124,3190
127,6430
128,3116
128,5716
132,3682
132,5432
132,5792
132,5901
136,6106
139,529
149,1597
149,6500
154,5252
154,13579
155,3230
157,66
157,620
158,2375
158,5349
160,6277
165,2936
165,5640
169,942
169,2260
169,3404
169,6125
174,613
174,5781
179,4759
181,511
184,657
185,5252
186,545
186,1632
188,347
189,3238
193,4872
195,5115
202,1847
205,1243
205,3667
205,5954
207,174
207,613
207,3415
209,5567
210,4038
210,5282
211,6512
212,358
212,4529
212,7424
225,1641
225,6567
228,4408
233,59
233,2431
237,711
244,672
254,533
254,620
254,1597
254,6055
256,5483
256,5873
267,6137
267,6144
268,969
268,5656
271,5227
271,5264
273,5502
274,3386
278,4992
280,5662
282,5750
283,5760
290,3872
290,6527
292,95
296,5616
298,780
299,1634
299,4231
299,7644
302,3158
302,5808
302,6546
305,7574
305,9291
309,1621
309,2043
309,5130
312,641
312,6189
313,1531
319,1547
319,5868
319,5974
320,5829
322,3386
322,5282
322,5404
323,219
323,7543
325,2307
328,2375
328,4614
328,6066
328,6399
329,678
329,5248
329,5640
329,6035
330,5554
332,6063
334,6792
336,237
341,558
344,1243
344,2856
344,6030
347,4736
351,5640
360,6500
360,6535
361,3295
363,4678
363,6257
364,533
364,938
364,2067
364,3311
365,1135
365,5024
369,6612
370,19
374,533
374,1480
374,4990
374,7655
376,97
377,4416
379,1194
379,1425
379,1576
379,1901
379,3355
379,5974
380,2625
380,6289
380,6387
381,1640
381,2605
381,4279
384,2043
386,1824
386,3982
386,6441
387,803
387,4045
387,6451
400,545
400,1801
400,2084
400,5343
401,1162
401,1631
401,1989
403,4974
404,706
404,1388
404,5139
404,5950
406,3712
406,4129
407,2310
407,4969
407,5748
407,5963
408,4986
410,507
410,1388
412,5068
414,425
417,514
417,666
417,1505
417,2591
417,3390
417,3637
417,5432
417,6414
417,7313
418,1059
418,2393
418,4055
418,6442
423,2043
423,3097
423,4332
423,4937
423,5130
423,6449
425,194
425,4614
426,2103
426,6896
427,3404
432,5954
433,1850
433,3307
433,4378
433,4739
433,5524
434,3609
436,5217
436,5412
436,7576
437,13579
437,13591
438,632
438,1531
438,2612
438,2726
438,2739
438,3222
438,3504
438,5238
438,5357
438,7304
440,2778
440,3664
440,4338
440,5546
440,5581
440,5780
440,5850
442,5536
444,3639
445,157
445,486
446,4746
446,5254
446,6063
446,6257
448,5522
448,6339
448,6371
450,1531
450,2816
450,3800
450,4332
450,5115
450,5130
450,6250
451,584
451,988
453,225
453,1641
455,5751
458,1531
458,1690
458,3689
458,5264
459,57
459,119
459,1591
459,2120
459,5573
459,7288
460,574
464,3011
464,3049
465,425
465,2504
466,804
466,2042
466,2083
466,2612
466,2739
466,5227
466,5409
466,5597
466,6421
466,12230
468,2517
468,5336
469,3363
470,2555
470,3317
470,5565
470,6422
471,5526
472,830
472,1331
472,3639
472,5308
472,5780
472,6031
475,1548
475,4332
475,7304
475,7486
476,5252
477,915
477,1316
477,1569
477,2864
477,6442
478,157
478,2390
478,2743
478,4363
478,5090
484,5282
484,6114
485,109
486,3140
486,5139
489,2068
489,2539
489,3814
489,5890
489,6008
489,13643
491,1531
491,1690
491,2428
491,2612
491,4332
491,4408
492,93
492,4295
492,4304
492,7593
492,7707
495,2426
495,5128
495,5989
496,2444
496,2849
496,3917
496,6890
497,740
497,1294
497,2816
497,4876
498,3677
498,5873
500,130
500,1574
500,3335
500,3396
500,5159
500,5714
500,6455
501,1531
501,5885
501,7304
502,3340
505,5964
508,5630
512,3460
512,4135
512,5640
520,2612
520,4332
520,5885
534,6612
542,632
542,1793
542,5636
548,5760
554,5495
560,5166
560,5776
576,1968
577,5782
591,629
591,746
591,827
591,3871
605,529
607,4408
610,609
610,2843
623,52
624,3417
624,4778
624,4901
624,5868
624,7133
625,2324
625,6307
632,1531
632,5130
632,5238
632,6250
642,6314
653,148
653,1153
656,629
663,5079
666,514
666,591
666,5432
677,105
677,6351
679,350
679,649
680,2043
691,5336
699,3678
699,6174
701,3404
705,2324
705,2411
707,5532
710,109
712,6381
713,5540
718,1591
718,5495
718,5573
725,3821
726,2154
728,5626
731,1531
731,1716
731,6025
731,6250
731,12150
741,2375
741,7577
742,2367
742,7444
745,137
752,3846
755,2378
755,4714
756,794
764,1886
764,2338
764,2732
764,3835
764,6364
764,6964
764,7517
765,4778
768,340
768,3417
768,5248
768,5336
768,6189
768,7681
768,12195
771,706
771,2025
778,3147
778,4104
781,541
782,761
782,2378
783,3140
783,3386
783,5408
783,5898
783,6148
783,6535
789,3678
789,3909
789,6462
792,1832
792,3704
794,620
799,5128
799,5200
799,5252
799,5585
799,5780
800,1531
800,4332
800,5238
800,5354
800,5473
800,6206
800,6250
800,12150
801,5405
801,6349
804,320
805,2357
805,2416
805,3259
805,5317
810,1030
810,1631
815,5877
815,6277
817,1445
818,341
821,675
822,1283
822,7519
823,3426
826,2411
827,5432
833,2307
834,2052
834,2924
834,5918
834,5936
834,6188
834,7776
836,5485
836,5526
837,620
837,2390
837,3929
837,5017
837,5452
837,6462
838,5340
840,1426
840,1540
840,5886
840,6462
842,7681
844,1213
844,7430
845,3318
845,3802
845,5240
850,514
850,666
850,2402
850,2528
850,3363
850,5432
850,6219
851,930
851,4251
853,208
853,5877
856,5016
857,1473
858,254
858,914
858,938
858,2390
858,6418
860,5656
862,740
862,5227
862,5797
862,5866
862,7647
864,3092
866,2219
870,2199
872,1531
879,1662
879,5763
881,4768
882,4914
883,2003
883,6379
884,545
884,2413
884,3539
884,3751
884,4351
884,4778
887,2002
888,5097
890,1768
890,3657
891,3609
894,4415
895,4233
895,5957
895,6274
897,3653
899,1179
899,2064
899,4408
899,4995
899,5150
899,5188
899,5747
902,3207
905,988
905,2062
906,5845
907,2824
907,5336
907,7611
908,1067
910,1654
910,2809
910,6143
911,5986
912,4364
913,5283
913,5939
915,1178
915,1316
915,1904
915,4326
915,5025
915,5526
915,6442
915,7382
920,5460
922,4413
923,1608
923,2115
923,2969
923,2970
924,3411
929,1901
929,5240
929,6196
931,296
931,533
931,7288
932,2503
932,4830
932,6374
933,1194
933,1901
934,248
934,1370
938,178
938,6396
942,173
942,2033
942,2260
942,2625
942,3404
942,3508
942,6125
942,7558
944,950
944,991
944,2043
944,2612
944,3891
944,4332
944,4408
945,2763
947,1824
947,3982
950,4408
951,4258
951,4342
952,1656
952,3696
952,6502
953,1600
953,2025
953,2043
953,4765
953,5154
958,6039
960,4614
960,6039
960,7325
961,2083
961,3441
961,4295
961,5282
961,5411
961,5904
961,6316
961,6535
963,4802
963,5238
963,6206
964,3026
964,5398
965,6213
967,3424
968,3492
968,3802
970,2083
970,2672
970,3386
970,5282
970,5904
970,6148
970,7707
971,5451
973,2288
973,2517
973,2739
973,3823
973,5227
973,5797
973,5944
973,12350
974,5062
975,1286
975,1897
975,2599
975,3735
975,4753
975,5635
975,7577
978,4736
978,4799
979,5865
981,4769
981,5309
981,6271
986,1965
986,2934
986,6220
989,4959
989,5095
989,5155
989,5239
989,5570
989,6458
990,5705
991,19
991,2612
991,2946
991,5944
998,853
998,2632
998,2739
998,2926
998,3452
998,3535
998,5963
999,1076
999,1321
999,2722
999,4021
1007,5460
1010,4595
1010,5040
1010,5640
1014,1566
1015,5139
1015,5788
1016,1124
1016,1351
1016,2525
1017,1234
1017,1711
1017,3212
1017,4240
1017,4368
1017,4644
1017,5317
1017,5422
1017,5574
1017,6239
1017,6458
1018,4038
1019,1915
1021,4762
1024,5408
1027,1222
1028,2179
1030,1631
1030,5589
1033,4578
1037,874
1038,3026
1038,6483
1040,6736
1041,1099
1041,3047
1041,6153
1044,2465
1044,4518
1044,6288
1046,1916
1047,5616
1047,5823
1049,6273
1053,2455
1053,5002
1054,3404
1054,5097
1054,6213
1054,6289
1054,6387
1056,1031
1059,5079
1059,5308
1059,5532
1060,3426
1062,2207
1064,1259
1064,2946
1064,5224
1064,5337
1065,5239
1067,2971
1069,1047
1069,4641
1069,5616
1069,5823
1070,533
1071,1640
1071,2605
1071,3674
1071,3866
1071,4279
1071,7599
1075,2971
1077,1647
1077,5308
1077,5438
1078,598
1081,2126
1085,1872
1085,2290
1088,2585
1088,4778
1088,13646
1090,5570
1090,6305
1091,1253
1091,5258
1091,6127
1093,3386
1093,7493
1095,2115
1096,4670
1098,549
1098,7596
1099,6148
1099,6535
1101,484
1101,1531
1101,1623
1101,1843
1101,2612
1101,4332
1101,5282
1103,938
1104,5776
1104,5780
1104,6106
1105,988
1108,5196
1109,5823
1110,1992
1110,2085
1110,3321
1110,5937
1110,5959
1110,6169
1110,6219
1110,6315
1110,6329
1111,938
1118,1531
1122,2640
1122,4535
1122,6447
1124,5072
1124,5908
1124,6013
1125,1313
1125,3488
1125,5264
1127,3847
1128,5194
1128,5264
1128,5395
1128,7655
1131,5011
1134,2340
1134,4332
1134,4845
1134,5125
1134,5167
1134,5308
1134,5963
1138,3721
1138,6343
1140,1640
1140,2739
1140,2996
1140,3866
1140,4279
1140,5227
1140,5597
1140,5954
1140,6193
1141,3546
1141,13719
1143,2350
1144,932
1144,6276
1144,6518
1147,2016
1147,2114
1147,3473
1147,5347
1147,5497
1148,6049
1150,2416
1150,3000
1150,3259
1150,3597
1150,4313
1150,4426
1150,5849
1150,6077
1150,6281
1157,4263
1157,4590
1157,5767
1157,5790
1160,5292
1161,6571
1162,5002
1162,5532
1166,4613
1166,5987
1167,1519
1169,358
1169,533
1169,4670
1170,2926
1170,5061
1170,5227
1170,5597
1172,5143
1173,5156
1173,5401
1177,549
1177,1015
1177,1666
1177,2627
1177,5605
1177,7596
1179,5188
1180,5512
1181,5780
1181,5963
1185,5814
1188,2239
1188,2603
1188,2821
1188,2923
1188,3085
1188,3160
1188,3412
1188,3571
1188,3921
1188,3944
1188,4135
1188,4457
1188,4608
1188,4865
1188,5131
1188,5374
1188,5428
1188,5458
1188,5601
1188,5870
1188,5955
1188,5961
1188,5982
1188,5995
1188,6010
1188,6011
1188,6024
1188,6296
1190,705
1190,2411
1190,3003
1190,4349
1190,5540
1192,5716
1192,7513
1193,5889
1194,1901
1194,4408
1197,1376
1197,1836
1197,5239
1197,5288
1197,5570
1197,6195
1200,938
1200,2082
1202,1696
1202,4605
1202,4778
1202,4923
1202,5369
1202,6117
1202,6490
1203,4668
1203,4977
1205,5774
1205,6030
1207,4535
1207,5168
1207,5674
1209,3867
1216,2156
1216,4408
1216,5227
1217,2552
1217,2809
1217,4035
1220,403
1220,3116
1224,178
1224,533
1224,1920
1224,6396
1227,6008
1229,1591
1229,1912
1229,6505
1230,4824
1235,4375
1235,4408
1236,3062
1236,3609
1237,1099
1241,2537
1241,4623
1243,617
1243,1920
1243,2156
1243,4040
1243,5227
1243,5839
1243,6030
1243,6106
1243,6396
1245,2431
1249,1531
1249,4802
1250,1449
1250,2328
1250,2581
1250,3386
1250,4038
1250,4188
1250,5083
1250,5282
1250,6003
1250,6117
1250,6377
1250,7707
1251,847
1251,1738
1251,2181
1251,2386
1251,2513
1251,2887
1251,3155
1251,3542
1251,3769
1251,4507
1251,4661
1251,5262
1252,2596
1255,4984
1256,5494
1260,549
1260,988
1260,5405
1260,6465
1261,1903
1261,5916
1262,249
1262,500
1262,677
1262,1574
1262,3335
1263,5854
1264,2996
1264,3355
1265,5904
1265,6377
1266,950
1266,1426
1266,2043
1266,6206
1268,2754
1268,3391
1268,4937
1268,5130
1269,4170
1269,6137
1269,6502
1271,6186
1272,3159
1272,4369
1272,5053
1273,6049
1276,75
1276,404
1276,1015
1276,5788
1276,7573
1277,273
1277,3473
1277,4043
1277,4408
1277,4578
1278,6163
1279,1529
1279,5383
1279,6210
1279,6359
1279,6483
1280,4642
1281,672
1281,5215
1283,4778
1283,5041
1283,5868
1283,13654
1284,174
1286,1499
1286,3524
1286,5635
1288,1663
1291,5282
1291,6148
1292,1630
1292,4699
1294,6396
1296,6295
1297,2189
1297,5258
1297,7099
1304,2257
1304,4984
1304,6183
1309,2374
1309,2856
1309,3602
1310,1147
1310,2114
1310,2952
1310,3206
1310,4839
1310,5885
1311,5114
1311,5224
1311,5526
1311,5558
1311,5944
1312,4351
1312,5317
1312,6142
1315,1532
1316,1178
1317,838
1318,2778
1318,3404
1318,5581
1320,4984
1323,1056
1323,4884
1323,6077
1323,6502
1325,1031
1325,1427
1325,1504
1325,4508
1325,5849
1325,5868
1325,5963
1325,5974
1328,3929
1328,4103
1328,5797
1333,1850
1333,2367
1333,4470
1333,5524
1333,7515
1333,7553
1336,2537
1336,2697
1336,5564
1337,2348
1337,13643
1340,1216
1340,2906
1340,3427
1340,5830
1340,5868
1340,5963
1341,6160
1343,4071
1346,2601
1346,5371
1347,4408
1347,5878
1349,5221
1351,5776
1351,5963
1351,6106
1352,1194
1352,1836
1352,1901
1352,6031
1353,4213
1355,2585
1355,5780
1355,7344
1355,7519
1358,6017
1358,7328
1358,7444
1361,4595
1366,2612
1366,6053
1367,1611
1367,2059
1367,2586
1367,2952
1367,4100
1367,4829
1367,4942
1367,5094
1367,7279
1367,13676
1368,1893
1368,3802
1370,248
1371,5066
1371,6157
1371,6477
1373,2575
1374,6270
1375,1661
1375,3287
1375,3872
1375,6096
1378,5828
1379,1467
1379,4385
1380,5635
1383,1531
1385,2514
1385,5336
1385,12195
1386,4623
1386,4804
1387,1314
1387,6410
1387,7088
1388,5950
1388,13678
1389,4602
1390,2856
1391,1209
1392,5910
1392,6318
1397,4614
1401,1376
1401,4282
1401,5239
1402,1696
1402,2240
1402,3426
1402,5170
1402,5509
1402,5683
1402,6318
1405,2115
1405,2798
1411,1622
1414,2435
1417,2207
1421,3438
1423,4651
1425,1576
1425,5227
1425,5711
1425,6030
1426,1531
1426,2043
1426,4332
1426,5238
1426,5377
1426,6453
1427,1504
1427,4508
1427,5849
1428,1872
1428,4553
1431,187
1431,328
1431,1358
1431,3115
1431,3213
1431,7328
1432,12136
1433,3170
1433,6289
1441,5220
1442,6197
1444,1957
1444,6511
1445,5866
1449,2083
1449,2328
1449,5321
1449,6076
1449,6148
1450,39
1450,2488
1450,3473
1450,5326
1450,5776
1451,5691
1451,5790
1451,6318
1455,1684
1455,2328
1455,2581
1455,3806
1455,5603
1455,5780
1455,5853
1457,835
1457,5247
1458,2961
1458,3186
1458,5511
1458,5717
1458,6196
1460,5505
1461,1203
1461,1565
1461,2340
1461,3473
1461,4578
1461,5369
1464,846
1464,2043
1464,3794
1464,6035
1466,4301
1466,4807
1467,3935
1471,4980
1471,6065
1475,4978
1476,4990
1476,5839
1478,1656
1478,5729
1480,2082
1480,3823
1480,5194
1480,5308
1480,5721
1481,4045
1481,5839
1482,1893
1482,5264
1483,1109
1483,5420
1483,5823
1489,5935
1490,1892
1490,2714
1490,3794
1493,3519
1494,5949
1499,2320
1499,5616
1499,5881
1499,5891
1501,2086
1501,2664
1502,2367
1502,6017
1502,7328
1503,533
1503,5309
1504,950
1504,1901
1504,5226
1505,1591
1506,6104
1508,3726
1508,7449
1509,522
1515,5308
1516,1252
1516,2180
1516,5452
1516,5572
1517,2450
1517,3861
1517,4043
1517,4121
1518,2826
1518,3001
1519,2080
1519,5944
1520,2585
1520,5691
1522,4872
1523,5168
1523,5674
1525,5776
1528,4045
1529,3288
1539,1852
1539,2596
1539,4188
1539,5884
1539,6117
1539,6422
1543,5037
1544,2418
1544,3598
1544,5503
1544,12338
1546,1066
1546,1423
1547,5318
1547,5963
1547,5974
1548,1531
1548,4332
1549,1529
1549,2856
1549,5398
1549,6090
1549,6489
1550,2160
1550,5582
1551,1352
1551,1374
1551,1901
1551,7382
1552,2184
1552,2982
1552,3266
1552,5994
1552,6424
1553,2798
1553,6464
1553,6583
1554,1813
1554,1817
1554,3508
1554,6289
1556,1592
1556,5308
1556,5855
1556,5898
1556,7658
1557,703
1557,4556
1558,796
1558,3447
1560,2043
1560,2612
1560,4040
1560,4332
1560,5944
1561,617
1561,4654
1561,5424
1562,3845
1563,5215
1563,5495
1563,5935
1563,7402
1564,783
1564,1957
1564,3140
1564,5037
1564,5613
1564,5788
1564,5898
1565,1504
1565,3362
1566,1585
1567,1908
1567,5150
1567,5163
1567,5488
1569,4126
1570,5227
1571,706
1571,6160
1573,3987
1573,4793
1573,6450
1579,987
1579,5523
1580,2518
1580,3506
1580,3846
1580,5565
1580,7382
1580,7629
1581,1563
1581,4347
1581,5114
1581,6701
1581,7402
1581,7643
1582,3386
1582,5404
1588,5013
1588,5022
1588,6137
1588,6354
1588,13616
1589,82
1590,5347
1591,57
1591,5573
1592,5079
1592,5532
1592,5776
1593,4332
1595,5696
1595,6368
1597,5573
1598,1706
1598,4188
1598,5202
1598,5282
1606,705
1606,2411
1606,3003
1608,399
1608,549
1608,2115
1610,2435
1610,5517
1611,2059
1611,6190
1612,1117
1612,2647
1615,2586
1615,3227
1615,4300
1615,5215
1615,7615
1616,849
1620,5933
1621,1153
1621,2043
1621,5130
1621,6250
1622,3259
1622,4462
1623,3386
1623,4304
1623,5282
1625,491
1625,1835
1625,2340
1625,2612
1625,4863
1625,6031
1625,6117
1625,6415
1626,1531
1626,1716
1626,5238
1626,6240
1629,5347
1629,5497
1629,5517
1630,1292
1630,2102
1630,2934
1630,3535
1630,4699
1630,5139
1631,5568
1631,5589
1632,5343
1633,3963
1633,4959
1633,5371
1634,4231
1635,545
1635,2585
1635,4778
1637,1224
1637,6396
1639,3082
1643,109
1643,1905
1643,2355
1643,2612
1643,5122
1643,5148
1643,6137
1644,177
1648,1412
1648,1501
1648,2018
1652,2802
1652,5408
1652,5871
1652,6148
1654,1614
1654,2435
1654,5517
1654,6147
1655,6363
1660,7575
1661,6096
1662,1215
1667,1012
1667,1392
1667,3355
1668,1564
1669,5952
1672,4933
1673,5341
1679,3649
1680,3418
1683,5780
1684,2033
1684,2083
1684,4014
1684,4188
1684,5603
1684,5780
1684,5920
1686,3115
1686,5037
1690,1531
1690,2043
1690,3794
1690,4332
1690,5885
1693,603
1693,6399
1694,1832
1694,4344
1694,4535
1694,4590
1694,5836
1696,1832
1701,2026
1701,5320
1701,5408
1701,6377
1701,6451
1702,7354
1703,4038
1703,4188
1703,5282
1703,6211
1705,296
1705,6718
1706,950
1706,4126
1708,5535
1709,2034
1709,3574
1709,3696
1709,4351
1709,5063
1709,5170
1709,5341
1710,3334
1711,4644
1711,5247
1711,5347
1712,5877
1712,6174
1714,987
1714,1155
1714,1579
1714,3448
1714,5008
1715,1122
1715,1320
1715,4263
1715,4590
1716,950
1716,1531
1716,4332
1716,4408
1716,5116
1716,5238
1718,5037
1718,5515
1718,6314
1719,516
1720,1572
1721,5684
1721,5745
1723,5576
1725,1031
1727,6137
1731,5750
1732,1181
1732,3639
1732,6218
1734,1283
1734,1835
1734,2154
1734,3058
1734,4070
1734,4778
1734,5282
1734,5963
1739,4103
1739,4701
1739,5503
1739,5866
1739,13680
1740,1768
1740,5702
1743,3113
1743,4725
1744,4413
1744,5442
1744,6103
1746,2232
1749,5289
1749,5567
1751,938
1751,6014
1752,942
1752,5168
1752,5780
1752,5863
1752,7647
1755,5269
1755,7421
1757,545
1757,549
1757,2647
1760,7596
1761,1504
1761,2593
1761,6208
1762,929
1762,2427
1767,2426
1767,4969
1767,6371
1767,6390
1769,3426
1772,57
1772,5289
1773,4664
1775,4351
1777,5264
1777,6206
1778,6467
1779,2958
1779,4113
1779,6251
1780,5420
1784,205
1784,1652
1784,2802
1784,3563
1784,3671
1784,5871
1784,6148
1786,1388
1786,7146
1787,5237
1787,5577
1790,6535
1792,2256
1792,4718
1792,5697
1792,5839
1792,6148
1792,6377
1793,2488
1793,2585
1793,4937
1793,4972
1793,5264
1793,5308
1793,5636
1793,5898
1793,7576
1794,1976
1794,3837
1794,5460
1795,1717
1795,1922
1795,4313
1795,5557
1798,1222
1799,3583
1799,3917
1799,4830
1802,1863
1802,4470
1802,4984
1802,5366
1802,5393
1803,5640
1804,6374
1806,3907
1813,1554
1813,1817
1813,3508
1814,2971
1817,3508
1818,5604
1822,5691
1822,5790
1823,1042
1826,4258
1826,6518
1827,5916
1828,3682
1828,6091
1833,2727
1835,2115
1835,2612
1835,5963
1835,6288
1836,5439
1837,2189
1837,4258
1837,4342
1837,7562
1838,5913
1839,3781
1839,6093
1840,5980
1840,6016
1840,7418
1841,803
1841,1531
1841,4332
1841,4823
1841,5190
1841,7486
1841,12150
1843,3535
1843,5282
1843,6003
1845,950
1845,2083
1845,5282
1846,2790
1847,6525
1848,2080
1848,4154
1848,5776
1848,5780
1850,2367
1850,6121
1850,6322
1850,7444
1852,2596
1852,5282
1852,5797
1852,6114
1853,2586
1853,3733
1854,4835
1855,127
1856,3132
1856,4745
1856,7574
1859,2376
1861,5713
1863,3802
1863,4309
1863,6196
1866,5308
1869,1147
1869,5347
1869,5497
1870,3404
1870,6289
1872,4553
1873,5457
1876,1836
1876,5237
1878,2555
1878,5565
1882,4981
1884,783
1884,1153
1884,3140
1884,5037
1884,5898
1884,6233
1884,6293
1886,3926
1886,6289
1887,5640
1893,3802
1896,5732
1897,940
1900,1031
1900,3696
1902,119
1902,7288
1903,6345
1904,3172
1904,5399
1907,19
1907,3392
1907,3404
1907,6289
1907,12417
1908,5150
1908,5163
1908,6114
1912,1591
1914,857
1914,980
1914,1577
1914,2308
1914,3032
1916,4605
1916,5640
1917,2753
1917,4419
1918,3091
1923,5040
1923,5640
1928,1591
1928,4332
1928,5573
1929,140
1929,152
1929,3735
1930,16
1930,1942
1930,4561
1930,5261
1930,5453
1932,3484
1932,6061
1936,6002
1937,438
1937,2726
1937,3504
1937,5357
1937,6452
1937,7586
1937,12230
1939,4989
1939,5042
1939,5277
1939,5411
1941,2367
1941,3745
1941,5037
1941,5524
1941,5769
1942,5195
1942,5261
1946,5841
1947,1531
1947,5729
1947,5918
1948,2355
1950,6279
1951,6363
1952,5282
1952,6451
1957,1531
1957,2043
1957,5879
1959,5239
1961,6206
1962,936
1962,6002
1964,1222
1967,5780
1969,2062
1969,5074
1971,4599
1971,5155
1973,907
1973,986
1973,1965
1973,2664
1973,5635
1974,4577
1974,5213
1974,5627
1976,5555
1978,5841
1978,6081
1979,545
1979,3011
1979,3049
1979,3452
1979,5129
1979,6503
1979,13675
1980,3671
1980,4693
1980,6514
1981,1426
1981,2872
1981,4332
1983,1870
1983,2340
1983,3818
1983,4055
1984,3048
1984,5203
1984,5480
1984,6162
1984,6163
1985,846
1985,996
1985,4992
1985,5452
1986,3011
1986,5233
1989,1592
1989,2340
1989,4506
1990,6148
1992,1619
1994,2145
1994,2210
1994,3318
1994,3377
1994,4334
1994,5460
1994,6143
1994,6332
1995,1529
1995,1765
1995,2374
1995,6090
1995,6346
1996,5264
1996,5276
1997,3811
1998,7416
1999,5280
2003,6379
2005,5491
2007,5764
2008,4351
2008,5594
2010,5983
2010,6490
2011,2586
2011,6234
2013,5408
2013,6451
2013,6535
2014,1371
2015,3987
2018,2400
2019,653
2019,3115
2019,4600
2023,3404
2023,6175
2024,1835
2024,5585
2026,5408
2026,6148
2028,1316
2028,5526
2029,3692
2029,5341
2029,5754
2033,1817
2033,3508
2033,6271
2034,7676
2035,3360
2035,4036
2036,5197
2038,1986
2042,2465
2042,3230
2043,4332
2043,5120
2043,5227
2043,6449
2046,2320
2046,5716
2047,5529
2049,7593
2050,1647
2051,5834
2052,952
2052,3696
2052,4351
2052,4551
2052,5918
2052,6502
2054,4723
2057,3213
2059,2612
2059,5541
2061,5030
2063,3896
2063,5379
2063,5465
2064,4408
2066,620
2066,794
2066,3097
2066,5016
2066,6274
2069,5529
2070,545
2070,1431
2070,3090
2070,5748
2070,7699
2072,2083
2072,3728
2072,5083
2072,5116
2072,5282
2074,1466
2075,5514
2077,2411
2077,5886
2080,3404
2080,6387
2080,7558
2082,533
2082,2156
2082,4251
2082,5248
2082,6063
2082,6530
2083,2156
2083,5409
2084,2996
2084,5308
2085,4998
2085,6375
2087,2373
2087,3692
2089,5810
2090,3159
2091,1806
2091,2014
2095,4778
2098,2586
2098,3049
2098,3733
2098,4300
2098,7615
2100,1445
2100,2032
2100,3249
2100,5936
2101,3721
2102,4699
2103,3002
2104,5432
2105,5963
2106,484
2106,2693
2106,2739
2106,5409
2106,6193
2106,6421
2108,1457
2108,2145
2108,5814
2108,5983
2109,950
2109,4408
2111,3029
2111,5412
2112,3575
2116,549
2116,5495
2119,3115
2119,7295
2120,1591
2121,5282
2121,5904
2121,6535
2123,2755
2126,4967
2127,3307
2127,7515
2127,7553
2131,1572
2131,2017
2131,3404
2131,5857
2131,6289
2131,6512
2142,4096
2142,6252
2144,1279
2144,4811
2144,5383
2144,6041
2144,6210
2144,6359
2145,1457
2145,3436
2145,5814
2145,5983
2145,6195
2147,1051
2150,1957
2150,4972
2151,1255
2151,5794
2151,6054
2151,6145
2154,5963
2159,4753
2160,2542
2160,3667
2160,4181
2160,5582
2160,5956
2161,2003
2161,6379
2163,1031
2163,1056
2163,1725
2163,2416
2163,2585
2163,3378
2163,4313
2163,4884
2164,212
2164,4529
2164,7424
2164,7611
2165,6049
2166,2064
2166,3873
2166,4408
2166,5295
2166,5776
2166,5780
2166,6250
2166,7394
2167,49
2172,986
2172,1965
2172,1973
2172,5831
2177,4977
2177,5411
2177,6277
2180,960
2180,3702
2180,4614
2180,6039
2184,5258
2189,5258
2189,6374
2190,942
2190,2757
2190,3404
2190,3508
2190,5308
2193,5209
2194,632
2194,1531
2194,1716
2194,5998
2194,7304
2194,12150
2195,2093
2197,1166
2197,4613
2197,5937
2197,5959
2197,5987
2197,6169
2197,6219
2197,6329
2197,7574
2200,337
2200,1015
2200,1979
2200,1998
2200,3563
2205,1968
2205,6008
2206,3165
2206,3208
2206,3473
2206,3650
2206,3875
2206,3916
2206,4554
2206,4766
2206,5825
2206,6442
2206,7596
2207,3060
2210,2735
2211,1531
2211,4802
2211,5238
2214,1854
2215,1372
2215,7381
2216,7570
2217,3426
2217,3574
2217,6049
2217,6318
2218,2586
2220,1106
2220,5304
2220,5452
2220,5973
2222,1482
2222,5855
2222,7658
2224,117
2224,3334
2224,5319
2228,5978
2236,4755
2237,1862
2242,2596
2245,4797
2248,3809
2248,4332
2248,5264
2250,3692
2251,1249
2251,2937
2256,5202
2264,1279
2264,2144
2264,4644
2264,5317
2264,5342
2264,5574
2264,6210
2264,6359
2267,4762
2268,1388
2268,5780
2270,3908
2271,399
2271,2571
2274,3188
2275,7552
2277,6442
2279,932
2279,4830
2279,6518
2282,1901
2283,3496
2286,5495
2287,4408
2287,5565
2288,1833
2288,6144
2291,4408
2295,2016
2295,4959
2296,899
2296,1179
2297,3696
2297,6007
2298,3361
2299,5904
2299,6535
2300,3717
2300,6434
2301,6188
2302,5233
2305,5491
2306,6034
2306,7133
2308,2818
2308,3655
2308,6178
2309,2314
2309,5517
2309,6332
2310,4408
2310,4642
2312,1388
2312,1427
2312,5447
2313,1531
2313,2043
2313,4332
2313,6250
2318,1632
2318,5255
2319,5298
2319,5835
2319,6186
2321,2359
2321,6371
2323,2722
2323,5195
2324,645
2326,1986
2326,3011
2326,3049
2327,2064
2328,1351
2328,3441
2328,4126
2328,5282
2328,5776
2328,5780
2328,5839
2328,5897
2328,7599
2329,399
2335,1579
2337,85
2338,399
2338,2106
2338,5022
2338,6137
2338,7279
2340,2542
2340,4506
2341,6075
2342,968
2342,1696
2342,3802
2343,672
2343,5215
2345,4989
2345,6535
2346,364
2346,2368
2346,2411
2346,2867
2348,13643
2352,4648
2354,3116
2355,921
2355,7279
2357,1056
2357,4073
2357,6007
2359,3935
2359,6371
2360,328
2360,2375
2360,4614
2360,6066
2360,6399
2361,4183
2364,1437
2366,1527
2366,5227
2366,6144
2367,7553
2368,2411
2370,1901
2370,6525
2373,5341
2373,6049
2374,1529
2374,1765
2374,2856
2374,6090
2375,568
2375,579
2375,5349
2375,5960
2376,2154
2376,5963
2377,2607
2377,4482
2377,5551
2377,12372
2378,3770
2379,1048
2379,4553
2379,6279
2382,2524
2382,2536
2390,157
2390,486
2390,533
2393,1059
2393,2307
2393,6442
2396,9219
2399,3002
2400,773
2402,2987
2409,1259
2409,4188
2409,5227
2409,5282
2410,987
2410,5867
2413,545
2413,5776
2413,13643
2414,1387
2414,1793
2414,5488
2414,7693
2416,1031
2416,1056
2416,1604
2416,2585
2416,3091
2416,5918
2417,602
2418,66
2418,5405
2418,5503
2418,5866
2418,6039
2418,7325
2418,7647
2419,2431
2419,5546
2419,5944
2419,6490
2421,2328
2421,3049
2421,3428
2424,3231
2424,3438
2424,5713
2426,5989
2427,1194
2427,1901
2427,6031
2428,3262
2429,1373
2429,1746
2429,3395
2429,4213
2429,5250
2429,5548
2429,11574
2430,3745
2430,5037
2430,6322
2431,2572
2431,2596
2431,2919
2434,2182
2434,4926
2434,5887
2435,3891
2435,5511
2435,5517
2435,5717
2437,6271
2438,539
2438,3333
2439,1982
2439,2804
2441,3091
2445,2290
2445,5309
2445,5747
2446,5295
2446,5518
2446,7081
2447,2974
2447,3467
2447,12462
2448,5973
2449,1141
2449,2537
2449,6097
2449,6270
2452,3188
2454,936
2454,6002
2455,5002
2456,3068
2456,3639
2457,399
2460,1148
2460,1889
2460,1976
2460,5674
2460,5947
2460,6049
2461,5336
2461,12465
2464,866
2464,1918
2464,4351
2464,5509
2464,6007
2466,3287
2466,3872
2467,7688
2468,6251
2468,7609
2471,705
2472,1371
2472,5066
2472,6157
2472,6477
2474,905
2474,1278
2474,2537
2474,2626
2474,5074
2474,6173
2474,6465
2478,3675
2481,1234
2482,5963
2486,1968
2487,2043
2487,6530
2488,1531
2488,6280
2489,283
2489,3441
2489,5331
2489,5978
2491,489
2491,1351
2491,1683
2491,2068
2491,2412
2491,6421
2491,7409
2492,1279
2492,4811
2492,5317
2492,5383
2492,6210
2492,6359
2493,4621
2493,4804
2494,2185
2494,4239
2494,5911
2495,208
2495,632
2495,853
2495,1531
2495,1716
2495,5238
2495,5879
2495,7304
2498,4428
2501,3836
2503,2189
2507,1901
2507,4043
2507,4263
2509,2537
2509,4623
2509,4804
2509,5768
2509,7596
2510,325
2510,2307
2512,1059
2512,5935
2512,7402
2516,1473
2517,619
2517,5181
2517,5248
2517,5336
2518,4769
2518,5309
2518,5801
2518,6271
2519,938
2519,3929
2519,4103
2519,5564
2522,566
2522,1372
2522,6484
2524,5268
2524,6106
2524,7552
2525,2068
2525,2489
2525,3935
2525,5728
2525,5801
2525,6271
2525,6415
2525,6451
2526,468
2526,1281
2526,5181
2526,5336
2526,7681
2529,2663
2532,4862
2532,5817
2536,5268
2537,3438
2537,5840
2541,1388
2541,7324
2545,1504
2545,2309
2545,3846
2549,803
2549,1162
2549,2037
2549,3314
2549,6465
2550,2152
2550,5071
2550,5947
2551,4612
2554,6219
2554,6315
2556,399
2556,1351
2556,2328
2556,3674
2556,4033
2557,1225
2563,4245
2563,5308
2563,5526
2564,842
2564,1800
2564,3217
2564,3375
2564,3733
2567,1004
2568,13623
2571,13
2571,1684
2571,2338
2571,4188
2571,5022
2571,5282
2571,5603
2571,5963
2571,6076
2573,2755
2573,3671
2573,4071
2573,5355
2573,6193
2578,278
2578,3682
2578,7508
2580,1077
2580,1647
2580,5369
2580,5438
2580,6362
2581,2328
2581,3728
2581,4287
2581,6076
2581,7599
2582,2156
2582,5227
2583,2585
2583,2698
2583,3696
2583,4872
2583,5623
2583,5767
2583,5785
2583,6007
2583,6098
2583,6502
2583,13643
2585,1031
2585,5200
2586,5233
2588,5016
2588,6274
2589,1712
2589,2083
2589,2156
2589,6220
2590,5790
2593,4886
2593,6208
2599,1499
2599,3524
2599,4753
2599,5881
2600,2598
2605,1640
2605,4279
2607,614
2607,5322
2607,5551
2607,7356
2609,6073
2610,6270
2612,1531
2612,2043
2612,4332
2613,1699
2614,5333
2615,2001
2616,3825
2617,3802
2617,4334
2618,3231
2618,6113
2619,2178
2622,1531
2622,2043
2622,3471
2622,4972
2622,5636
2622,5692
2622,6362
2625,3404
2625,6289
2627,549
2627,4762
2629,3923
2630,6030
2631,5389
2632,1156
2632,2310
2632,3535
2632,4408
2632,5083
2632,5963
2633,5309
2633,6271
2634,4295
2634,5904
2634,6316
2637,2612
2637,2665
2637,2693
2637,2739
2637,3866
2637,6193
2638,1222
2638,1793
2638,1835
2638,2376
2638,2612
2638,2949
2638,4778
2638,5139
2638,5355
2638,6008
2638,6117
2638,6309
2638,7535
2639,399
2640,4535
2641,6067
2641,6289
2646,1531
2647,1388
2647,2730
2648,2971
2649,425
2649,4614
2651,5083
2651,5282
2651,6148
2652,2341
2653,6289
2654,2187
2654,6137
2654,7279
2655,2735
2655,4761
2658,3546
2658,6270
2658,6271
2659,6090
2664,2310
2664,5599
2664,5635
2664,7706
2665,2739
2665,3866
2665,4040
2665,4279
2665,4408
2665,6193
2667,846
2667,1106
2667,1516
2667,2220
2667,5304
2667,5452
2667,6149
2668,1024
2672,5904
2672,6148
2674,1661
2674,6096
2674,7564
2675,5083
2675,5282
2676,451
2676,5000
2677,3404
2678,2034
2678,3664
2678,5850
2683,5834
2690,5092
2694,1579
2696,1375
2696,1661
2696,2812
2696,2955
2696,3805
2696,3872
2696,6096
2697,6445
2698,4872
2698,5767
2701,1031
2701,1056
2701,2416
2701,2585
2701,4351
2701,5341
2702,6093
2705,1603
2705,1920
2705,2082
2705,2607
2705,3823
2705,4075
2705,4602
2705,5743
2705,5882
2705,6193
2706,1388
2706,2730
2706,3074
2707,4036
2712,533
2712,5194
2712,6063
2713,7559
2714,1235
2714,1758
2714,1872
2714,2064
2714,4375
2714,4408
2714,5747
2714,6134
2714,7394
2717,5704
2718,6270
2720,5845
2724,1992
2725,1717
2725,1946
2725,4156
2725,5918
2726,2083
2726,2517
2726,2739
2726,3504
2726,5083
2726,5282
2726,5877
2726,6452
2726,7643
2726,12230
2728,3183
2728,5285
2729,13579
2729,13591
2732,1886
2732,2665
2732,5373
2732,5780
2733,2735
2734,5352
2734,5616
2734,5876
2734,6411
2736,5780
2738,1067
2738,2971
2738,5850
2739,2156
2739,2693
2739,5227
2739,5954
2739,6193
2740,5156
2740,5439
2743,6220
2745,2428
2745,2516
2745,6390
2746,1445
2746,3249
2746,3869
2746,4438
2746,8465
2747,6289
2748,1235
2748,4408
2748,6134
2750,2340
2750,4038
2750,4221
2750,5282
2751,5128
2751,5776
2754,1268
2754,3391
2754,4937
2754,5130
2755,4071
2755,5355
2756,1531
2756,2043
2756,3803
2756,5453
2756,5868
2756,12357
2757,2827
2757,5983
2758,3802
2758,4984
2758,6058
2758,6196
2758,6212
2758,6492
2760,2556
2760,7332
2760,7443
2763,681
2763,5289
2763,6169
2763,9291
2765,1181
2765,3230
2766,4761
2766,5541
2770,2647
2770,2730
2770,3441
2771,3485
2772,5413
2778,3404
2780,3285
2780,5120
2781,1773
2781,3929
2781,4664
2781,4977
2781,7283
2784,1403
2787,3455
2789,52
2793,2062
2797,4933
2797,5797
2799,3839
2800,3165
2800,3660
2800,6065
2802,2256
2802,5202
2802,6148
2804,6491
2809,1861
2809,5713
2811,2669
2811,5442
2811,5910
2811,6450
2812,1661
2812,3872
2812,6096
2815,3261
2815,3870
2816,1447
2816,2654
2816,5022
2816,5264
2816,5781
2816,5954
2816,6137
2820,1337
2820,1623
2820,1845
2820,2328
2820,2581
2820,3728
2820,3980
2820,5259
2820,5282
2820,5597
2820,6076
2820,6422
2820,7599
2824,4997
2828,1839
2828,4984
2828,5247
2830,4696
2830,6535
2833,3167
2834,1952
2834,2072
2834,2083
2834,5083
2834,5282
2835,4990
2835,5839
2835,6415
2837,4872
2837,5785
2837,6007
2838,4338
2838,4864
2838,5283
2838,5581
2838,6088
2839,4898
2840,2856
2841,2994
2841,5627
2841,5991
2842,3923
2843,7575
2845,969
2845,1234
2845,3212
2845,4027
2845,4240
2845,5574
2845,5913
2846,13672
2848,1762
2848,2572
2848,3082
2848,3267
2848,4000
2849,2444
2851,85
2851,950
2852,4972
2852,5264
2852,6419
2852,6530
2852,7617
2854,6093
2856,3026
2859,2336
2860,394
2861,2596
2861,4188
2861,6114
2862,6251
2863,4967
2864,1569
2864,1706
2864,2596
2864,2861
2865,3383
2865,5092
2866,5043
2866,5049
2867,178
2872,1531
2872,2043
2872,4040
2872,4332
2872,5473
2875,5599
2875,7647
2878,5524
2878,7515
2879,1403
2879,3636
2879,4341
2879,4388
2882,1313
2882,4408
2882,5617
2884,4762
2888,1901
2888,3828
2888,5139
2888,5974
2890,2662
2892,5336
2894,2843
2895,1597
2898,1805
2898,6565
2898,7596
2899,1437
2899,1568
2899,1949
2902,3209
2902,4960
2902,5743
2902,5788
2902,7690
2903,6542
2907,969
2908,212
2908,7424
2909,1946
2909,2416
2909,4017
2909,5918
2911,4295
2911,7593
2912,2043
2912,2187
2913,2871
2915,2059
2915,4926
2916,7146
2924,5797
2926,208
2926,680
2926,853
2930,533
2932,1388
2932,1637
2932,2647
2932,2730
2932,13643
2933,879
2933,2537
2933,6229
2934,1292
2934,1630
2934,4070
2934,5139
2934,5318
2934,5788
2935,4387
2937,1845
2937,2083
2937,2156
2937,5083
2937,5282
2939,1848
2939,5927
2939,6008
2946,333
2946,6525
2947,1031
2947,3259
2947,4462
2949,399
2949,1785
2950,545
2950,1059
2950,5918
2950,6008
2951,866
2951,1031
2951,2416
2951,3091
2951,3597
2951,4271
2951,6281
2952,2059
2952,3206
2952,4549
2952,5264
2954,3438
2955,3872
2955,6096
2957,4163
2957,6227
2958,4113
2958,6251
2961,4408
2964,5846
2965,3984
2965,5248
2965,5336
2965,5831
2969,737
2969,2970
2969,5539
2971,1067
2972,6294
2972,7565
2973,2431
2973,2572
2973,2625
2973,3728
2973,4075
2973,5797
2973,6148
2979,3027
2980,1531
2980,1716
2980,4332
2980,5238
2980,5807
2980,6250
2981,4106
2983,609
2983,914
2983,6396
2986,2094
2986,3268
2986,5176
2988,936
2988,6002
2988,7480
2993,5640
2995,4788
2995,6246
2998,5807
2998,6025
2998,6530
3001,124
3001,2826
3001,3168
3002,224
3002,4960
3002,5184
3002,5672
3003,2411
3007,5016
3007,6274
3008,4638
3008,5776
3008,5780
3010,933
3010,4838
3010,6442
3013,1531
3013,3667
3013,4332
3013,7486
3019,1328
3019,2519
3021,2220
3022,4332
3022,5295
3023,5487
3025,575
3025,1153
3025,5670
3025,7493
3025,7553
3025,7564
3026,6163
3028,5568
3029,5129
3030,5080
3030,7592
3031,6414
3033,3153
3036,678
3036,2654
3036,2816
3036,5122
3036,5148
3036,5640
3036,5781
3036,6137
3036,6358
3036,7611
3039,1136
3039,4442
3039,7546
3040,4783
3040,5247
3041,299
3043,5960
3045,4481
3045,6536
3047,1099
3047,2802
3048,3026
3048,5480
3049,2586
3049,3011
3049,5233
3049,5761
3051,1338
3053,5839
3053,5904
3054,4736
3055,1222
3055,6478
3056,1836
3056,3102
3057,1136
3057,3039
3057,7546
3058,1835
3058,2154
3058,2310
3058,5780
3058,5963
3060,2207
3062,5898
3067,1843
3067,2596
3067,3261
3067,4232
3067,4876
3068,950
3068,3639
3068,5974
3070,891
3070,3866
3070,5002
3071,5647
3073,1531
3073,2043
3073,2310
3073,4332
3073,5636
3075,4152
3075,5283
3075,5518
3075,6213
3082,5355
3082,5597
3083,3115
3083,6314
3084,987
3084,1671
3085,771
3085,7444
3087,4037
3088,2307
3089,4656
3090,545
3091,1031
3093,681
3095,2758
3095,3802
3095,4984
3095,5105
3095,5203
3095,5393
3095,5924
3095,6058
3095,6196
3095,6243
3097,5275
3097,6530
3098,2435
3098,5517
3105,5804
3106,1235
3106,1504
3106,3794
3106,3846
3106,4408
3106,4548
3109,418
3109,1907
3109,3392
3109,3916
3109,3969
3109,6442
3110,2697
3114,1252
3114,7565
3115,567
3115,6314
3115,6322
3117,5511
3117,5717
3121,111
3121,2625
3121,3404
3121,6289
3121,6387
3121,7558
3124,7595
3125,1141
3125,2714
3125,3546
3125,6270
3125,7394
3126,5719
3127,5565
3130,5960
3132,248
3132,1370
3133,1358
3133,5470
3136,4789
3137,1824
3137,3982
3137,6441
3137,7701
3138,1653
3138,2861
3138,4221
3138,5834
3140,1592
3140,5079
3141,472
3141,1181
3141,2043
3141,2495
3141,4940
3141,5264
3141,5636
3141,6362
3142,4556
3143,217
3143,6160
3144,161
3144,5172
3147,4548
3147,5226
3150,3213
3150,6089
3151,3676
3160,1708
3160,5535
3161,2145
3161,2666
3161,6332
3163,5349
3163,12239
3164,2328
3164,2750
3164,5963
3164,6003
3164,6076
3168,3001
3168,5475
3169,3923
3172,5399
3173,1457
3173,2016
3173,2857
3173,3704
3173,4386
3173,5509
3173,7596
3175,906
3179,4453
3180,1640
3180,2605
3180,4279
3181,4351
3181,5850
3182,545
3182,1403
3182,4388
3182,13643
3184,973
3184,1366
3184,3823
3184,5797
3184,7291
3186,950
3186,3165
3187,3162
3187,4081
3191,1939
3191,2581
3191,2596
3191,6117
3191,6422
3191,7133
3192,4102
3192,4332
3195,5240
3200,533
3200,1106
3200,1313
3200,1606
3200,2220
3200,2346
3200,2368
3200,2411
3200,3003
3200,5304
3200,5540
3200,5886
3201,1835
3201,5776
3201,5780
3201,6106
3201,6316
3204,969
3205,1876
3205,3555
3206,1647
3206,4839
3209,4740
3209,4762
3209,4922
3210,2207
3210,3060
3210,6187
3212,5491
3212,5574
3212,6458
3213,667
3214,2440
3215,7334
3217,1679
3217,2596
3217,2816
3217,3702
3217,5382
3217,5865
3218,3056
3218,6318
3221,4875
3222,1531
3222,5603
3222,6521
3223,950
3223,1531
3223,2612
3223,4332
3223,5890
3226,885
3227,151
3227,672
3227,5215
3228,1388
3228,2219
3228,2647
3228,3201
3228,5780
3229,1044
3229,1734
3229,2585
3229,3228
3229,3810
3229,5963
3231,3438
3232,1785
3232,5780
3233,1178
3234,1031
3234,1056
3234,1900
3234,2416
3234,3696
3234,4351
3234,5334
3235,5479
3235,5517
3235,6512
3237,1252
3237,7565
3240,2996
3243,5776
3243,5780
3244,2289
3244,2875
3244,3002
3244,3875
3245,5915
3246,1531
3246,1626
3246,1716
3246,2980
3246,3028
3246,3186
3246,3674
3246,4542
3246,5282
3246,5603
3246,7486
3246,12150
3248,2068
3248,2412
3248,2539
3248,4097
3248,5978
3253,4208
3254,6289
3255,2660
3256,3438
3257,2094
3259,2907
3259,4462
3259,6007
3260,1661
3260,3287
3260,3872
3260,6096
3261,3048
3261,5480
3262,4778
3263,915
3263,1756
3263,1852
3263,2596
3263,3650
3263,4188
3263,5282
3263,5526
3263,6117
3263,6422
3263,6442
3264,5517
3264,5717
3269,6535
3271,2043
3274,950
3274,5282
3274,7707
3275,3384
3275,6591
3276,964
3276,1387
3276,3863
3276,6371
3283,5264
3283,5898
3283,6206
3283,6362
3284,3439
3284,3581
3284,4683
3284,5583
3284,5603
3284,6496
3284,7672
3285,950
3285,5264
3285,5308
3285,5879
3285,5885
3285,6511
3287,3418
3287,3872
3288,6163
3290,3264
3290,5316
3290,6332
3291,2572
3292,5555
3293,1907
3293,2750
3293,3164
3293,4104
3293,4156
3293,4408
3293,5227
3296,2575
3296,2589
3296,3036
3296,4942
3296,5022
3296,5122
3296,6137
3296,7279
3298,5233
3299,633
3300,3123
3300,6369
3304,4535
3307,742
3307,1850
3307,2367
3307,5524
3307,7515
3307,7553
3308,4991
3312,4015
3312,4104
3312,5062
3313,1178
3313,3062
3313,3546
3313,7382
3314,1178
3315,1752
3316,3441
3316,4279
3316,5202
3316,5303
3316,5597
3316,5780
3316,6034
3316,7344
3317,399
3317,2632
3317,4408
3317,5224
3321,5937
3323,950
3323,1531
3323,3639
3323,5868
3323,6031
3326,3386
3326,3824
3326,4045
3326,4990
3326,6451
3327,1843
3327,2043
3327,2298
3327,2739
3327,4040
3328,846
3328,2974
3328,3909
3328,5370
3330,4778
3330,4901
3330,5116
3332,1270
3333,4978
3333,7684
3337,3527
3343,5526
3348,988
3349,1015
3349,1979
3352,52
3352,623
3352,6174
3353,6091
3355,1012
3355,6196
3359,721
3360,4886
3360,5237
3360,6103
3363,514
3363,3682
3364,3218
3365,5125
3367,5370
3369,7581
3370,3334
3370,6736
3377,6490
3378,5686
3380,1106
3380,2220
3383,2677
3383,3404
3383,6213
3384,5660
3384,5857
3389,2435
3389,6030
3391,2099
3392,1592
3392,2542
3392,3404
3392,5581
3392,6387
3395,1531
3395,3488
3395,4332
3397,5282
3398,5983
3402,6352
3403,1140
3403,2665
3403,3866
3403,5866
3403,6209
3406,85
3407,1160
3407,5898
3407,6362
3416,1063
3416,2059
3416,4977
3416,5308
3416,5405
3416,6384
3416,6403
3416,6475
3417,708
3417,1281
3417,7681
3417,12195
3420,3091
3421,2662
3422,4318
3422,7466
3425,4043
3425,5531
3425,5857
3427,394
3427,2083
3427,2156
3427,5227
3427,5311
3428,1181
3434,125
3434,6337
3434,6564
3434,7383
3438,5713
3439,1259
3441,5839
3441,6316
3447,296
3447,3213
3447,4955
3447,6718
3448,987
3448,1135
3448,4276
3454,1093
3454,2878
3454,7414
3454,7493
3461,4638
3464,3909
3464,5267
3465,1654
3465,2445
3465,3671
3465,4006
3465,4134
3465,5316
3465,6084
3467,2974
3468,2730
3468,4678
3468,5382
3468,6257
3470,1215
3471,2150
3471,4972
3471,5238
3471,7304
3472,1769
3472,1950
3472,4232
3472,4369
3472,6279
3473,1690
3473,2340
3473,3794
3473,4578
3473,5228
3473,5308
3479,4086
3480,2256
3480,5697
3484,6061
3488,2023
3488,2043
3488,2739
3488,4040
3488,4332
3488,5282
3492,6196
3495,1640
3495,2370
3495,2605
3495,4279
3497,1181
3497,2714
3497,2765
3497,3428
3497,3752
3497,5180
3497,5522
3497,6134
3497,6339
3498,6535
3504,2083
3504,2156
3504,2589
3504,2739
3504,3728
3504,5227
3504,5597
3504,6421
3506,6271
3507,1836
3509,6347
3509,7396
3510,2187
3510,2338
3510,2571
3510,4605
3510,5022
3510,5963
3510,6137
3511,5750
3512,3438
3512,6136
3513,5785
3515,2907
3519,575
3519,6035
3521,2740
3521,5467
3521,6103
3523,1258
3523,1631
3524,2320
3524,5616
3524,5881
3524,5891
3525,3167
3529,1982
3529,2439
3530,7426
3531,617
3531,1920
3531,2043
3532,516
3532,5292
3533,4369
3535,2310
3535,4642
3535,7706
3537,4968
3537,6030
3539,106
3539,2082
3539,2664
3539,4695
3539,7308
3540,5243
3541,2043
3541,3312
3541,4332
3541,5062
3544,2101
3544,2160
3544,3312
3544,3541
3544,3664
3544,5062
3544,7660
3546,6270
3549,6088
3550,4408
3550,4605
3550,5227
3550,5295
3550,6144
3551,3227
3551,5298
3552,7428
3555,1876
3556,7663
3557,4097
3557,5607
3559,2528
3560,5491
3563,3955
3563,5539
3563,6503
3563,7352
3565,1196
3565,1298
3565,2689
3565,3451
3569,3158
3569,6546
3574,3426
3574,5170
3574,6318
3580,950
3580,5925
3581,1063
3581,2043
3581,4043
3581,4446
3581,6213
3584,1597
3584,2895
3585,2730
3586,6196
3589,1616
3589,5864
3589,6163
3589,6210
3590,94
3590,2589
3590,3097
3592,2156
3592,5815
3593,1215
3597,3091
3597,3775
3599,6225
3605,5406
3610,1021
3612,5541
3613,1300
3614,5215
3616,5209
3620,2816
3620,5872
3624,842
3624,5681
3624,7596
3624,7681
3624,12216
3625,1373
3625,1746
3625,2232
3625,4213
3625,5684
3629,1818
3629,1986
3629,3011
3629,3049
3631,6458
3632,4189
3632,5275
3633,3586
3633,3802
3633,5240
3633,5460
3633,6196
3634,5838
3635,1998
3635,3326
3636,1403
3636,2082
3636,2099
3636,3902
3636,6521
3637,653
3640,3312
3640,3818
3640,4104
3640,5062
3640,5154
3640,6220
3643,3609
3644,3789
3644,4300
3644,5215
3647,2028
3647,2595
3647,3283
3647,3735
3647,7565
3647,7572
3650,4416
3650,4836
3650,5120
3650,5264
3650,5308
3650,6449
3652,632
3653,1661
3653,3872
3653,6096
3657,5836
3660,987
3660,3084
3661,545
3661,5963
3662,1874
3662,2663
3663,2230
3663,3441
3663,3674
3664,6343
3668,6504
3670,6466
3671,3955
3671,5780
3671,6220
3671,6352
3671,6503
3674,283
3674,2068
3674,2230
3674,2525
3674,4033
3674,6271
3674,6415
3678,846
3679,1696
3679,1832
3684,885
3684,2493
3684,4621
3685,2156
3685,4942
3687,1590
3687,5347
3689,950
3689,1426
3689,1531
3689,1690
3689,2612
3689,4332
3689,4408
3689,6453
3693,1620
3693,2431
3693,3857
3693,5706
3695,3098
3695,5517
3699,2367
3699,5524
3699,7553
3702,3441
3703,4288
3704,1696
3704,1832
3704,2558
3704,4599
3704,6163
3705,4430
3711,2338
3711,3441
3711,5473
3711,5829
3711,5963
3712,2256
3712,5697
3715,5163
3715,6218
3715,6222
3715,6227
3715,6350
3716,6039
3717,3239
3717,6434
3718,2832
3719,2881
3719,5252
3719,6358
3721,1592
3721,5047
3721,5079
3721,5662
3721,5780
3721,6213
3721,6220
3721,6343
3724,890
3724,5627
3725,1975
3726,5318
3726,7133
3727,5452
3727,5720
3727,6149
3729,2328
3729,2634
3729,2835
3729,3441
3729,4221
3729,4295
3729,5780
3729,5897
3729,6076
3729,6148
3729,6316
3730,1810
3730,2452
3730,5106
3732,1155
3733,2586
3733,4300
3735,4862
3737,4989
3738,2512
3738,5811
3738,5935
3745,148
3745,653
3745,1153
3745,2019
3745,2367
3745,4600
3745,5037
3745,7493
3749,5112
3751,1031
3751,2585
3751,2996
3751,6098
3751,7133
3751,7344
3752,6339
3756,1632
3756,5128
3756,5255
3756,13667
3758,6143
3761,2101
3761,3721
3764,5416
3766,6447
3767,2867
3767,3122
3767,3496
3770,3207
3770,3428
3770,6371
3770,7588
3770,12298
3771,5264
3771,6362
3772,1038
3772,1255
3772,1995
3772,6243
3772,6489
3779,6148
3781,3696
3784,7592
3789,2586
3789,5215
3790,4703
3796,4718
3796,5083
3799,3908
3800,1531
3800,2043
3800,2612
3802,5240
3802,6196
3803,1706
3803,2203
3803,2435
3803,4408
3803,5768
3804,1833
3804,3794
3804,5599
3805,1661
3805,3418
3805,3872
3805,6096
3806,5603
3806,5853
3807,533
3808,2856
3808,3485
3809,2043
3809,5264
3810,4022
3810,5850
3813,5271
3813,6121
3814,2025
3814,2083
3814,2156
3814,5083
3814,5227
3814,5409
3814,5789
3818,3404
3818,4043
3818,4408
3818,4863
3821,6151
3822,5850
3823,533
3823,2082
3823,2156
3823,2289
3823,5635
3823,6063
3824,1476
3824,4045
3824,4990
3824,6451
3826,4103
3826,5503
3826,5866
3826,7552
3828,6193
3829,7696
3832,2547
3832,5308
3832,5326
3832,6144
3832,6397
3835,2898
3835,4660
3835,7595
3835,7596
3835,7606
3838,1403
3838,1475
3838,3033
3838,3504
3838,3535
3838,3677
3838,3803
3838,4139
3838,4388
3838,5316
3841,3872
3842,6148
3844,4759
3844,5128
3844,5776
3846,4408
3851,869
3852,5175
3855,1661
3855,3872
3855,6096
3858,6196
3859,404
3859,1388
3859,13678
3863,964
3863,1387
3863,1746
3863,2232
3867,6049
3867,6411
3869,3249
3869,5080
3870,3026
3870,5201
3870,5234
3870,5480
3871,5939
3874,3314
3874,6294
3875,224
3875,2289
3875,3002
3875,4614
3875,5184
3876,4258
3876,4342
3879,1702
3879,2586
3879,3049
3879,3629
3880,1455
3880,1684
3880,2328
3880,2750
3880,3661
3880,3678
3880,4221
3880,5282
3880,5603
3880,5963
3880,6076
3880,6422
3880,7707
3880,12223
3881,3496
3881,3563
3883,1840
3883,5980
3887,2743
3887,4664
3887,5882
3887,6035
3887,7386
3887,7655
3890,5122
3890,5309
3891,4408
3891,5735
3892,3404
3892,7337
3893,5509
3893,6141
3894,2345
3894,4989
3896,1618
3896,5913
3902,1531
3902,4332
3905,6148
3909,2974
3911,518
3911,2435
3911,4553
3911,5002
3911,6465
3916,3312
3916,4764
3916,5062
3916,5590
3916,6512
3917,249
3917,3583
3917,4830
3918,1666
3920,1374
3920,3677
3920,4210
3920,5759
3922,1387
3925,5790
3929,5797
3930,6102
3936,3513
3936,5794
3936,6054
3936,6058
3941,5526
3943,3206
3944,2187
3949,7424
3949,7655
3950,1031
3950,1978
3950,4351
3950,5318
3953,5630
3955,4071
3956,1059
3956,4600
3956,5308
3956,5613
3956,5898
3956,7444
3956,7539
3959,4501
3959,5282
3964,4070
3964,5318
3969,4991
3970,1531
3970,1716
3970,4332
3970,5238
3973,2295
3974,3011
3974,5217
3980,2328
3980,2581
3980,5041
3980,5259
3980,5282
3980,6076
3980,6422
3980,7599
3981,1957
3981,4937
3981,5130
3981,5308
3981,5636
3982,1631
3982,1824
3982,5589
3982,6441
3984,2654
3984,3488
3990,1433
3990,4984
3990,5570
3991,2967
3991,3133
3991,5360
3993,3823
3993,7596
3995,201
4000,4086
4001,1531
4001,2980
4001,5130
4001,5134
4001,5238
4001,7304
4002,2103
4002,2664
4002,3807
4002,6035
4002,6039
4002,7325
4003,5469
4005,57
4005,5172
4005,6040
4006,1979
4006,1998
4006,2664
4006,2726
4006,2755
4006,5022
4006,5871
4006,6188
4006,6364
4006,7352
4010,2458
4014,5603
4017,950
4017,4933
4017,5797
4017,6081
4021,5169
4021,5976
4022,1946
4022,5850
4022,5918
4027,5849
4028,1933
4028,3873
4028,4736
4028,5623
4029,3609
4030,3122
4030,5626
4031,766
4033,5343
4036,3360
4036,3845
4038,2083
4038,4188
4038,5282
4039,3867
4039,7776
4040,4332
4043,4408
4044,2730
4044,3598
4044,3823
4044,5503
4044,5866
4044,7647
4046,2626
4046,4917
4047,5776
4047,5780
4049,2437
4049,2518
4049,3890
4049,4769
4049,5090
4049,5309
4049,5801
4049,6271
4050,4772
4053,1995
4053,2374
4055,2340
4057,531
4057,1216
4057,6174
4057,6193
4060,4408
4060,5511
4063,3049
4064,1684
4064,4014
4064,5603
4064,5776
4064,5780
4064,6117
4068,5949
4070,4778
4070,5128
4071,1618
4071,4824
4074,2017
4074,2131
4074,3992
4074,5620
4075,973
4075,1843
4075,2156
4075,3488
4075,4038
4075,5083
4075,6377
4077,1897
4077,5412
4078,353
4078,5059
4085,1084
4085,5037
4086,950
4086,4408
4089,5843
4091,2065
4093,2125
4093,5168
4094,4408
4097,3492
4097,3802
4099,1426
4099,4332
4099,5405
4099,6250
4100,1077
4100,1601
4100,1647
4100,2050
4100,2059
4100,3206
4100,3674
4100,4839
4100,5438
4100,6415
4101,1358
4101,4470
4101,5037
4101,7328
4103,1042
4103,3929
4103,5503
4103,5866
4103,6462
4104,4126
4104,7647
4106,208
4106,2926
4111,5887
4113,6251
4113,13590
4119,5550
4120,5347
4120,5790
4120,6492
4121,5154
4121,6213
4121,6220
4122,4453
4122,5439
4123,1622
4123,5686
4124,3426
4125,3350
4125,5908
4129,6535
4130,2995
4131,1801
4131,5829
4132,3484
4132,6061
4133,2328
4133,3399
4133,4188
4133,5282
4133,5904
4134,2857
4134,5424
4134,5555
4135,3460
4135,5640
4136,5370
4137,5200
4143,4043
4143,4086
4143,5815
4143,5883
4149,3551
4150,1839
4150,3696
4150,5570
4152,1425
4152,2977
4152,4364
4152,5711
4152,6030
4153,4263
4154,1278
4155,2867
4155,3122
4155,6370
4156,3367
4156,5227
4156,5343
4156,5405
4156,5599
4158,3216
4159,1109
4159,3555
4159,5339
4159,5823
4163,6218
4163,6227
4163,6350
4164,5506
4167,1215
4167,1662
4167,5665
4168,5791
4173,5308
4173,5825
4173,6402
4174,1683
4175,6488
4176,6518
4177,5451
4178,5480
4182,3027
4182,6148
4188,5227
4188,5282
4195,6236
4196,1598
4197,1056
4197,3751
4197,3844
4197,4734
4197,5203
4197,6458
4198,114
4198,3343
4198,5980
4198,6335
4199,3390
4199,4043
4199,5309
4199,5801
4200,2043
4202,541
4204,142
4204,2286
4207,2739
4208,5002
4216,1531
4217,4984
4217,5203
4217,5345
4217,5534
4217,6243
4217,6360
4217,6492
4219,4023
4221,4295
4221,6148
4223,2782
4225,2961
4225,3952
4225,4043
4226,1531
4226,4332
4226,4459
4226,5354
4227,1050
4227,1197
4227,5460
4227,5570
4233,7324
4234,4004
4234,5846
4236,2085
4236,4998
4240,1234
4240,3212
4240,5317
4240,6458
4241,1793
4243,4981
4244,950
4244,2393
4244,4408
4244,4856
4253,1388
4253,2647
4253,5509
4254,1839
4254,1901
4254,2828
4254,3082
4254,3781
4254,5247
4259,1717
4259,2125
4259,5334
4259,6260
4260,3281
4262,5028
4263,2570
4264,468
4264,1281
4264,2892
4264,3227
4264,5248
4264,5336
4264,7681
4266,6106
4271,3420
4271,3597
4271,4676
4272,1647
4272,1839
4272,1901
4272,2431
4272,3206
4272,3398
4274,337
4274,5319
4277,6093
4279,1640
4280,3682
4280,5432
4280,5901
4283,1067
4283,1388
4283,2738
4283,2971
4285,5341
4287,4038
4288,2290
4291,2669
4293,19
4293,333
4293,1671
4297,5867
4298,6140
4299,2658
4299,6271
4301,3728
4304,5282
4304,5904
4307,1350
4307,1380
4307,4639
4307,5635
4309,3430
4309,5913
4309,6196
4312,1601
4312,4379
4312,5610
4316,1030
4316,4231
4318,3491
4320,1662
4320,1745
4320,2511
4320,2946
4320,6387
4321,1373
4321,2429
4321,3625
4321,6137
4321,6141
4322,3803
4322,4291
4322,6345
4323,5395
4324,1351
4324,2412
4327,1182
4327,2701
4327,3000
4327,4351
4327,6077
4328,2274
4328,3188
4329,1373
4330,632
4330,1531
4330,1716
4330,4332
4330,5238
4330,6250
4332,1531
4333,950
4333,1077
4333,1504
4333,2050
4333,2952
4333,3206
4333,3650
4333,4272
4333,4923
4333,5264
4336,5345
4338,2778
4338,4980
4338,5546
4338,5581
4340,1234
4340,5317
4340,6458
4341,1403
4341,1835
4341,2156
4341,3504
4341,4388
4341,4821
4341,5125
4341,5227
4341,5877
4341,6081
4342,6374
4343,6027
4345,119
4345,1591
4345,4578
4345,5573
4347,1563
4350,6330
4351,969
4351,1234
4351,4872
4351,5341
4355,1937
4355,2632
4355,2726
4355,3082
4355,3504
4355,6452
4356,1431
4356,1893
4356,4378
4356,4690
4356,7553
4356,7625
4368,1711
4368,4240
4368,4644
4368,5366
4368,5393
4368,5574
4368,5924
4368,6239
4368,6492
4369,3159
4370,102
4370,5308
4373,5258
4378,127
4378,237
4378,909
4378,1035
4378,7553
4379,5612
4379,6293
4381,5829
4382,5237
4382,5439
4384,2400
4385,1467
4385,3935
4386,2016
4386,2475
4386,5341
4387,5735
4388,2551
4388,4408
4388,6478
4390,3218
4395,5394
4395,6092
4397,1804
4397,6374
4398,3682
4398,5901
4399,4258
4399,7562
4400,224
4400,3875
4400,4614
4401,5037
4401,6314
4402,19
4402,1671
4402,1907
4402,5097
4403,2122
4403,4942
4403,5022
4403,7279
4405,5451
4406,5906
4409,13579
4409,13635
4418,57
4419,394
4421,533
4421,2743
4421,3074
4421,6451
4421,7504
4422,2338
4423,608
4424,1897
4425,3426
4426,3259
4426,4313
4429,1506
4433,1624
4434,6368
4435,533
4435,2082
4435,5248
4435,5336
4435,5386
4436,5674
4437,5289
4438,3441
4438,3674
4438,4443
4439,1449
4439,2581
4439,2757
4439,4221
4439,4287
4439,5097
4439,6003
4441,5642
4442,549
4444,6107
4446,5027
4446,5308
4446,5369
4446,5416
4447,4778
4450,5027
4451,1388
4451,1801
4451,5343
4451,7081
4451,7133
4451,7146
4453,4535
4455,1966
4455,2343
4455,5518
4455,5557
4456,196
4456,5940
4457,4732
4459,1531
4459,4332
4459,5130
4459,5264
4459,7693
4462,5071
4462,5491
4462,5705
4463,5742
4467,680
4467,1181
4467,2043
4467,2612
4467,2739
4467,3488
4467,3639
4467,4040
4469,4263
4470,2367
4470,3846
4470,4600
4470,5524
4470,7553
4473,1531
4473,4332
4473,5264
4473,7693
4474,150
4474,2653
4474,5825
4475,1975
4476,6371
4479,161
4479,190
4479,4005
4479,6039
4480,3919
4482,5176
4482,12372
4484,4923
4485,3850
4485,4169
4486,905
4486,2634
4486,4295
4486,4954
4486,6316
4486,7593
4489,3802
4489,5532
4491,208
4491,620
4491,13724
4494,1615
4494,1923
4494,3049
4494,3227
4494,4300
4494,5040
4494,5640
4494,7603
4495,846
4495,2974
4495,3467
4495,3909
4495,6222
4495,7509
4500,2189
4501,2596
4503,1572
4504,3677
4504,3803
4504,3866
4504,5597
4506,2340
4506,2542
4508,3054
4512,328
4512,1397
4512,2360
4512,4614
4512,6066
4514,5172
4515,6338
4517,3424
4521,5041
4523,950
4523,4332
4523,4408
4524,2537
4525,157
4525,533
4525,620
4525,2390
4525,2743
4525,4123
4525,5090
4525,5254
4525,5313
4525,6035
4525,7386
4529,5181
4529,7424
4530,4189
4530,5108
4530,6284
4533,1234
4533,4240
4533,5317
4533,6140
4533,6458
4538,4332
4538,6196
4539,5672
4540,5391
4542,950
4542,4605
4542,5227
4542,5797
4542,5918
4542,6422
4549,2431
4554,2080
4554,2625
4554,5047
4554,6289
4555,3546
4555,6270
4556,703
4559,259
4560,2718
4560,6270
4561,1696
4561,1863
4561,3802
4563,5512
4563,5962
4564,5221
4566,1526
4568,4238
4568,6524
4569,2596
4569,4188
4569,4517
4569,5797
4570,4036
4570,5237
4570,5308
4570,5332
4571,987
4571,1836
4572,3115
4572,4600
4573,2416
4573,3259
4577,6405
4578,1259
4584,2557
4588,7457
4594,4830
4595,5233
4596,4535
4596,5516
4604,5037
4604,6322
4605,3780
4605,4778
4605,5127
4605,5227
4605,6144
4609,3664
4609,3822
4609,5850
4611,4147
4611,4587
4614,5349
4617,6196
4621,2809
4621,6136
4623,1810
4623,2537
4627,950
4629,2254
4639,1380
4639,5635
4641,1047
4641,5616
4641,5823
4642,5116
4644,4984
4644,5849
4645,1646
4652,65
4652,6089
4657,3269
4658,6006
4659,2969
4659,2970
4660,2730
4662,5439
4663,885
4663,6345
4664,296
4664,4990
4664,6035
4665,6163
4672,2276
4672,2851
4672,6462
4673,1706
4673,2043
4673,2596
4673,4086
4673,5276
4673,5369
4673,5885
4678,358
4681,2666
4681,5439
4683,5129
4683,5412
4683,7488
4686,545
4686,2328
4686,2750
4686,4221
4686,4287
4686,5227
4686,5259
4686,5282
4686,5776
4686,6008
4686,6076
4686,7599
4688,5456
4690,742
4690,5524
4690,6017
4690,7431
4691,6048
4694,1835
4694,2115
4694,2632
4694,5963
4695,3823
4695,5877
4696,6535
4697,1141
4697,2625
4697,2653
4697,3546
4697,6408
4697,13719
4699,6488
4700,1592
4700,3253
4700,3404
4702,1403
4703,5143
4703,5607
4705,2106
4705,2156
4705,5022
4705,5122
4705,5148
4705,5409
4705,6137
4707,6371
4711,5541
4714,5556
4725,2061
4725,3113
4725,5486
4726,1979
4726,1986
4726,2038
4726,2984
4726,3011
4726,7348
4727,1785
4731,1143
4731,3424
4735,2340
4735,4506
4735,6271
4735,6289
4737,3682
4738,2355
4738,2627
4738,2726
4738,2816
4738,3036
4738,5022
4738,5122
4738,5313
4738,5349
4738,5781
4738,6364
4740,2884
4740,5096
4742,1197
4742,5239
4742,5570
4742,6049
4742,6195
4745,987
4745,2062
4745,3605
4748,5163
4748,6289
4750,3909
4752,5451
4756,7569
4761,4590
4764,1162
4764,1270
4764,3113
4764,4725
4764,5062
4764,5532
4766,4086
4766,5308
4767,7341
4767,7431
4767,7571
4767,7589
4769,6271
4770,6009
4771,4408
4771,5713
4774,4043
4774,4933
4774,5308
4774,5918
4777,5227
4777,5564
4781,4822
4783,5247
4784,1141
4784,2537
4784,3546
4784,6270
4786,2754
4786,3391
4788,5698
4789,1186
4790,1119
4791,1367
4791,2059
4791,7279
4793,3987
4794,1835
4794,3794
4795,950
4795,1235
4795,4408
4797,7658
4798,5209
4799,4736
4800,6896
4802,1531
4802,1716
4802,4332
4802,5125
4802,5238
4805,2572
4807,3728
4811,1279
4811,6210
4811,6359
4815,1734
4815,4070
4815,4778
4815,5255
4816,908
4816,2467
4817,6279
4818,4070
4818,5128
4818,5989
4819,2043
4821,973
4821,1077
4821,3206
4821,3846
4821,5264
4821,5885
4821,5898
4821,7415
4822,4674
4823,950
4823,4043
4823,4408
4824,1618
4826,6188
4828,1897
4828,4933
4828,5963
4829,2122
4829,2338
4829,2520
4829,4942
4829,5022
4830,2503
4832,5239
4832,5433
4832,5918
4832,6195
4834,987
4834,1243
4834,1473
4834,4745
4834,5133
4834,5406
4834,6150
4836,4408
4838,933
4838,1194
4838,1901
4839,1647
4842,296
4842,425
4842,3447
4844,5361
4845,969
4845,2426
4845,5849
4845,5989
4846,1585
4846,4602
4846,6421
4847,2537
4847,4895
4848,1726
4848,2552
4848,4950
4848,6533
4851,3124
4851,7402
4853,2537
4853,5022
4853,5062
4853,5316
4853,5560
4853,6452
4854,4351
4854,5849
4856,1548
4856,2043
4856,4099
4856,4332
4856,5636
4856,5784
4856,6449
4858,2115
4859,4057
4859,6174
4861,4332
4861,5238
4863,1178
4863,2307
4863,3386
4863,3492
4863,5079
4863,5308
4863,5532
4866,5125
4866,5238
4869,2411
4869,3767
4869,5115
4870,1817
4870,2310
4870,4642
4871,1762
4871,1901
4871,5526
4874,1388
4874,1571
4874,2457
4874,6160
4875,987
4876,85
4876,3696
4876,6496
4877,1907
4877,6343
4878,5640
4879,1290
4879,5780
4880,2755
4880,4071
4882,1507
4883,3987
4884,1031
4884,4351
4884,5334
4884,5341
4888,1856
4888,4610
4888,5578
4895,4778
4895,6084
4900,1018
4901,4778
4901,5116
4903,6163
4904,6286
4906,5713
4907,7564
4912,5446
4913,5511
4913,5836
4915,950
4915,3285
4915,4332
4915,5879
4915,6081
4915,6511
4916,5529
4916,5939
4918,5640
4920,6008
4921,772
4922,2884
4922,4762
4922,5096
4923,1592
4923,3780
4923,4086
4923,5308
4923,6008
4923,13667
4932,1059
4932,1162
4932,1592
4932,2984
4932,3473
4932,3543
4932,5532
4934,2094
4937,1531
4937,1716
4937,1957
4937,5130
4937,6530
4938,966
4938,2452
4940,1547
4940,2043
4940,4823
4940,5885
4941,545
4941,771
4941,4778
4941,6493
4942,2156
4942,5409
4942,6174
4943,5750
4947,4332
4948,2503
4950,2182
4953,1283
4953,1734
4953,2310
4953,2632
4953,3535
4953,4070
4953,4778
4953,6421
4959,4984
4968,6030
4969,2426
4969,5989
4972,1531
4972,1957
4972,3705
4972,5130
4972,6280
4972,6530
4972,7324
4974,4270
4976,1239
4977,1235
4977,2043
4977,2612
4977,4408
4977,5308
4978,5098
4978,6247
4980,2778
4980,5648
4980,6065
4982,85
4985,2530
4985,3455
4985,5806
4987,3987
4989,6148
4993,4017
4993,5957
4993,5963
4993,6432
4995,5188
4995,6270
4998,6375
5000,2330
5001,2250
5002,5532
5008,2314
5008,6073
5010,12462
5011,1131
5013,5640
5013,6151
5016,6274
5023,2026
5023,3386
5023,5408
5023,6451
5024,2558
5024,4535
5025,4326
5027,5885
5029,4742
5029,5095
5029,5774
5029,5836
5029,5993
5031,6148
5036,5735
5037,1153
5040,5640
5041,4778
5041,5850
5041,5918
5041,13646
5047,3404
5047,6289
5053,3159
5053,4369
5058,950
5058,4523
5058,5308
5058,5636
5058,5898
5058,6064
5059,2189
5059,6374
5061,853
5061,2156
5061,2739
5061,2926
5061,5083
5061,7706
5062,4959
5063,3696
5063,5239
5064,4221
5065,6015
5066,337
5066,3386
5066,5929
5071,5209
5074,2062
5074,3605
5076,2290
5076,2856
5077,5155
5077,5570
5083,2156
5085,1426
5085,2023
5085,5125
5085,6250
5089,3682
5089,5629
5090,157
5090,533
5090,620
5090,5452
5090,5745
5091,634
5094,5747
5097,3404
5099,1388
5099,5950
5099,13643
5105,1529
5105,3586
5105,5487
5105,6090
5105,6196
5105,6210
5105,6495
5107,5993
5121,1647
5121,2050
5121,3206
5121,4839
5121,5308
5122,2187
5122,6035
5122,6137
5125,632
5125,1716
5125,4332
5125,5238
5127,4778
5128,4778
5128,5776
5129,273
5132,1803
5132,5640
5132,7650
5134,632
5134,991
5134,1426
5134,1531
5134,4416
5134,5085
5134,5238
5134,5473
5134,6250
5134,7304
5135,6028
5135,6053
5137,4408
5138,1670
5139,794
5139,1224
5144,6348
5147,6502
5148,329
5148,678
5148,5022
5148,5122
5148,5248
5148,5640
5148,6137
5150,6289
5152,132
5152,3682
5152,5432
5152,5792
5152,5901
5154,6220
5155,4959
5155,5239
5156,5439
5156,5836
5157,1553
5157,2798
5159,130
5159,3335
5159,5971
5161,4959
5161,5155
5161,5790
5162,4382
5162,4453
5162,4590
5162,4662
5162,5156
5162,5170
5162,5439
5162,5509
5162,5543
5162,5662
5162,5887
5162,6318
5163,5150
5164,4854
5164,5204
5164,5849
5164,6041
5164,6359
5167,2854
5167,3336
5167,4984
5167,6093
5169,5976
5170,5073
5171,3802
5172,57
5172,161
5174,2285
5174,4238
5176,2094
5181,5336
5184,224
5186,1060
5186,1376
5186,3162
5186,3555
5186,5169
5186,6161
5186,6260
5186,6515
5187,533
5187,620
5188,5150
5190,632
5190,1531
5190,2632
5190,4332
5190,4933
5190,5238
5194,533
5200,5776
5201,2856
5201,3026
5202,3794
5203,3844
5203,4984
5203,5366
5203,6212
5203,6492
5204,5849
5204,6163
5204,6210
5205,6535
5206,2948
5207,4166
5212,3093
5212,5289
5213,5713
5213,5846
5213,5917
5215,672
5219,2984
5219,3762
5220,5776
5223,5640
5223,5761
5224,2450
5224,2824
5224,4090
5224,5944
5224,7706
5227,2043
5228,6160
5230,4043
5238,1531
5238,4332
5242,2
5243,1148
5243,5024
5243,13643
5245,4872
5245,6058
5245,6210
5246,5048
5248,5336
5252,2311
5255,1388
5255,1632
5256,5037
5257,2182
5259,5282
5261,6302
5264,950
5265,5247
5267,846
5267,5603
5268,13643
5268,13652
5269,539
5270,2558
5271,3813
5272,2656
5276,1706
5276,2043
5276,2596
5276,4086
5276,5369
5276,5885
5277,6148
5279,1259
5282,3386
5282,7593
5284,575
5287,1153
5289,57
5289,5567
5290,4520
5291,2778
5291,3165
5291,4980
5291,6065
5294,4831
5295,1235
5295,4408
5295,5850
5300,3026
5301,4741
5304,1106
5304,2220
5304,5973
5304,6140
5305,1473
5308,950
5309,4769
5309,6271
5313,533
5313,2664
5313,4002
5313,4103
5313,5866
5313,6035
5313,6039
5313,6462
5313,7325
5313,7504
5313,7535
5315,1694
5315,2832
5315,4535
5316,4139
5316,5517
5317,1234
5317,5574
5317,6458
5318,545
5318,4778
5318,7133
5320,5408
5320,6451
5320,13625
5322,2607
5322,5688
5323,1222
5323,1964
5323,3055
5323,5724
5328,5370
5328,6511
5331,5760
5334,5237
5335,253
5339,1109
5339,5823
5342,1234
5342,5204
5342,6210
5342,6359
5344,2585
5344,3696
5344,4872
5344,4981
5344,5341
5344,5623
5344,5767
5344,5780
5344,5785
5344,6007
5344,6098
5344,6483
5344,6502
5345,1197
5345,4742
5345,5570
5345,6195
5346,3965
5348,23
5348,3575
5348,6462
5350,1824
5350,1992
5350,2221
5350,7432
5354,1531
5354,1716
5354,4332
5354,5238
5354,5879
5354,7304
5355,1785
5355,2612
5355,5963
5355,6288
5357,2043
5357,2739
5357,5022
5357,5264
5357,6137
5362,3929
5366,4984
5366,6163
5369,1531
5369,4332
5369,5308
5369,5885
5370,2043
5379,4778
5380,1840
5380,3974
5380,5980
5381,4038
5382,2730
5383,1279
5383,5204
5383,6041
5383,6210
5383,6359
5383,6483
5385,2575
5386,3919
5386,5122
5393,4984
5393,6054
5395,5194
5395,5308
5397,1762
5397,5795
5397,5963
5397,6318
5401,5439
5402,1457
5402,2145
5402,4959
5402,5534
5402,6427
5403,942
5403,2080
5403,2625
5403,3404
5403,5780
5403,6289
5404,3386
5405,740
5405,950
5405,4332
5405,4408
5405,6089
5405,6250
5405,6520
5405,12338
5406,2558
5408,3386
5408,6100
5408,6535
5411,2083
5411,4295
5411,5282
5411,5904
5411,6535
5411,7593
5412,5217
5413,2974
5414,3696
5414,4172
5414,6098
5415,2043
5416,6233
5418,5838
5419,1531
5419,1690
5419,3285
5419,3639
5422,4240
5422,5574
5425,5480
5430,2517
5431,4189
5432,514
5433,1139
5433,3802
5433,5155
5433,5767
5435,5043
5437,1765
5437,6489
5441,5613
5443,1388
5443,2647
5443,3822
5443,4351
5443,5850
5446,2191
5447,5776
5449,7444
5449,7515
5452,846
5453,950
5455,1148
5459,1333
5459,1445
5461,2082
5463,5283
5468,3044
5468,5364
5472,533
5472,740
5472,2930
5472,5254
5472,5503
5472,6035
5473,950
5473,4332
5473,4642
5480,3026
5481,567
5483,10814
5484,672
5484,2522
5484,3851
5485,3803
5485,5228
5485,6160
5488,6271
5490,3411
5496,3144
5497,835
5497,4959
5497,5347
5498,1124
5498,4071
5498,5072
5500,3473
5500,4043
5500,4104
5501,2254
5501,3314
5503,633
5505,4761
5507,3195
5507,3430
5507,5366
5507,6196
5509,5170
5511,1178
5511,6233
5518,1690
5518,2612
5518,4863
5518,5079
5518,5662
5518,5780
5521,600
5522,6371
5523,987
5523,1155
5524,742
5524,2367
5524,7553
5526,3314
5526,3794
5526,4086
5530,2677
5530,3404
5531,4126
5531,5095
5531,5239
5533,2014
5533,3074
5533,3133
5533,6477
5534,4984
5534,6195
5534,6427
5540,358
5540,705
5540,3003
5540,3097
5540,7088
5543,5439
5544,23
5544,794
5544,2043
5544,5405
5544,6475
5548,647
5548,5250
5548,6053
5548,6337
5553,614
5553,803
5553,1235
5553,2064
5553,2285
5553,2288
5553,2290
5553,2612
5553,3362
5553,4408
5553,4977
5553,5104
5553,5747
5553,5830
5553,7324
5554,330
5556,566
5561,1030
5561,1631
5562,224
5562,2956
5562,3002
5562,3244
5562,3875
5562,4614
5562,5184
5563,289
5564,5227
5565,3506
5565,5735
5565,5974
5570,4959
5570,5637
5570,6305
5574,1234
5574,6458
5575,5377
5575,6274
5575,13590
5578,1148
5578,5289
5578,5863
5580,3479
5580,5511
5581,3404
5581,5283
5582,5532
5583,5857
5584,5195
5584,5439
5584,6504
5585,3755
5585,5963
5590,3312
5590,5154
5590,6220
5590,6354
5596,2189
5596,5258
5596,5282
5597,2156
5597,2996
5597,5780
5603,2083
5603,2156
5603,5282
5605,2156
5605,2589
5605,6137
5605,6151
5606,940
5606,1186
5606,2586
5606,3011
5606,3278
5606,3591
5606,4518
5606,5114
5606,5238
5606,5885
5607,988
5610,1482
5610,7494
5611,2314
5611,5213
5611,5460
5611,5627
5611,5917
5612,1699
5615,1155
5617,5227
5617,6302
5618,4531
5623,545
5623,3262
5623,4778
5623,5495
5623,5963
5626,540
5626,5635
5632,4564
5632,5221
5634,2125
5634,4332
5634,6384
5636,2043
5636,3285
5636,5264
5636,5308
5636,5415
5636,5885
5638,2043
5638,5861
5639,5624
5643,680
5643,2083
5643,2106
5643,2156
5643,2589
5643,2693
5643,2726
5643,2739
5643,3504
5643,4075
5643,4156
5643,4942
5643,5083
5643,5227
5643,5409
5643,5597
5643,6174
5643,6421
5643,6452
5643,6470
5643,7308
5645,938
5645,5926
5645,6396
5649,826
5649,2411
5653,6169
5653,9291
5654,4139
5657,7341
5660,5857
5663,980
5665,1872
5665,5702
5667,4754
5668,3304
5668,4810
5668,5008
5672,224
5672,5184
5674,5168
5679,5227
5683,3426
5683,6075
5684,5745
5685,2517
5686,7564
5691,4590
5691,5790
5692,950
5692,2043
5692,5797
5695,3794
5695,4086
5698,7430
5701,5570
5701,6305
5702,1215
5705,2996
5705,5456
5714,1810
5715,672
5716,2320
5719,6274
5720,846
5720,2958
5720,4113
5720,4332
5720,6251
5721,4016
5722,521
5722,1464
5722,5866
5724,1222
5725,2522
5725,4552
5738,1570
5738,4213
5743,2082
5743,2289
5743,3823
5744,5788
5745,4762
5746,333
5747,868
5747,5101
5747,5104
5748,399
5748,1785
5748,2154
5748,2310
5748,2949
5748,3535
5748,4969
5748,5343
5748,5355
5748,5963
5749,121
5751,4175
5751,5336
5754,3692
5754,5341
5755,3002
5755,4960
5755,5599
5762,5799
5762,5954
5764,6204
5765,3744
5765,5259
5767,3336
5767,4872
5767,4959
5767,5785
5767,6163
5768,2203
5774,5836
5778,2601
5780,5776
5780,6106
5784,950
5784,4332
5785,1234
5785,4872
5785,6163
5788,4762
5789,617
5789,2025
5789,2156
5789,5227
5789,5954
5790,4590
5792,5289
5794,2854
5794,4277
5794,6093
5794,6163
5795,2929
5795,3221
5795,3818
5795,3822
5795,6117
5798,1140
5798,4942
5798,5954
5798,6008
5801,567
5801,4769
5801,6271
5806,2530
5807,950
5807,1531
5807,1716
5807,3285
5807,4408
5807,5125
5807,5238
5807,5264
5807,6250
5808,187
5809,4369
5813,1730
5817,4862
5818,5116
5821,4350
5823,1047
5825,5224
5826,5263
5828,418
5828,1147
5833,5239
5834,4295
5835,6186
5836,5439
5837,2567
5837,5076
5840,5713
5843,4089
5849,6386
5850,5079
5850,5918
5857,4043
5861,1531
5861,2043
5861,5692
5861,12150
5865,2596
5866,2730
5866,2926
5866,3598
5868,1690
5868,3639
5868,4778
5868,5128
5868,5776
5868,5780
5868,5829
5868,5830
5868,5974
5868,6031
5868,6106
5868,7146
5871,2328
5871,6148
5871,7587
5871,13654
5872,6148
5874,4124
5878,5016
5878,6274
5884,2596
5884,4188
5884,4501
5884,5083
5884,6422
5885,4332
5885,5308
5890,5885
5896,1631
5897,3802
5897,5308
5898,1957
5898,5130
5898,5308
5898,5613
5898,5885
5898,6293
5898,6530
5900,5735
5901,3682
5902,969
5903,6289
5904,3386
5904,3441
5904,4295
5904,7593
5906,65
5907,3312
5907,5909
5909,1473
5911,7455
5918,4984
5918,5079
5919,2722
5920,1197
5923,724
5924,4619
5924,4984
5924,5366
5924,5393
5926,6396
5927,2080
5927,2625
5927,4154
5927,5780
5931,208
5933,2431
5933,11663
5936,5780
5940,196
5942,2693
5943,5369
5944,5158
5947,1889
5948,3261
5948,4959
5948,5371
5948,5534
5948,5924
5948,6286
5948,6427
5950,1388
5950,13643
5950,13678
5951,2302
5957,6274
5958,4189
5958,8455
5959,5937
5961,1955
5962,2026
5963,3755
5963,5776
5968,4619
5970,4408
5972,5993
5973,1106
5974,3639
5974,4408
5975,2863
5977,4040
5977,4332
5980,3974
5983,4090
5984,529
5986,3336
5986,4872
5986,4959
5986,5767
5986,5785
5986,6163
5988,5691
5988,6188
5990,3277
5991,3526
5991,5000
5991,6332
5991,6512
5992,5193
5992,5934
5993,5972
6002,936
6003,2083
6003,5282
6004,4045
6004,5408
6004,6535
6007,1155
6007,3696
6007,4872
6011,5527
6014,2156
6015,5093
6016,3496
6016,3767
6018,914
6018,5377
6018,6396
6019,1243
6019,1785
6019,4727
6021,1694
6021,3850
6021,4162
6021,5637
6023,2608
6025,803
6025,1243
6025,1383
6025,1531
6025,1841
6025,2043
6025,2495
6025,2612
6025,2980
6025,3013
6025,4330
6025,4332
6025,5134
6025,5190
6025,5227
6025,5807
6025,6250
6025,6361
6025,7486
6025,12150
6026,85
6029,4600
6029,5308
6029,7326
6029,7539
6031,3639
6033,331
6033,2180
6034,3787
6036,1222
6036,13681
6037,2671
6038,4077
6038,5412
6041,1392
6041,4172
6041,5204
6041,5849
6041,6210
6044,5346
6044,7559
6045,5039
6045,5308
6051,4875
6052,6160
6054,5265
6058,5785
6059,5451
6059,6194
6059,6474
6063,533
6063,633
6064,1077
6064,2952
6064,3206
6064,4473
6064,4523
6064,5121
6064,5308
6064,5369
6064,5898
6068,711
6068,13579
6068,13591
6068,13635
6074,3132
6074,4610
6076,2083
6076,5083
6076,5282
6076,5597
6076,5603
6076,6003
6077,1182
6077,1795
6077,2373
6077,2416
6077,3000
6077,3091
6077,3259
6077,4426
6077,6281
6080,2974
6080,3909
6081,85
6084,5022
6084,5963
6084,6137
6084,7279
6086,5073
6086,5300
6086,5767
6086,5785
6086,6163
6089,2022
6089,2180
6089,2588
6090,1529
6094,533
6095,3498
6095,5277
6097,1308
6097,2718
6097,6270
6098,1031
6098,3336
6098,4778
6098,4872
6098,5767
6098,6163
6099,1562
6099,1614
6099,3845
6102,950
6102,2249
6102,2596
6102,3891
6102,4408
6102,6193
6103,4886
6106,5776
6107,6594
6107,7419
6110,1670
6112,57
6113,3231
6114,2083
6114,5282
6117,4126
6117,5282
6117,5526
6117,5865
6117,6442
6122,3367
6122,5819
6125,3996
6126,1222
6126,2106
6126,4942
6126,7279
6128,5209
6132,5814
6133,1876
6133,2175
6133,3751
6133,6212
6134,1235
6134,3159
6134,4375
6134,4408
6139,3797
6139,4960
6139,5408
6139,6148
6139,6535
6139,7496
6139,7702
6140,5973
6140,6458
6142,4644
6142,4876
6144,5227
6145,1178
6145,1255
6145,4470
6145,5037
6145,6054
6147,6311
6148,1476
6148,5408
6148,5839
6148,6535
6149,846
6149,5452
6149,5720
6154,908
6157,6477
6162,849
6162,2856
6163,4984
6166,4820
6168,5016
6169,2085
6169,7574
6169,9291
6172,3221
6174,531
6178,1690
6178,3794
6178,7593
6181,5037
6181,5515
6187,2207
6188,2082
6188,6358
6188,7684
6190,2059
6192,57
6192,1591
6192,1800
6192,4354
6192,7659
6193,2156
6193,2693
6193,3639
6193,4040
6193,4408
6193,5227
6195,1197
6195,4959
6195,5570
6195,6050
6197,988
6202,1375
6202,3260
6202,6096
6206,950
6206,1426
6206,2043
6206,4332
6209,2612
6209,3866
6209,5505
6209,5527
6209,7279
6211,4188
6211,5282
6212,4984
6212,5366
6216,3680
6217,267
6217,4542
6217,5227
6217,6081
6219,5937
6220,2885
6221,1531
6221,5885
6221,7415
6222,2974
6222,5150
6224,2607
6224,6796
6224,7324
6224,7356
6226,5717
6230,3896
6230,5780
6232,749
6232,1531
6232,2043
6232,5879
6232,7304
6239,1234
6239,4984
6240,1531
6240,6280
6241,1426
6241,1531
6241,5130
6241,5308
6241,5890
6241,6449
6243,1984
6243,4926
6243,4984
6243,5203
6243,5534
6243,6492
6245,772
6247,1810
6251,3682
6252,4096
6253,1717
6253,1946
6253,4017
6253,5918
6256,5364
6257,2730
6257,4678
6257,5382
6258,5687
6258,6399
6260,6103
6261,5713
6263,2503
6263,6392
6268,2086
6268,4934
6268,6352
6271,4769
6271,5690
6273,5972
6273,5993
6275,5202
6281,2373
6281,5341
6285,2207
6286,4959
6286,5239
6286,5406
6286,6195
6287,5522
6290,3651
6291,5026
6294,1316
6294,7565
6295,1296
6309,3858
6315,3321
6315,5937
6315,6414
6316,399
6316,545
6316,5326
6316,5839
6318,4535
6318,5836
6326,2452
6326,6332
6327,1986
6327,2586
6327,3011
6327,3049
6329,5937
6332,4263
6332,5517
6333,1234
6333,1711
6333,3212
6333,4240
6333,4368
6333,4644
6333,5203
6333,5317
6333,5422
6333,5574
6333,6458
6335,969
6335,5785
6335,5841
6336,4221
6340,5603
6346,1309
6346,1529
6346,1765
6346,2374
6346,3602
6346,6090
6348,5144
6349,3648
6349,4045
6349,4990
6349,5115
6352,2086
6352,4934
6354,2693
6354,6137
6355,5268
6358,678
6358,6137
6359,5245
6359,5849
6359,6210
6360,5393
6361,4332
6362,5264
6362,5636
6362,5885
6364,399
6364,2338
6364,5227
6364,5505
6364,5541
6364,5877
6364,6137
6364,6421
6364,7279
6367,669
6367,6517
6368,1457
6368,2558
6368,3679
6368,5696
6371,3935
6377,2256
6377,3712
6377,5083
6377,5697
6377,5839
6378,358
6378,1106
6379,2660
6382,1795
6384,950
6384,4332
6385,178
6385,533
6385,620
6385,794
6385,938
6385,1224
6386,6163
6386,6196
6387,6289
6390,7146
6398,178
6400,2682
6401,6371
6402,4043
6402,5918
6403,950
6403,5116
6403,5227
6403,5405
6404,5424
6406,1106
6406,2220
6406,2448
6406,5304
6406,5973
6408,6270
6410,950
6410,5441
6410,5613
6414,57
6414,5567
6415,283
6415,3441
6415,5760
6415,5978
6415,6316
6419,1531
6419,1957
6419,2150
6419,3097
6419,4113
6419,4972
6419,6449
6419,6530
6419,7617
6419,7673
6421,2156
6421,2739
6421,4040
6421,5083
6421,5227
6421,5597
6421,6193
6422,950
6422,2596
6422,4126
6422,5797
6422,5918
6423,2314
6423,4890
6423,5555
6423,5627
6426,5042
6431,2043
6431,5636
6431,6362
6432,5491
6433,4962
6436,3677
6436,6339
6438,5532
6442,1901
6442,5042
6444,1381
6444,6144
6446,1352
6446,4535
6447,4382
6447,5439
6447,5543
6448,5363
6451,1476
6451,4990
6451,5839
6452,2083
6452,2739
6452,3504
6452,3728
6452,5083
6452,5282
6452,5877
6452,6421
6452,12230
6453,4332
6453,4408
6454,988
6454,3314
6455,130
6455,3396
6457,3203
6458,1234
6459,1901
6462,533
6463,6263
6463,6392
6465,988
6465,5866
6467,5483
6467,7569
6470,950
6470,2156
6470,4942
6474,2867
6474,5037
6474,5814
6474,6132
6475,4332
6475,5613
6476,1426
6476,1531
6476,1716
6476,1957
6476,4332
6476,4937
6476,4972
6476,5130
6476,6530
6483,1529
6483,1765
6483,4872
6483,5767
6483,5785
6483,6090
6483,6163
6485,2585
6485,3197
6485,3262
6485,4017
6489,1529
6489,5480
6489,6090
6492,4984
6492,5347
6492,5366
6492,6163
6495,1529
6495,3288
6495,6483
6496,3794
6496,4942
6496,5083
6496,5115
6496,5282
6496,5599
6496,5890
6496,6174
6497,729
6499,1067
6499,2348
6499,2971
6500,4778
6502,1031
6503,1986
6503,3011
6503,13675
6504,3987
6505,57
6505,533
6505,7288
6505,7574
6506,2305
6506,4644
6506,4854
6506,5491
6508,5750
6510,1548
6510,4332
6511,1957
6511,5130
6511,5879
6511,6530
6512,5517
6514,5083
6514,5282
6515,3162
6520,5166
6521,5308
6527,161
6527,5529
6529,1222
6535,5839
6545,3131
6545,4775
6545,4782
6545,6160
6547,5920
6548,3199
6548,5209
6550,1330
6550,1618
6550,2440
6550,2755
6550,4071
6550,4824
6550,7542
6550,13618
6557,531
6557,4408
6557,4977
6557,6193
6557,6422
6559,975
6559,2847
6559,4853
6560,635
6560,766
6562,6219
6562,6315
6563,465
6563,1110
6563,2085
6563,4572
6563,5319
6563,6169
6563,7288
6563,7389
6563,7574
6563,9291
6564,125
6565,5556
6567,2604
6567,7706
6570,5617
6571,5780
6573,569
6575,1767
6575,1893
6577,5176
6578,1721
6578,5684
6578,5745
6580,834
6580,1752
6580,2052
6583,6464
6586,290
6587,4059
6587,5532
6588,205
6589,1370
6589,1856
6589,4418
6589,4610
6589,5452
6589,5578
6589,13722
6590,331
6590,6033
6593,1024
6593,2026
6593,5408
6593,6148
6593,6535
6594,148
6594,1153
6596,5319
6597,2958
6597,4113
6598,549
6598,2627
6600,794
6600,5447
6600,6406
6601,2437
6601,7629
6602,2083
6602,2299
6602,4099
6602,5282
6603,620
6605,4299
6605,7709
6606,6469
6607,6169
6607,6448
6607,9291
6608,3823
6608,5784
6609,2847
6610,5635
6611,1412
6611,2216
6611,2538
6611,5792
6612,554
6612,5495
6613,4367
6613,5040
6613,5248
6613,5640
6614,1531
6614,1716
6614,2313
6614,5238
6614,6250
6614,12150
6615,1046
6615,1916
6615,5248
6615,5640
6615,6358
6616,1779
6616,2468
6616,2958
6616,4113
6616,5720
6616,6251
6617,2518
6617,3127
6617,5309
6617,5690
6617,5728
6617,5801
6617,6271
6618,865
6618,4639
6620,942
6620,2080
6620,2625
6620,3404
6620,6289
6620,6387
6621,4349
6622,1968
6622,5062
6623,1449
6623,1623
6623,2083
6623,2328
6623,2581
6623,4038
6623,4686
6623,5282
6623,5963
6623,6003
6623,7599
6624,5613
6624,5876
6625,1531
6625,2150
6625,12150
6626,2074
6627,1640
6627,3866
6627,4279
6627,6267
6628,1106
6628,1426
6628,2156
6628,3427
6628,5016
6628,5575
6629,5517
6630,2299
6630,5083
6630,5282
6631,2416
6632,996
6632,1328
6632,2519
6632,3259
6632,4311
6632,5147
6633,2586
6633,3049
6634,2974
6635,1615
6635,3049
6635,3227
6635,4300
6636,1015
6636,1979
6636,1986
6636,2038
6636,2043
6636,2484
6636,2984
6636,5817
6637,1128
6637,4323
6637,5395
6637,5788
6637,7634
6638,6245
6639,5258
6640,5835
6644,4077
6644,6038
6645,3969
6645,4294
6646,942
6646,2190
6646,2512
6646,2778
6646,2961
6646,3404
6646,3508
6646,5403
6647,2754
6647,4937
6647,5130
6647,6025
6648,1170
6648,5227
6648,5334
6648,6421
6650,2961
6650,3186
6650,3425
6650,3640
6650,3818
6650,4104
6650,5511
6651,2586
6651,3278
6652,1490
6652,3640
6652,4967
6652,5062
6655,5111
6656,1373
6656,2429
6656,3625
6656,6141
6657,7682
6658,498
6658,3677
6658,4688
6658,5873
6658,6028
6659,5526
6661,1952
6661,3620
6661,4133
6661,4188
6661,4295
6661,4686
6661,5411
6661,5839
6661,7593
6662,1684
6662,2328
6662,2802
6662,5282
6662,6076
6662,6289
6662,7599
6663,5527
6663,6209
6664,3428
6664,6371
6667,3866
6668,1259
6668,1556
6668,4797
6668,7572
6671,811
6672,2203
6672,3231
6672,5768
6672,5846
6674,5783
6676,545
6676,2625
6676,2653
6676,5780
6676,5963
6676,6008
6676,6213
6676,7227
6676,7558
6676,13719
6677,1608
6677,2115
6679,1099
6679,3498
6679,6535
6680,2847
6680,6141
6681,4972
6681,6530
6681,7408
6681,7645
6682,4800
6683,1998
6683,3049
6683,6349
6683,7443
6684,7292
6686,1098
6686,3209
6690,2271
6690,2714
6691,804
6691,2376
6692,3540
6692,4304
6693,1015
6693,1276
6693,5139
6693,5751
6694,3522
6694,4578
6694,5079
6695,4675
6695,5788
6695,6251
6695,7324
6695,12195
6696,438
6696,1200
6696,1403
6696,2726
6696,3504
6696,6452
6696,7586
6696,12230
6697,3397
6698,1601
6699,848
6699,2047
6699,5529
6699,6542
6700,3471
6700,3800
6700,4972
6700,5130
6700,6530
6700,7617
6700,7673
6700,12311
6701,3570
6701,7643
6703,3832
6703,7634
6704,1690
6704,4251
6704,5079
6705,545
6705,4778
6705,5268
6705,7133
6706,1449
6706,2328
6706,2581
6706,4686
6706,5780
6706,7599
6707,2697
6708,1289
6708,5764
6709,39
6709,545
6709,1998
6709,2154
6709,5585
6709,5963
6709,6008
6710,1403
6711,405
6712,157
6712,2390
6712,5090
6713,2750
6713,5282
6713,6117
6714,4588
6715,3015
6715,7669
6718,296
6718,656
6718,5616
6719,13678
6720,3473
6720,3794
6720,4043
6720,4143
6720,4408
6720,5857
6720,6213
6722,3436
6722,3674
6722,3844
6722,4199
6722,6422
6723,1531
6723,2418
6723,2816
6723,4099
6723,5866
6724,1015
6724,2730
6724,5139
6726,1128
6726,5385
6728,973
6728,2572
6730,2156
6730,2589
6730,2739
6730,4156
6730,4942
6730,5061
6730,5083
6730,5227
6730,5866
6731,1140
6732,1632
6732,1801
6732,5255
6732,5780
6732,6230
6733,711
6735,2723
6737,845
6737,1352
6737,1901
6737,4334
6737,4408
6737,6447
6738,4351
6738,4778
6738,4981
6739,4753
6740,1209
6740,1895
6740,7776
6741,3026
6741,5245
6741,6163
6742,4513
6742,5873
6743,1684
6743,2898
6743,4014
6743,4064
6743,4188
6743,4821
6743,5918
6743,6773
6745,5850
6746,1016
6746,1351
6746,1365
6746,3674
6746,5072
6747,2254
6747,5501
6747,5607
6747,6032
6748,5370
6748,5476
6749,4075
6749,5643
6749,6421
6751,834
6751,1946
6751,2052
6751,2725
6752,598
6752,3125
6752,6339
6754,1564
6754,1957
6754,5898
6755,1683
6755,3935
6755,4174
6755,6401
6756,3925
6756,4480
6756,5425
6757,2537
6757,7116
6758,5937
6760,5991
6762,6403
6763,1786
6763,4778
6763,7141
6763,7146
6764,1209
6764,3867
6764,7776
6765,2947
6765,3950
6765,4123
6765,4462
6766,4045
6767,1801
6767,2101
6767,2418
6767,3598
6767,5866
6767,5868
6769,1901
6772,4489
6772,4538
6772,6196
6773,2701
6773,4821
6773,6743
6774,950
6774,1531
6774,2043
6774,4332
6774,5369
6774,5861
6774,5885
6775,2828
6775,2919
6775,2924
6775,2973
6775,4075
6775,5640
6775,5797
6777,1059
6777,1872
6777,2512
6777,4104
6777,5000
6777,5154
6777,5991
6777,6220
6777,6279
6777,6282
6777,6289
6778,1155
6778,2558
6778,3448
6778,5406
6779,2151
6779,3673
6779,5203
6779,6145
6780,3705
6780,4972
6780,5227
6780,6796
6780,7685
6781,510
6781,932
6781,2503
6781,6263
6781,6392
6782,1866
6782,3728
6782,4033
6782,6117
6783,1085
6783,5691
6783,5790
6784,1376
6784,1401
6785,1125
6785,1383
6785,1531
6785,1548
6785,1716
6785,2612
6785,4332
6785,5125
6785,5295
6785,5526
6785,7450
6785,7565
6786,1529
6786,2702
6786,5794
6786,6090
6786,6483
6786,6495
6787,6250
6789,5425
6790,2693
6790,2705
6790,3838
6790,5597
6794,1099
6794,6148
6794,6535
6797,6220
6800,3639
6800,5438
6805,7514
6807,2658
6807,4299
6807,7503
6814,2318
6814,6829
6816,5349
6819,337
6819,6169
6819,9291
6820,2014
6820,5533
6823,1940
6825,6657
6825,7682
6825,7849
6829,2318
6830,3301
6830,3334
6830,6736
6834,2589
6834,5227
6835,2106
6835,2585
6835,6421
6836,5048
6839,2418
6843,2403
6843,5159
6843,5173
6843,6455
6845,8501
6849,1291
6849,2835
6849,5962
6850,5546
6851,1015
6851,5111
6852,114
6852,1480
6852,3090
6852,3498
6852,4578
6852,5382
6852,5962
6853,5115
6854,6165
6855,4482
6855,6224
6855,7356
6857,3698
6860,1879
6861,5096
6865,4491
6866,950
6866,4043
6866,4143
6866,4408
6866,5636
6866,5868
6866,5974
6867,3386
6867,5282
6867,5904
6868,66
6868,4843
6868,5797
6869,4778
6869,6188
6869,7133
6875,5791
6878,4806
6879,1209
6879,3867
6879,4039
6879,6764
6879,7134
6880,533
6880,5194
6880,6063
6881,3341
6882,3803
6882,5623
6883,804
6883,1859
6883,2376
6884,2465
6885,3062
6886,2216
6886,5792
6890,496
6890,2849
6890,3396
6891,3496
6894,4861
6895,2152
6896,4714
6897,1392
6897,2144
6897,5383
6897,5849
6897,6041
6897,6210
6897,6359
6898,6289
6902,261
6904,1716
6905,1141
6911,6169
6911,9291
6914,1698
6914,2595
6916,1403
6917,1894
6918,5111
6922,59
6922,2596
6922,3473
6922,6117
6924,4139
6924,5316
6924,5517
6924,6332
6927,1283
6927,1734
6927,4070
6927,4778
6929,1901
6930,3125
6932,1323
6932,6077
6936,5452
6936,6149
6937,3791
6941,4045
6941,5962
6941,6349
6944,1030
6944,1631
6944,5589
6945,399
6945,7402
6946,1652
6946,1784
6946,5871
6946,6148
6948,364
6950,85
6950,7353
6951,5343
6952,1110
6952,6315
6952,6329
6952,6562
6954,2649
6958,1932
6958,3418
6960,7137
6961,3312
6961,3916
6964,2509
6964,2537
6964,4804
6964,5988
6964,6188
6965,7542
6967,2028
6967,3141
6967,3647
6967,4149
6967,6197
6967,7572
6968,1197
6968,1984
6968,5570
6968,6162
6968,6195
6969,6076
6972,2660
6972,4731
6975,2059
6975,7279
6978,5710
6981,3702
6983,7553
6984,950
6985,2185
6985,2494
6987,2226
6992,3127
6996,2984
6996,5038
6997,358
6997,5313
6997,6035
6997,7386
6997,7585
6997,12297
6998,2156
6998,4942
7001,1705
7001,6505
7005,75
7006,5337
7006,7569
7007,3473
7008,5353
7010,1476
7010,2835
7011,364
7011,533
7011,620
7011,938
7011,6418
7012,1272
7012,1517
7012,1872
7012,2714
7012,3159
7012,4043
7012,6134
7013,6100
7017,1235
7017,4408
7019,7655
7020,678
7020,6358
7024,4324
7025,4038
7025,7599
7025,7707
7025,12223
7026,1531
7026,1716
7026,2756
7026,3488
7026,3535
7026,4332
7026,4933
7026,5282
7026,5885
7026,7157
7033,1957
7033,3003
7035,2478
7038,13653
7038,13678
7041,3142
7045,2664
7047,1056
7047,2357
7047,2416
7047,2585
7047,3810
7048,2328
7048,2802
7048,5871
7048,6148
7048,7587
7052,1106
7052,2220
7052,5973
7055,5122
7055,7596
7056,2416
7056,3000
7056,3091
7056,3259
7056,3751
7056,4426
7056,5073
7056,6077
7056,6281
7058,4219
7059,305
7060,5973
7061,2435
7061,3920
7061,5288
7061,5627
7061,6210
7062,3150
7063,6178
7064,5001
7068,4254
7070,6339
7072,1580
7072,3391
7073,950
7073,1056
7073,1160
7073,3407
7073,6362
7073,6431
7077,6242
7077,6275
7078,3404
7078,3508
7078,5220
7079,2375
7079,5349
7080,2809
7080,3512
7080,5713
7081,1388
7081,2647
7081,2730
7081,3228
7081,13678
7082,93
7082,6153
7086,5954
7087,9
7087,8212
7089,931
7089,5184
7089,5672
7089,5783
7090,1031
7090,1264
7090,2701
7090,4351
7098,5626
7099,2189
7099,4373
7099,5258
7099,6374
7103,5776
7103,5780
7103,7596
7105,3363
7106,2519
7107,1383
7108,2156
7108,5409
7110,248
7113,5349
7114,180
7114,3386
7114,4032
7114,6322
7114,7132
7116,2537
7116,2809
7116,5594
7116,6757
7117,6229
7119,320
7119,7596
7119,12216
7120,1178
7122,3010
7122,3733
7122,5556
7123,7564
7129,27
7129,206
7129,642
7129,1686
7130,2669
7130,3512
7130,4804
7133,545
7133,4778
7134,1209
7134,7776
7135,5419
7136,5839
7139,3029
7139,4077
7139,6038
7141,4778
7141,7146
7142,7312
7143,1643
7143,6137
7144,297
7144,1102
7147,3424
7148,6430
7149,383
7149,5963
7149,13651
7151,967
7151,1608
7151,2664
7151,2784
7151,3286
7151,4307
7151,5599
7151,7296
7152,1843
7152,2328
7152,4221
7152,5282
7152,6076
7152,7599
7152,7707
7154,4059
7157,1426
7157,1683
7157,2043
7157,4044
7157,4823
7157,4940
7157,5405
7157,5461
7157,5885
7159,2537
7159,4853
7159,5022
7161,800
7161,1531
7161,4332
7161,4861
7162,858
7162,6563
7162,7574
7163,1426
7163,5377
7164,2882
7164,5227
7164,5617
7164,6570
7166,6542
7168,2028
7168,7525
7168,7658
7171,2207
7171,5790
7172,157
7172,620
7172,2390
7172,2625
7172,5090
7172,5313
7172,6712
7173,4811
7173,4845
7173,4969
7174,1077
7175,2647
7175,2926
7175,2932
7175,4164
7175,7552
7177,2230
7177,2898
7177,3663
7177,3674
7177,3755
7178,5111
7179,217
7179,1592
7179,1907
7179,3404
7179,5154
7179,6160
7179,6289
7180,3664
7180,5850
7181,1006
7181,4231
7182,4563
7182,5962
7184,7349
7185,2338
7185,2589
7185,4829
7185,4942
7188,5460
7189,1501
7189,5140
7190,4077
7190,6038
7190,6773
7190,7890
7190,7893
7191,5220
7191,5849
7192,6685
7193,5040
7193,5640
7195,680
7195,1442
7195,2156
7195,2382
7195,2705
7195,4156
7195,5227
7195,5605
7195,5617
7195,5748
7195,5762
7195,6462
7195,6530
7196,868
7196,5317
7196,6140
7198,1059
7198,3473
7198,5283
7199,2200
7199,2581
7199,4038
7199,5282
7199,6316
7199,6709
7199,7599
7200,165
7200,1752
7200,1801
7200,4164
7200,5815
7200,5849
7201,355
7201,837
7201,1979
7201,2200
7201,4785
7201,6245
7201,6709
7201,7444
7202,208
7202,3670
7202,4106
7202,5452
7202,6221
7202,6466
7202,7514
7203,277
7203,4600
7203,4990
7204,364
7204,1606
7204,2346
7204,2368
7205,2028
7205,3298
7205,3647
7205,6668
7205,7572
7205,7658
7207,1856
7207,4418
7208,2320
7208,2731
7209,696
7209,3484
7209,4219
7209,6061
7210,6234
7211,2310
7211,5061
7211,5343
7212,2537
7212,3125
7212,3664
7212,4784
7212,6097
7212,6270
7212,6328
7213,450
7213,938
7213,1464
7213,2739
7213,13622
7214,423
7214,1957
7214,3981
7214,4937
7214,5130
7214,6419
7214,6449
7215,2161
7215,6379
7216,2110
7217,2180
7217,5452
7218,6410
7218,6740
7219,1153
7219,1564
7219,3140
7219,5037
7219,5079
7219,5898
7219,6233
7220,39
7220,1734
7220,3058
7220,4819
7221,1442
7221,1845
7221,1920
7221,6834
7222,2034
7222,4351
7224,3247
7224,5217
7225,1403
7225,2726
7225,3838
7225,4388
7225,5227
7225,6452
7226,2047
7226,5529
7226,6527
7226,6699
7227,545
7227,2625
7227,2653
7227,4697
7227,5963
7227,6008
7227,6676
7227,13719
7228,988
7228,2081
7228,2340
7228,2778
7228,3133
7228,3473
7228,3557
7228,4097
7228,5610
7229,2971
7230,7596
7231,1141
7231,2537
7231,3125
7231,3920
7231,3969
7231,6270
7232,542
7232,1143
7232,2230
7232,4821
7232,5122
7232,5148
7232,6137
7233,542
7233,5544
7233,5898
7233,6403
7234,1676
7234,1877
7234,2326
7234,3671
7235,1250
7235,1998
7235,5904
7235,5962
7236,3969
7237,1721
7237,2012
7237,7326
7238,6755
7238,6814
7239,6137
7239,6188
7239,6358
7240,2091
7240,3969
7240,5079
7240,5795
7240,5828
7240,6029
7241,2599
7241,5306
7243,2625
7243,3546
7243,4784
7243,6270
7243,6289
7244,533
7244,1480
7244,4534
7244,6063
7245,3247
7245,6711
7247,2070
7247,5751
7248,1250
7248,3386
7248,4038
7248,4126
7248,5282
7248,6117
7248,7593
7248,7707
7249,4426
7250,951
7250,1837
7251,3247
7252,1177
7252,1785
7252,1859
7252,2376
7252,2949
7252,5605
7252,5748
7252,6681
7252,7462
7252,7884
7253,6141
7254,2232
7255,761
7255,782
7255,2378
7257,3671
7257,4826
7257,6188
7258,2835
7258,4332
7258,4990
7258,5083
7258,5190
7258,5282
7258,5603
7258,5839
7258,5885
7258,6025
7258,6451
7258,7486
7259,1999
7259,5280
7259,7281
7260,1333
7260,2367
7260,4470
7261,2755
7261,4071
7261,4880
7262,2607
7262,5322
7262,5733
7262,6224
7262,6796
7263,2854
7263,4327
7263,4644
7263,5390
7263,6142
7264,1494
7264,3832
7264,5261
7264,5861
7265,1897
7265,5233
7266,1531
7266,4173
7266,12233
7267,542
7267,5130
7267,5370
7267,5898
7268,254
7268,620
7268,858
7268,914
7268,938
7268,2638
7268,2867
7268,3170
7268,5907
7268,6418
7268,6712
7269,1181
7269,1200
7269,1403
7269,3838
7269,5605
7269,6696
7271,4006
7271,4826
7271,6188
7272,5835
7274,1449
7274,1623
7274,2083
7274,2328
7274,2581
7274,4686
7274,5282
7274,5963
7274,6003
7274,6623
7274,7438
7274,7894
7275,772
7278,1684
7278,2072
7278,3246
7278,3328
7278,3806
7278,4014
7278,5202
7278,5282
7278,5603
7278,5853
7278,6221
7278,6316
7279,399
7279,2059
7279,2156
7279,2824
7280,1153
7280,3745
7281,1999
7281,5280
7283,4762
7283,7609
7284,2861
7284,5962
7287,3428
7287,6339
7289,224
7289,5314
7291,5224
7291,5438
7291,5918
7295,1431
7295,5037
7296,2632
7296,2824
7296,5224
7298,565
7302,705
7302,3003
7302,5886
7303,1803
7303,5132
7304,632
7304,1531
7304,5238
7304,5879
7304,6250
7305,1957
7305,2150
7305,4972
7305,6530
7305,7645
7306,2005
7306,2305
7306,2907
7306,5491
7307,337
7307,4274
7310,1548
7310,2154
7310,2612
7310,2693
7310,2739
7310,5264
7310,5301
7310,5597
7310,6361
7310,6362
7310,7648
7314,1462
7324,178
7327,413
7327,6364
7328,3115
7328,4600
7328,5481
7328,5704
7329,1035
7329,5209
7329,5764
7330,4942
7330,5122
7330,6137
7331,2043
7331,2693
7331,3338
7332,2556
7332,3390
7332,4199
7332,7443
7335,5037
7335,7328
7337,3404
7337,7558
7339,533
7339,3807
7339,4582
7339,5010
7339,6035
7340,5635
7342,671
7342,950
7342,3609
7342,4933
7342,5022
7342,6137
7342,7352
7342,7709
7343,5616
7344,2585
7345,1075
7349,6436
7350,212
7350,4529
7350,7424
7351,1897
7351,2586
7351,3049
7356,938
7356,7407
7359,1531
7359,4802
7359,5134
7359,5354
7361,59
7361,233
7361,701
7361,1216
7361,2418
7361,4043
7361,5461
7361,5742
7361,7647
7365,1817
7365,1897
7365,5150
7365,5944
7365,5983
7367,6203
7367,7430
7369,2156
7369,2739
7369,5227
7369,5877
7369,6421
7369,6452
7373,951
7375,1042
7375,1800
7375,2589
7375,5599
7375,6421
7375,7528
7377,4408
7377,4446
7377,4523
7382,3165
7382,3546
7383,6337
7384,3974
7385,1349
7386,533
7386,2825
7386,4664
7386,6035
7386,6063
7387,5670
7391,155
7391,3771
7392,1877
7392,1979
7392,3011
7392,3671
7392,6503
7393,3363
7393,6745
7394,6213
7395,3467
7395,3909
7395,12462
7396,6347
7397,333
7397,7402
7398,374
7398,1480
7398,2082
7398,4664
7398,5254
7399,4670
7399,5181
7399,5336
7399,5495
7399,6106
7400,436
7402,5495
7402,5746
7402,5935
7404,6137
7406,2154
7406,3488
7406,3535
7406,5264
7406,5585
7406,5898
7406,5918
7406,5963
7406,6362
7408,620
7408,4972
7408,6530
7408,7626
7408,7645
7410,794
7410,2577
7410,7541
7412,521
7413,3165
7413,3186
7413,3377
7414,653
7414,1153
7414,5404
7414,7493
7415,1531
7415,7486
7416,5980
7420,514
7420,3682
7424,358
7427,5282
7429,2664
7429,2824
7429,5227
7429,7681
7429,7706
7431,5894
7431,7341
7433,2284
7434,2043
7434,2114
7434,2418
7434,5405
7438,221
7438,2329
7438,5780
7438,6106
7442,7530
7443,2556
7443,3390
7443,4650
7443,4858
7443,7332
7445,4470
7445,6314
7446,2367
7446,4470
7446,7328
7446,7444
7446,7445
7446,7515
7447,780
7450,1383
7450,7565
7451,3745
7455,2156
7455,6137
7455,6220
7459,514
7459,3682
7461,2608
7461,6023
7461,6352
7462,5022
7462,5780
7462,6137
7462,6220
7464,6736
7465,2437
7465,2518
7465,5801
7465,6271
7468,4762
7468,4922
7468,5684
7468,5745
7468,7530
7470,3671
7470,4443
7470,5224
7470,5944
7471,1181
7471,2765
7471,5227
7472,3207
7472,3770
7472,7588
7474,98
7474,5045
7475,2632
7475,2664
7475,5224
7475,5599
7475,7504
7475,7543
7475,7706
7476,5871
7476,6535
7477,1028
7477,1155
7477,1243
7477,5034
7477,5649
7477,5831
7477,6070
7477,7618
7478,6081
7480,936
7480,2454
7480,6002
7482,1125
7482,1531
7482,2980
7482,6250
7482,7415
7482,12150
7483,2402
7483,7581
7484,2418
7484,3702
7484,5079
7484,7565
7489,3791
7491,2664
7491,5635
7491,7706
7493,148
7497,296
7498,5337
7500,545
7500,1290
7500,3090
7500,5780
7500,6008
7501,5263
7501,5774
7503,706
7503,2658
7503,4299
7503,6271
7504,533
7504,5613
7506,2032
7507,5797
7507,7611
7508,224
7508,3002
7508,5184
7508,5672
7509,2974
7509,3467
7509,3909
7509,12462
7511,2329
7511,6316
7514,208
7514,4106
7515,1850
7515,2367
7515,3115
7515,4054
7515,5524
7515,7553
7517,1886
7517,3495
7519,1632
7519,13655
7520,2059
7520,5541
7521,3116
7525,1259
7525,3140
7526,1012
7527,2156
7527,5200
7527,7698
7529,5445
7530,4762
7530,5030
7532,2083
7532,4686
7532,5282
7534,1403
7538,358
7538,5043
7538,5594
7538,7609
7539,5657
7539,6322
7541,7410
7542,7630
7544,6151
7550,5037
7550,7328
7550,7444
7552,5776
7552,5780
7552,6106
7557,261
7557,6314
7562,4258
7563,1437
7564,711
7565,3794
7567,4364
7569,3199
7569,5209
7572,2028
7572,7565
7573,706
7574,5289
7574,7288
7574,7705
7576,6298
7581,2987
7582,1067
7585,358
7585,2220
7585,2418
7585,5781
7585,7424
7585,7538
7585,12350
7586,1464
7586,2632
7586,2726
7586,2816
7586,3504
7586,5349
7586,5957
7586,6452
7586,12230
7587,2064
7587,2328
7587,5868
7587,6316
7588,7569
7592,5080
7593,4295
7595,333
7595,540
7598,7581
7599,3441
7599,3728
7599,5776
7599,5780
7599,5839
7599,5897
7599,6316
7601,598
7601,3673
7602,5224
7603,2586
7603,3049
7603,4300
7603,5876
7603,7381
7606,549
7607,2440
7607,4071
7608,4231
7610,7574
7612,217
7612,549
7612,1901
7612,3861
7612,4043
7612,4408
7614,772
7617,1531
7617,4972
7617,6530
7618,2662
7620,5744
7624,2154
7624,5748
7624,5963
7624,6045
7626,533
7626,609
7626,914
7626,5275
7626,6396
7627,2115
7629,2518
7629,4769
7629,6271
7631,3392
7632,6289
7634,3823
7634,3929
7634,5797
7634,12213
7635,2604
7637,296
7637,1705
7637,6433
7637,6718
7645,4972
7645,7626
7646,187
7646,226
7646,3158
7646,3569
7646,5808
7647,671
7648,62
7648,4262
7648,5130
7652,1705
7652,3447
7652,6718
7653,5037
7653,7671
7657,4693
7657,5752
7657,6000
7657,6792
7658,5855
7659,6399
7660,6343
7660,7612
7662,698
7663,2064
7663,3546
7666,960
7666,2418
7666,2664
7666,4002
7666,5781
7666,6035
7666,6039
7666,7325
7667,135
7670,2043
7670,3073
7670,5415
7670,5692
7673,1957
7673,4937
7673,5130
7673,6530
7674,1051
7675,3078
7679,4043
7679,5857
7681,2632
7681,2664
7681,5224
7681,7706
7683,627
7684,2931
7685,3705
7685,4972
7685,6796
7686,4441
7690,5788
7693,2043
7693,2612
7693,4901
7693,5083
7693,5127
7693,5130
7693,6081
7694,5761
7697,278
7698,2156
7698,5409
7698,5877
7699,1431
7699,1835
7699,3090
7699,5748
7700,5207
7702,7299
7703,329
7703,765
7703,7587
7706,2310
7706,5599
7707,2083
7707,3386
7707,3728
7707,5282
7709,4942
7712,1259
7712,1852
7712,2083
7712,2409
7712,2596
7712,5282
7714,498
7714,677
7714,1262
7714,3677
7714,5873
7714,7518
7715,725
7715,2664
7715,4002
7715,5022
7715,5313
7715,5866
7715,6462
7715,7325
7715,7504
7717,3249
7719,1333
7719,2080
7719,4769
7719,5524
7719,5801
7720,198
7720,2755
7720,4529
7720,4880
7720,7091
7720,7350
7720,7591
7721,3733
7722,498
7722,1262
7723,59
7723,2431
7723,2572
7723,4043
7723,4075
7723,4542
7723,5797
7725,13644
7726,208
7726,5061
7728,209
7728,1370
7728,13722
7729,5928
7735,4672
7735,5104
7736,7216
7737,13652
7739,936
7739,2454
7739,6002
7739,7480
7740,1015
7740,1932
7740,2200
7740,2245
7740,2529
7740,2984
7740,3349
7740,4726
7740,4785
7740,5219
7743,5578
7744,259
7744,6391
7746,2192
7746,3078
7747,1041
7747,1099
7747,1281
7747,1615
7747,3733
7747,4300
7747,4494
7747,4880
7747,5215
7748,92
7748,4266
7748,6277
7749,5224
7749,6525
7750,496
7750,1799
7750,2849
7750,6890
7751,5917
7752,6169
7755,6639
7756,4705
7756,4942
7756,5022
7756,5122
7756,6354
7756,7279
7757,4360
7760,4933
7760,5585
7761,2265
7762,1596
7762,2612
7763,1085
7763,1872
7763,5790
7766,2079
7766,6219
7766,6315
7768,6242
7768,7077
7769,4043
7770,545
7771,1403
7771,2726
7771,3504
7771,4388
7772,5369
7774,4140
7775,2537
7776,1209
7776,3867
7777,2571
7777,5585
7777,5963
7778,5989
7782,4146
7789,6568
7790,5306
7792,187
7792,302
7792,524
7792,5349
7792,5808
7792,7577
7792,7646
7799,1925
7805,822
7805,1283
7805,4070
7805,5780
7805,6230
7810,470
7810,3506
7810,5565
7810,6422
7823,3745
7823,5037
7826,5780
7832,779
7832,5161
7832,5702
7832,5790
7836,2574
7840,150
7840,2412
7840,2491
7840,3248
7840,4474
7841,4705
7848,3960
7848,4272
7853,2949
7855,2083
7857,2787
7857,3455
7861,3333
7861,6028
7862,5443
7865,499
7865,5532
7865,7154
7866,4785
7870,273
7874,5849
7874,6041
7874,6786
7874,6897
7875,7446
7875,7539
7876,6225
7877,2050
7877,3206
7879,2466
7879,3872
7880,4333
7880,4474
7880,5308
7880,5441
7880,5898
7881,5790
7883,1325
7883,1427
7884,549
7884,1973
7884,2664
7884,2824
7884,5224
7884,5635
7884,7706
7886,921
7886,2537
7886,2654
7886,4853
7886,7159
7887,2743
7888,1433
7888,1752
7888,3990
7888,5691
7888,5790
7888,7061
7890,4077
7890,6038
7890,6773
7890,7893
7892,2945
7893,6038
7893,6773
7893,7890
7894,1449
7894,1623
7894,2328
7894,2581
7894,4686
7894,5282
7894,6623
7897,1784
7897,2586
7897,3011
7897,4100
7897,7478
7898,2043
7898,5470
7898,5692
7899,2073
7899,2416
7899,2701
7899,2907
7899,2909
7899,3091
7899,3259
7899,4027
7899,4327
7899,4351
7899,4849
7899,6281
7899,6631
7901,5526
7902,1548
7902,2612
7902,4332
7902,4937
7902,5130
7902,6521
7903,1449
7903,2581
7903,2634
7903,3880
7903,4133
7903,4686
7903,5381
7905,3417
7905,4639
7905,5635
7905,7429
7909,3091
7909,3597
7912,2589
7913,5574
7915,6017
7915,6225
7915,6727
7915,7087
7921,4474
7921,5828
7922,846
7922,5452
7923,1234
7923,1587
7923,3212
7923,4240
7923,4340
7923,4984
7923,5317
7923,5393
7923,5574
7923,6243
7923,6458
7923,6492
7923,8107
7924,2338
7924,2581
7924,3896
7924,5780
7924,5790
7924,6230
7929,4061
7929,7472
7929,12298
7933,6453
7934,950
7934,1310
7934,1611
7934,2114
7934,2952
7934,3206
7934,4100
7934,4333
7934,4673
7935,923
7937,4664
7938,1877
7938,2586
7938,3011
7938,3049
7938,3671
7938,7387
7938,7392
7939,3003
7939,6063
7943,1889
7943,5947
7944,6736
7945,1066
7945,3484
7945,6061
7946,2572
7946,2596
7947,1946
7947,2909
7947,3035
7947,5841
7950,4049
7950,4146
7950,4769
7950,5309
7950,5801
7951,7552
7952,3936
7952,5393
7952,5794
7952,5833
7952,7156
7958,5686
7961,1940
7961,2941
7963,1071
7963,1140
7963,3866
7963,4279
7963,6209
7965,862
7965,1366
7965,1438
7965,3217
7965,3540
7965,6692
7967,6029
7967,7589
7972,2697
7974,3832
7974,5617
7974,6128
7975,1732
7975,4369
7975,6218
7976,1010
7976,2951
7976,6045
7976,6077
7978,7547
7979,2217
7979,3574
7979,5785
7979,5790
7979,6196
7980,5366
7980,6145
7981,2336
7982,1150
7982,2416
7982,3000
7982,3091
7982,3259
7982,3751
7982,4327
7982,4351
7982,4845
7982,5849
7982,6077
7982,6395
7983,2361
7983,3300
7983,4129
7983,4304
7984,1003
7986,2156
7986,2328
7986,2338
7986,2739
7986,5254
7986,5313
7986,6084
7986,12297
7987,1869
7987,2070
7987,2222
7988,6148
7991,177
7992,6336
7995,853
7995,998
7995,1672
7995,2926
7995,5061
7995,5224
7998,2659
7998,4533
7998,4959
7998,5155
8000,1350
8000,6155
8003,40
8003,3937
8004,1876
8004,4533
8005,2200
8005,3712
8005,3824
8005,4351
8005,5277
8005,5408
8005,6148
8005,6451
8010,4075
8011,1999
8011,5280
8011,7259
8011,7281
8017,2647
8017,4884
8021,681
8021,2763
8021,6169
8021,6594
8025,3664
8025,3818
8025,3969
8025,4043
8025,4408
8025,5088
8025,5857
8026,545
8026,2382
8026,2524
8026,2537
8026,3023
8027,882
8027,2378
8028,8465
8029,1932
8030,1784
8030,5871
8031,708
8031,768
8031,3119
8031,3214
8031,4424
8031,4675
8031,4862
8031,4885
8031,5336
8031,5788
8031,12195
8032,1358
8032,1686
8032,5037
8032,6322
8032,7295
8032,7451
8032,7539
8033,1591
8033,5048
8034,3904
8034,4681
8035,5871
8036,1676
8036,2011
8037,3664
8038,1325
8042,5790
8042,7133
8043,3257
8044,1017
8044,1234
8044,3212
8044,4240
8044,4340
8044,4368
8044,4644
8044,5317
8044,5422
8044,5574
8044,6333
8044,6458
8045,1234
8045,3560
8045,4240
8045,4533
8045,5317
8045,6458
8047,1351
8047,1785
8047,3844
8047,5039
8047,5776
8047,5780
8048,3576
8049,4467
8049,5743
8050,2028
8054,2835
8057,1388
8057,4351
8057,5443
8057,5913
8057,6386
8058,1235
8058,1944
8058,2186
8058,2612
8058,4408
8058,4977
8059,890
8059,1577
8059,2666
8059,3724
8060,4164
8060,5815
8060,7193
8060,7200
8060,8041
8062,1333
8063,399
8063,1337
8063,1632
8063,3131
8063,12374
8065,1686
8065,7328
8068,842
8068,975
8068,7681
8068,12216
8069,3835
8069,4442
8070,1053
8070,6309
8071,5203
8071,5393
8072,942
8072,2080
8072,2802
8073,3724
8074,3802
8074,5240
8074,5265
8076,706
8076,3835
8076,5495
8076,7399
8077,5512
8078,969
8078,4845
8078,5200
8078,5849
8078,5868
8079,5849
8080,1547
8080,1793
8080,3068
8080,3639
8080,4523
8080,6031
8081,1084
8081,4932
8082,1706
8082,2328
8082,2596
8082,2861
8082,3191
8082,4221
8082,5282
8082,6117
8083,991
8083,1162
8083,1401
8083,4043
8083,4408
8083,7612
8084,5778
8084,8265
8085,3592
8085,5517
8085,5840
8086,4071
8086,7607
8087,1461
8088,3407
8088,5593
8088,7770
8090,464
8090,1615
8090,2098
8090,3614
8090,3733
8090,4300
8090,4494
8090,7603
8091,3662
8092,6490
8095,1508
8095,1667
8096,2841
8096,3766
8096,5517
8098,1202
8098,5369
8099,4587
8101,5645
8102,3022
8103,5640
8105,5282
8105,6422
8106,4332
8106,5405
8106,5544
8107,1234
8107,4240
8107,4340
8107,4984
8107,5317
8107,5574
8107,6243
8107,6458
8107,6492
8107,7923
8108,6715
8109,254
8109,740
8109,2361
8110,5195
8111,2799
8113,769
8113,1182
8113,3000
8113,3259
8113,4327
8113,6077
8113,7056
8114,1358
8114,1686
8114,4470
8114,5037
8114,6029
8114,7295
8116,2056
8117,1378
8117,1569
8117,3208
8117,4059
8117,4126
8117,4863
8117,6117
8120,1861
8120,2509
8120,5140
8121,4324
8122,5885
8122,6362
8122,7073
8123,273
8123,2730
8123,7612
8123,7884
8125,756
8125,5540
8125,6621
8126,2732
8126,7632
8127,3148
8128,2101
8128,2933
8128,3969
8128,4043
8128,5154
8128,5857
8130,2625
8130,3404
8130,4253
8130,5403
8130,6289
8131,1516
8131,1569
8131,3237
8131,6713
8131,8646
8132,846
8132,5017
8133,987
8133,5300
8134,1822
8137,705
8137,5540
8138,2589
8138,5761
8138,5877
8138,12207
8139,1323
8139,3844
8139,5203
8141,1457
8141,1654
8141,7185
8142,2570
8142,3766
8142,4263
8143,1283
8143,1734
8143,4070
8143,5963
8143,6045
8143,6732
8143,7884
8144,2028
8144,4149
8144,5526
8146,2295
8146,6243
8146,6492
8147,1907
8151,2679
8152,1752
8153,1143
8153,2350
8153,6188
8155,418
8155,2108
8155,2210
8155,2435
8155,2778
8155,2961
8155,4143
8155,4450
8155,5780
8157,2597
8157,2833
8157,3525
8158,4077
8158,4219
8158,7190
8158,7285
8160,2722
8160,5919
8161,3199
8161,3267
8162,5963
8163,2596
8163,5460
8164,2537
8164,2964
8164,3290
8164,4623
8164,5564
8165,1391
8165,7218
8166,2596
8166,2864
8166,5282
8166,6422
8168,1037
8168,6095
8171,2867
8171,3122
8173,2933
8174,2567
8174,5837
8175,1301
8175,2840
8175,3048
8175,3081
8176,769
8176,1031
8176,1150
8176,1182
8176,1520
8176,2416
8176,2585
8176,3000
8176,3091
8176,3259
8176,3751
8176,4327
8176,4351
8176,6077
8180,333
8180,426
8180,2070
8180,2201
8180,3614
8180,4356
8180,4690
8180,4800
8180,5562
8180,6729
8180,7550
8181,6708
8183,4271
8184,853
8185,3113
8185,4725
8185,4882
8185,5762
8185,6268
8185,6352
8186,2340
8186,2370
8186,4143
8186,5857
8186,6465
8187,1062
8187,1976
8187,2207
8187,6187
8188,5838
8189,1155
8189,5316
8190,4167
8191,1283
8191,2581
8191,3539
8191,7133
8191,9231
8191,13643
8195,2083
8195,6076
8196,4894
8196,6029
8196,6887
8196,7493
8198,455
8199,4804
8200,1683
8200,2581
8200,2820
8200,3664
8200,3728
8200,3980
8200,5988
8200,6076
8200,7599
8201,6400
8201,7507
8203,2833
8203,3167
8204,2967
8204,3133
8204,3991
8204,5360
8205,2933
8206,1714
8206,5008
8206,5668
8209,2144
8209,5204
8209,5383
8209,6041
8209,6210
8209,6359
8209,6897
8210,2583
8210,5344
8210,6007
8211,1455
8211,5603
8212,5960
8214,1255
8214,5425
8214,5794
8215,4761
8215,5505
8216,1236
8216,3643
8217,1208
8217,1836
8217,4571
8218,2880
8218,3084
8218,3165
8218,6065
8220,2131
8220,3152
8220,4074
8221,2338
8221,2355
8221,2726
8221,3036
8221,3296
8221,5022
8221,5122
8221,6137
8221,7330
8222,1706
8222,3317
8222,4673
8222,4778
8222,5308
8222,5898
8222,6449
8224,2193
8227,1235
8227,1408
8227,1901
8227,3159
8229,2299
8229,3030
8229,5080
8229,5962
8229,12223
8240,632
8240,2194
8240,3285
8240,6280
8240,7304
8241,2270
8242,2022
8242,6255
8243,5535
8244,1981
8244,2544
8244,5988
8244,13719
8246,1367
8249,2933
8249,5790
8250,1353
8250,1969
8250,4043
8250,5224
8250,5963
8250,6102
8250,6117
8251,4140
8251,5548
8251,6507
8252,5962
8255,5195
8256,1531
8256,2313
8256,3785
8256,5134
8256,6025
8256,12150
8258,3200
8258,5540
8259,2879
8259,6696
8261,296
8261,533
8261,931
8261,1705
8261,2103
8261,2595
8261,2930
8261,3311
8261,3447
8261,4955
8261,6035
8261,6100
8261,6505
8261,6718
8261,7652
8262,1209
8262,3150
8262,3867
8262,6740
8262,6764
8262,7134
8262,7776
8265,5778
8265,8084
8265,8323
8265,8384
8266,1401
8266,5797
8269,5037
8270,2961
8271,1388
8271,1734
8271,2310
8271,2932
8271,4070
8271,7895
8272,3206
8273,6240
8273,6280
8275,3081
8276,3962
8280,923
8280,2115
8280,2730
8281,1654
8281,2042
8281,4895
8281,4959
8281,5155
8281,5480
8281,6084
8282,1202
8282,3867
8282,4605
8283,1250
8283,2026
8283,2409
8283,2973
8283,5963
8283,6148
8283,6153
8283,6775
8285,438
8285,1937
8285,2726
8285,3222
8285,3504
8285,4355
8285,4459
8285,5264
8285,5357
8291,1643
8291,5988
8291,6188
8292,3643
8292,6294
8293,2043
8293,2612
8293,3073
8293,4408
8293,5264
8293,5308
8293,5415
8293,5636
8293,5692
8293,6362
8295,2328
8295,2581
8295,2820
8295,2973
8295,3386
8295,3728
8295,3880
8295,5282
8295,6076
8296,5991
8296,6760
8297,2664
8297,3539
8297,4006
8297,4877
8297,5224
8297,6802
8297,7706
8297,8350
8298,2554
8298,5959
8299,2634
8299,3729
8299,4686
8303,2378
8303,3207
8303,6896
8303,7255
8304,4167
8305,1403
8305,3504
8305,4388
8305,6452
8306,3506
8306,5425
8306,5565
8308,5178
8309,1637
8310,2449
8310,3125
8310,4560
8310,6097
8310,6270
8310,7212
8311,2612
8311,5898
8311,6064
8312,1532
8312,1614
8312,4453
8313,225
8313,453
8313,1641
8313,4995
8315,3131
8315,4782
8315,6545
8316,2336
8316,2859
8317,1041
8317,1099
8317,3047
8318,1531
8318,4173
8318,7266
8319,4555
8319,4560
8319,4784
8319,6270
8322,1732
8322,6218
8323,2740
8323,4263
8323,8265
8324,3047
8324,4474
8326,404
8326,1630
8326,1965
8326,2934
8326,3859
8326,5788
8327,329
8327,1866
8328,1432
8328,5495
8329,2056
8331,3162
8331,6515
8332,4555
8332,4560
8332,6270
8333,837
8333,846
8333,5017
8335,5710
8337,2237
8337,2343
8337,3570
8337,4067
8337,5114
8338,2326
8338,5223
8338,5640
8341,1932
8341,3484
8341,4077
8341,6038
8341,6061
8342,1635
8342,4776
8342,5509
8342,5691
8342,5790
8342,7050
8343,4188
8344,808
8344,6387
8345,2203
8345,6147
8346,1388
8346,2312
8346,2647
8346,3228
8346,4487
8346,5850
8346,5868
8346,5963
8346,6738
8347,2509
8347,5100
8347,5541
8347,5768
8347,6035
8347,6364
8348,2026
8348,5408
8348,5666
8349,4353
8350,1432
8350,2664
8350,4006
8350,5988
8350,7706
8350,8297
8351,4167
8351,5691
8351,5790
8353,4853
8353,7159
8355,2745
8355,3082
8355,4254
8356,2815
8356,3261
8356,3870
8356,5480
8357,3070
8357,4139
8357,5465
8357,5517
8358,1476
8358,2026
8358,2835
8358,3053
8358,5839
8359,404
8359,3859
8359,5139
8360,5451
8361,3969
8361,5780
8362,1141
8362,2449
8362,3062
8362,4697
8362,6270
8363,1235
8363,4143
8364,1684
8364,2083
8364,5603
8365,6934
8366,2512
8366,6213
8367,1531
8367,5354
8367,6614
8369,4703
8370,1467
8370,1752
8371,1540
8371,5016
8371,5261
8371,5692
8371,5878
8374,2701
8374,2907
8374,3515
8375,1407
8376,472
8376,950
8376,4408
8376,4977
8376,5264
8376,5308
8377,3664
8377,5850
8378,12398
8379,950
8379,1531
8379,4408
8379,5238
8379,5807
8379,5963
8379,6250
8380,1442
8381,2835
8384,1785
8384,2647
8384,5778
8384,8084
8384,8265
8385,1451
8385,6318
8386,5167
8386,5300
8386,5402
8386,6049
8386,6427
8387,3460
8387,4045
8387,6349
8387,6358
8388,1580
8388,1625
8388,2056
8388,4341
8388,5565
8388,7268
8389,451
8389,846
8389,3314
8389,5452
8389,6197
8389,6332
8391,3047
8392,4447
8392,4605
8392,4778
8392,6213
8393,4351
8393,5341
8393,5754
8395,1283
8395,2413
8395,3726
8395,5868
8395,7133
8397,1041
8397,1099
8398,2370
8398,4450
8399,5780
8403,2309
8403,3354
8403,3572
8403,5316
8403,13619
8404,531
8404,1672
8404,2632
8404,3197
8404,3535
8404,4332
8405,4521
8406,5464
8410,5518
8412,1388
8412,1632
8412,5255
8415,1294
8415,2980
8415,3031
8415,3856
8415,4766
8415,4802
8415,6117
8416,6442
8417,1679
8419,4304
8424,1705
8424,3311
8427,905
8427,988
8427,2242
8427,3343
8427,5855
8428,1195
8428,1218
8428,4193
8428,4641
8428,5280
8429,7146
8430,1024
8430,2668
8430,3498
8430,5408
8431,3158
8431,6068
8433,514
8433,571
8433,827
8433,2554
8433,2763
8433,3363
8433,5432
8433,6219
8434,3643
8439,3612
8439,12163
8440,1116
8443,3078
8444,2572
8445,1931
8447,6401
8449,5382
8449,5866
8449,6135
8452,952
8452,5918
8454,996
8455,2356
8456,2577
8457,2226
8457,7849
8465,2032
8465,3249
8465,3869
8466,24
8467,2139
8473,1200
8473,2082
8473,3406
8473,5831
8474,5691
8474,5790
8475,2572
8475,3068
8476,6329
8479,7629
8481,1351
8481,4033
8485,3639
8485,6031
8487,973
8487,1366
8487,7455
8493,130
8494,942
8496,3508
8496,5097
8496,7558
8498,5282
8498,6003
8500,178
8500,7324
8501,1778
8501,6467
8502,3740
8504,1661
8504,2466
8504,3287
8504,3872
8504,6096
8504,12192
8505,5877
8509,399
8509,1531
8509,2338
8509,5544
8509,6206
8512,6322
8513,2082
8513,3823
8514,3349
8514,6188
8514,6996
8514,12143
8516,6403
8518,4610
8519,2933
8520,769
8520,1150
8520,1182
8520,1795
8520,2416
8520,2701
8520,2951
8520,3000
8520,3091
8520,3259
8520,3751
8520,4327
8520,4351
8520,6077
8520,7982
8521,254
8521,625
8521,4704
8522,3810
8522,5443
8522,6651
8522,12232
8523,1897
8523,4077
8524,1386
8524,4804
8525,5264
8526,1632
8527,950
8530,5307
8531,2799
8532,5399
8533,1752
8533,2080
8533,3229
8533,5403
8533,5780
8533,5927
8533,6230
8533,6289
8533,6732
8535,3206
8535,5221
8535,6064
8535,6188
8535,7921
8536,1027
8536,1798
8536,2338
8536,3510
8536,4006
8536,4942
8536,5988
8536,6036
8536,6126
8536,6188
8536,6529
8537,5037
8538,1209
8538,1836
8538,4039
8538,5790
8538,6740
8538,7776
8539,1150
8539,2416
8539,3091
8539,3259
8539,3336
8539,3674
8539,3751
8539,4351
8539,6077
8539,6631
8540,2625
8540,3254
8543,13714
8544,2537
8546,4270
8547,85
8547,4043
8547,4324
8547,6580
8548,742
8548,1333
8548,7328
8548,8537
8550,1229
8550,1597
8550,1912
8551,89
8553,8276
8554,5037
8554,7328
8554,7875
8555,1340
8555,2589
8555,2725
8555,5227
8555,5308
8556,4188
8556,5282
8556,5884
8556,6003
8557,6682
8558,5603
8558,5853
8558,6359
8558,7061
8560,329
8560,624
8560,842
8560,1752
8560,2586
8560,3049
8560,3417
8560,4300
8560,4778
8560,7133
8562,2008
8562,5594
8562,7350
8563,726
8563,2466
8563,2784
8563,7131
8563,8061
8571,4103
8571,12338
8573,907
8573,1973
8573,2418
8573,2664
8573,2824
8573,5599
8573,6624
8573,7408
8573,7429
8573,7706
8573,7884
8574,2984
8574,3960
8574,5456
8575,2119
8575,3115
8575,4600
8575,8743
8576,1937
8576,2447
8576,4355
8576,8285
8578,8743
8579,1209
8579,5866
8579,7776
8579,8169
8580,1340
8580,1401
8580,1973
8580,2267
8580,2664
8580,2816
8580,3217
8580,3702
8580,4422
8580,4815
8580,5224
8580,7586
8582,254
8582,858
8582,1426
8582,5130
8582,6018
8582,6063
8582,6418
8582,6476
8582,7611
8582,7671
8582,12213
8583,6715
8586,7131
8589,605
8589,5696
8589,6368
8590,1325
8591,5962
8593,673
8593,3363
8593,6860
8593,7572
8594,4037
8594,8627
8598,6153
8599,114
8599,3498
8599,5962
8599,6852
8600,973
8600,1480
8600,3823
8600,4695
8600,5743
8601,1752
8601,4422
8601,5963
8602,1389
8603,1077
8603,3206
8603,5308
8604,5855
8604,6338
8605,1255
8605,1529
8605,1765
8605,6243
8605,6492
8606,6371
8607,3246
8607,4014
8607,4064
8607,6743
8608,782
8608,2378
8608,7255
8609,2507
8609,2581
8609,2634
8609,3441
8609,3729
8609,3880
8609,4133
8609,4287
8609,4295
8609,6076
8609,6316
8609,6661
8609,6706
8609,6743
8609,7599
8611,1153
8611,1580
8611,4474
8611,5037
8615,4058
8618,2586
8618,3049
8621,805
8622,533
8622,1705
8622,3887
8622,4664
8622,5313
8622,6035
8622,6433
8622,6997
8622,7386
8622,7398
8622,7655
8623,1501
8623,4307
8623,5177
8623,6505
8623,7001
8623,7288
8623,7543
8626,1869
8626,3880
8626,4287
8626,5402
8626,5694
8627,6013
8628,2647
8628,5927
8630,1287
8630,5306
8631,5524
8631,7328
8632,549
8632,1480
8632,2156
8632,3949
8634,2299
8634,4323
8634,6030
8634,7203
8634,13648
8635,3009
8636,1482
8636,3073
8636,6431
8637,1259
8640,3003
8640,4349
8641,988
8641,2810
8641,2961
8641,3615
8641,3724
8641,5517
8641,6454
8641,6465
8641,8073
8642,3893
8642,6141
8644,5255
8644,6230
8644,6732
8646,1516
8646,3237
8646,4200
8647,1053
8647,1643
8647,1973
8647,2632
8647,2639
8647,3639
8647,4006
8647,4940
8647,5224
8647,5369
8647,6188
8647,7271
8647,7895
8647,12143
8648,2042
8653,5470
8653,6157
8653,6477
8653,7275
8654,1033
8654,1848
8654,2939
8654,4443
8654,5780
8654,5927
8654,8155
8655,2757
8657,1350
8659,13646
8664,208
8664,254
8664,533
8664,2028
8664,2926
8664,3237
8664,4200
8664,5061
8664,5254
8664,5395
8664,5452
8664,5456
8664,5931
8664,7655
8665,2378
8665,5635
8665,7255
8665,7681
8666,1654
8666,2309
8666,3252
8666,3290
8666,3512
8666,3695
8666,3803
8668,4283
8668,4299
8668,6230
8668,6464
8668,6838
8668,6908
8668,7030
8669,484
8669,1101
8669,1845
8669,3620
8669,3785
8669,4332
8669,5238
8669,5282
8672,1125
8672,5058
8672,5130
8672,5441
8672,5898
8672,6403
8672,6475
8673,1085
8673,1595
8673,1872
8673,3533
8673,5560
8673,5691
8673,5790
8675,1654
8675,5517
8675,5627
8675,6760
8679,465
8679,2504
8680,7188
8680,7751
8681,4030
8681,5626
8681,5635
8681,12279
8683,950
8683,2572
8684,4037
8685,8313
8686,3448
8686,4276
8689,882
8689,1388
8689,2078
8689,4316
8689,4351
8690,399
8690,545
8690,1250
8690,1843
8690,2556
8690,4038
8690,5083
8690,5282
8690,6117
8692,542
8692,1580
8692,1793
8692,1835
8692,2305
8692,5491
8692,6712
8694,2596
8694,5282
8694,6422
8695,6188
8696,5364
8699,545
8699,3750
8699,5963
8701,2919
8701,4075
8701,6775
8704,2903
8704,4005
8704,5289
8704,6542
8704,7166
8705,5238
8706,5781
8708,923
8708,2115
8709,3509
8709,4196
8712,3242
8712,4418
8714,3498
8714,6148
8714,6679
8715,6841
8716,6592
8717,1039
8717,3441
8718,1615
8718,1923
8718,1986
8718,2011
8718,2326
8718,3049
8718,4300
8718,4424
8718,4494
8719,2244
8719,3344
8719,3590
8722,364
8722,938
8722,2346
8722,2368
8722,6398
8722,6948
8723,1220
8723,2103
8723,6505
8723,7343
8723,8013
8724,1932
8724,2529
8724,3974
8724,4077
8724,5217
8724,6038
8724,6644
8726,600
8727,4283
8727,8783
8729,1283
8729,1734
8729,4070
8729,5128
8729,6691
8729,7519
8729,13654
8730,1909
8731,2326
8731,2586
8731,3011
8731,3049
8731,3671
8732,8872
8733,1017
8733,1234
8733,2264
8733,3212
8733,4240
8733,4644
8733,5317
8733,5574
8733,6458
8733,7913
8733,7923
8733,8044
8734,7562
8736,3473
8736,5819
8737,5042
8738,5963
8738,6737
8739,1461
8739,2595
8739,3794
8739,5526
8741,4023
8741,4219
8741,6706
8741,6793
8742,477
8742,4655
8742,5526
8742,5825
8742,6442
8742,7565
8743,1941
8743,5037
8743,5481
8743,7515
8746,882
8746,3133
8746,3991
8746,4312
8746,5470
8746,6698
8748,1358
8748,1973
8748,4444
8748,6624
8756,2537
8756,4978
8759,4705
8759,5599
8759,6188
8759,7429
8759,7905
8760,3866
8762,1235
8762,4375
8762,5345
8762,6793
8762,12233
8763,2537
8763,2809
8763,6512
8765,545
8765,1088
8765,1612
8765,5828
8765,6142
8765,6636
8765,7921
8767,4266
8769,3869
8772,2903
8772,6542
8772,7166
8773,6509
8775,2119
8775,3133
8775,6059
8775,7445
8779,405
8780,8830
8781,8927
8782,1475
8783,8727
8784,1455
8784,5603
8784,7278
8785,845
8785,1984
8785,3633
8785,3790
8785,4926
8785,4984
8785,5203
8785,6243
8786,2537
8786,6418
8789,1141
8789,2449
8789,2537
8789,2714
8789,3125
8789,3920
8789,6270
8790,2572
8792,809
8794,2466
8794,12190
8796,1234
8796,3212
8796,4240
8796,4533
8796,7923
8797,6148
8800,625
8800,2638
8800,4006
8800,4778
8800,5988
8800,6137
8800,6188
8800,12143
8802,838
8802,2641
8803,7684
8803,7726
8804,533
8804,2743
8804,3074
8804,6451
8804,7504
8805,4320
8805,5983
8808,4193
8809,2101
8809,3883
8809,5824
8811,6863
8811,6890
8812,533
8812,620
8812,3200
8812,6712
8812,7172
8814,2564
8814,6683
8816,1375
8816,2696
8816,3362
8816,7879
8818,2909
8819,7596
8821,1182
8821,1520
8821,2416
8821,2585
8821,3751
8821,3950
8821,4351
8821,6077
8821,6631
8821,6722
8821,7133
8825,1250
8825,1449
8825,2328
8825,2581
8825,2820
8825,3880
8825,5282
8825,5780
8825,6706
8827,1031
8827,2028
8827,2595
8827,3647
8827,6668
8827,7205
8827,7461
8827,7572
8830,8693
8833,5254
8834,1588
8834,2970
8834,5022
8834,6220
8834,7462
8834,7596
8835,938
8835,1751
8835,6014
8835,6418
8836,13624
8837,8941
8838,1177
8838,2180
8838,2627
8838,2730
8838,5605
8838,6598
8839,93
8839,1250
8839,1598
8839,1703
8839,2581
8839,2638
8839,3386
8839,3880
8839,4038
8839,4188
8839,4686
8839,5282
8839,5404
8839,5884
8839,6117
8839,7248
8839,7268
8839,7707
8840,3875
8840,5184
8840,5562
8840,5672
8840,6688
8843,6385
8843,6400
8844,3404
8844,4043
8847,8453
8848,2083
8848,2634
8848,4778
8848,5128
8849,2996
8849,7146
8850,4614
8850,6203
8852,3011
8852,4337
8853,1937
8853,2726
8853,3504
8853,4355
8853,5877
8853,6421
8853,6696
8853,8285
8854,309
8854,1636
8854,1668
8854,3133
8854,3846
8854,4301
8854,5451
8854,6059
8854,6194
8854,6474
8854,7653
8856,1876
8856,3162
8856,5186
8856,5237
8856,6515
8857,3800
8858,7750
8860,4826
8860,6188
8861,853
8861,1672
8861,2632
8861,2926
8861,5061
8861,5963
8863,2934
8863,5139
8863,6730
8866,3118
8866,4789
8866,5048
8867,1598
8867,2539
8867,4351
8867,4387
8867,6320
8868,2338
8868,3510
8868,4605
8868,5585
8868,5963
8868,6230
8869,6038
8869,6773
8869,7190
8869,7893
8870,4014
8870,4064
8870,5267
8871,475
8871,1227
8871,1283
8871,1752
8871,2464
8871,2917
8871,3246
8871,5748
8873,7475
8873,7504
8873,7543
8875,3696
8875,5161
8875,5347
8875,5790
8875,6243
8875,6734
8875,7064
8879,1606
8879,2346
8879,2368
8879,2411
8880,5223
8880,6393
8881,2746
8881,3249
8887,1652
8887,1784
8887,2581
8887,5871
8887,6148
8888,3839
8890,7256
8892,2430
8892,5037
8892,6029
8892,6322
8896,1030
8899,5282
8900,5125
8902,5122
8902,5148
8903,2933
8914,545
8914,1359
8914,7500
8918,8289
8919,233
8919,2946
8919,5983
8919,7470
8919,8373
8920,809
8920,1632
8920,2419
8920,3705
8920,4972
8920,5255
8920,6780
8920,7645
8920,7685
8921,2907
8922,404
8922,2033
8922,3859
8922,4778
8922,4901
8922,5139
8922,6693
8924,3941
8925,1173
8925,2249
8925,2714
8925,4152
8925,5082
8925,7240
8925,8155
8926,4642
8926,5585
8926,5849
8926,5963
8927,2595
8927,3557
8927,4097
8928,1417
8935,1417
8936,1235
8936,4156
8936,6691
8938,4408
8938,5819
8938,6117
8940,4207
8940,7726
8945,4872
8945,5767
8947,936
8947,2988
8949,2835
8949,5839
8949,7258
8950,4826
8950,6144
8950,6188
8952,496
8952,2849
8952,7750
8953,1370
8953,5529
8953,5649
8953,6074
8953,7728
8954,2761
8954,5550
8954,6996
8955,1417
8956,2933
8956,3925
8956,5790
8956,7612
8958,6414
8960,1907
8960,3293
8961,3563
8961,4006
8961,6996
8961,7488
8964,3872
8965,1099
8965,5037
8967,3041
8967,5866
8967,6307
8968,3360
8968,3521
8968,4036
8968,5020
8968,6133
8970,7318
8973,533
8973,1480
8973,1752
8973,2390
8973,3859
8973,5090
8973,5139
8973,5452
8973,6149
8973,6712
8973,7172
8973,8812
8973,8922
8973,13643
8974,248
8974,1370
8974,1856
8974,3132
8974,13722
8976,2301
8976,5130
8976,5866
8976,6188
8976,7271
8976,12143
8976,12297
8976,13680
8980,208
8980,2338
8980,3539
8980,3664
8980,4106
8980,6188
8980,7271
8980,7514
8980,8996
8980,9188
8980,12143
8980,12324
8981,4707
8984,1393
8984,5540
8984,8002
8985,1393
8985,7239
8986,4474
8986,5459
8987,2537
8988,2043
8988,5951
8989,1316
8989,2028
8989,3807
8989,5254
8989,5526
8991,6871
8991,7921
8991,8765
8991,12233
8993,4324
8993,4351
8993,6188
8993,7927
8994,2119
8995,2509
8995,3455
8995,6964
8995,7268
8996,208
8996,2056
8996,2301
8996,4006
8996,4491
8996,5988
8996,6188
8996,7257
8996,7271
8996,7895
8996,12143
8996,13724
8997,744
8997,2960
8998,4027
8999,5828
8999,6362
8999,7434
9001,1520
9001,2416
9001,2585
9001,3000
9001,4351
9001,6077
9001,7133
9001,8176
9002,705
9002,1190
9002,3200
9002,4349
9002,5540
9002,6621
9002,13665
9003,5129
9003,7957
9004,3420
9004,4313
9004,4426
9005,931
9005,2082
9005,6637
9005,7655
9006,2313
9006,5354
9006,7359
9007,1918
9007,3259
9007,4426
9007,4462
9007,6077
9007,7982
9008,5164
9008,5849
9008,6041
9010,1015
9010,1276
9010,1979
9010,5139
9011,2669
9011,6450
9013,1031
9014,5790
9014,7131
9014,8042
9015,8199
9015,8353
9017,6371
9017,6755
9017,7238
9017,7257
9020,3510
9020,4075
9020,4826
9020,6188
9020,7271
9020,12143
9021,942
9022,1297
9022,3876
9022,5258
9023,455
9024,1250
9024,2973
9024,4038
9024,4287
9024,5282
9024,6117
9024,7025
9024,7707
9025,4164
9027,442
9027,454
9029,5408
9031,4621
9031,5790
9033,2101
9033,4143
9034,6034
9034,13667
9035,5963
9035,7777
9036,393
9039,3499
9039,5691
9039,5790
9040,4778
9040,7133
9041,7686
9045,568
9045,6322
9046,947
9049,1567
9049,2492
9049,2916
9049,4049
9049,4307
9049,5980
9050,7519
9050,7777
9051,3293
9051,3392
9051,4126
9051,5904
9051,8960
9052,160
9056,1015
9056,1276
9056,5139
9057,426
9057,1800
9057,2564
9057,6469
9060,549
9060,2418
9060,5313
9060,5781
9060,7325
9062,2418
9062,3598
9062,5866
9062,5906
9063,2665
9063,5373
9064,2625
9064,3392
9064,5403
9064,6230
9064,7171
9064,8080
9066,6188
9066,12143
9067,1759
9067,2974
9067,3467
9067,3909
9067,7395
9067,7509
9068,1695
9069,5971
9070,6191
9073,1643
9073,2589
9073,4826
9073,4940
9073,5988
9073,6188
9073,12143
9076,5603
9078,1312
9078,1775
9078,7133
9079,1236
9079,3062
9079,3609
9079,3643
9081,5227
9083,5469
9086,1852
9086,4006
9086,4326
9086,5988
9086,6422
9087,2376
9087,3182
9090,2596
9090,6117
9091,1449
9091,2328
9091,2581
9091,7274
9092,3543
9093,7136
9095,988
9095,2493
9096,677
9096,2849
9096,7750
9096,8715
9097,1564
9097,3140
9097,5898
9097,6293
9098,1608
9098,2627
9098,2970
9098,7596
9102,1233
9102,1948
9102,2355
9104,1030
9104,6944
9105,1277
9105,4408
9106,3159
9106,4332
9106,5747
9107,3077
9110,12338
9111,322
9111,2581
9111,4686
9111,5282
9112,1480
9112,3823
9112,6621
9113,1686
9114,7133
9115,4923
9116,6030
9117,2418
9117,5503
9117,5781
9117,6039
9117,7325
9118,7538
9120,25
9120,7745
9121,5526
9122,3404
9122,6343
9124,2835
9124,5839
9124,7136
9125,1101
9125,1952
9125,2083
9125,2834
9125,4188
9125,4207
9129,6315
9130,6315
9133,8002
9134,6846
9135,3620
9135,4686
9135,5282
9135,5872
9137,5111
9138,625
9138,1683
9138,4174
9138,4778
9138,5282
9138,7921
9141,1236
9141,3317
9141,3643
9141,4049
9141,4702
9141,7950
9141,8216
9141,9226
9141,9883
9141,10270
9143,1367
9143,5597
9143,6787
9147,157
9147,445
9147,533
9147,620
9147,2653
9147,5090
9147,5308
9147,5801
9147,6712
9147,7172
9147,8812
9147,8973
9148,6188
9148,7271
9148,12143
9150,425
9150,3791
9151,1822
9151,4120
9151,5790
9151,8249
9151,8401
9151,8956
9152,12362
9152,12473
9154,2083
9154,2952
9154,5083
9154,5227
9154,12143
9156,768
9156,3011
9156,5336
9156,5788
9156,6637
9156,6726
9156,12195
9157,6624
9158,1283
9158,1734
9158,5963
9158,6188
9158,7271
9158,12143
9159,2820
9159,4014
9159,4064
9159,5780
9159,6003
9159,6076
9159,6713
9159,8131
9160,7343
9160,8013
9160,8723
9162,75
9162,404
9162,768
9162,1276
9162,2581
9162,3417
9162,5788
9162,7503
9162,8031
9162,12195
9163,768
9163,2902
9163,4424
9163,4885
9163,5788
9163,8031
9169,2122
9169,2307
9169,2340
9171,3600
9173,1427
9173,3024
9173,4382
9174,2103
9174,2115
9174,3447
9174,7504
9174,7560
9177,2653
9178,549
9178,1053
9178,1973
9178,4006
9178,5224
9178,5369
9178,5951
9178,6188
9178,7257
9178,7271
9178,7884
9178,8647
9178,12143
9179,817
9179,2100
9179,2746
9179,7238
9179,7717
9179,8028
9182,1516
9182,2028
9182,2743
9182,6063
9182,6726
9182,7565
9183,6605
9187,567
9187,1878
9187,2653
9187,2946
9187,4049
9187,4474
9187,5825
9187,5898
9188,208
9188,2926
9188,5061
9188,6188
9192,3049
9192,7706
9197,2574
9199,1643
9199,1973
9199,2664
9199,4006
9199,4156
9199,4826
9199,5083
9199,6188
9199,6624
9199,7271
9199,7408
9199,7611
9199,7884
9199,8153
9199,8573
9199,8647
9199,8960
9199,9178
9199,9427
9199,12143
9199,12153
9204,1973
9204,2824
9204,5083
9204,5951
9204,6188
9204,7151
9204,7252
9204,7408
9204,7706
9204,7884
9204,8143
9204,8573
9204,8647
9204,9178
9205,5255
9205,6654
9209,7174
9216,3560
9216,7357
9216,7494
9217,5129
9217,7392
9217,7957
9220,2338
9220,2355
9220,3887
9220,7185
9220,7230
9220,8536
9222,2478
9223,7205
9224,4078
9224,5059
9229,858
9229,6055
9229,7617
9231,735
9231,1283
9231,1388
9231,1785
9231,2647
9231,5343
9231,7081
9233,2021
9233,2026
9233,6148
9233,7192
9234,5065
9234,5093
9234,6015
9234,7131
9235,620
9235,1752
9235,2390
9235,5090
9235,5452
9235,6149
9235,6712
9235,7172
9235,7247
9235,8812
9235,8973
9235,13643
9236,8628
9237,5037
9237,6029
9237,7493
9238,2537
9238,2809
9238,3150
9240,1531
9241,1845
9241,2328
9241,2581
9241,2820
9241,3980
9241,5259
9241,5282
9241,5597
9241,5839
9241,6076
9241,7599
9250,7797
9251,1388
9251,5780
9251,6230
9251,7133
9251,8536
9267,7852
9280,2431
9280,4075
9280,4542
9280,6422
9281,1979
9281,2038
9281,3011
9281,3349
9281,6636
9281,6996
9281,7957
9281,8514
9281,9401
9281,9480
9281,13675
9286,2509
9286,5560
9286,5988
9286,6964
9289,1661
9289,2466
9289,6096
9289,7879
9289,8794
9293,5640
9294,1752
9295,7222
9295,8538
9297,4197
9297,5380
9297,6958
9302,4351
9302,6738
9302,7133
9302,7171
9302,8042
9302,9001
9302,9007
9305,2180
9306,5780
9306,6230
9307,7131
9309,157
9309,620
9309,2390
9309,2625
9309,5090
9309,5313
9309,6712
9310,2455
9310,3664
9310,5988
9310,12143
9311,533
9311,1480
9311,4534
9311,6063
9313,4147
9315,1177
9315,1785
9315,1859
9315,2376
9315,2949
9315,5605
9315,5748
9315,6598
9315,6681
9315,7252
9315,7462
9315,7884
9315,7924
9316,150
9316,2653
9316,2743
9316,4474
9316,4702
9316,5825
9318,950
9318,3062
9318,3609
9318,5090
9318,5898
9318,6885
9321,533
9321,1544
9321,4044
9321,4103
9321,5866
9321,12435
9322,3664
9323,7171
9325,5839
9326,3000
9326,4327
9326,4426
9326,4573
9327,9372
9328,2312
9328,4197
9330,2370
9330,2608
9330,6169
9330,6477
9330,7898
9330,9291
9332,1056
9332,2416
9332,3751
9332,3950
9332,4351
9332,5951
9333,404
9333,1276
9333,3859
9333,4778
9333,7247
9333,8222
9333,9178
9334,5533
9334,7898
9334,7914
9335,542
9335,5369
9335,6064
9335,7233
9335,7266
9335,7267
9335,8318
9337,3829
9337,7176
9339,826
9341,1015
9341,1979
9341,3011
9341,3349
9341,6503
9341,6996
9341,9217
9341,13664
9343,1153
9343,4767
9343,8578
9343,8743
9344,1283
9344,1388
9344,1801
9344,2581
9344,3896
9344,5780
9344,6706
9344,6738
9344,7924
9344,13643
9345,2461
9345,2763
9345,12372
9345,12465
9347,7908
9348,7040
9350,2200
9350,5335
9351,5927
9351,6289
9352,5797
9354,6605
9354,8896
9354,9183
9355,7131
9356,2739
9356,4207
9357,7621
9358,5491
9358,8692
9359,708
9359,3417
9359,4675
9359,5336
9359,5788
9359,7213
9359,8031
9359,9162
9359,12195
9360,7050
9360,8342
9363,1853
9363,2586
9363,3049
9363,5258
9363,8522
9363,12232
9365,5439
9365,8401
9367,625
9367,5452
9367,6624
9367,6681
9367,7252
9367,8573
9367,8748
9367,13702
9368,4164
9368,7193
9368,7200
9368,7273
9368,8060
9370,2702
9370,4854
9370,6786
9370,7133
9371,4422
9372,5788
9372,7419
9372,7439
9373,2494
9373,3011
9373,3647
9373,4981
9373,6142
9373,7190
9373,7205
9373,7263
9373,7274
9373,7897
9373,7965
9373,7992
9375,2705
9375,3823
9375,4006
9375,5022
9375,5643
9375,5963
9375,5988
9375,6137
9375,6188
9375,6964
9375,7185
9375,7257
9375,8536
9375,8647
9375,12143
9377,2338
9377,2537
9377,2726
9377,3504
9377,3510
9377,4778
9377,4853
9377,4942
9377,5148
9377,5776
9377,5868
9377,5963
9377,7143
9377,7185
9377,8221
9378,7175
9378,8783
9379,2192
9380,969
9380,3696
9381,1986
9381,2038
9381,3011
9381,3349
9381,13664
9382,2258
9383,3551
9384,7239
9385,1449
9385,2581
9385,3229
9385,5282
9385,5868
9385,6136
9385,6188
9385,6230
9385,6732
9385,7248
9385,7274
9385,7924
9385,8536
9385,12143
9386,2416
9386,2951
9386,3091
9386,4351
9386,7056
9386,7899
9387,4351
9387,6535
9389,7951
9389,8350
9389,9193
9390,625
9390,846
9390,2519
9390,3019
9390,6462
9390,6621
9390,8640
9390,13665
9391,1699
9392,2882
9392,3832
9392,5227
9392,5617
9392,6570
9392,7164
9393,8334
9397,5364
9398,5866
9400,7131
9400,8586
9401,768
9401,1015
9401,5219
9401,6270
9406,221
9406,1006
9406,7041
9407,1106
9407,1234
9407,2220
9407,4533
9407,5304
9407,5317
9407,5574
9407,5973
9407,6140
9408,866
9408,899
9408,1031
9408,8004
9408,8017
9409,1932
9409,7209
9410,5959
9411,1768
9411,5988
9413,2496
9413,5643
9414,1598
9414,1792
9414,2581
9414,2802
9414,7199
9414,7599
9416,2989
9416,4240
9416,4340
9416,5317
9416,5574
9416,6458
9416,7923
9416,8107
9417,2091
9417,6157
9418,4845
9418,5780
9418,6230
9418,8080
9419,1264
9419,4351
9420,1252
9420,1569
9420,2613
9420,3647
9420,3980
9420,4126
9420,6117
9420,6442
9420,7205
9420,7236
9420,7240
9420,7248
9420,7565
9420,8117
9420,8827
9421,6400
9422,8938
9424,1979
9424,3671
9424,7265
9426,2746
9426,3249
9426,3869
9426,8028
9427,208
9427,853
9427,1973
9427,2664
9427,2824
9427,5061
9427,5626
9427,5635
9427,7252
9427,7706
9427,7884
9427,8400
9428,3504
9428,4853
9428,5022
9428,6452
9428,7159
9428,12230
9429,1668
9429,5408
9429,6153
9430,2348
9430,4164
9430,5790
9430,7052
9430,7175
9430,7193
9430,7200
9430,8060
9431,5835
9432,1526
9432,4566
9433,1986
9433,2011
9433,2326
9433,3049
9433,8595
9434,2393
9434,5776
9434,5780
9434,8363
9435,5349
9435,8757
9437,3999
9440,3960
9440,6035
9440,6100
9440,7131
9440,7848
9442,451
9442,3838
9442,6624
9442,7269
9442,8238
9444,5788
9444,7284
9445,1426
9445,5575
9445,5866
9445,6628
9446,970
9446,2026
9446,2672
9446,5408
9448,1147
9448,1784
9448,1990
9448,2114
9448,2835
9448,5308
9448,5636
9448,5828
9448,6148
9448,8295
9451,1234
9451,5317
9452,2608
9452,5066
9452,6169
9452,6477
9452,7461
9453,1277
9453,3263
9453,4894
9453,5526
9454,3791
9454,7964
9455,2519
9455,4435
9455,6188
9455,6358
9455,7239
9455,12143
9456,3349
9457,1699
9459,8033
9460,6462
9462,6958
9463,4283
9463,4487
9463,5850
9465,4361
9465,5927
9465,7921
9466,768
9466,3417
9466,7131
9466,8031
9466,8560
9467,7187
9468,1980
9468,4693
9469,4753
9471,960
9471,2653
9471,5881
9471,8000
9472,4474
9472,7233
9472,7880
9473,5868
9473,7133
9475,1388
9475,7133
9475,7146
9475,7175
9476,4351
9476,4778
9476,5790
9476,6738
9476,7131
9477,12324
9479,1801
9479,4219
9479,7209
9480,7503
9480,7596
9480,9214
9480,9281
9480,9401
9481,3021
9481,6406
9482,2558
9483,1016
9483,2949
9483,5255
9483,5748
9483,5780
9484,5480
9485,3484
9485,4651
9486,1805
9486,2949
9486,3663
9486,4100
9486,4821
9486,6743
9486,6773
9489,1822
9489,5345
9489,8265
9492,2042
9492,7146
9492,8271
9493,1255
9493,2151
9493,3936
9493,4984
9493,5203
9493,5347
9493,6145
9493,6243
9493,6427
9493,6492
9494,1017
9494,1234
9494,4240
9494,4368
9494,4984
9494,5203
9494,5317
9494,6243
9494,6458
9494,6492
9494,8107
9496,6210
9497,451
9497,846
9497,1328
9498,3540
9498,7998
9500,4082
9500,5684
9500,6436
9501,4149
9503,4103
9503,5503
9503,5866
9503,5963
9503,8069
9504,2210
9504,8174
9504,8243
9505,465
9505,8679
9505,9152
9506,7249
9508,2466
9508,6096
9512,433
9512,2127
9512,2367
9512,3307
9512,5524
9512,7553
9515,625
9515,1643
9515,4006
9515,4826
9515,5988
9515,6188
9515,7257
9515,7271
9515,9375
9515,9427
9515,12143
9517,3154
9517,4670
9519,3125
9519,6270
9521,2581
9521,4439
9521,5963
9521,7274
9521,8143
9521,8162
9523,7131
9524,5224
9525,1236
9525,8611
9526,641
9526,6189
9531,1836
9532,1255
9532,3772
9532,4217
9532,4984
9532,5203
9532,5393
9532,5924
9532,6145
9532,6212
9532,6243
9532,6492
9532,7952
9532,8071
9533,5790
9533,8249
9534,4453
9534,5073
9534,5836
9534,6764
9534,7218
9534,8626
9535,5111
9536,5037
9536,6314
9536,8743
9537,13647
9538,4423
9538,13581
9538,13614
9538,13656
9538,13712
9538,13723
9539,4623
9539,5517
9541,2277
9541,3802
9541,5507
9543,3067
9543,3407
9543,4474
9543,4876
9543,7880
9543,7934
9543,8311
9543,8672
9544,1785
9544,3229
9544,5343
9544,5748
9544,6230
9544,6732
9545,4707
9545,6371
9548,8399
9549,3293
9549,4904
9549,8960
9550,1033
9550,2778
9550,6442
9550,8155
9552,6530
9552,6681
9552,7161
9552,7252
9553,866
9553,1150
9553,1795
9553,2416
9553,2585
9553,2701
9553,3751
9553,4351
9553,6077
9553,8176
9553,8395
9553,8520
9553,8539
9553,13672
9555,1968
9555,2205
9557,2366
9557,3566
9558,1843
9558,2879
9558,2899
9558,2919
9558,3191
9558,5282
9559,5751
9559,7247
9559,7318
9559,8198
9560,4826
9560,6188
9562,2338
9564,1776
9564,8464
9565,4343
9565,5413
9568,7652
9569,1901
9569,2348
9569,2466
9570,1264
9570,2357
9570,4351
9570,4884
9571,1458
9571,3320
9571,4917
9571,5240
9571,6032
9572,2013
9572,6451
9574,2468
9574,2958
9574,4113
9574,5720
9574,6188
9574,6251
9574,7257
9574,7271
9574,12143
9575,915
9575,1516
9575,3237
9575,4942
9575,5313
9575,5526
9575,7637
9576,1101
9578,86
9578,6213
9579,2952
9579,4333
9580,4761
9580,5505
9581,201
9581,3995
9582,2051
9583,5029
9583,5511
9583,5517
9583,5774
9584,2811
9584,4291
9584,4804
9585,66
9585,8879
9586,451
9587,4686
9587,5395
9587,8521
9588,4036
9588,6099
9589,2341
9591,3766
9593,1283
9593,1786
9593,5255
9593,7146
9593,8271
9594,2596
9594,5780
9594,5865
9594,6117
9594,6422
9597,3609
9597,3643
9597,8292
9598,1699
9598,2613
9600,1572
9600,4164
9600,4778
9600,8392
9601,2413
9603,4474
9604,2537
9604,3504
9604,4853
9604,5022
9604,7159
9604,7271
9605,2581
9605,4027
9605,6106
9605,7274
9605,7942
9605,8038
9605,8048
9606,221
9609,5129
9609,6996
9609,7488
9609,9003
9610,3137
9610,4498
9611,1314
9612,3598
9612,5866
9612,6188
9612,6723
9612,8860
9613,9790
9615,545
9615,2632
9615,3441
9616,2465
9617,6502
9618,1338
9618,3051
9618,5209
9618,6757
9618,7116
9618,7253
9619,1316
9619,3392
9619,5228
9619,7179
9619,7612
9619,8092
9619,8398
9620,7886
9622,440
9622,809
9622,1907
9622,2431
9622,3165
9622,4338
9622,5461
9622,8155
9622,8920
9625,7980
9626,2028
9626,3647
9626,6668
9628,8540
9628,9649
9629,731
9629,1283
9629,5927
9629,6230
9629,6415
9629,7026
9629,7220
9629,8143
9629,8926
9629,12143
9630,8514
9632,8048
9633,426
9633,1493
9633,1516
9633,2103
9633,3237
9633,3519
9633,4664
9633,4800
9633,5194
9633,5254
9633,7655
9633,8076
9633,8131
9633,8180
9634,1392
9634,2144
9634,6210
9634,6359
9634,6897
9634,8165
9634,8209
9635,4122
9636,440
9636,2418
9636,2778
9636,3243
9638,4826
9638,6188
9638,7271
9638,7715
9638,12143
9639,8203
9640,5790
9641,1632
9642,1457
9642,1654
9642,2309
9642,2435
9642,6188
9642,6332
9642,6512
9642,6760
9643,1276
9643,1571
9643,8391
9644,2330
9644,4556
9644,5598
9645,2933
9645,3925
9645,4959
9645,5347
9646,4815
9646,5936
9647,7069
9648,1170
9648,1672
9648,2632
9648,2926
9648,5556
9648,5643
9648,6188
9648,6802
9648,7257
9648,7271
9648,7514
9648,7995
9648,8297
9648,8350
9648,8861
9648,9188
9648,9193
9649,1654
9649,2203
9649,3290
9649,4139
9649,8666
9650,9476
9651,5511
9651,5526
9652,1170
9652,4070
9653,1387
9653,3909
9653,6780
9653,6796
9655,1822
9655,7218
9656,2537
9657,549
9657,3333
9657,4006
9657,4826
9657,5988
9657,6028
9657,6188
9657,7861
9657,8350
9657,8536
9657,12143
9658,1031
9658,1056
9658,1725
9658,4351
9658,7133
9658,8042
9659,248
9660,2144
9660,2264
9660,5317
9660,6210
9660,6359
9660,6897
9661,1104
9661,2090
9661,2939
9661,5154
9661,5776
9661,5780
9662,3311
9662,5177
9662,6505
9662,8623
9662,8723
9665,4264
9666,1204
9666,2180
9666,3464
9666,5452
9666,5720
9666,6149
9667,2612
9667,2750
9667,3164
9667,3293
9667,4408
9667,5227
9667,8573
9667,8960
9667,9051
9667,9204
9668,5656
9669,1905
9669,2431
9669,7159
9669,8221
9673,2509
9674,1582
9674,5404
9676,438
9676,3504
9677,1279
9677,2144
9677,3026
9677,3772
9677,3870
9677,4984
9677,5245
9677,5480
9677,6359
9678,2607
9678,5322
9678,6855
9678,7262
9679,3728
9679,5988
9679,6188
9680,969
9680,1734
9680,4845
9680,5849
9680,5963
9680,7191
9680,7440
9680,8143
9680,9427
9681,8061
9682,1200
9682,2418
9682,3838
9682,6598
9682,7269
9683,3404
9684,2254
9685,5643
9685,6188
9685,8063
9685,12143
9686,8080
9686,8351
9687,1699
9687,3118
9687,3311
9687,3949
9687,4043
9687,6505
9687,7288
9687,7504
9687,8013
9690,2228
9690,5347
9690,6793
9690,8477
9691,7
9692,5517
9692,6188
9692,12143
9694,4489
9698,5734
9699,6273
9699,8717
9700,208
9700,1739
9700,2612
9700,2926
9700,4106
9700,7895
9703,3208
9704,6230
9706,2879
9706,3677
9706,4082
9706,6658
9706,7714
9706,8237
9707,2546
9707,2693
9707,3510
9707,4942
9707,7185
9708,8086
9709,2537
9710,2632
9711,1475
9714,1337
9714,2348
9714,3896
9714,4070
9714,7985
9718,2784
9718,5944
9719,1230
9722,1403
9722,1937
9722,2376
9722,2571
9722,2726
9722,3504
9722,3838
9722,4341
9722,5963
9722,6696
9722,8576
9722,8853
9722,12230
9724,3229
9724,5403
9724,5927
9724,6230
9724,6732
9724,7924
9724,8533
9724,9351
9725,6188
9726,2537
9729,6188
9729,8200
9731,1236
9731,3313
9731,8362
9734,1739
9734,13680
9735,4639
9735,5148
9735,7159
9735,7429
9735,7905
9735,8759
9737,4006
9737,5988
9737,6137
9737,6188
9737,8800
9737,12143
9738,3844
9738,4821
9738,6743
9738,7263
9740,2496
9741,1283
9741,1734
9741,2581
9741,4439
9741,5963
9741,7274
9741,8143
9741,8162
9743,1986
9743,2038
9743,3011
9743,3349
9743,9217
9743,13664
9744,1996
9744,5264
9744,5308
9744,6064
9744,6362
9745,8126
9747,1612
9747,2701
9747,4197
9747,5164
9747,5849
9747,6142
9747,7921
9751,1283
9752,2455
9752,5002
9753,5866
9753,6188
9753,7213
9753,7271
9753,12143
9754,1101
9754,3785
9754,4332
9754,8669
9756,1056
9756,2416
9756,3751
9756,3950
9756,4351
9758,3125
9758,5988
9758,7231
9762,2519
9762,4006
9762,4826
9762,5461
9762,6188
9762,7257
9762,7271
9762,12143
9764,4845
9766,8401
9767,1046
9767,8097
9769,3386
9769,5282
9769,5404
9769,6117
9769,7248
9769,8839
9770,4629
9772,2647
9772,2932
9772,5443
9772,6738
9772,8346
9772,12275
9773,2596
9773,3664
9773,3969
9773,4075
9773,4188
9774,5780
9774,5963
9774,6230
9775,708
9775,1276
9775,2902
9775,7119
9775,7257
9775,7596
9775,7973
9775,8031
9775,8068
9775,8560
9775,9162
9776,7978
9779,4703
9782,9420
9783,4781
9784,3349
9785,1114
9785,6153
9787,1403
9787,2879
9787,3386
9787,3838
9787,4388
9787,5034
9787,6029
9787,6117
9787,6452
9787,8200
9789,3386
9789,5282
9789,7248
9789,8279
9789,8839
9790,9613
9792,1836
9792,4571
9792,8675
9792,8956
9793,2361
9793,6095
9796,3125
9796,5775
9797,6230
9797,6732
9798,450
9798,1328
9799,1099
9799,1784
9799,6148
9799,7258
9799,7988
9800,8205
9801,1654
9801,3290
9801,5691
9801,5790
9802,846
9802,3727
9802,5452
9802,5720
9802,6149
9803,3000
9803,4474
9803,5058
9803,12233
9804,7131
9807,1038
9807,5414
9807,6163
9810,1283
9810,1632
9810,1734
9810,3497
9810,3930
9810,4070
9810,5355
9810,5963
9810,8143
9810,8271
9810,12143
9814,2248
9815,8641
9817,278
9818,2341
9819,1099
9819,1652
9819,6148
9819,6188
9819,7988
9819,8200
9819,8350
9819,12143
9820,3803
9820,4291
9820,4322
9820,6345
9821,1325
9821,4533
9821,4886
9821,5334
9821,6103
9821,7998
9821,8004
9821,8017
9822,8401
9824,5133
9825,1264
9825,1520
9825,4351
9825,7133
9825,8821
9829,8199
9829,8227
9830,8389
9831,6188
9832,6465
9832,8186
9833,1077
9833,2050
9833,3206
9833,4333
9833,5058
9833,5121
9833,5308
9833,5898
9833,7934
9833,8293
9833,8672
9835,1350
9835,4307
9835,5635
9836,4312
9838,1144
9838,3396
9838,3920
9840,2301
9840,4826
9840,6188
9840,7271
9840,12143
9840,13701
9841,2416
9841,2701
9841,2907
9841,6077
9841,7982
9842,5691
9842,5790
9842,8249
9842,8351
9843,1714
9843,4172
9843,6093
9843,6330
9844,1139
9844,5694
9845,809
9845,2419
9845,8920
9846,9896
9847,4039
9847,4872
9847,5849
9847,8538
9847,9008
9848,2449
9848,3609
9848,3643
9848,7212
9848,8318
9848,9525
9849,1622
9849,2416
9849,2585
9849,2947
9849,3000
9849,3259
9849,3950
9849,4327
9849,4462
9849,6077
9849,7982
9850,3727
9853,1366
9853,3540
9853,6692
9853,7925
9853,7965
9854,2416
9854,5849
9855,2328
9855,2581
9855,4221
9855,5834
9855,7199
9855,7274
9855,8299
9855,8609
9858,4621
9860,399
9860,2949
9860,5227
9860,5255
9860,5748
9860,5963
9860,7596
9861,1099
9864,6371
9867,3664
9868,8589
9868,9003
9870,2596
9872,320
9872,5122
9872,6137
9872,6151
9872,7544
9873,6188
9873,12143
9875,1502
9875,1884
9875,8743
9877,2625
9877,6289
9878,834
9878,1449
9878,1612
9878,5868
9879,2730
9880,4166
9881,2993
9881,6664
9883,545
9883,1283
9883,3664
9883,4778
9883,4815
9883,6722
9883,8200
9885,5855
9888,7241
9889,4043
9889,5780
9891,7908
9891,9347
9892,1177
9892,1367
9892,2070
9892,4972
9892,5605
9892,5876
9892,6598
9892,6681
9892,7252
9892,7408
9892,7504
9892,7699
9893,1367
9893,8238
9893,13693
9896,2118
9899,600
9899,5070
9899,8787
9900,2418
9900,4534
9900,7244
9901,7046
9902,6188
9902,12143
9903,3334
9903,5430
9904,3317
9904,4049
9904,5090
9904,7172
9905,2328
9905,2581
9905,4221
9905,4287
9905,4686
9905,5259
9905,7199
9905,7274
9906,2902
9906,4085
9906,4424
9906,5788
9906,8988
9910,224
9910,5184
9910,5672
9912,1544
9912,3598
9912,6055
9913,4451
9913,5139
9913,5788
9913,7247
9913,7973
9913,8521
9914,2924
9914,2973
9914,4075
9914,6775
9914,8701
9915,8591
9917,4302
9919,1154
9919,2164
9919,2301
9919,2438
9919,4529
9919,6855
9919,7245
9919,7684
9919,8640
9919,9342
9920,7951
9921,950
9921,5369
9921,6442
9922,208
9922,2338
9922,4006
9922,5061
9922,6188
9922,7257
9922,7271
9922,7514
9922,7924
9922,8647
9922,8940
9922,8996
9922,9188
9922,9629
9922,12143
9924,1015
9924,1979
9924,3349
9924,9341
9924,13664
9926,549
9927,1177
9927,6598
9927,8838
9928,1606
9928,2368
9928,2411
9928,7204
9928,8879
9931,3767
9932,8679
9934,9028
9935,5835
9936,1431
9936,8575
9936,8578
9936,8743
9937,673
9937,3363
9937,6860
9937,8593
9938,254
9938,533
9938,625
9938,2418
9938,4103
9938,5382
9938,5866
9938,12435
9938,13680
9939,8578
9939,8743
9940,4043
9940,4126
9940,4655
9940,8844
9941,620
9941,2390
9941,5090
9942,2232
9942,7917
9942,7957
9942,8961
9942,9003
9943,1248
9943,2910
9944,2431
9944,7159
9944,9377
9946,1686
9946,5037
9949,5635
9950,12128
9952,2573
9953,3074
9953,4894
9953,7184
9954,1752
9954,7663
9955,4231
9955,4316
9957,3498
9957,3647
9957,5962
9957,6852
9957,8599
9957,9228
9959,1333
9959,2367
9959,2878
9959,5037
9959,7515
9959,8548
9960,8879
9961,9
9961,1403
9961,2008
9961,4529
9961,5594
9961,6510
9962,8627
9964,2326
9964,7205
9967,6707
9971,7273
9972,2344
9972,6685
9973,8751
9974,278
9974,4140
9975,404
9975,2348
9975,2639
9975,3140
9978,2043
9978,3206
9978,5058
9978,5308
9978,6064
9978,6362
9978,7073
9980,8769
9982,3334
9983,2338
9983,2571
9983,3510
9983,9114
9983,13616
9984,3471
9984,4972
9984,6530
9984,6700
9984,7673
9987,1632
9987,2939
9987,5790
9987,6732
9989,7943
9989,7953
9990,1690
9990,2750
9990,3473
9990,3835
9990,4442
9990,4510
9990,4863
9990,5002
9990,8069
9990,8076
9991,465
9991,2504
9991,8679
9992,2494
9993,7908
9994,809
9994,950
9994,4201
9994,4408
9994,6117
9995,545
9995,2338
9995,7211
9995,7232
9995,7500
9995,7951
9997,4590
9997,5790
9997,7979
9998,2367
9998,4470
9999,8642
9999,8788
10002,2596
10002,8533
10002,8628
10002,8765
10002,9001
10003,1784
10003,5871
10003,6717
10003,6852
10003,8030
10003,8701
10003,8841
10003,8887
10005,1686
10007,8790
10010,148
10010,1153
10010,2119
10010,3745
10010,7493
10012,4275
10012,4422
10012,6958
10013,5958
10014,7133
10015,1818
10015,5524
10015,8631
10016,858
10016,6418
10016,9906
10016,10025
10025,2761
10025,3823
10025,5090
10025,6418
10026,4213
10027,8218
10028,680
10028,1200
10028,3838
10028,6696
10028,7269
10028,7573
10028,9367
10028,9442
10029,988
10030,7869
10031,1686
10034,2802
10034,4827
10034,8005
10035,6535
10036,8578
10037,1054
10037,3473
10037,5857
10037,8025
10038,7889
10041,1328
10041,2519
10041,2705
10041,4103
10041,5602
10044,8938
10044,9422
10045,7372
10047,6985
10048,4238
10048,5227
10048,6400
10048,8404
10048,8803
10048,12213
10050,2688
10053,9425
10054,2514
10054,3835
10055,1531
10055,1626
10055,1716
10055,3222
10056,7252
10056,7269
10056,7681
10056,8718
10056,9199
10056,9367
10058,8000
10060,3674
10060,4199
10062,2180
10062,6151
10063,4233
10065,7371
10066,1564
10066,9180
10068,8173
10069,2248
10069,2493
10069,2582
10069,3809
10069,7921
10069,8535
10070,2778
10070,4980
10070,8627
10071,7988
10072,5790
10072,8070
10073,6996
10073,9281
10073,9401
10076,5111
10079,1358
10079,4470
10079,9213
10080,1979
10080,3011
10080,7190
10080,8869
10081,2449
10081,2537
10081,3125
10081,4784
10081,6097
10081,6270
10081,7212
10081,7231
10081,7243
10081,8310
10081,9401
10084,8563
10085,1021
10085,4762
10085,4960
10087,8569
10088,2070
10091,5556
10092,157
10092,2390
10092,6418
10092,7172
10092,8835
10092,8940
10093,6685
10093,9349
10094,1203
10095,5115
10095,7237
10095,7326
10098,5691
10098,8351
10098,8401
10099,8790
10100,800
10100,4332
10100,5636
10100,6030
10101,7915
10101,12198
10103,1322
10103,6593
10104,5780
10107,5111
10107,8662
10110,5285
10114,2740
10114,5790
10114,8249
10116,5988
10116,6188
10116,8536
10116,8800
10116,12143
10116,12153
10118,4103
10118,5866
10118,13622
10119,1752
10119,5780
10119,6775
10119,10137
10119,10198
10119,12415
10120,1243
10120,2338
10120,4968
10120,6030
10120,7239
10121,1876
10121,3555
10121,4021
10121,4036
10121,5020
10121,5237
10121,5317
10121,6133
10121,8968
10122,1098
10122,2465
10122,2639
10122,6884
10123,4164
10123,7200
10123,8060
10123,9368
10123,9430
10123,13654
10124,1081
10124,4538
10126,2647
10126,5074
10127,157
10127,620
10127,2390
10127,2653
10127,4049
10127,5309
10127,5801
10127,6188
10127,7172
10127,8973
10127,12143
10127,12179
10128,1403
10128,2271
10128,5963
10129,5849
10130,1053
10130,1973
10130,3461
10130,4006
10130,5369
10130,6188
10130,7191
10130,8078
10130,8647
10130,9178
10130,12143
10131,4804
10132,2118
10132,8397
10133,8876
10133,12143
10134,1056
10134,1323
10134,2416
10134,4197
10134,5203
10134,5341
10135,4036
10135,5195
10135,5897
10136,3386
10136,5282
10136,5404
10136,6117
10136,7175
10136,7927
10136,7953
10136,8839
10136,8900
10137,5203
10137,6230
10137,7171
10137,7924
10137,7943
10137,8654
10137,8765
10137,12415
10137,12484
10138,6675
10139,4188
10139,4238
10139,4568
10139,6400
10139,6524
10139,8404
10139,10048
10139,12150
10140,1255
10140,2476
10140,6243
10140,7980
10141,4880
10141,5691
10141,5790
10141,7261
10141,8249
10141,8314
10143,2898
10143,3283
10143,6743
10144,4686
10144,5282
10144,6230
10144,6732
10144,7500
10144,8533
10144,8628
10145,2328
10145,2581
10145,5963
10145,6230
10145,6732
10145,7924
10146,8313
10147,7070
10148,2518
10148,4049
10148,5090
10148,5309
10148,5488
10148,5801
10148,6271
10148,7172
10148,7663
10148,7726
10148,8940
10148,12179
10150,2043
10150,2301
10150,2418
10150,5951
10150,6188
10150,7131
10150,7151
10150,7884
10150,8216
10150,9204
10150,9226
10150,10157
10151,1752
10151,2997
10151,6230
10151,8628
10152,7133
10152,8849
10153,690
10153,6016
10154,5790
10154,6447
10154,8173
10154,8249
10155,4164
10155,7133
10155,7200
10155,9007
10155,9302
10155,10209
10156,2833
10156,3167
10156,3863
10156,7879
10156,8203
10156,8249
10157,358
10157,975
10157,1785
10157,2156
10157,2908
10157,3671
10157,4156
10157,4753
10157,4953
10157,5227
10157,6730
10157,7133
10157,7211
10157,7252
10157,7408
10157,7424
10157,7884
10157,8573
10157,8950
10157,9199
10157,9204
10157,13665
10158,1017
10158,1234
10158,3212
10158,4240
10158,4340
10158,4368
10158,4533
10158,4644
10158,5317
10158,5574
10158,6333
10158,6458
10158,7913
10158,7923
10158,8044
10158,8045
10158,8107
10158,8733
10158,8796
10159,1813
10159,2714
10159,4804
10159,6783
10159,8199
10159,8401
10160,8213
10161,3896
10161,5780
10161,6076
10161,6230
10161,7924
10162,6188
10162,7218
10162,12143
10163,4626
10163,6755
10164,5790
10164,6016
10164,8922
10165,1209
10165,4039
10165,6740
10165,6764
10165,7134
10165,7254
10165,7776
10165,8262
10165,8538
10166,2344
10166,6685
10166,7131
10166,7192
10166,7747
10166,9233
10167,834
10167,9234
10168,8722
10169,1683
10169,2939
10169,3461
10169,6008
10169,12484
10171,1769
10171,1950
10171,6279
10172,1461
10172,2160
10172,2340
10172,4578
10172,4735
10172,5532
10173,5849
10174,6099
10174,9588
10175,2187
10176,6764
10176,7190
10176,7218
10176,8158
10178,1084
10178,4892
10179,9009
10180,2008
10180,5594
10180,7158
10180,8562
10180,11471
10180,12308
10181,1900
10181,4351
10181,5790
10181,6895
10181,7133
10181,9007
10181,9302
10181,10155
10182,2011
10183,5564
10184,1064
10184,3291
10184,7879
10187,4043
10189,1531
10192,2509
10192,2811
10192,4804
10192,5564
10192,6964
10193,2939
10193,5780
10193,5927
10193,6230
10193,7133
10193,8533
10193,8628
10193,9306
10195,4302
10195,6802
10196,3236
10197,1979
10197,3349
10197,5129
10197,6996
10197,9341
10197,13664
10198,1712
10198,4006
10198,6188
10198,8350
10198,8536
10198,9188
10198,9375
10198,9648
10198,12143
10199,3221
10201,5951
10201,8988
10204,9289
10205,2248
10205,2926
10207,1367
10207,13693
10208,2693
10208,3937
10208,6793
10208,9143
10209,2951
10209,3259
10209,4426
10209,6077
10209,8520
10209,9007
10212,7133
10212,9040
10212,9747
10213,1182
10213,1795
10213,2416
10213,3259
10213,4351
10213,6077
10213,8113
10213,8520
10215,1173
10218,3229
10220,545
10220,5282
10220,8690
10223,2784
10224,7131
10224,10716
10226,834
10226,1392
10226,2933
10226,5790
10226,6230
10226,7218
10226,7888
10226,9489
10226,9534
10228,731
10228,800
10228,1531
10228,1560
10228,1716
10228,1845
10228,2313
10228,2622
10228,3580
10228,4332
10228,4802
10228,5125
10228,5238
10228,5354
10228,5861
10228,5879
10228,7161
10228,7482
10228,8256
10228,8669
10228,12150
10229,8213
10229,8231
10230,1859
10230,2376
10230,6681
10230,7252
10231,2056
10231,5090
10231,6712
10231,7172
10231,9848
10231,9941
10231,10127
10231,10148
10233,4644
10233,6779
10233,9251
10234,498
10234,1574
10235,1445
10235,3869
10235,9426
10236,405
10236,9167
10237,2082
10237,3823
10237,5743
10237,5882
10237,6188
10237,12143
10237,13701
10238,3510
10238,4826
10238,5022
10238,6188
10238,7185
10238,7271
10238,8536
10238,8860
10238,9375
10238,12143
10239,1699
10239,3791
10239,5907
10239,6197
10239,6967
10239,7964
10239,9454
10240,2338
10240,5560
10240,7924
10240,9302
10240,9351
10240,9377
10240,9418
10240,9629
10240,9922
10240,10169
10241,9019
10242,6188
10242,8993
10242,9328
10242,12143
10243,4826
10243,6188
10243,7271
10243,12143
10243,12153
10246,10546
10246,10680
10247,2008
10247,5594
10247,9338
10247,9961
10248,1859
10248,2328
10248,3510
10248,6008
10248,6691
10248,9385
10249,2338
10249,3510
10249,7133
10249,7924
10250,3026
10250,5204
10250,5849
10250,9847
10250,10173
10251,2537
10251,4804
10251,5713
10272,1608
10272,6188
10272,7151
10272,9204
10279,5512
10279,7235
10280,9991
10285,2627
10285,7330
10287,342
10287,3678
10289,1053
10289,1177
10289,2418
10289,4006
10289,4826
10289,5227
10289,5605
10289,5988
10289,6188
10289,6681
10289,7252
10289,7271
10289,8647
10289,8759
10289,9178
10289,9199
10289,9204
10289,9375
10289,9552
10289,10056
10289,10157
10289,12143
10292,342
10292,6033
10302,1734
10302,5403
10302,5927
10302,9351
10307,6257
10307,8019
10314,148
10314,1153
10314,2119
10314,3745
10314,5037
10314,7493
10314,8743
10320,342
10320,6033
10320,6535
10321,3496
10321,3767
10321,7273
10321,9471
10322,3540
10322,4498
10322,7925
10322,7965
10322,8509
10322,9853
10322,9906
10323,7171
10323,8524
10323,9418
10324,5790
10324,6230
10324,6732
10324,7171
10324,8533
10324,9408
10325,6188
10325,9471
10325,12143
10325,12179
10327,533
10327,2301
10327,2519
10327,5515
10327,13701
10343,12338
10348,8650
10350,7815
10361,5959
10369,1015
10369,2984
10369,3349
10369,9357
10374,9262
10378,5282
10378,6706
10378,7274
10379,6958
10386,1235
10386,1872
10386,2714
10386,6134
10386,7394
10393,6016
10398,6188
10398,12143
10402,4826
10402,5988
10402,6188
10402,7257
10402,9515
10402,12143
10402,13701
10409,9139
10417,7793
10422,540
10422,5626
10422,5783
10422,6674
10422,7681
10422,8068
10422,8523
10423,1200
10423,6696
10423,7269
10423,9906
10425,472
10425,1547
10425,3068
10425,3639
10425,5264
10425,5974
10425,7086
10425,8080
10427,2043
10427,5636
10427,8293
10427,8636
10429,2028
10429,2043
10429,3237
10430,2405
10431,82
10432,6723
10433,1606
10433,3003
10433,3200
10433,5540
10433,5886
10433,7204
10433,13665
10434,5686
10434,6592
10435,5227
10435,5748
10435,6230
10435,7195
10435,8628
10436,571
10436,666
10436,7579
10436,9055
10436,9060
10437,2596
10437,6422
10437,6706
10437,9086
10437,9090
10437,12347
10439,6188
10439,12143
10440,1705
10440,4123
10440,5177
10440,6400
10440,7001
10440,8623
10440,9376
10441,8692
10441,9358
10442,6639
10442,7755
10443,7619
10443,12143
10444,3999
10445,3490
10448,2632
10448,3535
10449,2861
10449,7131
10449,7248
10449,8295
10450,1161
10450,5791
10450,6875
10450,8385
10451,846
10451,1177
10451,1328
10451,2519
10451,2627
10451,5313
10451,6598
10452,2750
10452,3208
10452,4221
10452,6076
10452,6148
10454,846
10454,3328
10454,3678
10454,3909
10454,5267
10454,6080
10454,7509
10454,12143
10455,6015
10456,1531
10456,1752
10456,5238
10456,5282
10456,8669
10457,1818
10457,8631
10459,677
10459,7750
10459,8858
10460,1843
10460,3785
10460,5282
10460,6117
10460,8580
10461,809
10461,8920
10463,7745
10466,5063
10466,5972
10467,1962
10467,6002
10468,498
10468,500
10468,1574
10468,6801
10475,9441
10477,7832
10477,7987
10478,3454
10479,8715
10479,9096
10480,1531
10480,5085
10481,6736
10482,1582
10482,5408
10483,3174
10483,7131
10483,9307
10487,5594
10487,6361
10487,6621
10487,13616
10488,3838
10488,7269
10488,7684
10488,9367
10488,9442
10488,10028
10488,13676
10489,8995
10490,1632
10491,3779
10491,6148
10491,7747
10491,7988
10491,9799
10491,9819
10492,1652
10492,1784
10492,6188
10492,6535
10492,6786
10492,7257
10492,7271
10492,8839
10492,9819
10493,3000
10493,4327
10493,6077
10493,7131
10493,8113
10493,12446
10494,2013
10495,3125
10495,6270
10496,358
10496,533
10496,2930
10496,4006
10496,4664
10496,5313
10496,6035
10496,6188
10496,6997
10496,7244
10496,7271
10496,7386
10496,7585
10496,7937
10496,8632
10496,12143
10497,834
10497,2052
10497,2725
10497,6188
10497,7979
10497,9328
10497,9570
10497,12143
10498,2996
10500,4942
10500,8995
10501,2949
10501,7853
10502,7201
10503,2301
10503,5866
10503,6188
10503,7271
10503,9427
10503,12143
10503,13680
10503,13701
10504,1476
10504,2835
10504,3326
10504,5839
10504,6415
10504,6673
10504,7010
10505,2835
10505,9233
10505,9325
10505,9349
10505,9385
10505,9387
10506,1179
10506,5188
10507,3896
10507,4451
10507,9344
10508,12375
10509,8714
10509,9387
10510,7921
10511,109
10511,710
10513,632
10513,1531
10513,2194
10513,7026
10513,7951
10513,9995
10516,6059
10516,6194
10516,7446
10517,4914
10518,8708
10519,3420
10519,4426
10519,9004
10519,9326
10519,9386
10520,7737
10520,9205
10521,2693
10521,5227
10521,6188
10521,7257
10521,9220
10521,9342
10521,9375
10521,9762
10521,12143
10521,12301
10521,13701
10522,1283
10522,3896
10522,4686
10522,5282
10522,6230
10522,9533
10522,10144
10523,9352
10524,4322
10524,6188
10524,7257
10524,7271
10524,7408
10524,9472
10524,12143
10525,6727
10527,7240
10527,9328
10528,1350
10529,8875
10530,5866
10532,3823
10532,6188
10532,7271
10532,8647
10532,9199
10532,12143
10532,13701
10533,9384
10534,4006
10534,4826
10534,5988
10534,6188
10534,7257
10534,7271
10534,8759
10534,9178
10534,9375
10534,9737
10534,12143
10535,9281
10536,4621
10537,1209
10537,1391
10537,6740
10537,6879
10537,7134
10537,7776
10537,8262
10537,8680
10537,9314
10539,4918
10540,1337
10540,2348
10540,7158
10540,13643
10541,858
10541,7033
10541,7939
10541,8973
10541,13704
10542,6188
10542,7271
10542,9762
10542,12143
10543,9956
10544,3349
10544,6996
10544,7201
10544,9281
10544,9341
10544,9350
10544,9412
10545,127
10545,5835
10545,7272
10546,2730
10546,4006
10546,4442
10546,4826
10546,5062
10546,5988
10546,6188
10546,6958
10546,7257
10546,7271
10546,8536
10546,8647
10546,9178
10546,9199
10546,9375
10546,10246
10546,10680
10546,12143
10548,848
10549,6958
10550,2682
10550,3411
10550,6188
10550,6400
10550,6668
10550,7159
10550,7271
10550,8827
10550,9375
10550,9377
10550,9428
10550,9669
10550,9737
10550,12143
10551,1973
10552,1878
10552,2518
10552,2743
10552,3127
10552,4049
10552,5847
10552,6617
10553,177
10553,7926
10554,5282
10554,7927
10554,9460
10555,4482
10555,5551
10555,9251
10556,2344
10556,2996
10556,6685
10556,7192
10556,9233
10557,1333
10557,8599
10557,9446
10558,7131
10559,1923
10559,3614
10559,4494
10559,8814
10559,9393
10560,2299
10560,2835
10560,5839
10560,7203
10561,5065
10561,5093
10561,9234
10562,1622
10562,3259
10562,3950
10562,4462
10562,6077
10562,7216
10562,9849
10563,1234
10563,4533
10563,5317
10565,2449
10565,2714
10565,3125
10565,4560
10565,6134
10565,6270
10565,7212
10565,8310
10565,8789
10565,9401
10565,10081
10566,4753
10566,6739
10566,7133
10566,8560
10566,9473
10566,12279
10567,709
10567,6852
10567,7955
10568,6188
10568,7271
10568,8647
10568,9375
10568,12143
10568,13701
10569,9593
10570,3473
10570,3969
10570,5828
10570,7198
10570,7240
10571,4826
10571,6188
10571,7271
10571,9178
10571,9199
10571,12143
10571,13701
10572,1041
10572,1099
10573,2668
10573,8075
10575,5228
10575,7612
10577,846
10577,2974
10577,3467
10577,3909
10577,4495
10577,7509
10579,5456
10579,8029
10579,8998
10580,5691
10580,5790
10580,7133
10580,8351
10580,8401
10580,10098
10580,10114
10581,3335
10581,4082
10581,5634
10581,5951
10582,6225
10582,6727
10582,7915
10584,1969
10584,3221
10585,1325
10585,1427
10585,8048
10585,9632
10586,6764
10586,7131
10586,8048
10586,9632
10587,7935
10589,7192
10589,9233
10591,1654
10591,3803
10592,9365
10593,2043
10593,8599
10593,9446
10594,5237
10594,7131
10594,9014
10594,9485
10595,3664
10595,3980
10595,5988
10595,6188
10595,8200
10595,8536
10595,9375
10595,9385
10595,10220
10595,12196
10597,1220
10597,8730
10597,9540
10597,13644
10598,1325
10598,1427
10598,4027
10599,3441
10599,3663
10599,6188
10599,6722
10599,7924
10599,8526
10599,8607
10599,12143
10599,12415
10600,10156
10602,4635
10602,5962
10602,7131
10602,7133
10604,498
10604,1574
10604,3677
10604,7714
10604,7722
10604,9069
10607,2008
10607,5594
10607,7158
10607,12308
10608,7131
10609,4826
10609,6188
10609,7257
10609,7271
10609,8536
10609,9199
10609,9375
10609,9390
10609,9515
10609,12143
10609,13701
10610,1784
10610,2581
10610,2746
10610,4438
10610,5872
10610,6148
10610,7274
10610,7599
10610,7897
10610,8047
10610,9414
10611,7131
10611,12268
10613,296
10613,1705
10613,6718
10613,7652
10613,12236
10614,12430
10615,7191
10616,4894
10617,1250
10617,2328
10617,4686
10617,5083
10617,5282
10617,5884
10617,6076
10617,6706
10617,8825
10619,1106
10619,2220
10619,5304
10619,5973
10619,6140
10619,7052
10619,9407
10620,8520
10620,9209
10622,1088
10622,5988
10622,6757
10622,7116
10622,8995
10622,12165
10623,5447
10623,9332
10624,2596
10624,3275
10625,2301
10625,2438
10626,4590
10626,5341
10626,5754
10626,8393
10626,12131
10627,353
10627,6188
10627,8996
10627,9515
10627,12143
10629,8353
10632,4826
10632,5988
10632,6188
10632,8291
10632,9515
10632,12143
10634,1752
10634,2418
10634,2625
10634,4940
10634,5224
10634,5890
10634,5944
10634,7133
10634,7470
10637,9460
10638,2835
10638,3053
10638,4045
10638,6535
10638,8949
10641,632
10641,800
10641,2194
10641,5125
10641,5238
10641,7161
10641,7213
10641,7304
10641,12150
10642,7330
10644,2586
10644,3011
10644,7234
10644,7938
10644,9964
10645,6173
10645,7261
10646,1948
10646,5022
10646,6354
10646,7159
10646,9102
10648,4826
10648,6188
10648,7271
10648,12143
10649,3333
10649,3838
10649,4623
10649,9657
10650,4826
10650,5227
10650,6188
10650,7257
10650,9344
10650,9515
10650,12143
10651,7181
10653,1612
10653,6142
10653,6230
10654,10695
10656,3980
10656,4451
10656,6676
10656,8089
10656,8200
10656,8628
10656,9241
10656,9251
10656,9392
10657,3386
10657,5282
10657,5404
10657,7248
10657,8839
10659,2047
10659,4482
10662,12415
10663,3982
10663,5819
10663,7450
10663,8751
10664,6141
10665,826
10665,5452
10665,9339
10666,9350
10667,1099
10671,2301
10671,5181
10671,5227
10671,8031
10671,8514
10671,9233
10672,1516
10672,5526
10672,8050
10672,8292
10673,6188
10673,7271
10673,12143
10675,1702
10675,5640
10675,6613
10675,7688
10676,5691
10676,5790
10676,8249
10676,10154
10677,6852
10677,8327
10677,8599
10678,6684
10678,9354
10680,936
10680,6002
10680,6958
10680,7209
10680,10246
10680,10546
10681,1896
10681,3434
10681,4688
10681,5209
10681,6141
10681,6680
10681,7253
10681,8484
10681,8642
10683,1235
10683,4408
10683,5866
10683,6309
10683,8070
10684,7957
10684,8514
10684,9281
10684,9341
10684,9743
10684,13664
10685,2685
10686,1015
10686,1979
10686,3349
10686,5129
10686,6996
10686,7957
10686,8514
10686,9281
10686,9341
10686,9401
10687,2564
10687,3838
10687,4388
10687,5227
10687,6188
10687,6452
10687,7225
10687,7272
10687,9134
10688,6736
10689,9391
10689,9457
10690,1929
10690,2571
10690,2661
10690,2976
10690,3133
10690,7244
10690,7416
10690,7684
10690,8049
10690,8536
10690,9540
10690,9900
10691,533
10691,620
10691,1220
10691,3949
10691,6063
10691,6712
10691,6997
10691,7172
10691,7937
10692,1031
10692,8314
10692,9013
10692,9408
10693,4862
10693,9424
10694,9466
10695,6188
10695,12143
10696,12143
10698,6142
10698,9390
10698,10163
10699,7233
10699,7267
10699,9472
10700,6077
10701,1367
10701,5505
10701,5597
10701,5780
10701,6188
10701,6230
10701,6364
10701,7133
10701,7279
10701,7924
10701,7987
10701,8536
10701,9377
10701,12143
10701,12153
10702,2338
10702,3887
10702,4006
10702,5988
10702,6188
10702,7257
10702,7271
10702,8536
10702,8800
10702,9148
10702,9220
10702,9342
10702,9375
10702,9420
10702,9657
10702,9737
10702,10521
10702,12143
10702,13701
10703,1333
10703,2367
10703,7451
10703,7515
10704,2638
10704,2739
10704,4006
10704,4778
10704,4826
10704,5829
10704,5988
10704,6188
10704,7268
10704,7271
10704,8536
10704,8825
10704,9010
10704,9073
10704,9375
10704,12143
10705,1623
10705,7131
10705,7258
10705,8599
10706,8743
10706,9936
10708,545
10708,1059
10708,4059
10708,5079
10708,5828
10710,4533
10710,5317
10710,6458
10710,8045
10710,8796
10712,1012
10712,7175
10713,3062
10713,3313
10713,7382
10713,9525
10714,7987
10716,3249
10716,7717
10716,8465
10716,13722
10717,1869
10717,4826
10717,6188
10717,7274
10717,8002
10717,9385
10717,12143
10718,2326
10718,2586
10718,3011
10718,4782
10718,5114
10719,5927
10719,9427
10720,426
10720,5876
10720,6188
10720,6624
10720,8536
10720,8748
10720,9157
10720,9199
10720,9367
10720,9442
10720,12143
10721,1752
10721,2338
10721,3664
10721,5988
10721,6188
10721,8200
10721,9375
10721,12143
10725,1157
10725,1352
10725,1762
10725,2370
10725,2427
10725,4168
10725,4450
10725,4871
10725,5662
10725,5791
10725,7240
10726,4217
10726,5203
10729,221
10729,224
10729,3875
10729,5184
10729,5562
10729,5672
10729,6688
10729,7318
10729,8840
10729,9406
10730,1965
10730,6681
10730,7305
10730,7645
10730,9199
10730,9367
10730,9390
10730,13676
10731,5533
10732,4085
10732,5037
10732,6648
10732,7261
10733,1039
10734,2461
10734,7758
10734,9345
10735,7729
10736,2437
10736,4049
10736,6271
10736,7465
10737,4351
10737,5341
10737,5691
10738,6188
10738,9328
10738,10126
10738,12143
10739,2301
10739,3488
10739,4332
10739,5264
10739,5898
10739,6188
10739,9143
10739,9375
10739,9515
10739,12143
10739,12255
10740,9839
10742,254
10742,801
10742,1128
10742,2405
10742,4408
10742,5395
10742,5866
10742,7655
10742,8664
10742,10285
10742,12470
10743,2798
10748,2338
10748,4845
10748,4923
10748,4969
10748,5239
10748,7173
10748,7218
10748,7987
10748,8524
10748,8628
10748,8765
10748,10002
10750,4563
10750,5962
10750,6188
10750,9515
10751,1827
10751,7245
10751,13705
10752,7006
10752,7250
10752,8961
10752,9917
10752,10291
10753,2418
10753,7528
10753,9444
10753,10255
10755,1085
10755,1872
10756,3676
10756,10044
10757,1283
10757,1643
10757,4006
10757,4942
10757,5988
10757,6188
10757,8200
10757,8759
10757,9251
10757,9375
10757,9883
10757,12143
10758,4006
10758,4826
10758,6188
10758,7257
10758,7271
10758,7514
10758,8536
10758,9188
10758,9199
10758,9375
10758,12143
10758,13701
10760,2466
10760,8794
10761,731
10761,5861
10763,3301
10763,5430
10765,899
10765,1179
10765,1717
10765,1946
10765,2064
10765,4408
10765,5063
10765,6253
10768,4120
10768,5790
10768,8249
10768,8401
10768,9151
10768,9657
10771,7131
10772,1088
10772,3312
10772,5062
10772,8995
10775,888
10775,2869
10775,5318
10775,6673
10775,7133
10775,7228
10775,9241
10775,9425
10775,10034
10776,7208
10778,1526
10778,4566
10778,9432
10779,10333
10780,1041
10780,1345
10780,1652
10780,1784
10780,2026
10780,3047
10780,5408
10780,5871
10780,9233
10782,5988
10782,6188
10782,9375
10784,2338
10784,2924
10784,3510
10784,3664
10784,4605
10784,6076
10784,6188
10784,7133
10784,8143
10784,8759
10784,9114
10784,9375
10784,9377
10784,9418
10784,9649
10784,9737
10784,12143
10786,7908
10786,9347
10786,9649
10789,1793
10789,3674
10789,7261
10789,9615
10790,6996
10790,8514
10790,9281
10790,13664
10791,9795
10794,3174
10794,6185
10794,7058
10794,7991
10794,9307
10796,2973
10796,5962
10796,6451
10796,8295
10796,9233
10797,3647
10797,7205
10797,9428
10798,4213
10798,5313
10798,5738
10798,9441
10801,866
10801,2416
10801,2907
10801,3259
10801,3515
10801,4351
10801,6077
10801,7171
10801,8176
10801,8374
10801,9418
10801,12439
10802,1752
10802,9358
10803,8610
10805,208
10805,4106
10805,8350
10805,8996
10805,9188
10805,9648
10805,9922
10805,12143
10805,12244
10806,1283
10806,2939
10806,3229
10806,5780
10806,6230
10806,6732
10806,7146
10808,950
10808,1548
10808,2662
10808,4332
10808,4408
10808,6074
10808,6453
10809,4298
10809,8812
10811,1035
10811,9376
10813,3960
10813,5320
10813,7848
10815,1236
10815,2572
10815,6188
10817,2685
10817,4351
10817,5317
10817,6077
10817,7131
10817,10129
10818,858
10818,1200
10818,3823
10818,6188
10818,7269
10818,7271
10818,8647
10818,9515
10818,10237
10818,10423
10818,12143
10818,13701
10819,1683
10819,1734
10819,1752
10819,2328
10819,2338
10819,5255
10819,6230
10819,7924
10819,8765
10819,9236
10819,9377
10819,9385
10819,10002
10819,10128
10819,10144
10819,12385
10819,12415
10822,52
10822,3314
10822,5720
10822,6174
10822,7019
10822,7655
10822,9666
10823,5691
10823,5790
10823,8249
10823,10114
10823,10154
10824,4732
10824,8249
10825,1822
10825,8155
10826,3451
10829,1531
10829,4226
10829,5861
10829,8920
10829,9845
10829,12233
10830,1801
10830,4451
10830,5780
10831,2161
10832,12398
10833,2144
10833,4811
10833,5105
10833,6041
10833,6210
10833,6897
10833,9634
10833,9660
10835,3436
10835,3664
10835,6076
10835,6745
10835,7133
10835,8017
10836,423
10836,5130
10836,7214
10836,10142
10837,5790
10837,6188
10837,7131
10837,8042
10837,8249
10837,9515
10838,11776
10839,3200
10839,4349
10839,4670
10839,7216
10839,8640
10839,13665
10840,8743
10841,7914
10841,10694
10842,2101
10842,6612
10843,996
10843,6188
10843,7213
10843,7271
10843,9375
10843,9762
10843,9775
10843,12143
10844,1654
10844,5213
10844,5517
10845,1734
10845,2310
10845,2632
10845,5963
10846,6242
10847,7247
10847,10276
10849,5988
10849,8147
10849,9420
10849,10303
10850,3073
10850,5058
10850,5828
10850,6064
10853,5514
10853,7987
10853,8286
10855,6188
10855,7271
10855,8996
10855,9148
10855,12143
10856,2301
10856,6188
10856,10310
10856,10503
10856,12143
10856,13701
10857,1932
10857,8249
10858,9152
10858,12473
10860,6188
10860,9515
10861,2512
10861,5495
10861,5935
10861,6646
10862,2537
10862,6188
10862,12143
10865,1801
10865,3229
10865,6230
10866,1333
10866,2878
10866,5380
10866,5524
10866,6958
10866,7451
10866,7553
10866,9297
10867,4039
10867,5790
10867,8538
10867,8956
10867,9847
10867,10002
10869,6944
10869,8197
10869,9104
10870,1449
10870,2328
10870,2581
10870,2820
10870,3229
10870,4686
10870,5255
10870,5282
10870,6230
10870,6623
10870,6732
10870,7274
10870,9385
10870,9418
10870,9521
10870,12385
10871,5227
10871,6188
10871,7257
10871,7271
10871,9390
10871,12143
10873,8757
10873,8938
10873,9962
10874,3870
10874,9677
10875,273
10875,3090
10875,3712
10875,5382
10875,6852
10876,285
10876,3140
10876,7988
10876,8324
10876,8628
10876,9281
10876,9330
10876,9418
10876,9440
10876,9448
10876,9626
10876,9799
10876,10312
10876,12143
10877,9496
10878,4173
10878,5238
10878,5898
10878,7266
10878,7921
10878,8318
10878,9448
10878,12233
10879,7254
10879,10144
10880,1345
10880,7190
10880,7921
10883,1417
10883,5988
10885,8061
10887,3766
10887,6188
10887,9584
10887,9657
10887,12143
10887,12443
10888,151
10888,426
10888,1013
10888,1493
10888,1878
10888,1909
10888,2103
10888,2743
10888,3519
10889,4403
10890,278
10890,4826
10890,5323
10890,5988
10890,6028
10890,6188
10890,7861
10890,9657
10890,9737
10890,12143
10890,12153
10891,811
10891,13710
10892,8134
10893,1623
10893,4388
10893,9594
10893,9787
10894,5691
10894,5790
10895,8628
10895,9692
10896,11083
10897,9822
10898,4584
10898,8363
10898,12347
10900,6188
10900,12143
10902,1799
10902,1837
10902,2189
10902,2849
10902,6890
10902,8598
10902,8715
10903,3417
10903,7119
10903,7596
10903,8068
10903,9162
10904,3550
10904,4001
10904,4686
10904,5227
10904,6144
10904,6997
10904,7164
10904,7211
10904,7244
10904,8950
10908,1614
10908,5186
10909,5973
10909,6188
10909,6740
10909,9515
10910,4038
10910,4474
10910,5282
10910,7707
10910,7921
10910,8609
10910,8826
10911,4351
10911,9657
10912,3308
10912,5790
10912,8249
10915,4006
10915,4826
10915,5988
10915,6188
10915,7257
10915,8536
10915,8759
10915,8800
10915,9375
10915,9737
10915,12143
10916,6028
10919,2151
10919,4984
10919,9715
10920,1480
10920,2639
10920,4312
10920,4826
10920,6188
10920,6852
10920,7213
10920,7257
10920,8632
10920,9860
10921,1520
10921,2416
10921,4351
10921,7133
10923,4332
10923,4972
10923,9543
10924,1209
10924,3867
10924,6740
10924,8262
10925,3073
10928,6230
10928,8533
10929,1734
10929,3208
10929,3229
10929,5780
10929,6230
10929,8063
10929,9306
10930,6188
10930,12143
10931,1984
10931,3936
10931,9533
10932,1734
10932,5963
10932,6188
10932,8143
10932,9158
10932,9199
10932,9375
10932,9377
10932,9427
10932,9883
10935,5347
10935,7921
10935,8002
10935,8900
10935,9690
10935,12415
10939,1177
10939,1367
10939,5605
10939,7699
10940,2596
10941,4590
10941,5785
10941,7979
10942,6505
10942,9375
10944,1623
10944,1792
10944,2835
10944,5282
10944,5962
10944,6148
10944,12223
10947,1314
10948,6505
10948,8623
10948,8723
10948,9662
10951,1147
10951,2277
10951,3802
10952,2080
10952,5780
10952,6230
10952,7133
10952,8533
10952,10128
10953,1128
10953,1516
10953,3237
10953,7655
10953,9227
10955,3664
10955,5780
10955,5963
10955,6732
10955,9306
10956,1643
10956,3349
10956,6188
10956,6996
10956,7957
10956,8514
10956,9281
10956,9341
10956,9375
10956,9401
10956,10686
10956,12143
10956,13664
10956,13701
10957,1632
10957,2939
10957,5790
10957,6732
10960,6188
10960,9601
10960,12143
10963,2537
10963,5768
10964,6454
10965,1336
10965,2537
10965,4322
10966,1989
10966,5308
10966,5369
10972,1654
10972,5517
10972,6332
10973,3973
10973,4959
10973,8121
10973,8249
10973,8626
10973,9842
10974,6188
10974,9515
10974,12143
10975,3484
10975,7158
10975,8042
10976,545
10976,884
10976,2318
10976,2413
10976,8628
10976,12415
10976,12484
10977,4043
10977,4554
10977,5154
10977,8128
10978,10774
10979,9536
10981,1714
10981,8384
10982,2418
10982,4103
10982,6035
10982,6165
10982,8049
10982,9540
10982,10690
10984,542
10984,3407
10984,4333
10984,7880
10984,7921
10984,7934
10984,9448
10984,9543
10984,9810
10984,9833
10984,9921
10985,1615
10985,3733
10985,4300
10985,4494
10985,7603
10985,8090
10985,8560
10986,3327
10986,6188
10986,7726
10986,8803
10986,8980
10986,8996
10986,9188
10986,9648
10986,12143
10987,5442
10989,9417
10991,9436
10992,1403
10992,1475
10992,3504
10992,3838
10992,4388
10992,6188
10992,7269
10992,12143
10994,834
10997,834
10997,1612
10997,9375
10997,9724
10998,6188
11000,8173
11000,8314
11000,8675
11001,1475
11001,2726
11001,3073
11001,3838
11001,4388
11001,7225
11001,9638
11001,9657
11003,1283
11003,2996
11003,7146
11003,7519
11003,8849
11003,8868
11003,9593
11003,10152
11004,8256
11004,9289
11005,2026
11005,4894
11005,8005
11005,9316
11008,1316
11008,5526
11008,8641
11009,1376
11009,1401
11009,1822
11009,4959
11009,5155
11009,5161
11009,5239
11009,5265
11009,5570
11009,5691
11009,5790
11009,8249
11010,1696
11010,1822
11010,3023
11010,4535
11010,5024
11010,5095
11010,5509
11010,9489
11010,12143
11011,5345
11011,5402
11012,8717
11014,1350
11014,5635
11015,3908
11015,6711
11015,7245
11017,2418
11017,4826
11017,6188
11017,7257
11017,7269
11017,7271
11017,8143
11017,8996
11017,9178
11017,9199
11017,12143
11018,1632
11018,5790
11018,6732
11020,6422
11020,10002
11023,3114
11023,8102
11024,1283
11024,1632
11024,2310
11024,5255
11024,6230
11024,6732
11025,1262
11025,1386
11025,1810
11025,4623
11025,4804
11027,8174
11028,9847
11030,1283
11030,3229
11030,5829
11032,2301
11034,7924
11035,423
11035,680
11035,3664
11035,4826
11035,6188
11035,7271
11035,8297
11035,8860
11035,9178
11035,9638
11035,12143
11036,6964
11037,1386
11037,1430
11037,4804
11038,9791
11040,2348
11041,2843
11041,7562
11042,8049
11043,10053
11044,9289
11045,6188
11045,9657
11045,9737
11046,5559
11046,8181
11048,9559
11048,9621
11049,2338
11049,3510
11049,4006
11049,5148
11049,6230
11049,7133
11049,7185
11049,7924
11049,8200
11049,8221
11049,9375
11049,9377
11049,9428
11049,9737
11049,12415
11050,3540
11050,5988
11050,9178
11050,9657
11051,2581
11051,3287
11051,4778
11051,8794
11051,8816
11052,5691
11052,5790
11052,6318
11052,8249
11052,8351
11052,9842
11052,10141
11052,10154
11053,6958
11053,8477
11053,8887
11053,10003
11054,5403
11054,5927
11054,6230
11054,6958
11054,8533
11054,10240
11056,3575
11058,1752
11058,3315
11058,4340
11060,1632
11061,3755
11061,4826
11061,6188
11061,7257
11061,7271
11061,8628
11061,12143
11063,10116
11065,2885
11065,8147
11066,8249
11066,8278
11067,1234
11067,4240
11067,4533
11067,5574
11067,8045
11067,9416
11068,1599
11068,5948
11068,6286
11069,4059
11069,4578
11069,6309
11069,6587
11069,6694
11070,1900
11070,6483
11070,7979
11070,9531
11071,3354
11071,3572
11071,8403
11072,2287
11072,5565
11073,59
11073,2638
11073,3969
11073,6076
11073,6343
11073,6793
11074,2800
11074,3165
11074,8218
11075,1638
11076,7157
11077,8940
11078,680
11079,1392
11079,1433
11079,1752
11079,2124
11079,2314
11079,2933
11079,3990
11079,7888
11080,2254
11080,2954
11080,3188
11082,2939
11082,3229
11082,3461
11082,5403
11082,5780
11082,5927
11082,6230
11082,7133
11082,8533
11082,9351
11082,10193
11083,6633
11083,9896
11083,10896
11084,1734
11084,2154
11084,2310
11084,5585
11084,5963
11084,6732
11084,8143
11084,9680
11084,9810
11086,9377
11086,10784
11087,3471
11091,1952
11091,2834
11091,4826
11091,5083
11091,6188
11091,7158
11091,12143
11091,13701
11092,5605
11092,7269
11092,9586
11094,1839
11094,5534
11095,5790
11095,7888
11095,8249
11095,8265
11095,8312
11095,8384
11095,9146
11095,9801
11095,9842
11096,3750
11096,9712
11097,1236
11097,3062
11097,9141
11098,1985
11098,3727
11098,5452
11098,9666
11098,9802
11098,13707
11099,1230
11099,4824
11100,6897
11100,8249
11100,9847
11103,617
11103,4602
11104,288
11104,1350
11104,5223
11104,9767
11105,2144
11105,9660
11106,1099
11106,3751
11106,3941
11106,4085
11106,5610
11106,6852
11106,7219
11106,7461
11106,8324
11106,8628
11106,8827
11106,9228
11106,9281
11106,9365
11106,9466
11106,9626
11106,10312
11111,2537
11111,3208
11112,4826
11112,6188
11112,7131
11112,12143
11114,2439
11115,5111
11115,7347
11115,8787
11116,1388
11116,2647
11116,2730
11116,2932
11116,3859
11116,13643
11120,834
11120,5447
11120,6007
11120,6996
11120,9146
11120,9341
11120,13664
11121,1255
11121,6492
11121,8998
11121,10204
11122,6711
11122,7245
11122,8783
11123,996
11123,2418
11123,5362
11123,5382
11123,5866
11123,9515
11123,9753
11123,9762
11123,9840
11123,13701
11124,7371
11126,794
11126,6581
11126,7684
11126,8359
11127,1234
11127,3212
11127,4984
11127,5203
11127,5924
11127,6212
11127,6243
11127,6492
11127,8071
11127,9532
11127,9645
11127,11130
11128,3910
11129,7596
11129,9775
11130,1147
11130,5345
11130,5924
11130,8071
11130,11127
11131,12415
11132,1392
11132,1966
11132,9847
11133,1433
11133,1752
11133,7173
11133,7888
11133,8061
11135,3751
11135,4351
11135,7133
11135,8042
11135,9014
11135,9302
11135,10002
11135,11414
11135,12434
11135,12446
11137,3727
11137,5452
11137,6149
11137,12470
11140,1236
11140,3062
11140,3073
11140,3643
11140,4416
11140,5828
11140,9848
11140,10150
11141,8073
11141,9845
11142,1632
11142,5255
11142,5776
11142,5780
11142,6230
11142,8628
11142,9306
11142,10144
11142,12484
11143,2939
11143,10144
11143,10240
11143,10549
11144,1439
11144,7995
11145,8395
11145,9236
11145,10144
11145,12415
11146,4926
11146,5790
11148,3969
11148,4991
11148,10565
11149,9295
11149,9355
11149,9847
11149,11132
11150,6505
11150,8730
11150,10613
11151,6764
11151,7776
11152,2418
11152,5282
11152,5866
11153,8628
11153,8765
11153,10002
11153,10129
11153,10173
11154,5129
11154,7957
11154,12203
11156,9376
11157,6142
11157,7921
11157,8765
11157,9747
11157,12415
11157,12484
11158,3287
11158,8794
11158,9289
11158,10204
11161,5203
11161,5393
11161,5775
11161,6492
11161,6779
11161,7156
11161,9493
11161,10156
11162,5042
11168,1807
11172,3229
11172,5780
11172,6230
11172,7924
11172,8533
11172,8628
11176,13714
11177,1236
11177,3062
11177,3317
11177,8216
11177,9141
11177,9226
11177,10270
11178,12131
11184,8020
11185,9070
11185,9516
11188,6602
11192,7131
11192,9425
11193,3229
11193,5780
11193,6230
11193,6732
11193,7924
11193,8533
11193,9306
11193,9418
11193,9724
11193,10193
11193,10870
11193,12385
11193,12434
11196,1493
11196,2287
11196,5309
11197,845
11197,1352
11197,2427
11197,5511
11197,6090
11197,6447
11197,6515
11197,6737
11197,8856
11201,6958
11202,9228
11202,9957
11203,5849
11203,9008
11203,9847
11204,5459
11204,9333
11204,9975
11204,10088
11205,1283
11205,1632
11205,1683
11205,2310
11205,2348
11205,5255
11205,6732
11205,7924
11206,451
11206,2983
11206,9172
11206,9229
11206,10025
11206,10267
11207,3949
11207,4664
11207,6997
11207,7937
11207,8602
11207,10691
11208,1355
11208,1848
11208,12143
11209,12216
11210,6640
11212,3802
11212,4533
11212,5105
11212,5849
11212,6041
11212,10129
11213,10151
11214,10232
11217,3504
11217,4006
11217,6188
11217,7269
11217,7271
11217,9342
11217,9375
11217,9685
11217,12143
11217,13701
11219,9441
11220,1375
11220,1661
11220,1932
11220,2466
11220,2725
11220,3872
11220,6096
11220,12190
11221,10303
11222,1632
11222,5255
11222,9351
11222,9418
11223,2355
11223,5022
11223,5988
11223,6188
11223,7159
11223,7271
11223,7330
11223,7886
11223,8221
11223,8536
11223,9367
11223,9375
11223,9377
11223,9390
11223,9428
11223,9515
11223,9737
11223,9840
11223,12143
11223,12292
11223,12371
11224,3969
11224,8938
11224,9310
11224,9422
11224,12347
11225,533
11225,969
11225,1973
11225,2082
11225,2418
11225,4002
11225,4049
11225,5254
11225,5313
11225,6035
11225,7244
11225,7325
11225,8647
11225,8730
11225,9199
11225,9680
11225,10130
11225,11340
11225,12297
11226,1141
11226,1336
11226,12426
11227,119
11227,459
11227,1229
11227,1505
11227,5405
11227,5573
11227,7757
11228,4675
11228,9444
11229,9499
11230,2939
11230,5403
11230,5927
11230,7209
11230,8654
11230,10240
11230,10680
11231,1822
11231,2572
11231,9489
11231,10133
11232,1426
11232,2301
11232,6476
11232,12143
11233,3200
11233,4349
11233,6621
11233,7204
11234,888
11234,9241
11234,10034
11234,10775
11235,1941
11235,5037
11235,6314
11235,8743
11236,1835
11236,2625
11236,5585
11236,7131
11238,1677
11238,2301
11238,6188
11238,7271
11238,9515
11238,10671
11238,12143
11239,10789
11240,1822
11240,4164
11240,5790
11240,5877
11240,7200
11240,8060
11240,9368
11240,9430
11240,9489
11240,10123
11241,2355
11241,5227
11241,7185
11241,7886
11241,9102
11241,9220
11241,10646
11242,5680
11242,5988
11243,1045
11243,1236
11243,3062
11243,7131
11243,10150
11243,10713
11243,11270
11243,11525
11244,7131
11244,7953
11245,7988
11245,10504
11246,5258
11246,6639
11246,10741
11247,942
11247,9495
11247,9846
11249,7503
11250,9144
11251,9384
11255,2755
11255,4071
11255,7261
11256,1986
11256,2984
11256,3011
11256,9381
11256,10270
11256,13664
11257,1006
11257,7318
11257,9406
11258,6213
11259,9451
11259,10563
11260,5203
11261,248
11261,1370
11261,5578
11261,6074
11261,8953
11261,10300
11261,13722
11262,1476
11262,6673
11262,7992
11262,9373
11263,5828
11263,8991
11264,6188
11264,6230
11264,7209
11264,8647
11264,10246
11264,10546
11264,10680
11264,12168
11266,3393
11266,5779
11266,5835
11267,834
11267,1752
11267,2042
11267,4070
11267,5988
11270,7131
11271,1046
11271,5640
11271,7193
11271,7272
11272,2338
11272,2693
11272,4006
11272,4829
11272,4942
11272,5022
11272,5988
11272,6188
11272,6364
11272,7185
11272,7271
11272,8536
11272,9199
11272,9375
11272,9385
11272,9515
11272,9922
11272,10116
11272,10130
11272,10198
11272,10532
11272,10568
11272,10632
11272,10702
11272,10757
11272,10758
11272,12143
11273,4584
11273,5857
11273,8363
11273,12347
11275,1752
11275,2310
11277,2949
11277,8222
11277,9162
11277,9860
11278,8628
11278,10002
11278,10137
11279,12364
11280,834
11280,6732
11280,8628
11280,10002
11280,10137
11281,1501
11281,5140
11281,7189
11281,8324
11281,9626
11281,9633
11281,12183
11282,3838
11282,5227
11282,6188
11282,9718
11282,12143
11283,5936
11285,6230
11285,7133
11285,7924
11285,9375
11289,445
11289,478
11289,9941
11289,10148
11289,12179
11291,157
11291,4826
11291,5313
11291,5801
11291,6188
11291,6712
11291,7172
11291,7271
11291,12143
11292,2449
11292,3125
11292,3546
11292,4784
11292,6270
11292,7231
11292,10253
11293,2413
11293,2939
11293,6008
11293,7133
11293,8042
11293,8395
11294,834
11294,7131
11294,12143
11295,5139
11295,7247
11295,9235
11295,9333
11295,9913
11298,4826
11298,5988
11298,6188
11298,8647
11298,9178
11298,9188
11298,9199
11298,9375
11298,12143
11299,11114
11301,1562
11301,6099
11301,7060
11301,8832
11301,9588
11301,10174
11302,5023
11302,9233
11302,9448
11302,10492
11303,840
11303,2180
11303,9367
11304,470
11304,1878
11304,2555
11304,3073
11304,3317
11304,7810
11304,8068
11304,9638
11304,12143
11306,10189
11306,10606
11307,7974
11308,1752
11308,3404
11308,5780
11308,6230
11308,9306
11308,10119
11309,8181
11310,4322
11310,6345
11311,1986
11311,2038
11311,3011
11311,5761
11311,7190
11311,7488
11311,8961
11311,9003
11311,9217
11311,9412
11311,9609
11311,10073
11311,10291
11311,10293
11311,10686
11311,10752
11311,11422
11312,6673
11312,8699
11312,12353
11313,7924
11315,9550
11316,9325
11316,10505
11318,5839
11318,10504
11319,1449
11319,1623
11319,2328
11319,2581
11319,3164
11319,5282
11319,6706
11319,7199
11319,7274
11319,8200
11319,8690
11319,9385
11319,9626
11319,10312
11319,11106
11321,114
11321,5219
11321,7131
11321,9493
11321,9789
11321,10656
11321,10757
11322,1986
11322,3298
11322,3647
11322,4862
11322,7205
11323,1088
11323,2585
11323,2924
11323,7924
11323,8628
11323,8654
11323,10119
11323,10169
11323,12415
11323,12484
11323,13646
11324,2647
11324,5951
11326,8540
11329,2581
11329,7707
11329,8628
11329,9385
11330,952
11330,4027
11330,6142
11330,8048
11330,9335
11330,9373
11330,9632
11331,6996
11331,8514
11331,9281
11331,10002
11331,12415
11332,4006
11332,5988
11332,6188
11332,7271
11332,9215
11332,9375
11332,9737
11332,12143
11333,545
11333,969
11333,1891
11333,4351
11333,5139
11333,7247
11333,8539
11333,9333
11338,3229
11338,5829
11338,5963
11338,6230
11339,451
11339,625
11339,1328
11339,2519
11339,4103
11339,5602
11339,9367
11339,9390
11339,9497
11339,10041
11339,12435
11340,969
11340,10130
11341,1155
11341,2249
11341,4917
11342,8249
11342,8351
11342,9846
11343,2418
11343,4422
11343,4853
11343,5594
11343,6723
11344,5209
11345,3407
11345,5058
11345,9810
11345,9833
11345,9921
11346,8779
11346,9973
11347,1632
11347,2453
11347,6732
11347,8063
11348,8578
11348,8743
11349,2418
11349,3823
11349,5866
11349,6188
11349,9762
11350,6688
11352,3167
11352,5640
11352,5775
11354,533
11354,3823
11354,6462
11354,7215
11354,8521
11354,9390
11355,7574
11356,1734
11356,1835
11356,4070
11356,4332
11356,7924
11356,8395
11356,8654
11357,8061
11357,9489
11358,7171
11358,9281
11358,9309
11359,542
11359,1793
11359,5058
11359,5083
11359,6362
11359,7934
11359,9335
11360,9425
11360,10732
11361,9969
11362,2625
11362,3404
11362,5403
11362,5780
11364,947
11365,2264
11365,4644
11365,6041
11365,6897
11365,8733
11365,9634
11366,3296
11366,4213
11366,6137
11366,12136
11368,9991
11369,3592
11370,436
11371,423
11371,542
11371,1793
11371,2043
11371,4474
11371,5058
11371,5369
11371,5898
11371,7157
11371,7921
11371,12301
11372,974
11372,10789
11373,6188
11373,7257
11373,7271
11373,9146
11374,8751
11375,2118
11376,7387
11376,7938
11378,533
11378,705
11378,3200
11378,3823
11378,4704
11378,5540
11378,6418
11378,8521
11378,8640
11378,8986
11378,13665
11379,8701
11380,2647
11380,5139
11380,8922
11380,9913
11381,2912
11381,3641
11381,7185
11381,13616
11384,5971
11384,6658
11384,9069
11384,9096
11385,907
11385,1373
11385,2816
11385,3036
11385,4738
11385,5122
11385,5349
11385,5781
11385,6137
11385,6188
11385,6358
11385,6656
11385,7271
11385,7611
11385,8647
11385,9148
11385,9515
11385,9648
11385,9685
11385,9775
11385,12143
11385,12153
11386,1813
11386,8925
11386,9846
11386,10159
11387,10776
11388,4006
11388,4826
11388,6188
11388,7271
11388,8647
11388,8860
11388,9178
11388,12143
11389,1654
11389,6512
11389,8519
11389,8675
11389,10131
11390,1255
11390,4984
11390,6492
11390,9843
11391,5501
11391,11080
11392,1734
11392,2154
11392,2310
11392,5585
11392,5963
11392,8143
11392,9810
11393,10044
11393,10073
11394,6188
11394,6732
11395,4482
11395,10659
11395,12372
11397,3011
11397,3647
11397,6327
11397,6773
11397,9486
11398,650
11398,8896
11398,9348
11399,1325
11399,1430
11399,2338
11399,2726
11399,2841
11399,4829
11399,4942
11399,5148
11399,6220
11399,8389
11399,9375
11399,10784
11401,1654
11401,7924
11401,8666
11401,8863
11401,10897
11402,1234
11402,4240
11402,4340
11402,4533
11402,5317
11402,5422
11402,6458
11402,8045
11402,9407
11402,9416
11402,12134
11403,5037
11403,8730
11403,13644
11405,4397
11405,10190
11406,2753
11406,6298
11406,7273
11408,6803
11409,10629
11410,3024
11410,5237
11410,5288
11410,5317
11410,7131
11410,9173
11410,10121
11411,8114
11411,8578
11411,8743
11413,3011
11413,7273
11413,8522
11413,10321
11414,545
11414,1734
11414,1835
11414,2310
11414,3535
11414,5963
11414,8143
11414,8628
11414,9810
11414,10002
11414,12415
11415,5790
11415,8249
11415,8395
11416,5037
11416,7515
11416,8548
11416,9959
11417,5200
11417,6188
11417,12143
11418,7193
11419,4322
11419,4826
11419,6188
11419,7271
11419,8647
11419,9178
11419,9199
11419,9515
11419,9648
11419,10130
11419,10157
11419,10527
11419,12143
11420,1643
11420,4006
11420,4826
11420,5988
11420,6188
11420,7257
11420,7271
11420,8647
11420,9199
11420,9375
11420,9427
11420,9515
11420,9648
11420,9762
11420,9840
11420,9922
11420,10198
11420,11288
11420,12143
11420,12153
11420,12353
11420,13701
11422,8514
11422,9281
11422,10073
11422,10686
11422,10956
11424,3671
11424,5866
11425,5164
11425,6395
11425,6458
11425,6769
11425,6837
11425,6938
11425,6940
11425,6994
11425,7042
11425,8451
11425,10173
11426,459
11426,2120
11429,4332
11429,6785
11429,7482
11434,9806
11435,2169
11435,5063
11438,549
11438,2730
11438,5951
11439,5790
11439,8249
11440,1220
11440,1705
11440,3311
11440,8723
11440,9662
11441,8638
11441,9952
11444,8667
11445,5747
11448,4789
11450,187
11450,278
11450,3158
11450,3163
11450,6546
11452,7131
11453,2361
11453,7258
11453,7983
11453,8005
11453,8365
11454,9281
11455,5380
11455,9297
11457,7934
11459,13674
11460,1351
11460,2556
11460,3674
11460,6732
11460,12379
11463,7941
11466,4753
11467,1041
11467,1099
11472,7191
11474,4770
11476,5654
11476,8756
11478,12175
11479,2082
11479,7504
11483,11573
11484,5691
11484,5790
11484,8134
11484,8249
11484,9533
11485,3206
11485,6779
11487,1776
11487,7915
11490,9376
11496,2418
11496,9938
11497,1099
11498,8715
11498,9096
11499,3560
11499,10173
11500,3208
11501,6901
11508,9009
11509,3031
11510,1403
11510,3504
11510,3636
11510,6710
11510,7225
11512,10053
11516,7879
11516,8794
11516,9289
11517,7983
11522,6188
11522,9840
11522,12143
11524,6398
11525,2537
11525,10183
11530,2926
11530,4156
11530,5061
11530,5227
11530,9188
11533,677
11533,9069
11538,10424
11539,5866
11539,12338
11540,1835
11540,5585
11541,4826
11541,6084
11541,6188
11541,7271
11541,12143
11541,13701
11542,9880
11550,8758
11551,1632
11551,5128
11551,6709
11551,8628
11551,8690
11551,9860
11551,10144
11551,12415
11554,4351
11555,10827
11556,11146
11560,677
11560,6958
11560,7131
11561,2820
11561,3980
11561,5780
11561,5963
11561,7274
11561,8533
11561,9385
11561,9521
11562,3791
11562,9491
11562,9502
11562,12175
11565,4043
11565,9889
11567,7131
11568,9718
11568,12143
11571,2924
11571,3728
11571,5403
11571,5927
11571,9810
11572,9843
11572,11390
11576,2439
11577,5849
11577,6210
11577,10173
11579,7110
11582,5691
11582,5790
11582,7924
11582,10154
11582,12415
11585,10656
11588,6396
11588,7223
11589,296
11589,7318
11591,4076
11592,2115
11592,9174
11595,8147
11595,8941
11595,9495
11598,10606
11603,8940
11603,9390
11607,4006
11607,6188
11607,8647
11607,8860
11607,9178
11607,12143
11609,5063
11610,9966
11614,10760
11616,545
11616,2083
11616,6230
11616,6732
11616,8628
11616,9306
11616,9626
11620,9013
11620,10848
11621,2338
11621,6621
11623,4006
11623,5988
11623,6188
11623,7133
11623,7271
11623,8800
11623,9375
11623,9737
11623,12143
11631,4940
11631,6188
11631,12143
11632,4103
11632,6188
11632,7257
11632,7271
11632,9762
11632,12143
11636,1564
11636,3140
11636,9237
11638,9376
11639,7983
11640,7131
11640,9901
11641,1234
11641,4533
11641,5574
11641,6458
11641,9407
11642,7242
11644,7173
11645,7934
11649,7046
11652,2301
11652,12175
11655,3208
11655,8495
11656,12375
11660,2429
11661,4826
11661,6188
11661,7271
11661,12143
11661,13701
11663,1245
11663,3398
11663,3446
11663,4716
11663,4733
11663,5291
11664,976
11664,1534
11664,2563
11664,3052
11664,3107
11664,3187
11664,3680
11664,3722
11664,5296
11664,5325
11664,5663
11664,5943
11665,1055
11665,1120
11665,5772
11666,654
11666,1582
11666,5408
11667,881
11667,1108
11667,1293
11667,1688
11667,1906
11670,6318
11672,3247
11672,7971
11673,1053
11673,5988
11673,6188
11673,8647
11673,8860
11673,9375
11673,12143
11675,3259
11675,4462
11675,9001
11675,9419
11676,6142
11676,7921
11676,8765
11676,12484
11677,3396
11678,1635
11679,3109
11679,3930
11679,5828
11679,6442
11680,6219
11681,2428
11683,914
11683,5575
11684,4126
11684,8844
11684,9940
11686,6188
11687,6315
11687,6329
11687,6562
11689,2119
11689,8578
11689,8743
11689,9939
11691,10616
11693,6852
11693,7131
11693,9228
11694,2118
11694,3206
11694,4100
11694,6557
11694,8535
11694,9354
11694,9425
11694,9547
11694,9833
11695,5849
11698,4826
11698,6188
11698,7239
11698,12143
11698,13701
11699,1345
11700,6188
11700,7271
11700,7514
11700,8350
11700,8980
11700,8996
11700,9188
11700,10648
11700,12143
11701,6188
11701,7271
11701,9306
11701,10646
11703,5927
11703,6230
11703,8533
11703,8628
11704,9021
11706,703
11706,4556
11708,399
11708,2286
11708,2581
11709,8061
11711,3074
11711,5610
11711,7357
11711,8679
11711,9991
11711,10280
11712,1449
11712,1455
11712,1684
11712,2581
11712,5603
11712,6188
11713,4121
11713,6213
11715,10754
11716,3229
11716,5780
11716,5963
11716,6230
11716,7924
11716,9306
11717,7192
11719,4853
11720,10645
11720,11239
11721,5255
11721,9158
11721,10932
11722,10748
11724,3624
11724,7119
11724,7596
11724,8819
11727,2926
11727,6188
11727,7271
11727,7514
11727,7726
11727,8803
11727,8980
11727,8996
11727,9188
11727,9648
11727,12143
11729,4826
11729,6188
11729,9375
11729,12143
11731,10827
11731,11555
11732,6038
11732,7190
11732,7893
11732,8724
11732,8869
11732,9373
11732,10080
11734,6188
11734,7271
11734,9178
11734,12143
11735,882
11735,5551
11735,11175
11736,677
11739,12143
11739,13701
11740,7921
11740,9742
11741,4006
11741,4826
11741,6188
11741,6288
11741,6732
11741,7257
11741,7271
11741,8759
11741,9375
11741,12143
11745,52
11745,6174
11747,2537
11751,6958
11754,740
11754,2998
11755,10445
11758,9440
11760,455
11760,5751
11760,7247
11760,9559
11761,9476
11764,3393
11765,12398
11766,10606
11767,1632
11767,6732
11767,9306
11767,9797
11768,5255
11769,5691
11769,5790
11769,8319
11770,620
11770,6712
11770,7172
11770,8973
11770,9147
11770,9235
11770,10691
11771,1333
11771,2878
11771,6486
11771,7515
11772,2056
11772,4753
11772,6603
11773,1752
11775,5037
11775,5828
11776,10838
11777,10592
11779,10572
11779,10876
11781,3922
11781,11239
11782,3229
11782,5780
11782,9306
11783,9371
11783,9443
11785,7707
11786,8401
11786,9766
11786,10580
11787,9557
11788,1219
11788,3012
11789,2537
11790,2518
11790,3890
11790,4049
11790,5309
11790,7172
11790,7950
11790,9147
11790,9309
11792,433
11792,1333
11792,7553
11793,1686
11793,2129
11793,6029
11794,6188
11794,12143
11795,1449
11795,4038
11795,5282
11795,7921
11796,11360
11798,3883
11798,9924
11798,10246
11799,3121
11799,6620
11799,9351
11800,157
11800,364
11800,620
11800,794
11800,1878
11800,5090
11800,7172
11801,4563
11801,6148
11801,7248
11801,8005
11830,7131
11830,9228
11830,10132
11836,1969
11836,2062
11836,5074
11836,10584
11842,6096
11842,7879
11842,8794
11842,9289
11842,10204
11842,11516
11856,2159
11856,4670
11856,8990
11856,10199
11856,10397
11863,1932
11863,5129
11863,8514
11863,9341
11866,2575
11866,3019
11866,5385
11867,2008
11867,5594
11867,6510
11867,7736
11867,8562
11867,9961
11867,10180
11868,2599
11869,4006
11869,5988
11869,6188
11869,7271
11869,8647
11869,9178
11869,9375
11869,9515
11869,12143
11869,12153
11869,12218
11870,1891
11870,6615
11870,6712
11870,7172
11870,12179
11871,7544
11871,7924
11871,10398
11871,12143
11872,1182
11872,2416
11872,2951
11872,3091
11872,3259
11872,4351
11872,6077
11872,6281
11872,7056
11872,8520
11872,9302
11872,9386
11872,9553
11872,9756
11872,10213
11872,10493
11873,2338
11873,7924
11873,8042
11873,9302
11873,9377
11873,10240
11873,10739
11873,10784
11873,12434
11874,7171
11874,8042
11874,9302
11874,10155
11874,10169
11874,10656
11875,1752
11875,10398
11877,549
11877,5988
11877,6188
11877,7257
11877,7271
11877,8647
11877,9199
11877,9375
11877,9515
11877,10130
11877,10398
11877,10497
11877,10546
11877,10702
11877,10704
11877,10758
11877,10772
11877,11291
11877,12143
11878,9460
11878,12241
11879,1900
11879,4734
11879,7133
11879,9841
11879,12434
11880,10872
11881,10645
11881,11312
11882,1516
11884,6015
11884,12323
11885,4826
11885,6188
11885,6673
11885,7271
11885,8647
11885,10398
11885,11388
11885,12143
11886,9615
11886,10589
11886,10606
11886,10645
11886,10789
11886,10913
11886,11369
11886,12316
11886,12430
11887,7218
11888,6188
11889,9236
11889,10012
11890,93
11890,1449
11890,2581
11890,5282
11890,7248
11890,7274
11890,8200
11890,9241
11890,10137
11890,10452
11891,9385
11891,10518
11892,5318
11892,9724
11893,2466
11893,3287
11893,5313
11893,6188
11893,12190
11893,12261
11894,10565
11895,4894
11895,9403
11896,1088
11896,9439
11897,2583
11897,4351
11897,6007
11897,7133
11897,8042
11897,9001
11897,9302
11897,12446
11898,11614
11899,9387
11899,9420
11899,9973
11899,10559
11899,10614
11900,1856
11900,5938
11900,7207
11900,7594
11901,840
11901,996
11901,3041
11901,7213
11901,9390
11901,11303
11902,3823
11902,6188
11902,9515
11902,10237
11902,10818
11902,12143
11902,13701
11903,1112
11903,6754
11903,9080
11904,2909
11904,7947
11906,10325
11906,10398
11906,10524
11906,12496
11907,1686
11907,8554
11907,9936
11908,9466
11909,10093
11909,10189
11910,7173
11910,13643
11911,2301
11911,8053
11911,10503
11911,10671
11911,12361
11912,2011
11912,9433
11914,4990
11915,10774
11916,2028
11916,10575
11917,1353
11917,4213
11917,12143
11917,13643
11919,5780
11919,7133
11919,8042
11919,8533
11920,9314
11920,10252
11921,3896
11921,7924
11921,9302
11921,9418
11921,9922
11921,10128
11921,10240
11922,6188
11922,6786
11922,7271
11922,9420
11922,10318
11922,10492
11922,10568
11923,1734
11923,2632
11923,5963
11923,8143
11923,11084
11924,6852
11924,8200
11924,8397
11924,9387
11924,9883
11924,10656
11924,10757
11924,11321
11925,7131
11926,1114
11926,1526
11926,4566
11926,9359
11926,9432
11926,10778
11927,296
11927,6400
11927,9160
11927,9376
11927,10440
11927,10597
11928,6188
11928,9286
11929,2418
11929,3041
11929,4099
11929,6723
11929,7666
11929,10041
11930,1612
11930,4451
11930,5913
11930,7924
11930,8089
11930,8628
11930,8991
11930,9306
11930,9333
11930,9418
11930,10002
11930,11142
11931,10776
11932,4198
11932,5104
11932,5747
11932,5767
11932,6134
11932,7131
11934,1147
11934,6362
11934,6636
11934,7921
11934,9448
11935,7233
11935,9472
11935,10699
11937,9505
11938,5065
11938,9234
11938,9370
11938,10561
11938,12335
11939,2328
11939,2581
11939,2672
11939,4038
11939,10531
11940,542
11940,4876
11940,6142
11940,6193
11940,7233
11940,7267
11940,9472
11940,10699
11940,11359
11940,13704
11941,2581
11941,6188
11941,6371
11941,9375
11941,9576
11942,10606
11943,1801
11943,3980
11943,7133
11943,8533
11943,9241
11943,10656
11943,10860
11943,11024
11944,10409
11946,1325
11946,8628
11946,10169
11946,10324
11946,10634
11946,10656
11947,2909
11947,7133
11947,7947
11947,9302
11948,7131
11948,9456
11948,10535
11949,7133
11951,5574
11952,2996
11953,6755
11954,10117
11954,10204
11955,4006
11955,4826
11955,6188
11955,7271
11955,8647
11955,9178
11955,10571
11955,12040
11955,12143
11955,13701
11956,3133
11956,4894
11956,5533
11956,6997
11956,7898
11956,9330
11956,9403
11956,10188
11956,10691
11957,6148
11957,9233
11957,10796
11959,3647
11959,6967
11959,10263
11959,10739
11960,2456
11960,5898
11960,7921
11960,8628
11960,9302
11960,9547
11960,9833
11960,10144
11960,10169
11960,10984
11960,11371
11960,12301
11961,1504
11961,5790
11961,6230
11961,7171
11961,8533
11961,9328
11961,9418
11961,11231
11963,2461
11963,4482
11963,7758
11963,9345
11963,10734
11964,6230
11964,7131
11964,7133
11964,9014
11964,9186
11964,10602
11964,10750
11964,12434
11965,1366
11965,7908
11965,7925
11965,7965
11965,7992
11965,7998
11965,9373
11965,9408
11965,11262
11966,6895
11966,9234
11966,12335
11967,10747
11967,12143
11968,5603
11969,4418
11970,2546
11973,3844
11973,4474
11973,5203
11974,9234
11974,10398
11974,10561
11974,12335
11975,5585
11975,5963
11975,6230
11975,9306
11975,9418
11975,9503
11975,11356
11975,11414
11976,7192
11976,10560
11976,10589
11976,10606
11976,10614
11976,10661
11976,12147
11976,12430
11977,10188
11979,2357
11979,10558
11980,3091
11980,6077
11980,8520
11980,10213
11980,10519
11981,2207
11981,8314
11981,10159
11981,10580
11982,970
11982,3114
11982,3647
11982,7938
11982,10602
11984,1053
11984,1752
11984,4006
11984,5227
11984,6188
11984,8647
11984,9178
11984,9199
11984,10130
11984,10398
11984,11347
11984,11607
11984,12143
11985,3728
11985,6730
11985,9414
11985,10610
11985,12102
11985,13631
11987,4351
11987,9302
11987,10626
11989,2008
11989,4529
11989,4826
11989,5594
11989,6188
11989,7257
11989,7271
11989,7350
11989,9515
11989,9961
11989,10524
11989,10650
11989,10915
11990,1564
11990,3140
11990,5079
11990,5788
11990,5898
11990,6233
11990,7219
11990,7906
11990,10447
11990,10588
11991,1350
11991,10722
11992,10324
11993,4006
11993,6188
11993,7271
11993,7881
11993,9375
11993,10398
11993,10524
11993,10702
11993,12143
11993,12323
11993,12434
11994,6738
11995,533
11995,6063
11995,7398
11995,7504
11995,7937
11995,9235
11995,9309
11995,10691
11995,11207
11996,5839
11996,10504
11996,11318
11997,9933
11998,3484
12000,2939
12000,9205
12000,10490
12000,10684
12000,10698
12001,2307
12002,4006
12002,4826
12002,5988
12002,6188
12002,7257
12002,7271
12002,8291
12002,8350
12002,8759
12002,8860
12002,10532
12002,10609
12002,10632
12002,12143
12002,13701
12003,9413
12003,9525
12003,10150
12003,10246
12003,10546
12003,10680
12003,10713
12003,11097
12003,11230
12003,11243
12003,11264
12003,11525
12004,8089
12004,9236
12004,10144
12004,10169
12004,10599
12004,10656
12004,10662
12004,12415
12005,970
12005,1822
12005,2672
12005,5282
12005,5790
12005,6148
12006,6928
12007,3823
12007,4826
12007,6188
12007,7257
12007,7271
12007,12143
12008,853
12008,2730
12008,2926
12008,4156
12008,5200
12009,8632
12009,10044
12009,10756
12010,1283
12010,4070
12010,6188
12010,7271
12010,9390
12010,9515
12011,1973
12011,2664
12011,2824
12011,3664
12011,5227
12011,5635
12011,7429
12011,7475
12011,7706
12011,7884
12011,8647
12011,9199
12011,9204
12011,10130
12012,10705
12013,114
12013,3498
12013,5643
12013,5936
12013,8628
12013,9228
12013,9281
12013,9466
12013,10119
12013,10137
12013,10144
12013,10557
12013,10599
12013,10650
12013,10720
12013,10739
12013,10784
12013,10876
12013,10997
12013,11106
12013,11145
12013,11616
12013,12434
12014,7273
12014,10321
12015,8514
12015,8524
12015,9144
12015,9281
12015,9354
12015,10197
12015,10306
12015,10323
12015,10324
12015,10325
12015,10680
12015,11120
12015,11278
12015,11840
12016,2933
12017,10504
12018,3510
12018,6188
12018,7131
12018,9375
12018,9377
12019,5422
12020,5255
12020,6230
12020,6732
12020,9236
12020,10144
12020,10169
12020,10830
12020,10870
12020,11145
12020,11193
12020,12385
12020,12415
12020,12434
12021,6732
12021,9114
12021,10784
12022,3393
12022,12400
12023,8628
12024,6188
12024,7268
12024,7271
12024,8800
12024,9375
12024,10695
12024,10704
12025,7992
12027,598
12027,1078
12028,5835
12028,7272
12028,10545
12029,10325
12029,12179
12030,4351
12030,7171
12030,8042
12030,9302
12030,9658
12030,10717
12030,10801
12032,433
12032,2127
12032,3307
12032,7553
12032,9681
12033,7747
12034,2418
12034,3007
12036,1445
12036,3869
12036,9426
12036,10235
12037,1278
12037,5147
12037,6786
12037,7909
12037,8048
12037,8998
12037,9370
12037,9605
12037,10549
12037,11058
12040,6188
12040,10398
12040,10571
12040,11955
12041,5849
12041,8692
12041,9008
12041,9358
12042,4027
12042,7131
12042,8048
12044,9456
12044,10535
12046,6996
12046,8514
12047,1234
12047,4240
12047,4533
12047,5317
12047,8796
12047,9416
12047,11067
12048,1099
12048,6148
12048,10572
12049,1945
12049,10640
12050,1932
12050,3484
12050,6061
12050,7131
12050,7209
12052,6188
12052,7611
12053,542
12053,950
12053,1793
12053,2043
12053,4332
12053,5308
12053,5613
12053,5898
12053,7233
12053,9472
12053,10699
12053,11359
12054,5835
12054,7272
12054,8366
12055,3838
12055,4504
12055,9711
12055,10739
12055,10818
12055,10992
12056,848
12056,6958
12059,10667
12060,9425
12061,9325
12061,10505
12061,11316
12063,834
12063,7248
12063,9789
12063,10602
12064,6188
12064,8521
12065,4006
12065,4826
12065,5988
12065,6188
12065,7271
12065,9375
12065,9737
12065,9922
12065,10568
12065,10609
12065,10757
12065,10759
12065,10784
12065,10860
12065,12143
12068,1366
12068,7965
12068,7992
12068,8017
12068,8353
12068,9373
12068,10018
12068,10629
12068,10837
12068,11409
12069,7131
12070,10763
12071,1388
12071,5443
12071,7200
12072,6188
12072,7271
12073,3000
12073,4327
12073,4426
12073,7249
12073,9326
12073,9506
12073,10493
12073,10700
12074,5065
12074,5936
12074,9234
12074,12389
12075,2416
12075,3000
12075,4327
12075,4426
12075,6077
12075,7190
12075,7982
12075,8113
12075,8176
12075,9001
12075,9302
12075,10493
12075,12439
12076,1313
12076,4332
12076,4972
12076,6700
12076,7305
12076,7645
12076,13676
12077,1445
12077,3869
12077,6188
12077,9179
12077,10716
12078,6188
12079,12192
12080,4826
12080,6188
12080,6786
12080,7257
12080,7271
12080,9819
12080,10318
12080,10492
12080,10565
12080,11312
12080,12143
12082,1764
12082,3870
12082,5203
12082,5534
12082,6243
12083,8134
12083,9323
12083,10892
12084,4027
12084,4533
12084,5317
12084,7131
12084,8048
12084,10585
12084,11330
12085,6692
12085,7921
12085,7965
12085,7992
12085,8765
12085,9373
12085,10504
12085,11262
12085,11312
12086,2301
12086,2438
12086,7273
12086,10321
12086,12225
12087,2200
12087,6685
12087,7192
12087,8397
12087,9387
12087,10132
12087,10504
12087,10572
12088,7354
12088,7849
12088,9819
12088,10678
12089,1086
12089,2761
12090,3269
12090,4295
12090,5904
12090,7182
12090,7903
12090,9446
12091,6996
12091,7131
12091,7976
12092,12143
12093,11342
12093,12446
12095,1702
12096,2070
12096,2945
12096,9425
12096,12446
12097,2808
12100,10606
12101,2447
12101,2974
12101,3467
12101,6634
12101,8264
12102,6188
12102,7131
12102,9387
12102,10610
12102,11245
12102,12143
12102,13631
12103,952
12103,2087
12103,2373
12103,3692
12103,12369
12104,3049
12104,10182
12104,10750
12106,1106
12106,1234
12106,2220
12106,4340
12106,5304
12106,5973
12106,6140
12106,7052
12106,9407
12107,1314
12107,6230
12107,8533
12108,2087
12109,866
12109,2373
12109,2951
12109,3692
12109,5691
12109,9007
12109,9375
12109,12369
12111,1564
12111,5855
12112,7363
12113,6511
12113,7233
12113,7267
12115,3980
12115,4324
12115,6076
12115,7131
12115,7218
12115,8200
12115,8525
12115,9364
12115,10558
12115,10602
12116,7234
12116,9314
12116,10655
12116,10867
12116,11312
12117,5849
12117,9008
12117,9847
12118,10772
12122,895
12122,6274
12123,3000
12123,3091
12123,4351
12123,6077
12124,7700
12126,2993
12126,8886
12126,9881
12128,687
12130,7131
12131,5850
12131,6188
12131,6738
12132,7921
12134,1234
12134,4240
12134,4340
12134,4533
12134,5317
12134,5574
12134,6458
12135,4240
12135,8796
12138,6518
12139,9069
12140,4133
12140,5411
12141,2156
12141,4044
12141,4892
12141,5227
12141,5866
12141,6188
12141,7308
12141,7527
12143,2082
12143,3539
12143,3823
12143,4826
12143,5227
12143,6188
12145,7338
12146,3823
12150,632
12150,1531
12150,1957
12150,5238
12150,6250
12152,672
12152,1388
12152,2526
12152,6188
12152,7596
12152,8560
12152,9515
12152,9775
12152,12143
12152,12153
12153,3818
12153,5988
12153,6188
12153,7596
12154,1015
12154,1276
12154,1932
12154,1979
12154,2984
12154,7957
12154,9217
12154,10260
12155,6402
12156,2798
12156,3011
12158,7724
12160,10331
12160,10339
12160,10416
12160,10419
12164,3969
12164,5100
12164,8347
12166,1606
12166,2346
12166,3003
12166,3200
12166,5886
12166,7204
12166,8812
12166,13665
12167,1181
12167,1200
12167,3838
12167,7269
12168,9014
12169,10391
12169,10416
12169,10419
12172,2128
12172,2382
12172,2524
12172,2536
12172,3207
12172,7511
12172,9198
12173,2426
12173,4818
12173,4845
12173,4969
12173,5989
12174,12399
12177,2180
12177,3598
12177,5866
12177,6418
12179,157
12179,254
12179,567
12179,2390
12179,2653
12179,4474
12179,4769
12179,5309
12179,5801
12179,6271
12179,6712
12184,1193
12184,5889
12184,9155
12187,2019
12187,3745
12187,4470
12187,4600
12187,7328
12187,7446
12188,3969
12188,4043
12188,6213
12188,8025
12188,8938
12192,848
12192,2466
12194,1015
12194,1276
12194,1597
12194,6693
12194,9010
12194,9344
12194,9409
12195,3011
12195,3682
12195,4113
12195,4675
12195,5181
12195,5336
12195,6189
12195,6251
12196,1283
12196,8395
12197,2405
12197,6241
12197,6449
12198,4379
12199,5594
12200,2043
12200,2612
12200,3689
12200,4408
12200,4977
12200,5405
12201,6640
12202,10331
12202,10339
12202,10391
12203,3349
12203,6996
12203,7957
12206,9387
12206,10558
12209,10398
12209,10695
12209,10805
12211,10377
12211,10408
12213,2405
12213,7505
12213,7684
12214,4782
12214,6545
12218,6188
12218,9657
12218,12143
12220,2080
12220,6397
12222,4488
12223,4038
12223,4188
12223,4942
12223,5083
12223,5282
12223,5603
12225,1350
12225,9657
12227,800
12227,1531
12227,4332
12227,7157
12227,8078
12227,12143
12230,2042
12230,2083
12230,2739
12230,3504
12230,5083
12230,5409
12230,5877
12230,7698
12231,3287
12231,4351
12231,8628
12231,9289
12231,10002
12231,10204
12231,10655
12231,11051
12231,11121
12231,11153
12231,11203
12232,1853
12233,3285
12233,6362
12233,6511
12235,1979
12235,2052
12235,6188
12236,296
12236,1705
12236,7637
12238,853
12238,2926
12238,7271
12238,8980
12238,9188
12242,9350
12244,2495
12244,8940
12244,9188
12244,9922
12245,853
12245,2495
12247,5452
12247,5720
12247,6149
12247,7161
12247,9666
12247,9802
12247,13707
12248,2190
12248,3404
12248,4043
12248,8025
12248,8844
12252,6400
12254,705
12254,3003
12254,8258
12255,3937
12255,4075
12255,5336
12255,5643
12255,7215
12257,2503
12263,353
12263,7957
12264,6155
12265,4349
12265,8640
12266,9281
12266,9431
12267,2466
12267,3287
12267,3732
12267,8504
12267,9289
12268,3883
12269,2988
12272,10680
12273,4075
12274,545
12274,5255
12274,6230
12274,8628
12274,8765
12274,9236
12274,10002
12274,10144
12274,12389
12274,12484
12279,4753
12281,4972
12281,5452
12281,7626
12281,7645
12284,5849
12285,7304
12285,10480
12286,5691
12286,5790
12286,8249
12288,5526
12288,6967
12288,9434
12292,7213
12292,7973
12292,8031
12292,9775
12292,13622
12295,705
12295,2077
12295,3200
12295,8640
12295,13665
12296,1445
12298,678
12298,5640
12300,1540
12300,6855
12300,7262
12300,7324
12300,7356
12301,2043
12301,4332
12301,4826
12301,5264
12301,5369
12301,6188
12301,7157
12301,7257
12301,7921
12301,12143
12304,996
12304,8454
12305,2418
12306,5369
12308,2008
12308,5594
12309,1859
12309,6188
12309,7133
12309,9236
12309,9535
12309,10144
12309,10248
12311,2150
12311,4937
12311,4972
12311,5130
12311,6530
12311,7304
12311,7645
12311,7673
12312,4197
12312,5203
12312,6779
12312,7131
12312,8765
12315,2301
12315,3823
12315,9367
12315,10237
12315,10720
12315,13701
12315,13702
12316,7201
12316,9431
12317,2996
12317,3644
12320,2348
12320,7363
12320,7423
12320,13643
12321,838
12321,1317
12323,2338
12323,4006
12323,6188
12323,6230
12323,7271
12323,7924
12323,9375
12323,9377
12323,12143
12324,2028
12324,2222
12324,7525
12324,7658
12325,5790
12325,8042
12325,9014
12327,970
12328,2995
12329,3966
12329,7562
12330,3510
12330,4006
12330,5038
12330,6188
12330,6996
12330,8514
12330,8536
12330,9281
12330,9375
12330,9428
12330,9924
12330,12143
12331,1030
12334,6188
12334,10695
12335,7971
12335,9234
12336,10331
12336,10373
12336,10391
12337,1138
12337,3055
12337,4104
12337,6213
12337,6220
12337,6362
12340,7131
12342,8993
12342,10443
12344,1387
12344,2248
12344,3809
12344,9390
12347,3969
12347,4408
12350,358
12350,2288
12350,2517
12350,7424
12353,1937
12353,2726
12353,3504
12353,4006
12353,4355
12353,6188
12353,6696
12353,7586
12353,8285
12353,8536
12353,8576
12353,9722
12353,12143
12353,12393
12354,6517
12356,1531
12356,3222
12356,4972
12356,5638
12356,5861
12356,6521
12356,7902
12356,12150
12358,3015
12359,9281
12359,9431
12360,5861
12361,3799
12361,6803
12362,194
12362,425
12362,465
12363,7131
12364,1190
12364,2411
12364,4349
12364,5474
12364,5540
12365,4253
12365,7131
12366,600
12366,1056
12366,8787
12366,9001
12366,12434
12366,12446
12368,6294
12368,6442
12369,1182
12369,2373
12369,2416
12369,3091
12369,3259
12369,4327
12369,6077
12369,8520
12370,7133
12370,7191
12370,7440
12370,9747
12370,10119
12370,10137
12370,10173
12373,1752
12373,5936
12373,7647
12376,809
12376,8920
12376,9845
12378,1904
12378,3172
12378,5399
12379,624
12379,2556
12379,3674
12379,4033
12379,7119
12379,7133
12379,8068
12379,8560
12380,2118
12380,4589
12380,10572
12382,10197
12383,4894
12383,6887
12383,7131
12383,9499
12384,278
12384,7697
12384,9003
12385,834
12385,7133
12385,8628
12385,8765
12385,8991
12386,1031
12386,1056
12386,2416
12386,2701
12386,3810
12386,4351
12386,4778
12386,8042
12386,9841
12386,12446
12389,6230
12389,6706
12389,6709
12389,7133
12389,8690
12390,960
12390,1516
12390,2028
12390,2664
12390,3237
12390,4323
12390,5313
12390,6035
12390,6039
12390,7325
12390,7386
12390,7504
12390,8646
12390,9005
12390,12297
12391,2338
12391,7924
12391,9377
12391,9629
12391,9922
12391,10240
12391,10398
12391,10784
12393,1937
12393,2726
12393,2816
12393,4355
12393,5866
12393,6696
12393,7586
12393,8285
12393,8576
12393,9722
12394,2056
12394,5090
12398,680
12398,3049
12398,4775
12400,3393
12400,5207
12400,7700
12403,1531
12403,2313
12403,2607
12403,3471
12403,3705
12403,4972
12403,5322
12403,7685
12404,10326
12405,4006
12406,2047
12406,5529
12406,7458
12407,3767
12409,2301
12409,5111
12410,10497
12410,10558
12410,12446
12413,3170
12413,3803
12414,2519
12414,4006
12414,4826
12414,6188
12414,6570
12414,7257
12414,7271
12414,8996
12414,9375
12414,9515
12414,10609
12414,12143
12414,13701
12415,1683
12415,5038
12415,6732
12415,8654
12415,8925
12416,609
12416,914
12416,6418
12416,8250
12417,3742
12417,4043
12420,10056
12420,13702
12423,2144
12423,2492
12423,4811
12423,5383
12423,6210
12424,1230
12425,8855
12428,404
12428,7175
12428,7247
12428,8222
12428,9333
12429,2043
12429,5636
12430,10614
12431,2417
12431,6188
12431,8401
12434,4351
12434,4778
12434,5200
12434,6230
12434,6732
12434,7133
12434,7924
12434,7953
12434,8042
12434,8395
12434,9001
12434,9302
12434,12446
12435,938
12435,1328
12435,2519
12435,4103
12436,5308
12438,7382
12439,1056
12439,2701
12439,2907
12439,3259
12439,7090
12439,8374
12441,3838
12441,6710
12441,7225
12443,2537
12443,8863
12444,2118
12444,9896
12445,6188
12446,7133
12446,8042
12447,4705
12447,5090
12447,5122
12447,5148
12447,6137
12447,7172
12449,3813
12449,7131
12450,6535
12452,10377
12452,10419
12453,1234
12453,4533
12453,5317
12453,5574
12453,7913
12453,7923
12453,8107
12453,8733
12453,8796
12453,9416
12453,10158
12454,12177
12455,882
12455,4753
12455,4894
12456,3011
12456,3647
12460,1932
12460,6563
12465,2517
12466,4753
12466,4826
12466,6188
12466,7257
12466,7271
12466,8536
12466,9199
12466,9375
12466,9515
12466,12143
12466,13701
12468,837
12468,5017
12469,2945
12469,5360
12469,10875
12470,801
12470,1128
12470,2789
12470,3949
12470,5395
12470,5594
12470,7655
12472,1932
12472,3484
12472,6061
12472,6958
12472,7209
12474,6188
12474,8993
12474,9148
12474,12143
12474,13700
12475,3519
12475,7416
12475,7602
12475,7681
12475,9540
12475,10690
12477,1388
12477,2063
12477,2755
12477,3896
12477,4826
12477,6188
12477,6738
12477,7133
12477,9344
12477,12143
12478,2043
12478,3504
12478,3981
12478,5357
12478,7086
12478,7214
12478,12230
12479,1015
12479,1276
12479,1564
12479,9010
12482,7133
12484,2413
12485,5691
12485,5790
12485,8249
12485,8351
12485,10114
12487,800
12487,10100
12487,10228
12487,10641
12490,858
12490,3823
12490,4826
12490,6188
12490,7223
12490,9375
12490,9515
12490,10025
12490,10818
12490,12143
12490,13701
12492,11217
12492,11722
12492,11869
12492,11877
12494,10606
12496,4826
12496,5111
12496,6188
12496,7271
12496,9515
12496,10327
12496,10398
12496,10524
12496,10532
12496,10609
12496,10758
12496,12143
12497,2537
12497,8020
12497,10333
12497,10779
12500,5560
12500,9281
12500,9286
12500,9393
12500,10500
12500,11806
12501,5876
12501,6624
12501,7543
12501,7603
12501,8748
12501,9157
12501,9367
12501,10720
12503,8855
12504,7924
12504,9306
12509,1932
12509,3484
12509,6061
12510,2775
12510,2989
12510,5574
12510,6243
12510,6458
12510,6492
12510,8107
12510,8733
12510,9416
12510,10710
12510,12047
12512,3312
12512,5062
12512,7660
12512,9375
12512,10622
12512,10772
12512,10915
12512,11242
12516,1147
12516,8945
12516,10951
12516,12132
12517,708
12517,1015
12517,2581
12517,4778
12517,5139
12517,9333
12519,9451
12521,5790
12521,10748
12522,2461
12522,9345
12522,10734
12522,11963
12522,12372
12522,12465
12524,2707
12524,8855
12524,9430
12525,8599
12525,10053
12525,10557
12525,10724
12525,10930
12526,2056
12526,7921
12526,8628
12526,9199
12526,9341
12526,9515
12526,9685
12526,10002
12526,10148
12526,12143
12528,3236
12529,9359
12529,9424
12529,9906
12529,10258
12532,10505
12532,11316
12532,12061
12534,4006
12534,4942
12534,5022
12534,5988
12534,6188
12534,6364
12534,8536
12534,9199
12534,9375
12534,9515
12534,10116
12534,10568
12534,10695
12534,10758
12534,10784
12534,11112
12534,11272
12534,12143
12535,1547
12535,2084
12535,4043
12535,5041
12535,5868
12535,6402
12535,9692
12535,10895
12537,4482
12537,9337
12537,9899
12537,10555
12538,10529
12541,3240
12546,1516
12546,2028
12546,3237
12546,6668
12546,6967
12546,7205
12546,7572
12546,8827
12546,10263
12546,10531
12546,11959
12549,2537
12549,10713
12549,11243
12549,11525
12549,12003
12551,1516
12551,7214
12551,10142
12552,5048
12552,6418
12552,7288
12552,8882
12552,9176
12552,9459
12552,9505
12554,9164
12555,7879
12555,8794
12555,9289
12560,3922
12560,10711
12561,2939
12561,8533
12561,9418
12561,10150
12561,10695
12561,10713
12561,11243
12561,11525
12563,4006
12563,6188
12563,7271
12563,8759
12563,9188
12563,9375
12563,10609
12563,10960
12563,11332
12563,12143
12564,11133
12565,10849
12566,6371
12567,6188
12567,8514
12567,9377
12567,10398
12567,10497
12567,11112
12567,11975
12567,12143
12567,12323
12568,404
12568,1015
12568,1276
12568,5139
12568,9056
12569,8585
12571,1433
12571,3990
12571,5691
12571,5790
12571,7888
12571,8074
12571,8249
12571,9570
12571,10140
12571,10169
12571,12430
12572,9717
12573,9234
12573,10561
12574,9664
12575,2995
12575,10797
12575,11281
12575,11322
12576,2080
12576,6188
12576,9375
12576,10889
12576,12143
12577,6326
12581,4418
12581,6589
12582,8068
12582,8560
12583,1346
12583,1433
12583,1752
12583,2124
12583,3537
12583,4857
12583,7173
12583,7888
12583,11133
12583,12612
12584,2524
12584,2536
12584,5268
12587,3125
12593,6188
12593,7271
12593,12143
12594,5962
12594,10602
12594,10750
12597,2080
12597,7558
12598,457
12600,8266
12600,13706
12601,10717
12603,12341
12605,5852
12605,5866
12605,12143
12606,1705
12606,9186
12609,566
12609,5556
12609,7131
12612,1433
12612,2124
12612,2476
12612,3537
12612,7888
12614,2939
12614,3229
12614,5780
12614,6230
12614,7805
12614,9306
12614,9724
12614,9797
12614,11030
12618,2581
12618,9385
12618,9521
12618,9762
12618,10248
12618,10887
12618,11356
12625,1734
12625,2312
12625,5963
12625,6188
12625,9375
12625,10238
12625,10398
12625,10497
12625,10784
12626,9325
12626,10505
12626,10602
12626,11316
12626,12147
12628,1520
12628,6188
12628,7133
12628,8042
12628,9001
12628,11135
12628,12143
12628,12434
12628,12446
12629,1430
12629,4291
12629,5517
12629,8524
12629,11401
12632,10308
12632,10758
12633,1088
12633,1202
12633,3047
12633,4447
12633,4605
12633,8392
12633,8514
12633,9799
12633,11023
12633,11323
12634,5750
12634,5917
12634,6454
12634,8144
12634,8558
12634,9330
12634,9420
12634,10333
12634,10853
12634,11008
12654,1027
12654,4006
12654,6188
12654,7257
12654,8536
12654,8647
12654,9178
12654,9375
12654,9737
12654,9922
12654,10238
12654,10702
12654,10915
12654,12143
12656,1458
12656,4489
12656,9694
12656,11026
12657,3021
12657,6406
12658,6188
12658,13701
12659,1264
12659,4198
12659,4351
12660,9302
12660,10144
12660,12323
12661,1433
12661,1752
12661,2124
12661,3766
12661,5517
12661,7888
12661,10536
12661,11133
12662,5332
12662,8004
12662,9344
12662,10144
12662,10155
12662,10161
12662,10490
12662,10507
12662,10522
12662,10784
12663,9525
12663,11097
12663,12003
12664,1836
12664,8351
12666,7596
12666,10056
12666,10720
12667,3259
12667,6077
12667,8520
12667,9007
12667,10209
12667,10213
12668,1236
12668,9141
12668,11097
12669,4826
12669,6188
12669,7271
12669,10632
12669,10758
12669,11304
12669,13701
12670,3200
12670,6621
12670,11233
12670,13665
12671,2639
12671,10747
12671,11967
12672,8181
12672,9764
12672,10248
12675,4089
12675,11010
12676,9942
12677,10606
12677,12494
12679,3261
12679,8356
12681,9467
12682,4351
12682,4744
12682,5974
12683,4937
12683,5130
12683,9141
12684,4006
12684,4826
12684,5988
12684,6188
12684,7257
12684,7271
12684,8291
12684,8647
12684,8759
12684,9199
12684,9375
12684,9638
12684,9648
12684,9737
12684,10325
12684,10496
12684,10542
12684,10546
12684,10568
12684,10632
12684,10695
12684,10702
12684,13701
12686,5780
12686,5963
12686,6076
12686,9440
12686,10997
12688,2338
12688,3510
12688,3535
12688,5963
12688,8521
12688,9377
12688,9390
12688,10784
12688,12018
12688,12323
12689,7209
12692,8134
12692,11484
12693,11127
12693,12732
12694,11669
12695,5904
12695,6535
12695,8599
12695,9228
12695,10677
12696,2113
12696,6760
12697,9846
12698,5790
12698,8249
12698,8351
12698,8353
12698,9846
12699,10531
12699,12327
12700,5313
12700,9160
12700,10496
12700,11877
12700,11984
12701,6535
12701,7131
12702,2911
12702,7199
12702,7921
12703,5790
12703,9100
12703,9657
12703,10649
12704,5780
12704,6732
12704,7133
12704,8533
12704,9418
12706,6188
12706,7988
12706,9139
12706,9819
12706,10492
12706,10572
12706,10606
12706,12143
12707,826
12707,5939
12708,1386
12708,1430
12709,4322
12709,4826
12709,6188
12709,7988
12709,8200
12709,9375
12709,9762
12709,9799
12709,9819
12709,10491
12709,10492
12709,10965
12709,11061
12711,5635
12713,9431
12713,12359
12714,3506
12714,4474
12714,8611
12715,6188
12715,8514
12715,8521
12715,10671
12716,2537
12716,9413
12716,11226
12717,4198
12717,8017
12717,9328
12718,2537
12719,1046
12719,4671
12719,6358
12719,6673
12719,9767
12719,10758
12720,11693
12721,6153
12721,10572
12721,12327
12725,4351
12725,7171
12725,8042
12725,8533
12725,9302
12725,11987
12725,12434
12726,3990
12726,5397
12726,6852
12726,7888
12726,10527
12726,10920
12726,11419
12728,1430
12728,3925
12728,9684
12728,11887
12729,1430
12730,931
12730,984
12730,8730
12730,10597
12730,11403
12731,5255
12731,6732
12731,8628
12731,9236
12731,10144
12731,10169
12731,10662
12733,471
12733,1236
12733,2904
12733,3062
12733,3643
12733,9141
12733,9525
12733,10150
12735,7133
12735,12446
12736,2382
12736,5227
12736,5748
12736,7195
12736,7305
12736,7645
12736,9367
12736,10325
12736,10730
12738,13610
12739,5345
12741,6188
12741,7185
12741,9375
12741,9428
12741,9737
12741,10550
12741,10784
12742,4142
12742,5954
12742,12143
12743,10677
12743,11360
12744,10789
12745,6188
12745,12143
12746,208
12746,2495
12746,3165
12746,3670
12746,4106
12746,7202
12746,7895
12749,6188
12749,7257
12749,7271
12749,9612
12749,12143
12753,9375
12753,9428
12753,9737
12753,10325
12753,10550
12754,1157
12755,11040
12757,11231
12758,4854
12758,8520
12758,10209
12758,10614
12758,12369
12759,3049
12759,7131
12760,4351
12760,7133
12760,7982
12760,9231
12760,9302
12760,9479
12761,3498
12761,5962
12761,8599
12761,10750
12761,11012
12762,5825
12762,8245
12764,3436
12764,9521
12764,9722
12764,10497
12764,10653
12764,10994
12764,11030
12764,11082
12764,12385
12766,3677
12766,9706
12770,3229
12770,6732
12770,9306
12770,10137
12770,10193
12770,10870
12770,10976
12771,5790
12771,7888
12771,8249
12771,9842
12771,12323
12772,2338
12772,2509
12772,2962
12772,3510
12772,4006
12772,5022
12772,5988
12772,6188
12772,7185
12772,9375
12772,9377
12772,9515
12772,9737
12772,10702
12772,10784
12772,12143
12773,10091
12774,533
12774,4075
12774,5313
12774,6035
12774,6188
12774,7172
12775,2328
12775,4351
12775,5776
12775,5790
12775,7131
12775,9236
12775,9254
12775,9408
12775,10581
12776,10666
12777,4778
12777,5988
12777,7133
12777,8350
12777,9188
12777,9648
12778,2596
12778,5865
12778,9594
12779,2537
12779,4504
12779,9766
12780,1333
12780,2878
12780,7515
12780,8548
12780,9959
12780,10703
12781,438
12781,1475
12781,2726
12781,3073
12781,3838
12781,4388
12781,7225
12781,10687
12781,11001
12782,9342
12783,846
12783,4829
12783,5452
12783,5597
12783,5988
12783,6188
12783,6364
12783,7172
12783,7185
12783,7271
12783,8536
12783,9339
12783,9375
12785,5790
12785,7924
12785,9302
12785,9377
12785,10169
12785,10240
12785,10784
12786,10606
12787,4826
12787,6188
12787,7257
12787,12143
12787,12153
12790,11094
12794,3125
12794,6097
12794,9758
12794,10495
12795,1764
12795,7888
12795,9843
12796,11760
12800,4826
12800,6188
12800,9178
12800,9367
12800,12315
12801,6015
12801,8628
12801,10002
12801,10662
12803,2301
12803,7683
12803,11032
12805,6188
12805,9234
12805,10561
12805,11061
12805,12335
12806,9533
12807,9325
12807,10505
12807,10602
12807,11316
12807,12061
12808,6188
12808,10930
12809,542
12809,1449
12809,3073
12809,5264
12809,5898
12809,6188
12809,10002
12809,10144
12809,10671
12809,10704
12809,10739
12809,11371
12809,12143
12810,6196
12810,9704
12812,10824
12813,1635
12813,4158
12813,6490
12813,8282
12814,6188
12814,12143
12815,2008
12815,4737
12815,5594
12815,9961
12815,10313
12817,5355
12817,5597
12817,9860
12817,11158
12820,11792
12824,10990
12825,6188
12825,7233
12825,7257
12825,7271
12825,9199
12825,9375
12825,9515
12825,9922
12825,10496
12825,10542
12825,10702
12825,10757
12827,2357
12827,4351
12827,5963
12828,10248
12829,2939
12829,6041
12829,8533
12829,10144
12829,10169
12829,10193
12829,10662
12829,10870
12829,11079
12830,837
12830,5413
12830,9565
12832,910
12832,4621
12832,4623
12832,9858
12834,4082
12835,4172
12835,6093
12836,1230
12836,2088
12836,7261
12836,10561
12836,10607
12837,1153
12837,1358
12837,3745
12837,5037
12837,7515
12837,8578
12837,8743
12837,9343
12837,9936
12838,2909
12838,7133
12838,7947
12838,8818
12839,9413
12840,5467
12844,4351
12844,5691
12844,5790
12844,9302
12844,10497
12844,10626
12846,4826
12846,5988
12846,6188
12846,7271
12846,9515
12846,12466
12847,5413
12847,9565
12849,8896
12850,2566
12850,7240
12850,10527
12850,11419
12850,11869
12850,12143
12851,9236
12851,9319
12851,10662
12851,12004
12851,12415
12853,1031
12853,1900
12853,3696
12853,4351
12853,9302
12855,1376
12855,1401
12855,3404
12855,3664
12855,7180
12856,8968
12857,1386
12857,4623
12857,4804
12857,7130
12859,1654
12859,6512
12859,8519
12859,8675
12860,2596
12860,6422
12860,8279
12861,1309
12861,3602
12862,9823
12862,10962
12863,2714
12863,4890
12863,9800
12864,8061
12866,11357
12867,6106
12867,6230
12867,6732
12867,7500
12867,8628
12867,9236
12867,9751
12867,10144
12867,10976
12867,11030
12867,11051
12868,10936
12870,3766
12870,5790
12870,8249
12870,8260
12870,8294
12870,8927
12870,9749
12870,9806
12870,10154
12871,5122
12871,7131
12873,2416
12873,4351
12873,7133
12873,9001
12873,9302
12873,10656
12873,12446
12874,1153
12874,1564
12874,1884
12874,2119
12874,6233
12874,7906
12874,8994
12874,9546
12874,9776
12874,10588
12874,11990
12875,9217
12875,9341
12875,9776
12875,10790
12875,10956
12875,12330
12876,2129
12877,11114
12877,11299
12879,4942
12879,6188
12880,7133
12880,9615
12880,10595
12880,11153
12880,11340
12881,11312
12882,4937
12884,2373
12884,2951
12884,3259
12884,6077
12884,7056
12884,8520
12884,10209
12887,2586
12887,6188
12887,7279
12887,9375
12887,9737
12887,9883
12887,10609
12887,10702
12887,10915
12888,1632
12888,2348
12888,6732
12888,10122
12888,10248
12888,10757
12888,11205
12888,11338
12890,4006
12890,6188
12890,7257
12890,7271
12890,7965
12890,9373
12890,12353
12891,5255
12891,10169
12891,11222
12892,7131
12892,9281
12893,3074
12893,4534
12893,4789
12893,6937
12893,6997
12893,7244
12893,7655
12895,10622
12895,10772
12895,11242
12896,5322
12896,6188
12896,7262
12896,8536
12896,10237
12896,10855
12896,12143
12897,10972
12898,3404
12898,4439
12898,5224
12898,6076
12898,7239
12900,7131
12901,846
12902,6188
12902,6621
12902,9359
12902,9444
12902,9775
12902,12292
12905,3887
12905,4853
12905,6220
12905,9604
12905,10622
12905,10702
12905,10772
12905,11223
12906,6188
12909,2465
12909,5780
12909,5829
12909,10248
12910,1734
12910,1835
12910,2581
12910,6732
12910,10805
12910,10955
12910,11073
12911,7965
12911,8017
12911,9795
12911,10018
12911,10837
12912,418
12912,5828
12912,10935
12913,10718
12913,11014
12914,4240
12914,4340
12914,8733
12916,9791
12917,853
12917,2926
12917,5877
12917,7726
12917,8803
12917,8940
12917,9188
12917,9922
12917,10805
12917,11534
12920,7131
12920,10611
12921,10144
12921,10155
12921,10169
12921,10398
12921,10599
12921,10662
12921,11145
12921,11323
12921,12323
12922,1531
12922,3471
12922,5238
12923,6096
12924,1752
12924,7131
12924,9533
12924,10119
12924,11761
12927,5111
12927,6188
12927,7131
12927,7347
12927,8787
12927,9762
12927,11115
12927,12143
12928,9675
12930,6535
12930,11982
12931,2726
12931,3504
12931,5409
12931,6188
12931,6452
12931,6696
12931,8305
12931,8514
12931,9685
12932,826
12932,5452
12932,9339
12932,10665
12934,1734
12934,1952
12934,3678
12934,3880
12934,4332
12934,10507
12935,4351
12935,10213
12936,1562
12937,1540
12937,5322
12937,6855
12937,7262
12937,12300
12938,2537
12938,3125
12938,8789
12938,9567
12938,9758
12938,9927
12938,10500
12938,11521
12939,4226
12939,5238
12939,6280
12941,3229
12941,7133
12941,8533
12941,9236
12941,9306
12941,9724
12941,10002
12941,10169
12941,11030
12942,4145
12942,4824
12942,10607
12943,11309
12944,11106
12945,2338
12945,3077
12945,4351
12945,7254
12945,8141
12945,9377
12945,10614
12945,10748
12945,11880
12946,11265
12947,545
12947,1359
12947,1683
12947,7500
12947,8628
12947,10144
12947,10527
12947,10662
12948,3980
12948,5282
12948,5343
12948,8200
12948,9751
12948,10144
12948,10169
12948,10599
12948,10662
12948,12004
12948,12484
12949,6095
12952,2080
12952,6289
12952,6387
12954,2881
12954,4291
12955,8533
12955,10193
12955,10952
12955,11082
12957,6188
12957,6624
12957,9367
12957,10542
12957,10720
12958,6188
12958,8632
12958,12143
12959,8168
12959,10531
12960,8988
12960,10201
12960,11132
12961,7924
12961,11414
12961,11873
12962,10169
12962,10662
12962,11414
12965,9628
12967,10934
12968,4049
12968,7218
12968,8973
12968,10127
12968,12179
12970,2861
12970,4368
12972,9766
12972,10580
12973,10662
12974,4826
12974,6188
12974,7257
12974,10609
12974,12143
12977,3909
12978,9633
12978,10800
12978,10999
12979,10606
12979,11766
12980,2787
12980,7131
12981,11924
12983,5643
12983,6148
12983,8324
12983,8827
12983,9228
12983,9365
12983,9385
12983,10531
12983,10876
12983,11106
12984,10629
12984,10837
12984,11409
12984,12068
12988,3772
12988,6483
12988,11070
12990,6958
12990,11751
12991,6188
12991,8533
12992,6492
12992,8134
12992,10737
12994,2049
12995,2301
12995,7269
12995,9585
12995,10789
12996,4142
12996,11310
12997,8108
12997,9546
12998,5610
12998,7357
12998,7494
12999,3936
12999,5393
13000,6016
13002,2973
13003,5282
13003,10144
13003,11145
13004,1520
13004,5691
13004,9302
13004,10144
13004,10662
13004,11145
13004,12484
13006,3858
13007,2189
13009,1889
13009,4293
13009,5341
13009,7943
13010,1181
13010,1200
13010,2301
13010,3823
13010,3838
13010,6188
13010,7269
13010,7271
13010,9442
13010,10028
13010,10237
13010,10289
13010,10488
13010,13701
13011,1264
13011,1900
13011,2585
13011,3751
13011,4351
13011,4854
13011,7133
13011,8214
13011,9302
13011,12446
13058,5159
13060,7874
13060,11132
13060,11149
13061,4039
13061,5204
13061,5849
13061,9314
13061,10160
13062,10128
13062,10695
13062,11831
13062,11906
13062,12013
13062,12029
13062,12209
13062,12637
13064,8743
13065,3200
13065,6400
13065,7239
13065,8404
13065,10048
13065,10139
13068,5713
13068,11036
13069,5313
13069,6188
13069,8647
13069,11419
13069,12143
13070,431
13070,4075
13070,9384
13071,6421
13071,6732
13071,10128
13071,10819
13071,12143
13071,12770
13072,20
13072,10251
13074,5935
13074,6230
13074,6732
13074,9306
13074,10248
13075,9762
13075,10325
13075,10398
13075,10805
13075,11875
13075,11906
13075,12029
13077,545
13077,7500
13077,8628
13077,8765
13077,9236
13077,10002
13077,10144
13078,2248
13078,3809
13078,10461
13078,10829
13078,12344
13079,1190
13079,6621
13079,11354
13080,6732
13080,7133
13080,10119
13080,10144
13080,10169
13080,10212
13080,12013
13080,12370
13080,12415
13080,13082
13082,834
13082,8628
13082,9302
13082,10119
13082,10155
13082,10212
13082,11323
13082,12013
13082,12370
13082,12415
13084,2932
13084,4006
13084,4826
13084,6188
13084,6621
13084,7257
13084,7271
13084,8647
13084,9112
13084,9178
13084,9375
13084,9762
13084,12143
13084,13701
13086,4173
13086,7266
13086,8318
13087,1606
13087,2324
13087,2411
13087,2471
13087,3823
13087,5540
13087,6462
13087,7215
13087,8258
13087,8640
13087,11354
13087,11378
13087,11866
13088,834
13088,1752
13088,5128
13088,7257
13088,9302
13088,9375
13088,10398
13088,10997
13088,12143
13088,12323
13089,950
13089,1264
13089,2495
13089,3689
13089,4332
13089,4351
13089,4802
13089,5861
13089,6206
13089,8520
13089,10228
13091,6621
13091,11354
13092,1683
13092,10137
13092,10144
13092,10655
13092,12274
13092,12770
13093,2750
13093,10870
13094,2418
13094,2693
13094,4940
13094,5988
13094,6188
13094,7157
13094,8995
13094,10632
13094,10717
13094,12301
13095,2348
13095,5790
13095,8249
13095,11095
13095,12308
13096,1310
13096,7921
13096,7934
13096,8318
13096,8945
13098,11401
13102,12401
13104,11051
13104,11121
13104,12231
13105,6188
13105,8538
13105,9847
13105,11902
13105,12143
13106,2328
13106,2581
13106,4287
13106,5282
13106,7248
13106,10144
13106,10654
13106,11012
13106,11145
13106,12630
13107,1632
13107,6732
13108,4826
13108,6188
13108,7271
13108,9515
13108,10198
13108,12143
13110,3689
13110,5238
13110,7161
13110,7304
13110,10641
13111,7133
13111,7173
13111,10748
13111,10825
13111,11133
13111,11644
13111,11910
13112,10693
13112,10955
13112,11280
13113,1272
13113,2312
13113,8533
13113,9328
13116,2338
13116,2939
13116,3510
13116,5780
13116,6958
13116,7133
13116,7209
13116,7924
13116,8654
13116,9351
13116,9377
13116,9724
13116,10119
13116,10240
13116,10549
13116,10784
13119,5255
13119,5282
13119,8628
13119,10169
13119,10599
13119,11323
13121,1227
13121,6732
13121,8628
13121,9236
13121,10144
13121,10653
13121,11145
13121,11280
13121,12274
13121,12415
13122,4351
13122,7191
13122,8078
13122,9001
13122,9302
13122,10212
13122,10398
13122,11153
13123,1520
13123,1822
13123,4172
13123,5767
13123,6093
13123,8249
13123,9489
13123,11010
13123,11070
13123,12143
13123,12795
13123,12835
13124,549
13124,2627
13124,6188
13124,6598
13124,7271
13124,9762
13124,10289
13124,12143
13130,8061
13131,1376
13131,1401
13131,4783
13131,5161
13131,5239
13131,5247
13131,5265
13131,11009
13131,12143
13132,2476
13132,4857
13132,5790
13136,1531
13136,6025
13136,11596
13136,12356
13137,1632
13137,3756
13137,6732
13139,2390
13139,6188
13139,10325
13139,12143
13140,10098
13141,1769
13141,3472
13145,6738
13145,7133
13145,8042
13145,9001
13145,9302
13145,11135
13147,10162
13148,1758
13148,2714
13148,3159
13148,11082
13149,4664
13149,6188
13149,7271
13149,12143
13152,11141
13153,3870
13153,4984
13153,6243
13153,9677
13153,10874
13154,4197
13154,4340
13154,4351
13154,12659
13155,12079
13160,3936
13160,5794
13160,8214
13160,10931
13165,7874
13165,9847
13165,10173
13165,11153
13165,11275
13165,11920
13170,2355
13170,5022
13170,5227
13170,7185
13170,7886
13170,9220
13170,11241
13171,5128
13171,8271
13171,10830
13171,10860
13171,11024
13171,12415
13172,1250
13172,4188
13172,5282
13172,7274
13172,7921
13172,8295
13172,8839
13172,9789
13172,10193
13173,3167
13173,5775
13173,10170
13173,11161
13178,1460
13178,4829
13178,6188
13178,6364
13179,4043
13180,4954
13182,1531
13182,11087
13186,6958
13186,7131
13188,1110
13188,3321
13188,5937
13188,5959
13188,6219
13188,6315
13188,6329
13190,4826
13190,10784
13199,2307
13199,3609
13203,10475
13204,3609
13204,3657
13204,4416
13205,12638
13205,12823
13208,3333
13208,6028
13208,6478
13208,9657
13208,10649
13208,11223
13212,12269
13213,3498
13213,9957
13213,11812
13216,5259
13216,8690
13217,4826
13217,5599
13217,12143
13226,5255
13226,6188
13226,10704
13230,3846
13230,11436
13231,12638
13233,3692
13233,4164
13233,5790
13233,7193
13233,7200
13233,7979
13233,8060
13233,9368
13233,9430
13233,10123
13233,11003
13233,11240
13234,8963
13235,630
13237,7131
13238,6096
13238,7879
13239,11640
13241,3229
13241,5495
13241,6230
13241,11172
13242,11269
13243,4803
13245,278
13245,7072
13245,7874
13245,10204
13248,1383
13248,2612
13248,4332
13249,2554
13249,5937
13249,5959
13249,6315
13254,10424
13254,11538
13258,12872
13259,5439
13259,11401
13261,5176
13262,3609
13262,3643
13264,6188
13264,9385
13264,12143
13265,8726
13265,8787
13265,12016
13266,11312
13268,10475
13269,9070
13269,10281
13270,5037
13270,6315
13282,7131
13282,11360
13282,11796
13284,3259
13284,4327
13284,4351
13284,6077
13284,8520
13284,8765
13284,10209
13284,10213
13287,6188
13287,6220
13289,2119
13289,2911
13289,3640
13289,5037
13289,6029
13290,3651
13290,7131
13290,9533
13290,11132
13290,11149
13290,11410
13290,12410
13291,6887
13291,7131
13292,5037
13293,10531
13294,540
13294,4307
13294,4364
13294,7567
13294,7681
13294,8665
13297,5111
13297,9535
13299,7261
13299,10789
13300,6188
13300,6996
13300,8514
13300,8536
13300,9281
13300,9375
13300,12143
13300,12330
13301,858
13301,3949
13301,5395
13301,6712
13301,7217
13301,7655
13301,10691
13302,2786
13309,9615
13309,10827
13309,11555
13310,9121
13311,6958
13315,7133
13315,7953
13315,8900
13317,10132
13318,4231
13321,804
13321,2465
13321,4006
13321,9375
13321,9883
13321,10932
13323,1982
13325,4826
13325,6188
13325,7271
13325,9515
13325,12143
13325,13701
13326,7131
13326,7133
13326,10558
13327,931
13327,9376
13328,5849
13328,10173
13328,10806
13330,11633
13332,11640
13334,834
13334,2476
13334,10140
13334,11079
13335,9727
13336,8664
13336,9648
13336,10805
13336,11534
13336,12244
13336,12917
13340,3838
13340,11282
13340,13540
13341,2939
13341,5988
13341,6188
13341,7924
13341,8042
13341,9375
13341,11347
13341,11414
13341,11873
13341,12143
13341,12391
13341,12961
13342,9376
13342,10335
13343,12693
13343,12732
13344,542
13344,3206
13344,6188
13344,7934
13344,9547
13344,9548
13344,10739
13344,10984
13344,12301
13345,8514
13345,10686
13345,10956
13346,6371
13347,8249
13347,10114
13347,10154
13347,11149
13353,1822
13353,8249
13353,12835
13353,13123
13357,10749
13357,11312
13358,3436
13363,5691
13363,5790
13363,8249
13363,10154
13365,11873
13365,12731
13366,2964
13366,8164
13366,11401
13367,4099
13367,4940
13367,5885
13367,6188
13367,7157
13367,7271
13367,10739
13367,10955
13367,11076
13367,11371
13367,12143
13367,12301
13367,12910
13368,9158
13368,11272
13368,12534
13369,10742
13369,11496
13370,989
13370,3229
13370,5239
13370,5790
13370,6230
13370,7888
13370,9724
13370,10830
13370,11095
13371,5574
13371,6458
13371,7913
13371,7923
13371,8044
13371,9416
13371,9494
13371,11067
13371,12510
13375,5227
13375,6732
13375,10656
13375,11024
13379,12499
13380,10931
13579,711
13579,13635
13580,163
13580,13656
13581,13641
13581,13647
13581,13656
13581,13663
13611,5185
13614,13581
13614,13656
13614,13714
13616,2187
13618,2440
13619,3572
13622,1464
13622,2739
13622,3488
13622,6193
13622,11493
13624,2467
13624,13672
13625,6114
13628,1684
13628,3473
13628,4761
13628,5505
13643,1801
13643,13646
13643,13652
13643,13653
13643,13667
13643,13671
13643,13678
13645,1699
13645,5657
13645,6322
13645,7553
13646,13643
13646,13650
13646,13653
13646,13655
13646,13667
13646,13681
13647,96
13647,163
13647,169
13647,13581
13647,13600
13647,13714
13648,6030
13649,3404
13650,13643
13650,13653
13650,13655
13650,13667
13651,3755
13651,13643
13652,3755
13652,13643
13653,13643
13654,1388
13654,4778
13654,13643
13655,13643
13656,96
13656,13614
13656,13723
13660,704
13663,13581
13664,2038
13664,2200
13664,3029
13665,1190
13665,2346
13665,2368
13665,3200
13665,5540
13665,5886
13665,7204
13667,6008
13667,13643
13671,3755
13674,5849
13676,538
13676,1965
13676,7684
13676,12213
13677,5128
13677,5255
13678,13643
13679,3755
13679,7133
13679,13643
13680,4103
13680,4701
13680,5503
13680,5866
13680,7318
13682,970
13682,2861
13688,221
13690,5022
13693,1153
13693,1367
13693,2059
13693,2070
13693,2586
13693,5308
13693,7328
13693,7699
13695,4581
13697,2692
13699,1654
13699,2435
13699,2841
13699,3766
13699,4263
13699,7061
13701,3406
13701,3823
13701,5037
13701,6188
13701,7271
13701,12143
13702,2586
13702,7252
13703,221
13703,1069
13703,4641
13704,542
13704,5130
13704,5370
13704,5898
13706,3122
13707,846
13707,1106
13707,1516
13707,2667
13707,5452
13707,6149
13710,1220
13710,1705
13710,6997
13710,8723
13710,12236
13713,1827
13713,2872
13714,163
13714,13580
13714,13599
13714,13600
13714,13606
13714,13607
13714,13612
13714,13614
13714,13641
13714,13647
13714,13656
13714,13660
13714,13663
13714,13695
13714,13712
13714,13713
13714,13722
13714,13723
13719,2625
13719,6289
13722,1856
13722,4418
13722,5578
13723,96
13723,13714
13724,208
13724,620
13725,13629
