0,0
0,1
0,2
0,3
1,4
1,5
1,6
1,7
1,8
2,9
2,10
2,11
2,12
2,13
3,1
3,14
3,15
3,16
3,17
4,18
4,19
4,20
4,21
4,22
5,23
5,24
5,25
5,26
5,27
6,9
6,28
6,29
6,30
6,31
7,32
7,33
7,34
7,35
7,36
8,15
8,37
8,38
8,39
8,40
9,3
9,41
9,42
9,43
9,44
10,45
10,46
10,47
10,48
10,49
11,23
11,50
11,51
11,52
11,53
12,17
12,23
12,54
12,55
12,56
13,1
13,3
13,13
13,23
13,57
14,13
14,58
14,59
14,60
14,61
15,39
15,62
15,63
15,64
15,65
16,3
16,66
16,67
16,68
16,69
17,10
17,12
17,44
17,70
17,71
18,72
18,73
18,74
18,75
18,76
19,1
19,13
19,50
19,51
19,77
20,5
20,78
20,79
20,80
20,81
21,23
21,41
21,42
21,82
21,83
22,51
22,58
22,84
22,85
22,86
23,87
23,88
23,89
23,90
23,91
24,23
24,27
24,92
24,93
24,94
25,10
25,13
25,70
25,95
25,96
26,97
26,98
26,99
26,100
26,101
27,23
27,26
27,27
27,102
27,103
28,10
28,42
28,104
28,105
28,106
29,3
29,13
29,107
30,108
30,109
30,110
30,111
30,112
31,113
31,114
31,115
31,116
31,117
32,118
32,119
32,120
32,121
32,122
33,48
33,109
33,123
33,124
33,125
34,9
34,10
34,126
34,127
34,128
35,129
35,130
35,131
35,132
35,133
36,1
36,13
36,42
36,82
36,134
37,1
37,3
37,13
37,135
37,136
38,0
38,137
38,138
38,139
38,140
39,50
39,66
39,69
39,141
39,142
40,1
40,143
40,144
40,145
40,146
41,12
41,15
41,37
41,147
41,148
42,149
42,150
42,151
42,152
42,153
43,12
43,13
43,107
43,154
43,155
44,1
44,156
44,157
44,158
44,159
45,13
45,14
45,69
45,135
45,160
46,0
46,161
46,162
46,163
46,164
47,1
47,165
47,166
47,167
47,168
48,3
48,169
48,170
48,171
48,172
49,69
49,77
49,173
49,174
49,175
50,9
50,83
50,176
50,177
50,178
51,23
51,55
51,179
51,180
51,181
52,182
52,183
52,184
52,185
52,186
53,187
53,188
53,189
53,190
53,191
54,15
54,29
54,192
54,193
54,194
55,195
55,196
55,197
55,198
55,199
56,1
56,3
56,200
56,201
56,202
57,3
57,13
57,107
57,125
58,12
58,30
58,105
58,203
58,204
59,13
59,51
59,69
59,191
59,205
60,185
60,206
60,207
60,208
60,209
61,1
61,3
61,69
61,140
61,210
62,14
62,135
62,142
62,211
62,212
63,213
63,214
63,215
63,216
63,217
64,1
64,13
64,218
64,219
64,220
65,23
65,92
65,221
65,222
65,223
66,0
66,23
66,54
66,224
66,225
67,23
67,24
67,26
67,41
67,94
68,3
68,13
68,107
68,226
69,23
69,54
69,70
69,227
69,228
70,109
70,229
70,230
70,231
70,232
71,1
71,3
71,13
71,147
71,233
72,61
72,234
72,235
72,236
72,237
73,69
73,238
73,239
73,240
73,241
74,3
74,13
74,133
74,242
74,243
75,212
75,222
75,244
75,245
75,246
76,15
76,69
76,77
76,136
76,156
77,1
77,3
77,13
77,62
77,247
78,58
78,126
78,248
78,249
78,250
79,55
79,251
79,252
79,253
79,254
80,17
80,255
80,256
80,257
80,258
81,12
81,259
81,260
81,261
81,262
82,9
82,263
82,264
82,265
82,266
83,1
83,3
83,267
83,268
83,269
84,88
84,89
84,121
84,270
84,271
85,13
85,272
85,273
85,274
85,275
86,191
86,276
86,277
86,278
86,279
87,280
87,281
87,282
87,283
87,284
88,3
88,285
88,286
89,105
89,287
89,288
89,289
89,290
90,1
90,23
90,83
90,291
90,292
91,1
91,3
91,293
91,294
91,295
92,3
92,13
92,14
92,86
92,142
93,1
93,13
93,120
93,296
93,297
94,69
94,93
94,239
94,298
94,299
95,86
95,130
95,300
95,301
95,302
96,0
96,73
96,303
96,304
96,305
97,23
97,94
97,306
97,307
97,308
98,309
98,310
98,311
98,312
98,313
99,12
99,55
99,314
99,315
99,316
100,9
100,10
100,55
100,70
100,123
101,317
101,318
101,319
101,320
101,321
102,14
102,69
102,136
102,191
102,322
103,3
103,13
103,323
103,324
103,325
104,105
104,326
104,327
104,328
104,329
105,1
105,13
105,288
105,330
105,331
106,14
106,69
106,191
106,321
106,332
107,83
107,135
107,321
107,333
107,334
108,1
108,3
108,13
108,107
108,335
109,1
109,57
109,336
109,337
109,338
110,194
110,339
110,340
110,341
110,342
111,1
111,51
111,77
111,343
111,344
112,160
112,345
112,346
112,347
112,348
113,23
113,46
113,102
113,228
113,349
114,192
114,350
114,351
114,352
114,353
115,13
115,44
115,269
115,354
115,355
116,1
116,3
116,42
116,104
116,133
117,3
117,13
117,200
117,356
117,357
118,3
118,13
118,107
118,358
118,359
119,44
119,125
119,360
119,361
119,362
120,23
120,26
120,27
120,92
120,102
121,1
121,363
121,364
121,365
121,366
122,51
122,228
122,367
122,368
122,369
123,1
123,3
123,57
123,136
123,370
124,3
124,371
124,372
124,373
124,374
125,9
125,177
125,317
125,375
125,376
126,9
126,13
126,77
126,131
126,133
127,1
127,13
127,105
127,203
127,377
128,12
128,83
128,223
128,378
128,379
129,380
129,381
129,382
129,383
129,384
130,1
130,133
130,330
130,346
130,385
131,10
131,159
131,386
131,387
131,388
132,91
132,142
132,389
132,390
132,391
133,23
133,94
133,348
133,392
133,393
134,3
134,295
134,394
134,395
134,396
135,46
135,78
135,81
135,397
135,398
136,23
136,162
136,163
136,212
136,399
137,54
137,55
137,123
137,400
137,401
138,0
138,58
138,228
138,402
138,403
139,15
139,42
139,82
139,104
139,124
140,51
140,132
140,133
140,193
140,404
141,11
141,23
141,354
141,405
141,406
142,1
142,83
142,160
142,407
142,408
143,10
143,287
143,409
143,410
143,411
144,15
144,233
144,299
144,412
144,413
145,48
145,254
145,414
145,415
145,416
146,70
146,313
146,417
146,418
146,419
147,1
147,13
147,15
147,83
147,420
148,82
148,233
148,421
148,422
148,423
149,32
149,37
149,291
149,424
149,425
150,1
150,146
150,425
150,426
150,427
151,54
151,145
151,288
151,414
151,428
152,77
152,131
152,132
152,160
152,429
153,32
153,145
153,240
153,428
153,430
154,431
154,432
154,433
154,434
154,435
155,13
155,51
155,317
155,436
155,437
156,77
156,438
156,439
156,440
156,441
157,17
157,66
157,442
157,443
157,444
158,1
158,140
158,237
158,445
158,446
159,10
159,55
159,70
159,261
159,447
160,14
160,135
160,142
160,159
160,448
161,133
161,163
161,321
161,449
161,450
162,1
162,13
162,159
162,451
162,452
163,453
163,454
163,455
163,456
163,457
164,9
164,132
164,228
164,375
164,458
165,13
165,44
165,223
165,233
165,459
166,1
166,83
166,455
166,460
166,461
167,32
167,86
167,291
167,462
167,463
168,1
168,13
168,15
168,464
168,465
169,77
169,136
169,466
169,467
169,468
170,469
170,470
170,471
170,472
170,473
171,192
171,351
171,474
171,475
171,476
172,109
172,110
172,229
172,477
172,478
173,50
173,378
173,479
173,480
173,481
174,482
174,483
174,484
174,485
174,486
175,1
175,13
175,433
175,487
175,488
176,10
176,70
176,204
176,227
176,433
177,32
177,42
177,106
177,288
177,489
178,426
178,490
178,491
178,492
178,493
179,13
179,14
179,135
179,160
179,194
180,64
180,198
180,233
180,389
180,494
181,1
181,12
181,15
181,495
181,496
182,497
182,498
182,499
182,500
182,501
183,1
183,3
183,13
183,48
183,502
184,10
184,351
184,503
184,504
184,505
185,8
185,14
185,23
185,135
185,233
186,14
186,212
186,237
186,290
186,506
187,1
187,13
187,103
187,123
187,227
188,1
188,3
188,13
188,507
188,508
189,1
189,3
189,121
189,509
189,510
190,54
190,69
190,223
190,511
190,512
191,276
191,510
191,513
191,514
191,515
192,261
192,337
192,436
192,516
192,517
193,3
193,13
193,518
193,519
193,520
194,3
194,44
194,107
194,133
195,10
195,233
195,501
195,521
195,522
196,23
196,69
196,136
196,523
196,524
197,13
197,435
197,452
197,525
197,526
198,314
198,527
198,528
198,529
198,530
199,531
199,532
199,533
199,534
199,535
200,3
200,13
200,44
200,107
200,536
201,5
201,406
201,537
201,538
201,539
202,136
202,540
202,541
202,542
202,543
203,544
203,545
203,546
203,547
203,548
204,23
204,83
204,179
204,299
204,549
205,50
205,51
205,69
205,86
205,550
206,96
206,103
206,551
206,552
206,553
207,1
207,3
207,554
207,555
207,556
208,93
208,312
208,557
208,558
208,559
209,1
209,3
209,13
209,107
209,560
210,1
210,13
210,69
210,271
210,561
211,23
211,228
211,239
211,562
211,563
212,54
212,219
212,482
212,564
212,565
213,23
213,191
213,501
213,566
213,567
214,1
214,12
214,13
214,105
214,568
215,69
215,86
215,324
215,436
215,569
216,78
216,81
216,132
216,570
216,571
217,55
217,343
217,572
217,573
217,574
218,13
218,575
218,576
218,577
218,578
219,32
219,44
219,317
219,393
219,579
220,23
220,580
220,581
220,582
220,583
221,23
221,366
221,393
221,584
221,585
222,23
222,24
222,26
222,27
222,586
223,128
223,587
223,588
223,589
223,590
224,13
224,23
224,194
224,450
224,591
225,132
225,287
225,459
225,592
225,593
226,314
226,447
226,594
226,595
226,596
227,3
227,81
227,156
227,301
227,357
228,50
228,51
228,597
228,598
228,599
229,23
229,27
229,55
229,600
229,601
230,126
230,602
230,603
230,604
230,605
231,170
231,606
231,607
231,608
231,609
232,12
232,23
232,44
232,610
232,611
233,51
233,52
233,142
233,191
233,612
234,0
234,607
234,613
234,614
234,615
235,32
235,37
235,145
235,389
235,616
236,3
236,13
236,107
236,617
237,1
237,13
237,568
237,611
237,618
238,1
238,42
238,83
238,291
238,619
239,620
239,621
239,622
239,623
239,624
240,625
240,626
240,627
240,628
240,629
241,3
241,13
241,107
241,233
241,630
242,71
242,244
242,631
242,632
242,633
243,23
243,258
243,494
243,565
243,634
244,1
244,12
244,13
244,107
244,635
245,23
245,27
245,636
245,637
245,638
246,348
246,639
246,640
246,641
246,642
247,3
247,14
247,69
247,191
247,561
248,1
248,3
248,44
248,299
248,643
249,23
249,233
249,330
249,527
249,644
250,1
250,9
250,13
250,645
250,646
251,554
251,559
251,647
251,648
251,649
252,23
252,344
252,644
252,650
252,651
253,1
253,3
253,13
253,348
253,508
254,1
254,13
254,233
254,245
254,652
255,106
255,126
255,635
255,653
255,654
256,1
256,3
256,13
256,317
256,655
257,414
257,656
257,657
257,658
257,659
258,348
258,660
258,661
258,662
258,663
259,23
259,26
259,27
259,179
259,389
260,5
260,133
260,321
260,664
260,665
261,32
261,61
261,124
261,666
261,667
262,5
262,533
262,597
262,668
262,669
263,13
263,96
263,219
263,670
263,671
264,295
264,497
264,672
264,673
264,674
265,265
265,337
265,436
265,655
265,675
266,676
266,677
266,678
266,679
266,680
267,69
267,239
267,266
267,369
267,681
268,3
268,13
268,14
268,360
268,682
269,176
269,301
269,375
269,683
269,684
270,130
270,399
270,685
270,686
270,687
271,155
271,688
271,689
271,690
271,691
272,1
272,3
272,15
272,461
272,563
273,23
273,228
273,446
273,692
273,693
274,1
274,3
274,321
274,378
274,510
275,123
275,246
275,459
275,694
275,695
276,23
276,26
276,27
276,41
276,102
277,1
277,3
277,696
277,697
277,698
278,26
278,27
278,94
278,699
278,700
279,3
279,13
279,384
279,489
279,701
280,50
280,51
280,412
280,702
280,703
281,10
281,13
281,295
281,704
281,705
282,1
282,3
282,5
282,133
282,706
283,14
283,51
283,191
283,682
283,707
284,17
284,212
284,399
284,708
284,709
285,1
285,10
285,13
285,326
285,635
286,1
286,23
286,94
286,140
286,710
287,33
287,200
287,286
287,711
287,712
288,1
288,10
288,13
288,337
288,713
289,9
289,266
289,326
289,635
289,714
290,33
290,396
290,715
290,716
290,717
291,12
291,83
291,299
291,317
291,446
292,133
292,300
292,301
292,445
292,718
293,719
293,720
293,721
293,722
293,723
294,13
294,59
294,73
294,724
294,725
295,1
295,5
295,133
295,726
295,727
296,1
296,32
296,44
296,145
296,728
297,287
297,577
297,729
297,730
297,731
298,1
298,3
298,461
298,555
298,732
299,23
299,26
299,27
299,93
299,554
300,13
300,97
300,420
300,433
300,733
301,1
301,159
301,408
301,538
301,734
302,123
302,227
302,364
302,403
302,447
303,106
303,126
303,635
303,735
303,736
304,10
304,264
304,690
304,737
304,738
305,1
305,3
305,13
305,107
305,739
306,1
306,23
306,192
306,654
306,740
307,382
307,741
307,742
307,743
307,744
308,745
308,746
308,747
308,748
308,749
309,3
309,750
309,751
309,752
309,753
310,381
310,382
310,742
310,744
310,754
311,145
311,632
311,755
311,756
311,757
312,15
312,105
312,126
312,266
312,389
313,3
313,69
313,758
313,759
313,760
314,23
314,27
314,92
314,102
314,180
315,64
315,264
315,433
315,511
315,761
316,19
316,21
316,317
316,762
316,763
317,337
317,764
317,765
317,766
317,767
318,1
318,10
318,13
318,768
318,769
319,8
319,52
319,86
319,136
319,191
320,13
320,14
320,489
320,770
320,771
321,433
321,436
321,772
321,773
321,774
322,1
322,14
322,142
322,156
322,280
323,83
323,223
323,376
323,383
323,775
324,1
324,3
324,23
324,776
325,561
325,777
325,778
325,779
325,780
326,1
326,11
326,13
326,15
326,781
327,317
327,655
327,782
327,783
327,784
328,23
328,27
328,290
328,652
328,785
329,3
329,13
329,162
329,550
329,786
330,787
330,788
330,789
330,790
330,791
331,44
331,86
331,311
331,313
331,743
332,32
332,69
332,523
332,792
332,793
333,77
333,160
333,300
333,693
333,794
334,337
334,389
334,437
334,675
334,795
335,3
335,10
335,13
335,44
335,107
336,1
336,13
336,288
336,611
336,796
337,3
337,44
337,107
337,797
337,798
338,233
338,462
338,799
338,800
338,801
339,9
339,802
339,803
339,804
339,805
340,806
340,807
340,808
340,809
340,810
341,12
341,13
341,126
341,299
341,811
342,142
342,234
342,235
342,554
342,812
343,264
343,303
343,639
343,690
343,813
344,1
344,3
344,13
344,86
344,360
345,814
345,815
345,816
345,817
345,818
346,819
346,820
346,821
346,822
346,823
347,5
347,191
347,507
347,824
347,825
348,15
348,86
348,311
348,455
348,689
349,3
349,44
349,107
350,1
350,3
350,12
350,13
350,202
351,266
351,326
351,401
351,563
351,826
352,1
352,389
352,827
352,828
352,829
353,17
353,257
353,442
353,830
353,831
354,44
354,832
354,833
354,834
354,835
355,1
355,13
355,23
355,836
355,837
356,12
356,379
356,568
356,675
356,838
357,72
357,839
357,840
357,841
357,842
358,27
358,67
358,93
358,209
358,831
359,142
359,843
359,844
359,845
359,846
360,32
360,245
360,847
360,848
360,849
361,23
361,24
361,26
361,27
361,41
362,13
362,223
362,503
362,850
362,851
363,23
363,93
363,255
363,554
363,852
364,1
364,32
364,145
364,298
364,442
365,1
365,86
365,93
365,133
365,853
366,23
366,41
366,82
366,854
366,855
367,227
367,264
367,591
367,856
367,857
368,1
368,3
368,13
368,105
368,464
369,13
369,364
369,396
369,412
369,858
370,50
370,51
370,301
370,859
370,860
371,61
371,565
371,648
371,723
371,861
372,55
372,123
372,290
372,348
372,862
373,9
373,12
373,863
373,864
373,865
374,1
374,32
374,67
374,83
374,866
375,118
375,142
375,264
375,395
375,641
376,94
376,288
376,690
376,867
376,868
377,33
377,69
377,239
377,869
377,870
378,23
378,83
378,228
378,312
378,693
379,86
379,310
379,433
379,871
379,872
380,3
380,13
380,77
380,462
380,873
381,1
381,3
381,86
381,718
381,861
382,23
382,48
382,94
382,102
382,874
383,3
383,13
383,107
383,160
383,875
384,364
384,690
384,876
384,877
384,878
385,42
385,293
385,303
385,879
385,880
386,1
386,42
386,82
386,104
386,881
387,3
387,13
387,69
387,295
387,865
388,14
388,135
388,882
388,883
388,884
389,885
389,886
389,887
389,888
389,889
390,42
390,177
390,261
390,429
390,879
391,1
391,15
391,42
391,82
391,792
392,1
392,23
392,42
392,82
392,83
393,13
393,142
393,266
393,761
393,881
394,23
394,576
394,705
394,849
394,890
395,891
395,892
395,893
395,894
395,895
396,3
396,13
396,107
396,896
396,897
397,13
397,107
397,177
397,898
397,899
398,1
398,510
398,551
398,900
398,901
399,3
399,14
399,44
399,135
399,693
400,14
400,135
400,233
400,511
400,902
401,23
401,140
401,652
401,700
401,903
402,1
402,3
402,337
402,447
402,723
403,42
403,82
403,219
403,227
403,904
404,17
404,233
404,246
404,459
404,905
405,393
405,906
405,907
405,908
405,909
406,1
406,3
406,910
406,911
406,912
407,1
407,3
407,14
407,913
408,32
408,145
408,223
408,333
408,914
409,1
409,3
409,13
409,461
409,915
410,14
410,21
410,135
410,436
410,459
411,13
411,121
411,356
411,916
411,917
412,12
412,13
412,33
412,364
412,916
413,188
413,295
413,887
413,918
413,919
414,83
414,223
414,710
414,920
414,921
415,50
415,135
415,160
415,693
415,922
416,133
416,198
416,533
416,849
416,923
417,63
417,73
417,233
417,389
417,924
418,51
418,136
418,295
418,903
418,925
419,1
419,86
419,723
419,926
419,927
420,1
420,12
420,399
420,928
420,929
421,23
421,50
421,930
421,931
421,932
422,395
422,420
422,845
422,933
422,934
423,1
423,13
423,361
423,935
423,936
424,3
424,13
424,133
424,343
424,937
425,32
425,145
425,237
425,290
425,710
426,3
426,13
426,32
426,44
426,107
427,23
427,501
427,938
427,939
427,940
428,14
428,77
428,538
428,941
428,942
429,333
429,800
429,943
429,944
429,945
430,1
430,23
430,297
430,510
430,946
431,3
431,13
431,107
431,126
431,947
432,3
432,69
432,191
432,231
432,555
433,12
433,13
433,291
433,948
433,949
434,3
434,52
434,136
434,191
434,950
435,495
435,951
435,952
435,953
435,954
436,23
436,955
436,956
436,957
436,958
437,13
437,211
437,266
437,393
437,959
438,13
438,69
438,107
438,360
438,758
439,601
439,612
439,960
439,961
439,962
440,3
440,136
440,191
440,822
440,963
441,1
441,3
441,61
441,964
441,965
442,126
442,433
442,744
442,966
442,967
443,1
443,3
443,13
443,32
443,44
444,1
444,13
444,52
444,550
444,968
445,3
445,191
445,279
445,613
445,969
446,32
446,233
446,549
446,866
446,970
447,23
447,24
447,26
447,27
447,41
448,23
448,97
448,305
448,706
448,971
449,1
449,3
449,13
449,23
449,107
450,69
450,295
450,648
450,972
450,973
451,3
451,361
451,555
451,974
452,23
452,39
452,975
452,976
452,977
453,12
453,287
453,301
453,978
453,979
454,301
454,440
454,786
454,980
454,981
455,1
455,9
455,245
455,436
455,982
456,1
456,3
456,933
456,983
456,984
457,77
457,126
457,726
457,981
457,985
458,1
458,3
458,69
458,705
458,986
459,125
459,246
459,288
459,361
459,987
460,59
460,69
460,111
460,295
460,561
461,0
461,52
461,69
461,988
461,989
462,23
462,364
462,412
462,990
462,991
463,1
463,13
463,260
463,329
463,992
464,13
464,96
464,290
464,437
464,993
465,434
465,868
465,994
465,995
465,996
466,57
466,69
466,369
466,922
466,997
467,23
467,266
467,299
467,401
467,998
468,3
468,13
468,107
468,555
469,1
469,3
469,13
469,107
469,233
470,66
470,69
470,337
470,433
470,999
471,3
471,13
471,69
471,133
471,964
472,3
472,13
472,107
472,245
472,1000
473,9
473,414
473,656
473,755
473,1001
474,211
474,447
474,723
474,873
474,1002
475,1
475,3
475,69
475,1003
475,1004
476,401
476,447
476,594
476,595
476,1005
477,1
477,133
477,136
477,191
477,1006
478,32
478,191
478,1007
478,1008
478,1009
479,228
479,314
479,1010
479,1011
479,1012
480,253
480,414
480,755
480,920
480,1013
481,3
481,9
481,13
481,249
481,1014
482,304
482,396
482,1015
482,1016
482,1017
483,52
483,136
483,1003
483,1018
483,1019
484,13
484,61
484,69
484,1020
484,1021
485,1
485,3
485,12
485,691
485,1022
486,1
486,3
486,426
486,1022
486,1023
487,153
487,318
487,994
487,1024
487,1025
488,705
488,1026
488,1027
488,1028
488,1029
489,1
489,3
489,13
489,193
489,535
490,1
490,3
490,519
490,1030
490,1031
491,69
491,170
491,758
491,882
491,1032
492,23
492,27
492,255
492,296
492,1033
493,3
493,13
493,109
493,205
493,318
494,33
494,394
494,712
494,1034
494,1035
495,1
495,3
495,13
495,14
495,135
496,23
496,24
496,330
496,346
496,1036
497,69
497,122
497,799
497,1037
497,1038
498,12
498,317
498,376
498,1039
498,1040
499,364
499,412
499,577
499,990
499,1041
500,1
500,58
500,346
500,436
500,1042
501,233
501,360
501,1043
501,1044
501,1045
502,300
502,304
502,453
502,801
502,1046
503,17
503,407
503,572
503,792
503,866
504,15
504,86
504,237
504,1047
504,1048
505,17
505,86
505,246
505,581
505,890
506,23
506,33
506,316
506,458
506,700
507,13
507,105
507,326
507,618
507,756
508,13
508,265
508,655
508,1049
508,1050
509,10
509,13
509,128
509,1051
509,1052
510,1
510,3
510,363
510,1053
510,1054
511,42
511,267
511,924
511,1055
511,1056
512,1
512,13
512,44
512,86
512,401
513,1057
513,1058
513,1059
513,1060
513,1061
514,1
514,13
514,288
514,299
514,389
515,9
515,10
515,188
515,460
515,537
516,62
516,508
516,1062
516,1063
516,1064
517,1
517,3
517,13
517,107
517,525
518,84
518,133
518,174
518,227
518,734
519,1
519,42
519,82
519,264
519,342
520,5
520,51
520,191
520,884
520,1065
521,142
521,193
521,219
521,244
521,1066
522,1
522,133
522,342
522,1067
522,1068
523,730
523,759
523,1032
523,1069
523,1070
524,23
524,27
524,94
524,699
524,1071
525,3
525,77
525,84
525,133
525,861
526,35
526,55
526,775
526,867
526,1072
527,1
527,3
527,13
527,23
527,190
528,191
528,198
528,519
528,853
528,1073
529,1
529,13
529,15
529,227
529,461
530,3
530,159
530,233
530,237
530,1074
531,13
531,86
531,87
531,448
531,1075
532,23
532,69
532,94
532,460
532,523
533,32
533,233
533,257
533,649
533,1009
534,23
534,290
534,573
534,1076
534,1077
535,145
535,194
535,342
535,738
535,1078
536,259
536,568
536,655
536,838
536,1079
537,55
537,64
537,179
537,1080
537,1081
538,31
538,1082
538,1083
538,1084
538,1085
539,206
539,491
539,1086
539,1087
539,1088
540,10
540,55
540,388
540,536
540,1089
541,1090
541,1091
541,1092
541,1093
541,1094
542,233
542,935
542,1095
542,1096
542,1097
543,162
543,977
543,1098
543,1099
543,1100
544,1
544,37
544,61
544,583
544,1101
545,14
545,135
545,142
545,524
545,873
546,5
546,406
546,533
546,668
546,1102
547,10
547,32
547,33
547,37
547,38
548,5
548,50
548,532
548,612
548,754
549,23
549,93
549,180
549,442
549,693
550,12
550,23
550,299
550,317
550,337
551,1
551,142
551,393
551,552
551,1103
552,264
552,1104
552,1105
552,1106
552,1107
553,1
553,3
553,12
553,13
553,318
554,1
554,13
554,412
554,873
554,1108
555,9
555,12
555,13
555,1109
555,1110
556,26
556,27
556,92
556,700
556,1071
557,13
557,980
557,1111
557,1112
557,1113
558,1
558,3
558,13
558,287
558,299
559,237
559,265
559,337
559,1001
559,1114
560,13
560,23
560,133
560,135
560,142
561,337
561,436
561,437
561,655
561,1115
562,23
562,24
562,26
562,27
562,102
563,1
563,3
563,42
563,82
563,300
564,23
564,92
564,102
564,255
564,635
565,17
565,65
565,160
565,378
565,399
566,13
566,577
566,865
566,1116
566,1117
567,13
567,44
567,93
567,654
567,1118
568,17
568,140
568,1119
568,1120
568,1121
569,41
569,42
569,82
569,104
569,446
570,949
570,1122
570,1123
570,1124
570,1125
571,1
571,3
571,63
571,1126
571,1127
572,601
572,1128
572,1129
572,1130
572,1131
573,1
573,15
573,44
573,1132
573,1133
574,69
574,298
574,425
574,1134
574,1135
575,145
575,871
575,1136
575,1137
575,1138
576,1
576,3
576,61
576,233
576,1139
577,23
577,41
577,936
577,1102
577,1140
578,23
578,1141
578,1142
578,1143
578,1144
579,15
579,42
579,82
579,461
579,1094
580,23
580,265
580,337
580,433
580,436
581,243
581,321
581,1073
581,1145
581,1146
582,1
582,23
582,109
582,140
582,1102
583,13
583,86
583,227
583,366
583,689
584,3
584,61
584,233
584,666
584,1147
585,11
585,23
585,759
585,1148
585,1149
586,0
586,84
586,156
586,264
586,1150
587,23
587,27
587,290
587,1076
587,1077
588,23
588,27
588,102
588,699
588,1071
589,1
589,344
589,800
589,949
589,1151
590,0
590,69
590,191
590,295
590,1152
591,1
591,3
591,13
591,555
591,1153
592,48
592,122
592,314
592,810
592,1154
593,14
593,15
593,388
593,922
593,1155
594,10
594,23
594,48
594,54
594,55
595,15
595,63
595,71
595,77
595,1156
596,77
596,133
596,382
596,742
596,1157
597,12
597,489
597,811
597,1158
597,1159
598,13
598,761
598,902
598,1160
598,1161
599,1
599,3
599,13
599,452
599,1162
600,10
600,54
600,70
600,219
600,266
601,10
601,364
601,632
601,639
601,1163
602,133
602,142
602,511
602,538
602,785
603,1
603,23
603,288
603,290
603,1164
604,15
604,37
604,501
604,1165
604,1166
605,42
605,792
605,800
605,1167
605,1168
606,3
606,44
606,107
606,133
607,3
607,13
607,23
607,107
607,593
608,209
608,806
608,1169
608,1170
608,1171
609,67
609,810
609,1172
609,1173
609,1174
610,69
610,208
610,325
610,465
610,650
611,5
611,406
611,496
611,538
611,1175
612,1
612,3
612,233
612,1176
612,1177
613,1
613,239
613,502
613,521
613,1178
614,69
614,299
614,324
614,460
614,1178
615,23
615,48
615,249
615,346
615,1179
616,50
616,51
616,1180
616,1181
616,1182
617,3
617,13
617,107
617,393
617,1183
618,3
618,50
618,393
618,412
618,1184
619,264
619,284
619,389
619,1185
619,1186
620,1
620,3
620,233
620,321
620,1009
621,1
621,42
621,82
621,133
621,1187
622,23
622,26
622,27
622,102
622,699
623,1
623,3
623,233
623,555
624,9
624,459
624,618
624,1155
624,1188
625,180
625,494
625,1189
625,1190
625,1191
626,3
626,13
626,326
626,1192
626,1193
627,253
627,254
627,415
627,416
627,1194
628,77
628,132
628,227
628,1195
628,1196
629,12
629,109
629,379
629,811
629,838
630,1
630,3
630,88
630,198
630,396
631,1
631,23
631,124
631,648
631,992
632,63
632,758
632,1197
632,1198
632,1199
633,1
633,124
633,233
633,723
633,1200
634,3
634,233
634,508
634,651
634,1201
635,1
635,23
635,133
635,643
635,1202
636,0
636,136
636,239
636,572
636,1203
637,23
637,50
637,1204
637,1205
637,1206
638,86
638,133
638,388
638,1207
638,1208
639,1
639,3
639,13
639,198
639,233
640,1
640,12
640,13
640,44
640,126
641,126
641,154
641,261
641,389
641,1209
642,42
642,82
642,233
642,1210
642,1211
643,132
643,1212
643,1213
643,1214
643,1215
644,10
644,264
644,635
644,735
644,1164
645,67
645,207
645,208
645,209
645,1216
646,13
646,109
646,295
646,725
646,924
647,30
647,219
647,317
647,433
647,655
648,300
648,301
648,538
648,1217
648,1218
649,12
649,105
649,264
649,635
649,1219
650,42
650,154
650,264
650,464
650,1220
651,9
651,17
651,71
651,252
651,1221
652,9
652,126
652,764
652,1079
652,1222
653,44
653,348
653,654
653,1223
653,1224
654,1
654,13
654,43
654,1225
654,1226
655,254
655,416
655,1013
655,1143
655,1227
656,86
656,124
656,202
656,311
656,1228
657,13
657,86
657,957
657,1229
657,1230
658,206
658,808
658,1087
658,1231
658,1232
659,1
659,9
659,42
659,1233
659,1234
660,10
660,44
660,86
660,202
660,388
661,23
661,24
661,26
661,27
661,102
662,0
662,55
662,123
662,1235
662,1236
663,50
663,1237
663,1238
663,1239
663,1240
664,1
664,3
664,13
664,364
664,1161
665,3
665,321
665,950
665,1241
665,1242
666,1
666,3
666,13
666,63
666,389
667,23
667,26
667,27
667,179
667,699
668,745
668,746
668,748
668,749
668,1243
669,3
669,61
669,554
669,1244
669,1245
670,0
670,620
670,621
670,1246
670,1247
671,14
671,69
671,295
671,520
671,861
672,9
672,259
672,838
672,1079
672,1195
673,1
673,3
673,13
673,107
674,15
674,1248
674,1249
674,1250
674,1251
675,1
675,69
675,239
675,295
675,523
676,160
676,300
676,407
676,693
676,1252
677,1
677,293
677,330
677,812
677,1253
678,3
678,13
678,105
678,366
678,401
679,13
679,287
679,635
679,1161
679,1254
680,523
680,688
680,866
680,1178
680,1255
681,1
681,13
681,86
681,142
681,1256
682,0
682,105
682,280
682,1257
682,1258
683,3
683,13
683,107
683,1259
683,1260
684,94
684,854
684,1261
684,1262
684,1263
685,1
685,9
685,13
685,145
685,618
686,1
686,202
686,800
686,1264
686,1265
687,9
687,223
687,348
687,695
687,711
688,745
688,746
688,748
688,749
688,1266
689,1267
689,1268
689,1269
689,1270
689,1271
690,160
690,549
690,692
690,693
690,1272
691,23
691,44
691,227
691,290
691,393
692,265
692,337
692,436
692,1115
692,1273
693,50
693,51
693,133
693,156
693,277
694,602
694,980
694,1274
694,1275
694,1276
695,1
695,13
695,23
695,102
695,1097
696,9
696,12
696,261
696,432
696,1164
697,9
697,12
697,287
697,447
697,635
698,17
698,65
698,399
698,987
698,1277
699,13
699,69
699,107
699,1043
699,1278
700,9
700,126
700,192
700,637
700,1279
701,51
701,155
701,244
701,598
701,1280
702,1
702,12
702,13
702,82
702,389
703,23
703,26
703,41
703,92
703,102
704,0
704,293
704,842
704,1281
704,1282
705,3
705,13
705,23
705,299
705,393
706,28
706,83
706,511
706,1022
706,1283
707,86
707,176
707,301
707,934
707,1284
708,9
708,54
708,245
708,1285
708,1286
709,461
709,508
709,690
709,1287
709,1288
710,86
710,258
710,812
710,1065
710,1289
711,12
711,105
711,299
711,464
711,1290
712,9
712,104
712,264
712,464
712,675
713,208
713,298
713,1291
713,1292
713,1293
714,67
714,142
714,337
714,691
714,1294
715,5
715,23
715,406
715,706
715,1295
716,23
716,297
716,723
716,1296
716,1297
717,17
717,245
717,338
717,348
717,407
718,17
718,160
718,290
718,710
718,1277
719,1298
719,1299
719,1300
719,1301
719,1302
720,52
720,136
720,298
720,1294
720,1303
721,33
721,69
721,551
721,1304
721,1305
722,109
722,408
722,792
722,1102
722,1143
723,1306
723,1307
723,1308
723,1309
723,1310
724,1
724,13
724,128
724,1311
724,1312
725,13
725,86
725,98
725,295
725,561
726,193
726,219
726,955
726,956
726,1096
727,1
727,3
727,13
727,348
727,422
728,0
728,10
728,619
728,1313
728,1314
729,3
729,13
729,1315
729,1316
729,1317
730,55
730,142
730,194
730,536
730,693
731,69
731,520
731,1043
731,1044
731,1318
732,1
732,32
732,83
732,86
732,1319
733,18
733,682
733,707
733,1320
733,1321
734,23
734,286
734,300
734,813
734,1322
735,299
735,314
735,393
735,1323
735,1324
736,51
736,239
736,321
736,598
736,1325
737,23
737,92
737,228
737,399
737,692
738,10
738,12
738,133
738,346
738,684
739,71
739,833
739,1326
739,1327
739,1328
740,69
740,223
740,559
740,563
740,1329
741,23
741,26
741,27
741,41
741,102
742,12
742,103
742,266
742,1164
742,1330
743,12
743,15
743,379
743,511
743,1331
744,1
744,13
744,43
744,381
744,924
745,54
745,55
745,123
745,400
745,401
746,1
746,83
746,109
746,583
746,842
747,295
747,346
747,1332
747,1333
747,1334
748,103
748,419
748,1335
748,1336
748,1337
749,360
749,393
749,758
749,759
749,1044
750,14
750,104
750,142
750,1338
750,1339
751,13
751,263
751,511
751,518
751,1340
752,12
752,77
752,544
752,1341
752,1342
753,13
753,90
753,317
753,376
753,1343
754,9
754,366
754,755
754,1344
754,1345
755,160
755,337
755,693
755,1195
755,1346
756,3
756,233
756,393
756,974
756,1347
757,374
757,1348
757,1349
757,1350
757,1351
758,1
758,3
758,13
758,1352
758,1353
759,745
759,746
759,747
759,748
759,749
760,121
760,199
760,1354
760,1355
760,1356
761,1
761,13
761,44
761,228
761,255
762,1
762,3
762,136
762,1357
762,1358
763,83
763,193
763,420
763,632
763,1359
764,132
764,237
764,300
764,726
764,1252
765,1
765,3
765,13
765,14
765,133
766,497
766,499
766,1360
766,1361
766,1362
767,23
767,102
767,517
767,657
767,658
768,1
768,10
768,13
768,67
768,219
769,1063
769,1363
769,1364
769,1365
769,1366
770,1
770,3
770,13
770,399
770,1367
771,1
771,123
771,139
771,245
771,565
772,9
772,219
772,261
772,1344
772,1368
773,1
773,12
773,15
773,44
773,266
774,17
774,692
774,693
774,1369
774,1370
775,1
775,13
775,50
775,51
775,577
776,361
776,792
776,1045
776,1371
776,1372
777,1101
777,1210
777,1373
777,1374
777,1375
778,50
778,51
778,133
778,321
778,364
779,86
779,135
779,142
779,1053
779,1376
780,1
780,13
780,15
780,1377
780,1378
781,1379
781,1380
781,1381
781,1382
781,1383
782,23
782,27
782,92
782,102
782,699
783,1
783,13
783,23
783,145
783,346
784,1
784,3
784,15
784,23
784,133
785,50
785,412
785,932
785,1238
785,1384
786,13
786,55
786,123
786,219
786,317
787,103
787,383
787,422
787,509
787,1385
788,1
788,13
788,15
788,107
788,1386
789,69
789,360
789,1064
789,1329
789,1387
790,383
790,1314
790,1388
790,1389
790,1390
791,3
791,13
791,69
791,295
791,321
792,381
792,382
792,742
792,744
792,754
793,321
793,711
793,1391
793,1392
793,1393
794,17
794,61
794,212
794,233
794,442
795,1
795,23
795,300
795,1394
795,1395
796,32
796,123
796,145
796,156
796,871
797,1
797,13
797,293
797,618
797,734
798,23
798,27
798,69
798,554
798,1396
799,1
799,13
799,14
799,160
799,1397
800,3
800,758
800,861
800,1398
800,1399
801,3
801,13
801,69
801,107
801,239
802,503
802,1400
802,1401
802,1402
802,1403
803,323
803,324
803,325
803,1404
803,1405
804,135
804,326
804,618
804,865
804,1406
805,1364
805,1407
805,1408
805,1409
805,1410
806,23
806,158
806,1011
806,1012
806,1411
807,3
807,86
807,198
807,1234
807,1412
808,17
808,50
808,160
808,407
808,1413
809,3
809,133
809,136
809,622
809,1188
810,1
810,32
810,494
810,964
810,1414
811,10
811,42
811,264
811,266
811,635
812,23
812,41
812,104
812,280
812,1415
813,295
813,497
813,1416
813,1417
813,1418
814,597
814,668
814,669
814,1419
814,1420
815,13
815,14
815,69
815,239
815,448
816,2
816,1001
816,1421
816,1422
816,1423
817,1
817,3
817,13
817,107
817,142
818,1
818,11
818,126
818,299
818,768
819,69
819,989
819,1203
819,1424
819,1425
820,55
820,123
820,632
820,694
820,1426
821,1
821,3
821,13
821,1094
821,1326
822,20
822,237
822,337
822,506
822,655
823,346
823,542
823,1427
823,1428
823,1429
824,1
824,61
824,64
824,502
824,554
825,97
825,433
825,1001
825,1161
825,1430
826,139
826,486
826,1431
826,1432
826,1433
827,1
827,42
827,109
827,191
827,842
828,3
828,77
828,132
828,133
828,1434
829,1
829,3
829,83
829,567
829,1311
830,52
830,69
830,136
830,935
830,1284
831,71
831,571
831,964
831,1435
831,1436
832,188
832,810
832,1056
832,1437
832,1438
833,160
833,290
833,436
833,710
833,792
834,507
834,937
834,1439
834,1440
834,1441
835,542
835,1154
835,1427
835,1429
835,1442
836,136
836,394
836,621
836,762
836,1284
837,183
837,224
837,225
837,1443
837,1444
838,1
838,77
838,133
838,861
838,1445
839,0
839,533
839,538
839,883
839,1446
840,184
840,185
840,206
840,207
840,209
841,1
841,3
841,1447
841,1448
841,1449
842,10
842,23
842,219
842,436
842,693
843,364
843,690
843,990
843,1450
843,1451
844,1
844,361
844,399
844,582
844,945
845,46
845,86
845,311
845,689
845,743
846,67
846,209
846,360
846,1452
846,1453
847,1454
847,1455
847,1456
847,1457
847,1458
848,1
848,12
848,86
848,420
848,1459
849,133
849,299
849,1460
849,1461
849,1462
850,63
850,366
850,389
850,464
850,1463
851,1
851,51
851,132
851,133
851,406
852,83
852,263
852,395
852,511
852,637
853,1
853,3
853,13
853,1020
853,1167
854,73
854,97
854,1464
854,1465
854,1466
855,126
855,233
855,401
855,549
855,1467
856,61
856,133
856,447
856,1468
856,1469
857,73
857,80
857,191
857,295
857,1470
858,23
858,300
858,413
858,559
858,1471
859,13
859,107
859,188
859,190
859,1472
860,86
860,191
860,238
860,507
860,1439
861,454
861,889
861,1473
861,1474
861,1475
862,1
862,3
862,13
862,69
862,1476
863,55
863,64
863,253
863,429
863,1477
864,23
864,26
864,27
864,41
864,699
865,511
865,956
865,1096
865,1209
865,1478
866,321
866,507
866,1479
866,1480
866,1481
867,3
867,360
867,1234
867,1482
867,1483
868,1
868,3
868,136
868,1484
868,1485
869,31
869,54
869,433
869,1076
869,1082
870,50
870,51
870,132
870,133
870,193
871,48
871,124
871,314
871,694
871,1210
872,223
872,523
872,800
872,866
872,1178
873,191
873,286
873,561
873,1486
873,1487
874,73
874,233
874,303
874,449
874,924
875,5
875,50
875,51
875,1237
875,1488
876,1
876,3
876,133
876,457
876,684
877,1
877,194
877,233
877,393
877,1209
878,9
878,44
878,1489
878,1490
878,1491
879,1194
879,1492
879,1493
879,1494
879,1495
880,375
880,382
880,689
880,744
880,754
881,279
881,650
881,1333
881,1496
881,1497
882,42
882,738
882,775
882,792
882,948
883,206
883,208
883,209
883,491
883,1294
884,1
884,13
884,86
884,351
884,1498
885,86
885,570
885,583
885,621
885,826
886,23
886,123
886,585
886,800
886,1499
887,1
887,3
887,947
887,1500
887,1501
888,1
888,13
888,77
888,1502
888,1503
889,1
889,391
889,833
889,1108
889,1504
890,73
890,132
890,133
890,156
890,391
891,3
891,136
891,191
891,1505
891,1506
892,1
892,3
892,13
892,32
892,107
893,23
893,1507
893,1508
893,1509
893,1510
894,5
894,406
894,669
894,1511
894,1512
895,67
895,207
895,208
895,806
895,1088
896,9
896,337
896,899
896,1368
896,1513
897,364
897,1096
897,1496
897,1514
897,1515
898,832
898,1394
898,1516
898,1517
898,1518
899,3
899,97
899,170
899,1519
899,1520
900,745
900,746
900,747
900,1266
900,1521
901,1
901,3
901,191
901,519
901,603
902,23
902,27
902,102
902,255
902,699
903,233
903,331
903,346
903,801
903,1522
904,42
904,69
904,1022
904,1178
904,1523
905,8
905,98
905,156
905,300
905,1027
906,303
906,321
906,1430
906,1524
906,1525
907,1
907,10
907,13
907,312
907,1526
908,9
908,262
908,764
908,1076
908,1254
909,9
909,13
909,299
909,1297
909,1527
910,132
910,479
910,1446
910,1528
910,1529
911,13
911,33
911,159
911,378
911,412
912,54
912,300
912,301
912,683
912,1530
913,13
913,139
913,591
913,1531
913,1532
914,93
914,139
914,206
914,491
914,1086
915,52
915,77
915,191
915,1533
915,1534
916,1096
916,1535
916,1536
916,1537
916,1538
917,233
917,241
917,1539
917,1540
917,1541
918,133
918,191
918,295
918,324
918,1542
919,3
919,51
919,133
919,295
919,711
920,23
920,295
920,456
920,1543
920,1544
921,381
921,382
921,744
921,754
921,1545
922,300
922,346
922,384
922,726
922,1546
923,145
923,160
923,693
923,905
923,1499
924,433
924,501
924,1045
924,1339
924,1547
925,13
925,446
925,738
925,1548
925,1549
926,23
926,341
926,502
926,714
926,1550
927,13
927,86
927,311
927,689
927,1551
928,12
928,13
928,70
928,77
928,261
929,1
929,52
929,69
929,133
929,280
930,5
930,14
930,51
930,86
930,1552
931,32
931,86
931,145
931,159
931,1553
932,123
932,380
932,667
932,1101
932,1554
933,52
933,132
933,136
933,1555
933,1556
934,61
934,291
934,1557
934,1558
934,1559
935,5
935,368
935,1560
935,1561
935,1562
936,96
936,429
936,1563
936,1564
936,1565
937,1566
937,1567
937,1568
937,1569
937,1570
938,67
938,184
938,206
938,207
938,208
939,1
939,3
939,133
939,1571
940,10
940,123
940,433
940,864
940,1572
941,32
941,1573
941,1574
941,1575
941,1576
942,13
942,50
942,77
942,612
942,1477
943,58
943,321
943,346
943,1577
943,1578
944,1
944,13
944,631
944,1463
944,1579
945,169
945,601
945,1096
945,1580
945,1581
946,14
946,42
946,133
946,388
946,683
947,42
947,82
947,1463
947,1582
947,1583
948,32
948,145
948,293
948,511
948,1584
949,43
949,466
949,883
949,1585
949,1586
950,3
950,1587
950,1588
950,1589
950,1590
951,380
951,383
951,671
951,759
951,1591
952,191
952,507
952,1592
952,1593
952,1594
953,88
953,89
953,298
953,1595
953,1596
954,139
954,188
954,240
954,502
954,714
955,1
955,3
955,97
955,286
955,1208
956,1108
956,1597
956,1598
956,1599
956,1600
957,3
957,1601
957,1602
957,1603
957,1604
958,23
958,26
958,27
958,93
958,565
959,1
959,77
959,193
959,295
959,321
960,23
960,27
960,92
960,102
960,699
961,159
961,193
961,510
961,1596
961,1605
962,406
962,1090
962,1334
962,1606
962,1607
963,122
963,159
963,520
963,758
963,1608
964,1
964,133
964,142
964,853
964,861
965,1
965,3
965,51
965,133
965,295
966,382
966,519
966,744
966,754
966,1429
967,1
967,13
967,162
967,364
967,635
968,1
968,133
968,382
968,654
968,743
969,86
969,507
969,1399
969,1439
969,1592
970,33
970,1609
970,1610
970,1611
970,1612
971,303
971,1613
971,1614
971,1615
971,1616
972,303
972,1617
972,1618
972,1619
972,1620
973,69
973,169
973,523
973,1304
973,1621
974,300
974,346
974,726
974,1622
974,1623
975,1
975,10
975,42
975,233
975,1293
976,66
976,381
976,382
976,754
976,1624
977,3
977,13
977,303
977,1625
977,1626
978,322
978,1241
978,1627
978,1628
978,1629
979,52
979,1023
979,1630
979,1631
979,1632
980,1
980,3
980,42
980,82
980,133
981,58
981,97
981,133
981,191
981,1633
982,142
982,193
982,343
982,364
982,1634
983,82
983,209
983,381
983,1537
983,1635
984,317
984,337
984,436
984,655
984,1430
985,303
985,1282
985,1636
985,1637
985,1638
986,42
986,142
986,160
986,346
986,693
987,1
987,10
987,13
987,133
987,1639
988,1
988,3
988,191
988,1640
988,1641
989,86
989,133
989,191
989,519
989,682
990,0
990,73
990,239
990,303
990,1611
991,51
991,52
991,77
991,295
991,1004
992,133
992,140
992,228
992,1525
992,1642
993,14
993,77
993,135
993,922
993,1108
994,59
994,73
994,1643
994,1644
994,1645
995,503
995,1376
995,1399
995,1646
995,1647
996,107
996,554
996,648
996,1476
996,1648
997,44
997,180
997,310
997,694
997,970
998,3
998,136
998,271
998,1649
998,1650
999,403
999,604
999,1077
999,1651
999,1652
1000,13
1000,50
1000,51
1000,133
1000,1237
1001,94
1001,133
1001,156
1001,519
1001,1653
1002,3
1002,77
1002,132
1002,1014
1002,1654
1003,1
1003,227
1003,413
1003,1655
1003,1656
1004,133
1004,233
1004,295
1004,705
1004,1657
1005,742
1005,744
1005,754
1005,1243
1005,1658
1006,23
1006,27
1006,92
1006,102
1006,1033
1007,5
1007,436
1007,1202
1007,1659
1007,1660
1008,657
1008,1157
1008,1661
1008,1662
1008,1663
1009,1
1009,3
1009,313
1009,417
1009,419
1010,1
1010,288
1010,399
1010,1364
1010,1664
1011,73
1011,520
1011,1665
1011,1666
1011,1667
1012,9
1012,86
1012,237
1012,433
1012,1001
1013,160
1013,407
1013,905
1013,923
1013,1668
1014,3
1014,233
1014,501
1014,950
1014,1023
1015,1
1015,13
1015,33
1015,55
1015,245
1016,13
1016,31
1016,133
1016,707
1016,755
1017,13
1017,321
1017,1258
1017,1297
1017,1669
1018,133
1018,277
1018,707
1018,933
1018,964
1019,69
1019,86
1019,1670
1019,1671
1019,1672
1020,13
1020,71
1020,287
1020,756
1020,1673
1021,23
1021,27
1021,92
1021,102
1021,517
1022,408
1022,834
1022,1510
1022,1674
1022,1675
1023,266
1023,452
1023,464
1023,881
1023,1676
1024,1
1024,3
1024,912
1024,1023
1024,1677
1025,314
1025,381
1025,382
1025,744
1025,1545
1026,1273
1026,1678
1026,1679
1026,1680
1026,1681
1027,13
1027,105
1027,135
1027,770
1027,1494
1028,224
1028,225
1028,490
1028,1432
1028,1658
1029,1596
1029,1682
1029,1683
1029,1684
1029,1685
1030,42
1030,265
1030,496
1030,1005
1030,1686
1031,233
1031,291
1031,424
1031,1553
1031,1687
1032,265
1032,337
1032,436
1032,655
1032,1273
1033,86
1033,132
1033,174
1033,1492
1033,1688
1034,1
1034,3
1034,447
1034,707
1034,1689
1035,9
1035,611
1035,654
1035,1690
1035,1691
1036,31
1036,414
1036,415
1036,1194
1036,1692
1037,297
1037,299
1037,381
1037,1010
1037,1693
1038,1
1038,3
1038,133
1038,519
1038,1694
1039,297
1039,326
1039,346
1039,1695
1039,1696
1040,533
1040,535
1040,1393
1040,1697
1040,1698
1041,198
1041,303
1041,1699
1041,1700
1041,1701
1042,23
1042,24
1042,27
1042,93
1042,831
1043,27
1043,160
1043,399
1043,693
1043,1277
1044,14
1044,135
1044,322
1044,437
1044,1440
1045,133
1045,191
1045,321
1045,466
1045,1702
1046,44
1046,96
1046,401
1046,964
1046,1703
1047,123
1047,314
1047,871
1047,1704
1047,1705
1048,51
1048,84
1048,133
1048,563
1048,1706
1049,3
1049,191
1049,346
1049,365
1049,734
1050,3
1050,133
1050,191
1050,561
1050,1707
1051,83
1051,366
1051,899
1051,1096
1051,1708
1052,9
1052,10
1052,54
1052,142
1052,476
1053,51
1053,55
1053,228
1053,378
1053,1709
1054,1
1054,77
1054,133
1054,244
1054,684
1055,3
1055,132
1055,133
1055,515
1055,1034
1056,133
1056,191
1056,1687
1056,1710
1056,1711
1057,83
1057,86
1057,237
1057,743
1057,1316
1058,494
1058,1712
1058,1713
1058,1714
1058,1715
1059,51
1059,136
1059,295
1059,598
1059,1716
1060,382
1060,542
1060,744
1060,754
1060,1427
1061,19
1061,317
1061,795
1061,1670
1061,1717
1062,86
1062,541
1062,1655
1062,1718
1062,1719
1063,136
1063,841
1063,1720
1063,1721
1063,1722
1064,77
1064,104
1064,1590
1064,1723
1064,1724
1065,69
1065,682
1065,1068
1065,1329
1065,1624
1066,70
1066,71
1066,105
1066,287
1066,1195
1067,83
1067,261
1067,338
1067,350
1067,362
1068,23
1068,69
1068,321
1068,323
1068,565
1069,123
1069,738
1069,1292
1069,1725
1069,1726
1070,67
1070,139
1070,810
1070,1452
1070,1727
1071,1617
1071,1728
1071,1729
1071,1730
1071,1731
1072,0
1072,1732
1072,1733
1072,1734
1072,1735
1073,71
1073,126
1073,835
1073,1221
1073,1509
1074,9
1074,287
1074,813
1074,1736
1074,1737
1075,9
1075,31
1075,266
1075,459
1075,1738
1076,5
1076,1371
1076,1702
1076,1739
1076,1740
1077,466
1077,561
1077,872
1077,935
1077,1741
1078,13
1078,97
1078,142
1078,433
1078,690
1079,241
1079,314
1079,666
1079,1554
1079,1702
1080,14
1080,773
1080,1155
1080,1742
1080,1743
1081,5
1081,161
1081,682
1081,1420
1081,1744
1082,738
1082,1745
1082,1746
1082,1747
1082,1748
1083,744
1083,754
1083,1100
1083,1243
1083,1658
1084,253
1084,414
1084,920
1084,1194
1084,1749
1085,51
1085,84
1085,130
1085,132
1085,133
1086,56
1086,439
1086,684
1086,1252
1086,1750
1087,1
1087,13
1087,105
1087,1751
1087,1752
1088,1
1088,13
1088,14
1088,133
1088,1753
1089,1
1089,3
1089,63
1089,393
1089,612
1090,132
1090,301
1090,1707
1090,1754
1090,1755
1091,33
1091,650
1091,1282
1091,1496
1091,1756
1092,337
1092,436
1092,437
1092,655
1092,1273
1093,109
1093,297
1093,1757
1093,1758
1093,1759
1094,133
1094,191
1094,346
1094,1760
1094,1761
1095,55
1095,252
1095,1345
1095,1423
1095,1762
1096,41
1096,42
1096,82
1096,366
1096,381
1097,468
1097,686
1097,687
1097,1763
1097,1764
1098,23
1098,26
1098,27
1098,399
1098,693
1099,105
1099,150
1099,303
1099,978
1099,1699
1100,23
1100,48
1100,86
1100,743
1100,1417
1101,1
1101,13
1101,69
1101,758
1101,1765
1102,263
1102,632
1102,1690
1102,1766
1102,1767
1103,109
1103,139
1103,558
1103,842
1103,1416
1104,51
1104,133
1104,135
1104,612
1104,683
1105,78
1105,337
1105,449
1105,799
1105,1768
1106,159
1106,583
1106,1189
1106,1293
1106,1635
1107,37
1107,1007
1107,1769
1107,1770
1107,1771
1108,1
1108,13
1108,56
1108,133
1108,538
1109,44
1109,314
1109,383
1109,1772
1109,1773
1110,1
1110,3
1110,13
1110,1774
1110,1775
1111,23
1111,26
1111,27
1111,41
1111,102
1112,583
1112,861
1112,1776
1112,1777
1112,1778
1113,33
1113,142
1113,792
1113,1779
1113,1780
1114,17
1114,160
1114,212
1114,924
1114,1781
1115,14
1115,436
1115,538
1115,883
1115,1782
1116,23
1116,105
1116,672
1116,1417
1116,1418
1117,14
1117,915
1117,1019
1117,1783
1117,1784
1118,86
1118,136
1118,321
1118,561
1118,1505
1119,51
1119,228
1119,378
1119,563
1119,1416
1120,23
1120,132
1120,133
1120,1785
1120,1786
1121,159
1121,1787
1121,1788
1121,1789
1121,1790
1122,381
1122,382
1122,742
1122,744
1122,754
1123,1
1123,121
1123,156
1123,193
1123,1791
1124,13
1124,133
1124,233
1124,313
1124,1792
1125,523
1125,688
1125,866
1125,1178
1125,1463
1126,23
1126,92
1126,160
1126,228
1126,693
1127,527
1127,528
1127,529
1127,1793
1127,1794
1128,321
1128,565
1128,866
1128,1178
1128,1795
1129,133
1129,295
1129,567
1129,1282
1129,1702
1130,1381
1130,1796
1130,1797
1130,1798
1130,1799
1131,67
1131,810
1131,1800
1131,1801
1131,1802
1132,54
1132,190
1132,433
1132,1259
1132,1803
1133,1
1133,3
1133,14
1133,133
1133,1804
1134,8
1134,14
1134,51
1134,135
1134,682
1135,381
1135,382
1135,742
1135,744
1135,754
1136,9
1136,31
1136,287
1136,755
1136,1045
1137,315
1137,446
1137,970
1137,1195
1137,1805
1138,51
1138,155
1138,412
1138,925
1138,1238
1139,23
1139,86
1139,689
1139,743
1139,853
1140,133
1140,135
1140,369
1140,1039
1140,1407
1141,13
1141,142
1141,950
1141,1806
1141,1807
1142,275
1142,346
1142,742
1142,1506
1142,1808
1143,44
1143,161
1143,219
1143,337
1143,364
1144,1646
1144,1809
1144,1810
1144,1811
1144,1812
1145,198
1145,950
1145,1420
1145,1519
1145,1813
1146,1
1146,3
1146,133
1146,718
1147,382
1147,744
1147,754
1147,1442
1147,1814
1148,381
1148,382
1148,744
1148,754
1148,1545
1149,304
1149,396
1149,601
1149,1815
1149,1816
1150,1363
1150,1687
1150,1817
1150,1818
1150,1819
1151,83
1151,179
1151,329
1151,1820
1151,1821
1152,1
1152,133
1152,158
1152,964
1152,1243
1153,1
1153,3
1153,13
1153,23
1153,1822
1154,207
1154,208
1154,209
1154,1082
1154,1231
1155,1
1155,133
1155,524
1155,754
1155,1709
1156,54
1156,55
1156,71
1156,652
1156,1823
1157,1
1157,133
1157,689
1157,1658
1157,1824
1158,187
1158,1825
1158,1826
1158,1827
1158,1828
1159,5
1159,188
1159,621
1159,1763
1159,1829
1160,23
1160,750
1160,882
1160,960
1160,1445
1161,50
1161,51
1161,228
1161,1096
1161,1237
1162,23
1162,109
1162,342
1162,842
1162,1238
1163,33
1163,303
1163,1830
1163,1831
1163,1832
1164,13
1164,58
1164,133
1164,723
1164,1833
1165,73
1165,303
1165,924
1165,1391
1165,1834
1166,3
1166,61
1166,360
1166,1043
1166,1835
1167,43
1167,346
1167,1010
1167,1836
1167,1837
1168,67
1168,389
1168,521
1168,810
1168,831
1169,32
1169,67
1169,139
1169,1189
1169,1468
1170,14
1170,73
1170,86
1170,223
1170,237
1171,414
1171,632
1171,873
1171,927
1171,1001
1172,5
1172,382
1172,652
1172,743
1172,754
1173,84
1173,227
1173,689
1173,1755
1173,1838
1174,1
1174,3
1174,357
1174,977
1174,1839
1175,233
1175,346
1175,519
1175,1108
1175,1840
1176,51
1176,1841
1176,1842
1176,1843
1176,1844
1177,23
1177,26
1177,27
1177,92
1177,102
1178,23
1178,133
1178,136
1178,861
1178,1845
1179,86
1179,142
1179,641
1179,1846
1179,1847
1180,1
1180,3
1180,13
1180,510
1180,1848
1181,51
1181,239
1181,523
1181,866
1181,1338
1182,507
1182,1363
1182,1364
1182,1849
1182,1850
1183,67
1183,139
1183,184
1183,207
1183,209
1184,5
1184,597
1184,1419
1184,1511
1184,1851
1185,61
1185,233
1185,1016
1185,1234
1185,1852
1186,10
1186,326
1186,770
1186,1572
1186,1853
1187,73
1187,274
1187,1094
1187,1854
1187,1855
1188,3
1188,170
1188,295
1189,162
1189,267
1189,449
1189,1108
1189,1209
1190,184
1190,206
1190,647
1190,1443
1190,1856
1191,41
1191,42
1191,104
1191,517
1191,635
1192,23
1192,94
1192,125
1192,432
1192,1857
1193,9
1193,13
1193,107
1193,1368
1193,1858
1194,1
1194,52
1194,133
1194,1143
1194,1859
1195,3
1195,55
1195,212
1195,1860
1195,1861
1196,97
1196,132
1196,133
1196,1862
1196,1863
1197,84
1197,135
1197,682
1197,1338
1197,1512
1198,39
1198,73
1198,1864
1198,1865
1198,1866
1199,617
1199,1867
1199,1868
1199,1869
1199,1870
1200,67
1200,139
1200,537
1200,559
1200,812
1201,313
1201,321
1201,337
1201,417
1201,437
1202,51
1202,69
1202,142
1202,598
1202,1259
1203,136
1203,295
1203,1871
1203,1872
1203,1873
1204,1
1204,3
1204,648
1204,866
1205,3
1205,133
1205,286
1205,300
1205,1284
1206,46
1206,297
1206,314
1206,449
1206,754
1207,381
1207,382
1207,742
1207,744
1207,754
1208,13
1208,86
1208,133
1208,311
1208,743
1209,1565
1209,1874
1209,1875
1209,1876
1209,1877
1210,9
1210,126
1210,1402
1210,1878
1210,1879
1211,64
1211,509
1211,944
1211,1204
1211,1371
1212,253
1212,755
1212,920
1212,921
1212,1880
1213,222
1213,945
1213,1154
1213,1442
1213,1881
1214,132
1214,133
1214,174
1214,964
1214,1246
1215,84
1215,86
1215,132
1215,689
1215,1882
1216,523
1216,866
1216,1178
1216,1520
1216,1523
1217,46
1217,56
1217,686
1217,1246
1217,1600
1218,23
1218,160
1218,987
1218,1277
1218,1883
1219,810
1219,1884
1219,1885
1219,1886
1219,1887
1220,32
1220,42
1220,738
1220,775
1220,1148
1221,13
1221,32
1221,200
1221,356
1221,1888
1222,3
1222,191
1222,436
1222,665
1222,859
1223,502
1223,1309
1223,1889
1223,1890
1223,1891
1224,233
1224,321
1224,346
1224,810
1224,1468
1225,10
1225,227
1225,264
1225,433
1225,1892
1226,109
1226,191
1226,882
1226,1893
1226,1894
1227,14
1227,296
1227,882
1227,937
1227,1895
1228,170
1228,717
1228,1214
1228,1525
1228,1896
1229,17
1229,160
1229,1277
1229,1883
1229,1897
1230,527
1230,528
1230,1794
1230,1898
1230,1899
1231,191
1231,334
1231,1900
1231,1901
1231,1902
1232,1
1232,170
1232,295
1232,684
1232,1903
1233,107
1233,364
1233,538
1233,992
1233,1904
1234,86
1234,883
1234,1702
1234,1905
1234,1906
1235,23
1235,52
1235,54
1235,86
1235,136
1236,52
1236,133
1236,136
1236,191
1236,869
1237,34
1237,911
1237,912
1237,1699
1237,1830
1238,1
1238,198
1238,288
1238,346
1238,1907
1239,42
1239,58
1239,275
1239,295
1239,1603
1240,1
1240,9
1240,13
1240,14
1240,71
1241,133
1241,188
1241,295
1241,538
1241,1908
1242,1282
1242,1356
1242,1909
1242,1910
1242,1911
1243,13
1243,61
1243,86
1243,311
1243,743
1244,9
1244,259
1244,784
1244,1079
1244,1912
1245,3
1245,191
1245,321
1245,1913
1245,1914
1246,23
1246,262
1246,618
1246,1463
1246,1915
1247,14
1247,133
1247,191
1247,698
1247,1916
1248,69
1248,139
1248,650
1248,651
1248,1810
1249,3
1249,69
1249,565
1249,758
1249,1043
1250,135
1250,271
1250,1342
1250,1765
1250,1917
1251,304
1251,1918
1251,1919
1251,1920
1251,1921
1252,52
1252,133
1252,1006
1252,1922
1252,1923
1253,465
1253,1074
1253,1184
1253,1924
1253,1925
1254,381
1254,382
1254,742
1254,744
1254,1545
1255,1
1255,3
1255,133
1255,1512
1255,1926
1256,86
1256,237
1256,689
1256,743
1256,1927
1257,1
1257,563
1257,654
1257,674
1257,1928
1258,42
1258,64
1258,82
1258,263
1258,511
1259,33
1259,136
1259,192
1259,202
1259,321
1260,67
1260,109
1260,300
1260,687
1260,810
1261,1
1261,3
1261,297
1261,299
1261,395
1262,23
1262,83
1262,94
1262,237
1262,1929
1263,1211
1263,1226
1263,1235
1263,1430
1263,1930
1264,507
1264,1284
1264,1439
1264,1511
1264,1592
1265,508
1265,1158
1265,1931
1265,1932
1265,1933
1266,69
1266,298
1266,366
1266,1934
1266,1935
1267,3
1267,14
1267,191
1267,295
1267,1702
1268,3
1268,53
1268,69
1268,136
1268,191
1269,86
1269,507
1269,1480
1269,1710
1269,1936
1270,23
1270,58
1270,92
1270,94
1270,1081
1271,3
1271,13
1271,51
1271,1805
1271,1937
1272,50
1272,84
1272,86
1272,436
1272,689
1273,5
1273,311
1273,689
1273,743
1273,1938
1274,233
1274,346
1274,563
1274,936
1274,1939
1275,73
1275,449
1275,1552
1275,1940
1275,1941
1276,1
1276,13
1276,237
1276,511
1276,1942
1277,1
1277,133
1277,598
1277,693
1277,1293
1278,133
1278,682
1278,689
1278,1044
1278,1822
1279,519
1279,1512
1279,1694
1279,1943
1279,1944
1280,133
1280,378
1280,406
1280,690
1280,1252
1281,10
1281,13
1281,219
1281,419
1281,865
1282,233
1282,1173
1282,1596
1282,1945
1282,1946
1283,13
1283,14
1283,237
1283,338
1283,459
1284,207
1284,647
1284,1174
1284,1947
1284,1948
1285,1
1285,12
1285,13
1285,77
1285,989
1286,10
1286,23
1286,44
1286,160
1286,1949
1287,10
1287,476
1287,729
1287,730
1287,1950
1288,227
1288,865
1288,1951
1288,1952
1288,1953
1289,1
1289,13
1289,44
1289,77
1289,1954
1290,14
1290,135
1290,459
1290,1273
1290,1955
1291,33
1291,88
1291,1084
1291,1956
1291,1957
1292,245
1292,1864
1292,1958
1292,1959
1292,1960
1293,56
1293,132
1293,538
1293,1961
1293,1962
1294,69
1294,239
1294,1371
1294,1739
1294,1963
1295,331
1295,801
1295,1964
1295,1965
1295,1966
1296,1907
1296,1967
1296,1968
1296,1969
1296,1970
1297,105
1297,337
1297,380
1297,1096
1297,1810
1298,1964
1298,1965
1298,1966
1298,1971
1298,1972
1299,10
1299,326
1299,568
1299,946
1299,1973
1300,381
1300,382
1300,744
1300,1187
1300,1974
1301,1
1301,133
1301,743
1301,1975
1301,1976
1302,5
1302,406
1302,597
1302,623
1302,669
1303,14
1303,135
1303,223
1303,1463
1303,1822
1304,23
1304,343
1304,507
1304,964
1304,1439
1305,449
1305,742
1305,810
1305,1977
1305,1978
1306,1
1306,39
1306,133
1306,295
1306,1094
1307,1108
1307,1598
1307,1979
1307,1980
1307,1981
1308,42
1308,82
1308,723
1308,1281
1308,1982
1309,1
1309,3
1309,5
1309,133
1309,1641
1310,14
1310,136
1310,561
1310,711
1310,870
1311,52
1311,69
1311,136
1311,326
1311,1710
1312,567
1312,1494
1312,1603
1312,1983
1312,1984
1313,67
1313,207
1313,209
1313,1452
1313,1800
1314,97
1314,162
1314,449
1314,742
1314,977
1315,46
1315,133
1315,231
1315,853
1315,1985
1316,3
1316,133
1316,136
1316,191
1316,1505
1317,3
1317,77
1317,132
1317,133
1317,160
1318,50
1318,51
1318,77
1318,92
1318,1887
1319,73
1319,133
1319,295
1319,1764
1319,1986
1320,381
1320,382
1320,742
1320,744
1320,754
1321,1274
1321,1371
1321,1739
1321,1987
1321,1988
1322,1
1322,3
1322,13
1322,107
1322,348
1323,5
1323,14
1323,1364
1323,1480
1323,1687
1324,1
1324,42
1324,104
1324,451
1324,1989
1325,13
1325,191
1325,233
1325,286
1325,682
1326,461
1326,1990
1326,1991
1326,1992
1326,1993
1327,9
1327,260
1327,337
1327,433
1327,1994
1328,66
1328,69
1328,317
1328,583
1328,1189
1329,133
1329,286
1329,1995
1329,1996
1329,1997
1330,527
1330,564
1330,1793
1330,1898
1330,1998
1331,136
1331,191
1331,321
1331,561
1331,1999
1332,73
1332,274
1332,396
1332,853
1332,1854
1333,1
1333,3
1333,13
1333,44
1333,219
1334,46
1334,570
1334,964
1334,1600
1334,2000
1335,2001
1335,2002
1335,2003
1335,2004
1335,2005
1336,13
1336,364
1336,621
1336,970
1336,2006
1337,23
1337,160
1337,666
1337,2007
1337,2008
1338,1
1338,3
1338,133
1338,1282
1338,1395
1339,118
1339,518
1339,640
1339,641
1339,1713
1340,14
1340,52
1340,133
1340,923
1340,980
1341,9
1341,32
1341,40
1341,168
1341,536
1342,0
1342,13
1342,964
1342,994
1342,2009
1343,46
1343,1246
1343,1599
1343,1600
1343,2010
1344,28
1344,1383
1344,1430
1344,2011
1344,2012
1345,364
1345,990
1345,2013
1345,2014
1345,2015
1346,3
1346,130
1346,132
1346,133
1346,1586
1347,14
1347,66
1347,69
1347,466
1347,603
1348,1
1348,10
1348,44
1348,86
1348,311
1349,2016
1349,2017
1349,2018
1349,2019
1349,2020
1350,23
1350,26
1350,27
1350,102
1350,180
1351,3
1351,135
1351,191
1351,2021
1351,2022
1352,3
1352,52
1352,133
1352,136
1353,14
1353,414
1353,755
1353,1044
1353,2023
1354,198
1354,2024
1354,2025
1354,2026
1354,2027
1355,1
1355,23
1355,133
1355,135
1355,160
1356,507
1356,1439
1356,2028
1356,2029
1356,2030
1357,133
1357,191
1357,541
1357,1067
1357,1719
1358,13
1358,107
1358,337
1358,654
1358,2031
1359,135
1359,605
1359,2032
1359,2033
1359,2034
1360,0
1360,499
1360,620
1360,621
1360,2035
1361,23
1361,179
1361,585
1361,2036
1361,2037
1362,64
1362,346
1362,872
1362,1010
1362,2038
1363,98
1363,133
1363,718
1363,2039
1363,2040
1364,13
1364,23
1364,337
1364,342
1364,1195
1365,51
1365,303
1365,542
1365,2041
1365,2042
1366,3
1366,69
1366,136
1366,2043
1366,2044
1367,3
1367,13
1367,96
1367,433
1367,2045
1368,313
1368,382
1368,417
1368,743
1368,1531
1369,321
1369,561
1369,1253
1369,1445
1369,2046
1370,223
1370,299
1370,412
1370,1384
1370,2047
1371,3
1371,2048
1371,2049
1371,2050
1371,2051
1372,44
1372,227
1372,476
1372,865
1372,1014
1373,1
1373,13
1373,299
1373,412
1373,1822
1374,57
1374,1150
1374,1211
1374,1519
1374,2052
1375,12
1375,13
1375,284
1375,1788
1375,1816
1376,381
1376,382
1376,742
1376,743
1376,744
1377,1001
1377,1949
1377,2053
1377,2054
1377,2055
1378,13
1378,51
1378,69
1378,83
1378,636
1379,86
1379,94
1379,233
1379,1422
1379,2056
1380,10
1380,55
1380,337
1380,436
1380,516
1381,206
1381,207
1381,312
1381,1190
1381,2057
1382,502
1382,523
1382,688
1382,1065
1382,2058
1383,1
1383,69
1383,523
1383,1587
1383,2059
1384,3
1384,77
1384,132
1384,2060
1384,2061
1385,9
1385,10
1385,13
1385,31
1385,71
1386,49
1386,84
1386,621
1386,726
1386,2062
1387,69
1387,77
1387,1917
1387,2063
1387,2064
1388,17
1388,233
1388,338
1388,459
1388,2065
1389,48
1389,86
1389,314
1389,1183
1389,1520
1390,299
1390,701
1390,774
1390,2066
1390,2067
1391,449
1391,538
1391,978
1391,2068
1391,2069
1392,223
1392,237
1392,337
1392,506
1392,689
1393,299
1393,377
1393,393
1393,701
1393,1708
1394,1
1394,23
1394,317
1394,1108
1394,1697
1395,9
1395,223
1395,666
1395,1368
1395,2070
1396,86
1396,109
1396,842
1396,963
1396,2071
1397,23
1397,24
1397,26
1397,27
1397,399
1398,1
1398,13
1398,42
1398,145
1398,792
1399,109
1399,136
1399,964
1399,2072
1399,2073
1400,381
1400,382
1400,742
1400,744
1400,1545
1401,51
1401,86
1401,689
1401,743
1401,754
1402,1
1402,86
1402,133
1402,227
1402,1658
1403,136
1403,191
1403,205
1403,861
1403,2074
1404,9
1404,227
1404,509
1404,2075
1404,2076
1405,31
1405,160
1405,414
1405,693
1405,723
1406,133
1406,188
1406,190
1406,439
1406,2077
1407,181
1407,337
1407,516
1407,693
1407,1195
1408,136
1408,191
1408,1107
1408,2078
1408,2079
1409,295
1409,321
1409,2080
1409,2081
1409,2082
1410,10
1410,23
1410,55
1410,70
1410,71
1411,42
1411,1417
1411,1603
1411,1969
1411,2083
1412,10
1412,2084
1412,2085
1412,2086
1412,2087
1413,69
1413,77
1413,668
1413,964
1413,2088
1414,3
1414,286
1414,561
1414,1019
1415,5
1415,191
1415,1073
1415,1563
1415,2089
1416,1139
1416,2090
1416,2091
1416,2092
1416,2093
1417,1
1417,133
1417,346
1417,799
1417,1656
1418,9
1418,261
1418,436
1418,517
1418,764
1419,1
1419,13
1419,133
1419,219
1419,417
1420,133
1420,191
1420,703
1420,1259
1420,2094
1421,538
1421,612
1421,1209
1421,2095
1421,2096
1422,52
1422,69
1422,133
1422,513
1422,1880
1423,105
1423,287
1423,632
1423,635
1423,1430
1424,93
1424,139
1424,235
1424,650
1424,1810
1425,86
1425,300
1425,301
1425,1530
1425,2097
1426,61
1426,66
1426,109
1426,233
1426,1538
1427,13
1427,69
1427,86
1427,191
1427,2098
1428,1
1428,3
1428,133
1428,227
1428,864
1429,3
1429,133
1429,191
1429,1506
1429,2098
1430,51
1430,84
1430,133
1430,621
1430,2099
1431,1
1431,12
1431,13
1431,104
1431,227
1432,51
1432,786
1432,1066
1432,1488
1432,1520
1433,5
1433,130
1433,142
1433,342
1433,542
1434,2100
1434,2101
1434,2102
1434,2103
1434,2104
1435,23
1435,27
1435,92
1435,102
1435,699
1436,293
1436,977
1436,1099
1436,1100
1436,1462
1437,3
1437,559
1437,563
1437,1811
1437,2105
1438,174
1438,726
1438,786
1438,1005
1438,2106
1439,14
1439,380
1439,1756
1439,1810
1439,1969
1440,190
1440,295
1440,315
1440,449
1440,2077
1441,14
1441,23
1441,33
1441,136
1441,2107
1442,122
1442,314
1442,447
1442,502
1442,2108
1443,15
1443,32
1443,37
1443,38
1443,145
1444,1
1444,3
1444,348
1444,2109
1444,2110
1445,13
1445,107
1445,315
1445,516
1445,1096
1446,20
1446,104
1446,792
1446,1704
1446,2111
1447,27
1447,93
1447,565
1447,688
1447,831
1448,42
1448,73
1448,198
1448,1733
1448,2112
1449,1
1449,3
1449,133
1449,160
1449,861
1450,51
1450,142
1450,612
1450,1096
1450,1430
1451,1
1451,86
1451,133
1451,1478
1451,1694
1452,126
1452,339
1452,602
1452,1275
1452,2113
1453,542
1453,754
1453,1419
1453,1420
1453,1512
1454,1
1454,198
1454,233
1454,407
1454,501
1455,1
1455,3
1455,13
1455,425
1455,873
1456,1
1456,3
1456,15
1456,1463
1456,1904
1457,5
1457,133
1457,191
1457,691
1457,853
1458,3
1458,86
1458,133
1458,2114
1458,2115
1459,1
1459,232
1459,288
1459,366
1459,2116
1460,1
1460,3
1460,133
1460,191
1460,718
1461,69
1461,136
1461,295
1461,1252
1461,2117
1462,46
1462,331
1462,1966
1462,1971
1462,2118
1463,13
1463,23
1463,200
1463,356
1463,789
1464,13
1464,43
1464,69
1464,321
1464,360
1465,50
1465,300
1465,419
1465,1108
1465,2119
1466,3
1466,191
1466,286
1466,1702
1466,2120
1467,86
1467,97
1467,689
1467,1427
1467,2121
1468,381
1468,382
1468,742
1468,744
1468,1531
1469,1
1469,13
1469,133
1469,375
1469,599
1470,1
1470,133
1470,293
1470,1209
1470,1281
1471,3
1471,620
1471,621
1471,979
1471,2040
1472,3
1472,77
1472,2122
1472,2123
1472,2124
1473,133
1473,583
1473,1108
1473,1506
1473,2125
1474,313
1474,346
1474,417
1474,1010
1474,1531
1475,233
1475,321
1475,360
1475,582
1475,621
1476,0
1476,274
1476,1306
1476,2126
1476,2127
1477,1
1477,3
1477,408
1477,987
1477,2128
1478,0
1478,77
1478,136
1478,321
1478,2129
1479,46
1479,542
1479,1246
1479,2130
1479,2131
1480,1
1480,3
1480,233
1480,523
1480,2132
1481,425
1481,609
1481,1063
1481,1320
1481,2133
1482,424
1482,474
1482,1345
1482,2134
1482,2135
1483,133
1483,314
1483,342
1483,1773
1483,1887
1484,61
1484,133
1484,258
1484,313
1484,1068
1485,2050
1485,2136
1485,2137
1485,2138
1485,2139
1486,303
1486,924
1486,1546
1486,2140
1486,2141
1487,381
1487,382
1487,742
1487,744
1487,2142
1488,382
1488,541
1488,543
1488,1531
1488,2143
1489,260
1489,343
1489,612
1489,786
1489,865
1490,51
1490,97
1490,142
1490,237
1490,295
1491,233
1491,303
1491,1188
1491,2144
1491,2145
1492,0
1492,1094
1492,1247
1492,1417
1492,1446
1493,1
1493,23
1493,32
1493,44
1493,2146
1494,67
1494,206
1494,491
1494,1087
1494,2147
1495,13
1495,265
1495,299
1495,326
1495,329
1496,321
1496,961
1496,2148
1496,2149
1496,2150
1497,849
1497,890
1497,1169
1497,2151
1497,2152
1498,5
1498,519
1498,682
1498,1427
1498,1429
1499,32
1499,145
1499,1143
1499,2153
1499,2154
1500,62
1500,742
1500,1658
1500,2155
1500,2156
1501,10
1501,55
1501,70
1501,123
1501,2157
1502,1
1502,3
1502,13
1502,42
1502,295
1503,32
1503,61
1503,86
1503,139
1503,559
1504,14
1504,682
1504,1700
1504,2158
1504,2159
1505,55
1505,160
1505,1198
1505,1277
1505,2160
1506,133
1506,191
1506,201
1506,566
1506,1074
1507,69
1507,136
1507,1304
1507,1505
1507,2161
1508,9
1508,44
1508,86
1508,311
1508,2162
1509,130
1509,133
1509,342
1509,378
1509,1203
1510,793
1510,817
1510,1770
1510,2163
1510,2164
1511,2165
1511,2166
1511,2167
1511,2168
1511,2169
1512,3
1512,106
1512,287
1512,520
1512,2170
1513,317
1513,337
1513,655
1513,2171
1513,2172
1514,1984
1514,2059
1514,2173
1514,2174
1514,2175
1515,23
1515,280
1515,329
1515,503
1515,517
1516,1
1516,13
1516,580
1516,1043
1516,2176
1517,50
1517,51
1517,564
1517,964
1517,1096
1518,3
1518,286
1518,507
1518,2177
1518,2178
1519,1425
1519,2117
1519,2179
1519,2180
1519,2181
1520,3
1520,13
1520,237
1520,1366
1520,2182
1521,2183
1521,2184
1521,2185
1521,2186
1521,2187
1522,86
1522,133
1522,311
1522,743
1522,1593
1523,58
1523,133
1523,449
1523,964
1523,1586
1524,68
1524,139
1524,1155
1524,2188
1524,2189
1525,1
1525,13
1525,14
1525,337
1525,567
1526,192
1526,351
1526,577
1526,901
1526,1775
1527,5
1527,86
1527,691
1527,1420
1527,2190
1528,1
1528,420
1528,510
1528,2191
1528,2192
1529,54
1529,133
1529,237
1529,519
1529,754
1530,321
1530,344
1530,399
1530,643
1530,2193
1531,159
1531,360
1531,583
1531,758
1531,1197
1532,23
1532,102
1532,130
1532,413
1532,1704
1533,1
1533,3
1533,42
1533,109
1533,140
1534,244
1534,482
1534,511
1534,641
1534,2194
1535,10
1535,360
1535,437
1535,516
1535,1115
1536,15
1536,23
1536,295
1536,1329
1536,2195
1537,381
1537,641
1537,801
1537,1966
1537,1971
1538,14
1538,23
1538,133
1538,135
1538,1579
1539,1
1539,3
1539,13
1539,136
1539,364
1540,323
1540,324
1540,325
1540,1404
1540,1405
1541,1
1541,3
1541,133
1541,295
1541,1450
1542,265
1542,337
1542,436
1542,516
1542,655
1543,275
1543,501
1543,711
1543,977
1543,1133
1544,66
1544,69
1544,93
1544,233
1544,565
1545,186
1545,209
1545,1635
1545,1802
1545,2196
1546,1
1546,3
1546,13
1546,287
1546,2197
1547,14
1547,54
1547,86
1547,133
1547,219
1548,66
1548,565
1548,870
1548,1043
1548,1537
1549,1
1549,3
1549,133
1549,219
1549,231
1550,342
1550,412
1550,932
1550,990
1550,2198
1551,5
1551,52
1551,86
1551,133
1551,2156
1552,191
1552,233
1552,303
1552,1810
1552,1901
1553,13
1553,437
1553,683
1553,787
1553,916
1554,3
1554,77
1554,295
1554,978
1554,2199
1555,0
1555,133
1555,382
1555,744
1555,754
1556,33
1556,51
1556,136
1556,1445
1556,2200
1557,23
1557,26
1557,41
1557,102
1557,931
1558,32
1558,83
1558,145
1558,290
1558,710
1559,130
1559,1419
1559,1420
1559,1744
1559,2201
1560,69
1560,238
1560,1004
1560,1304
1560,1621
1561,67
1561,139
1561,810
1561,1552
1561,2202
1562,3
1562,61
1562,947
1562,2203
1562,2204
1563,96
1563,429
1563,785
1563,865
1563,1096
1564,145
1564,457
1564,511
1564,1544
1564,2205
1565,3
1565,13
1565,69
1565,191
1565,2206
1566,1
1566,233
1566,501
1566,1244
1566,2207
1567,159
1567,300
1567,707
1567,1530
1567,1624
1568,1
1568,288
1568,446
1568,650
1568,1496
1569,51
1569,612
1569,990
1569,1173
1569,1238
1570,69
1570,299
1570,494
1570,1526
1570,2208
1571,212
1571,511
1571,923
1571,2209
1571,2210
1572,133
1572,142
1572,193
1572,598
1572,1338
1573,162
1573,300
1573,542
1573,801
1573,1808
1574,10
1574,237
1574,337
1574,346
1574,436
1575,1
1575,10
1575,13
1575,949
1575,2211
1576,86
1576,133
1576,300
1576,301
1576,1530
1577,0
1577,620
1577,621
1577,1398
1577,2035
1578,342
1578,591
1578,632
1578,994
1578,1955
1579,133
1579,388
1579,563
1579,861
1579,1639
1580,136
1580,1611
1580,1849
1580,2212
1580,2213
1581,337
1581,437
1581,795
1581,865
1581,1469
1582,1
1582,23
1582,280
1582,2214
1582,2215
1583,1246
1583,1599
1583,1643
1583,2010
1583,2216
1584,286
1584,1695
1584,1969
1584,2217
1584,2218
1585,3
1585,133
1585,2219
1586,3
1586,133
1586,286
1586,1108
1586,1546
1587,14
1587,69
1587,191
1587,1603
1587,2220
1588,23
1588,27
1588,57
1588,86
1588,102
1589,13
1589,23
1589,233
1589,263
1589,303
1590,1
1590,13
1590,133
1590,519
1590,853
1591,160
1591,212
1591,830
1591,1277
1591,2221
1592,51
1592,244
1592,433
1592,1237
1592,1252
1593,69
1593,239
1593,935
1593,1095
1593,2222
1594,33
1594,316
1594,1113
1594,2223
1594,2224
1595,49
1595,726
1595,1451
1595,2060
1595,2225
1596,86
1596,234
1596,300
1596,324
1596,1530
1597,1277
1597,2226
1597,2227
1597,2228
1597,2229
1598,1116
1598,1499
1598,2230
1598,2231
1598,2232
1599,515
1599,1338
1599,1399
1599,1808
1599,2233
1600,298
1600,565
1600,640
1600,688
1600,2234
1601,233
1601,616
1601,1417
1601,2235
1601,2236
1602,133
1602,360
1602,382
1602,519
1602,754
1603,1154
1603,1433
1603,1442
1603,1801
1603,2237
1604,33
1604,420
1604,1001
1604,1710
1604,2238
1605,1891
1605,2239
1605,2240
1605,2241
1605,2242
1606,93
1606,565
1606,1732
1606,1852
1606,2243
1607,439
1607,2244
1607,2245
1607,2246
1607,2247
1608,23
1608,145
1608,160
1608,246
1608,693
1609,381
1609,382
1609,742
1609,743
1609,744
1610,46
1610,142
1610,228
1610,264
1610,686
1611,23
1611,133
1611,295
1611,718
1611,2074
1612,3
1612,133
1612,1784
1613,132
1613,570
1613,964
1613,989
1613,1409
1614,61
1614,604
1614,947
1614,1708
1614,2248
1615,1
1615,13
1615,412
1615,990
1615,2249
1616,1
1616,202
1616,299
1616,907
1616,2250
1617,1
1617,381
1617,1251
1617,1924
1617,2251
1618,528
1618,564
1618,1793
1618,1794
1618,2252
1619,12
1619,401
1619,957
1619,2253
1619,2254
1620,1873
1620,2255
1620,2256
1620,2257
1620,2258
1621,1
1621,223
1621,364
1621,612
1621,2259
1622,73
1622,191
1622,321
1622,1470
1622,1687
1623,33
1623,83
1623,342
1623,921
1623,1006
1624,382
1624,403
1624,541
1624,543
1624,1763
1625,52
1625,69
1625,136
1625,1003
1625,1321
1626,96
1626,142
1626,559
1626,1043
1626,1044
1627,783
1627,1538
1627,1625
1627,2260
1627,2261
1628,303
1628,364
1628,612
1628,1442
1628,2262
1629,1
1629,133
1629,382
1629,744
1629,754
1630,245
1630,1285
1630,1286
1630,1883
1630,2218
1631,37
1631,42
1631,82
1631,106
1631,635
1632,1
1632,14
1632,96
1632,1076
1632,2263
1633,541
1633,542
1633,1719
1633,1808
1633,2264
1634,23
1634,27
1634,123
1634,179
1634,290
1635,417
1635,419
1635,980
1635,1108
1635,1338
1636,1
1636,422
1636,796
1636,1696
1636,2265
1637,61
1637,303
1637,1547
1637,1839
1637,2266
1638,381
1638,382
1638,742
1638,744
1638,1545
1639,133
1639,191
1639,239
1639,691
1639,2267
1640,13
1640,295
1640,612
1640,2268
1640,2269
1641,1
1641,3
1641,133
1641,191
1642,37
1642,1007
1642,1770
1642,2270
1642,2271
1643,13
1643,57
1643,69
1643,364
1643,866
1644,1
1644,23
1644,32
1644,740
1644,2272
1645,1
1645,3
1645,219
1645,683
1645,723
1646,58
1646,1417
1646,2273
1646,2274
1646,2275
1647,3
1647,191
1647,286
1647,535
1647,561
1648,1
1648,54
1648,123
1648,494
1648,2276
1649,130
1649,142
1649,1535
1649,2277
1649,2278
1650,9
1650,10
1650,219
1650,252
1650,2279
1651,3
1651,133
1651,279
1651,520
1651,651
1652,10
1652,13
1652,86
1652,142
1652,2280
1653,1
1653,3
1653,133
1653,682
1653,689
1654,78
1654,621
1654,744
1654,754
1654,1492
1655,3
1655,107
1655,132
1655,133
1655,2114
1656,133
1656,519
1656,2028
1656,2281
1656,2282
1657,55
1657,263
1657,436
1657,511
1657,694
1658,3
1658,133
1658,191
1658,853
1658,2283
1659,84
1659,86
1659,439
1659,2284
1659,2285
1660,69
1660,651
1660,1756
1660,1810
1660,1901
1661,12
1661,13
1661,433
1661,1430
1661,2286
1662,9
1662,77
1662,414
1662,439
1662,1194
1663,9
1663,449
1663,865
1663,1035
1663,1975
1664,1
1664,3
1664,538
1664,1446
1664,2287
1665,3
1665,13
1665,393
1665,2288
1665,2289
1666,23
1666,27
1666,92
1666,102
1666,517
1667,23
1667,337
1667,689
1667,1115
1667,1195
1668,233
1668,495
1668,1133
1668,1211
1668,1518
1669,71
1669,77
1669,132
1669,684
1669,2290
1670,1
1670,13
1670,17
1670,399
1670,2291
1671,1
1671,23
1671,77
1671,133
1671,436
1672,69
1672,540
1672,561
1672,865
1672,2292
1673,86
1673,133
1673,507
1673,519
1673,1586
1674,1
1674,133
1674,542
1674,754
1674,1108
1675,1
1675,15
1675,44
1675,638
1675,775
1676,16
1676,123
1676,223
1676,351
1676,1912
1677,67
1677,184
1677,206
1677,207
1677,208
1678,73
1678,274
1678,1094
1678,1645
1678,2293
1679,33
1679,69
1679,561
1679,2294
1679,2295
1680,276
1680,465
1680,723
1680,1811
1680,2296
1681,1
1681,13
1681,393
1681,637
1681,2297
1682,23
1682,24
1682,94
1682,517
1682,2298
1683,96
1683,135
1683,494
1683,970
1683,1338
1684,13
1684,136
1684,160
1684,237
1684,350
1685,198
1685,1984
1685,2299
1685,2300
1685,2301
1686,103
1686,223
1686,266
1686,447
1686,594
1687,58
1687,813
1687,2097
1687,2302
1687,2303
1688,1455
1688,2304
1688,2305
1688,2306
1688,2307
1689,54
1689,516
1689,1076
1689,1077
1689,1451
1690,193
1690,288
1690,342
1690,364
1690,1713
1691,1
1691,162
1691,1940
1691,2308
1691,2309
1692,23
1692,24
1692,585
1692,1132
1692,2310
1693,1
1693,23
1693,290
1693,652
1693,2311
1694,381
1694,382
1694,742
1694,744
1694,1658
1695,3
1695,13
1695,77
1695,550
1695,2312
1696,381
1696,382
1696,742
1696,744
1696,754
1697,640
1697,690
1697,2313
1697,2314
1697,2315
1698,299
1698,902
1698,1384
1698,2316
1698,2317
1699,145
1699,223
1699,1042
1699,1235
1699,2318
1700,23
1700,102
1700,228
1700,321
1700,2319
1701,1
1701,86
1701,193
1701,1096
1701,1991
1702,337
1702,436
1702,437
1702,612
1702,655
1703,69
1703,1004
1703,1020
1703,1831
1703,2320
1704,1
1704,3
1704,69
1704,651
1704,1812
1705,1
1705,32
1705,44
1705,145
1705,635
1706,1
1706,130
1706,133
1706,947
1706,1006
1707,23
1707,133
1707,1108
1707,2321
1707,2322
1708,133
1708,1345
1708,1533
1708,1840
1708,1975
1709,133
1709,191
1709,582
1709,682
1709,2028
1710,520
1710,1023
1710,2323
1710,2324
1710,2325
1711,136
1711,153
1711,191
1711,1488
1711,2326
1712,139
1712,233
1712,565
1712,1022
1712,1520
1713,654
1713,1394
1713,1518
1713,1714
1713,2327
1714,1
1714,133
1714,519
1714,853
1714,1639
1715,381
1715,382
1715,743
1715,744
1715,1545
1716,360
1716,758
1716,800
1716,2328
1716,2329
1717,80
1717,682
1717,1338
1717,1408
1717,1687
1718,300
1718,314
1718,346
1718,447
1718,1709
1719,272
1719,1606
1719,1607
1719,2330
1719,2331
1720,51
1720,58
1720,132
1720,228
1720,570
1721,23
1721,27
1721,586
1721,699
1721,984
1722,1
1722,3
1722,133
1722,1259
1722,2265
1723,58
1723,499
1723,1391
1723,2332
1723,2333
1724,3
1724,1034
1724,2334
1724,2335
1724,2336
1725,105
1725,291
1725,445
1725,1553
1725,2032
1726,1
1726,84
1726,133
1726,403
1726,853
1727,9
1727,12
1727,86
1727,260
1727,786
1728,133
1728,295
1728,684
1728,1298
1728,1299
1729,1
1729,77
1729,132
1729,538
1729,978
1730,32
1730,44
1730,145
1730,324
1730,428
1731,5
1731,62
1731,346
1731,689
1731,1439
1732,13
1732,378
1732,796
1732,1338
1732,2337
1733,0
1733,33
1733,2214
1733,2338
1733,2339
1734,14
1734,69
1734,86
1734,133
1734,135
1735,381
1735,382
1735,744
1735,754
1735,1545
1736,381
1736,742
1736,744
1736,1545
1736,1693
1737,1
1737,13
1737,23
1737,121
1737,538
1738,217
1738,391
1738,1189
1738,2340
1738,2341
1739,23
1739,26
1739,27
1739,222
1739,580
1740,86
1740,311
1740,689
1740,743
1740,2342
1741,789
1741,1519
1741,2052
1741,2343
1741,2344
1742,252
1742,342
1742,536
1742,635
1742,1690
1743,23
1743,671
1743,871
1743,2254
1743,2345
1744,1
1744,381
1744,1068
1744,2346
1744,2347
1745,58
1745,439
1745,964
1745,1451
1745,2348
1746,337
1746,655
1746,1115
1746,1273
1746,2349
1747,742
1747,1103
1747,1658
1747,1971
1747,2350
1748,3
1748,133
1748,2028
1748,2351
1749,55
1749,360
1749,2188
1749,2352
1749,2353
1750,23
1750,26
1750,27
1750,94
1750,1071
1751,67
1751,139
1751,208
1751,1086
1751,1468
1752,14
1752,51
1752,89
1752,433
1752,964
1753,1
1753,3
1753,12
1753,133
1753,2354
1754,265
1754,317
1754,655
1754,783
1754,1049
1755,124
1755,265
1755,337
1755,414
1755,2355
1756,111
1756,295
1756,303
1756,567
1756,2356
1757,160
1757,693
1757,849
1757,890
1757,2357
1758,14
1758,84
1758,191
1758,1586
1758,2358
1759,3
1759,13
1759,69
1759,139
1759,2359
1760,1
1760,17
1760,23
1760,28
1760,2291
1761,1
1761,3
1761,86
1761,133
1761,734
1762,52
1762,86
1762,382
1762,1068
1762,2360
1763,60
1763,133
1763,300
1763,883
1763,1530
1764,1
1764,133
1764,853
1764,1429
1764,2361
1765,3
1765,133
1765,153
1765,1592
1765,2362
1766,23
1766,26
1766,27
1766,41
1766,102
1767,14
1767,506
1767,883
1767,1586
1767,2363
1768,5
1768,84
1768,300
1768,1252
1768,1512
1769,1
1769,3
1769,133
1769,191
1769,2364
1770,1
1770,3
1770,133
1770,754
1770,859
1771,264
1771,855
1771,1907
1771,2365
1771,2366
1772,23
1772,48
1772,290
1772,291
1772,710
1773,96
1773,160
1773,671
1773,723
1773,936
1774,198
1774,233
1774,241
1774,1282
1774,1693
1775,14
1775,86
1775,1273
1775,1930
1775,2367
1776,1
1776,42
1776,82
1776,303
1776,1822
1777,1
1777,3
1777,191
1777,637
1777,2368
1778,12
1778,317
1778,419
1778,1096
1778,1259
1779,142
1779,389
1779,509
1779,2369
1779,2370
1780,133
1780,314
1780,1982
1780,2371
1780,2372
1781,23
1781,121
1781,1414
1781,1542
1781,1778
1782,381
1782,382
1782,744
1782,1545
1782,1658
1783,162
1783,1150
1783,1225
1783,2373
1783,2374
1784,86
1784,2280
1784,2375
1784,2376
1784,2377
1785,14
1785,135
1785,1417
1785,1862
1785,2365
1786,13
1786,14
1786,86
1786,135
1786,689
1787,5
1787,1420
1787,1511
1787,1512
1787,2378
1788,14
1788,295
1788,303
1788,538
1788,665
1789,247
1789,644
1789,651
1789,1689
1789,2379
1790,94
1790,198
1790,650
1790,1056
1790,2380
1791,654
1791,942
1791,948
1791,949
1791,1106
1792,609
1792,911
1792,912
1792,1318
1792,2381
1793,1
1793,13
1793,935
1793,2014
1793,2382
1794,381
1794,726
1794,1010
1794,1043
1794,1814
1795,5
1795,135
1795,507
1795,600
1795,1646
1796,1
1796,3
1796,133
1796,159
1796,1658
1797,337
1797,436
1797,437
1797,655
1797,1273
1798,1
1798,3
1798,13
1798,2383
1798,2384
1799,1
1799,233
1799,330
1799,773
1799,2385
1800,23
1800,24
1800,26
1800,27
1800,41
1801,1
1801,13
1801,14
1801,429
1801,2386
1802,541
1802,542
1802,754
1802,1427
1802,1429
1803,177
1803,261
1803,401
1803,641
1803,1858
1804,380
1804,1810
1804,2015
1804,2251
1804,2387
1805,295
1805,375
1805,1791
1805,2388
1805,2389
1806,275
1806,2049
1806,2050
1806,2124
1806,2390
1807,15
1807,295
1807,641
1807,868
1807,1485
1808,33
1808,324
1808,565
1808,2391
1808,2392
1809,1
1809,3
1809,133
1809,293
1809,651
1810,1
1810,3
1810,83
1810,449
1810,2393
1811,23
1811,27
1811,92
1811,102
1811,2394
1812,187
1812,188
1812,189
1812,1828
1812,2077
1813,77
1813,84
1813,133
1813,2124
1813,2395
1814,10
1814,337
1814,433
1814,784
1814,2396
1815,110
1815,133
1815,388
1815,538
1815,2397
1816,321
1816,501
1816,2347
1816,2398
1816,2399
1817,1
1817,3
1817,133
1817,160
1817,2400
1818,199
1818,337
1818,511
1818,2401
1818,2402
1819,1
1819,86
1819,133
1819,1332
1819,2403
1820,23
1820,26
1820,27
1820,102
1820,517
1821,1
1821,3
1821,524
1821,1211
1821,1696
1822,381
1822,382
1822,742
1822,744
1822,754
1823,23
1823,26
1823,27
1823,699
1823,984
1824,42
1824,82
1824,1224
1824,1430
1824,2404
1825,13
1825,97
1825,538
1825,1043
1825,1478
1826,3
1826,380
1826,1023
1826,1812
1826,2338
1827,337
1827,436
1827,655
1827,1115
1827,1273
1828,120
1828,142
1828,366
1828,494
1828,1713
1829,6
1829,623
1829,669
1829,1073
1829,1470
1830,3
1830,13
1830,295
1830,621
1830,2405
1831,489
1831,1143
1831,1213
1831,2406
1831,2407
1832,381
1832,382
1832,742
1832,744
1832,754
1833,23
1833,136
1833,540
1833,733
1833,2158
1834,14
1834,55
1834,133
1834,572
1834,740
1835,69
1835,2117
1835,2320
1835,2408
1835,2409
1836,86
1836,228
1836,691
1836,743
1836,1707
1837,364
1837,380
1837,1043
1837,2410
1837,2411
1838,23
1838,42
1838,54
1838,55
1838,123
1839,133
1839,519
1839,542
1839,744
1839,1429
1840,31
1840,414
1840,433
1840,921
1840,931
1841,13
1841,61
1841,69
1841,86
1841,1004
1842,3
1842,779
1842,2412
1842,2413
1843,1
1843,3
1843,69
1843,861
1843,1737
1844,381
1844,1042
1844,2414
1844,2415
1844,2416
1845,69
1845,233
1845,238
1845,1710
1845,2267
1846,1
1846,3
1846,191
1846,304
1846,396
1847,1
1847,3
1847,77
1847,133
1847,1435
1848,23
1848,51
1848,135
1848,378
1848,399
1849,39
1849,295
1849,1094
1849,1438
1849,2417
1850,552
1850,854
1850,931
1850,1262
1850,2418
1851,314
1851,527
1851,528
1851,564
1851,1794
1852,69
1852,136
1852,238
1852,1810
1852,2419
1853,19
1853,265
1853,655
1853,1049
1853,1273
1854,0
1854,621
1854,1571
1854,1698
1854,1702
1855,13
1855,107
1855,947
1855,2204
1855,2420
1856,3
1856,13
1856,567
1856,785
1856,883
1857,1
1857,23
1857,133
1857,180
1857,275
1858,130
1858,132
1858,300
1858,981
1858,1530
1859,46
1859,133
1859,135
1859,559
1859,2042
1860,9
1860,13
1860,128
1860,177
1860,563
1861,1
1861,364
1861,538
1861,612
1861,723
1862,1
1862,3
1862,133
1862,519
1863,156
1863,519
1863,1512
1863,1930
1863,2421
1864,162
1864,1536
1864,1852
1864,2318
1864,2422
1865,55
1865,871
1865,1235
1865,1255
1865,2423
1866,1
1866,3
1866,133
1866,2424
1866,2425
1867,126
1867,1032
1867,2426
1867,2427
1867,2428
1868,23
1868,180
1868,310
1868,694
1868,2429
1869,133
1869,153
1869,156
1869,191
1869,1338
1870,1
1870,51
1870,77
1870,133
1870,321
1871,3
1871,191
1871,239
1871,295
1871,558
1872,51
1872,84
1872,130
1872,132
1872,133
1873,9
1873,133
1873,459
1873,689
1873,2430
1874,433
1874,761
1874,1296
1874,2431
1874,2432
1875,2433
1875,2434
1875,2435
1875,2436
1875,2437
1876,1
1876,13
1876,519
1876,689
1876,2438
1877,106
1877,635
1877,1096
1877,2439
1877,2440
1878,69
1878,163
1878,296
1878,612
1878,999
1879,1
1879,13
1879,44
1879,83
1879,297
1880,17
1880,55
1880,710
1880,2441
1880,2442
1881,67
1881,208
1881,799
1881,1174
1881,1800
1882,86
1882,262
1882,519
1882,2443
1882,2444
1883,540
1883,682
1883,1304
1883,1505
1883,2264
1884,42
1884,119
1884,121
1884,296
1884,2445
1885,814
1885,1157
1885,1463
1885,2446
1885,2447
1886,133
1886,300
1886,388
1886,433
1886,1044
1887,1
1887,3
1887,13
1887,177
1887,401
1888,86
1888,538
1888,743
1888,2448
1888,2449
1889,9
1889,58
1889,375
1889,563
1889,2106
1890,280
1890,342
1890,449
1890,632
1890,1430
1891,160
1891,245
1891,425
1891,690
1891,873
1892,96
1892,97
1892,136
1892,237
1892,1043
1893,51
1893,313
1893,682
1893,691
1893,1108
1894,1448
1894,1908
1894,2450
1894,2451
1894,2452
1895,23
1895,538
1895,564
1895,1659
1895,2453
1896,3
1896,13
1896,97
1896,317
1896,733
1897,10
1897,70
1897,237
1897,1912
1897,2454
1898,23
1898,637
1898,1417
1898,2455
1898,2456
1899,1
1899,71
1899,77
1899,133
1899,1741
1900,1
1900,191
1900,286
1900,372
1900,1687
1901,542
1901,754
1901,1512
1901,1624
1901,2010
1902,86
1902,299
1902,723
1902,1821
1902,2444
1903,46
1903,1068
1903,1246
1903,1688
1903,2216
1904,299
1904,337
1904,564
1904,904
1904,2157
1905,1
1905,69
1905,132
1905,133
1905,1259
1906,888
1906,2457
1906,2458
1906,2459
1906,2460
1907,51
1907,58
1907,133
1907,303
1907,436
1908,1
1908,3
1908,69
1908,133
1908,707
1909,32
1909,42
1909,1417
1909,2249
1909,2461
1910,77
1910,133
1910,136
1910,295
1910,406
1911,284
1911,364
1911,401
1911,412
1911,641
1912,160
1912,1277
1912,1804
1912,2229
1912,2462
1913,160
1913,246
1913,266
1913,407
1913,449
1914,597
1914,1446
1914,1451
1914,2010
1914,2463
1915,1
1915,3
1915,133
1915,219
1915,689
1916,1
1916,3
1916,13
1916,71
1916,433
1917,252
1917,352
1917,766
1917,2464
1917,2465
1918,507
1918,519
1918,1410
1918,2028
1918,2466
1919,73
1919,2293
1919,2467
1919,2468
1919,2469
1920,93
1920,1183
1920,1294
1920,1452
1920,2470
1921,3
1921,191
1921,198
1921,321
1921,2471
1922,5
1922,54
1922,133
1922,1439
1922,2472
1923,1
1923,13
1923,96
1923,375
1923,2473
1924,23
1924,77
1924,191
1924,365
1924,1519
1925,1
1925,3
1925,133
1925,1658
1925,2392
1926,499
1926,1483
1926,2431
1926,2474
1926,2475
1927,11
1927,313
1927,383
1927,1680
1927,2476
1928,17
1928,139
1928,159
1928,407
1928,1277
1929,13
1929,131
1929,337
1929,865
1929,1586
1930,69
1930,136
1930,1505
1930,2477
1930,2478
1931,321
1931,1333
1931,1430
1931,1702
1931,2220
1932,13
1932,105
1932,126
1932,237
1932,287
1933,1
1933,417
1933,612
1933,2479
1933,2480
1934,1
1934,293
1934,299
1934,1157
1934,1209
1935,64
1935,233
1935,314
1935,2248
1935,2481
1936,1
1936,3
1936,291
1936,2387
1936,2482
1937,69
1937,364
1937,563
1937,1123
1937,2483
1938,1
1938,3
1938,81
1938,133
1938,583
1939,34
1939,69
1939,136
1939,321
1939,1211
1940,804
1940,1494
1940,2359
1940,2484
1940,2485
1941,393
1941,422
1941,583
1941,654
1941,2486
1942,381
1942,382
1942,744
1942,754
1942,1658
1943,9
1943,12
1943,786
1943,1565
1943,2487
1944,14
1944,57
1944,86
1944,133
1944,691
1945,9
1945,23
1945,266
1945,329
1945,2488
1946,80
1946,191
1946,372
1946,1338
1946,2489
1947,33
1947,142
1947,612
1947,641
1947,2489
1948,78
1948,86
1948,133
1948,1768
1948,2490
1949,3
1949,61
1949,69
1949,142
1949,1496
1950,13
1950,84
1950,219
1950,375
1950,2211
1951,86
1951,158
1951,267
1951,883
1951,1478
1952,69
1952,561
1952,1304
1952,1753
1952,1765
1953,158
1953,801
1953,861
1953,1420
1953,1512
1954,32
1954,288
1954,445
1954,1281
1954,1989
1955,86
1955,507
1955,801
1955,964
1955,1937
1956,132
1956,133
1956,538
1956,621
1956,964
1957,139
1957,238
1957,565
1957,1224
1957,1770
1958,23
1958,26
1958,27
1958,102
1958,699
1959,381
1959,382
1959,742
1959,744
1959,1545
1960,1
1960,295
1960,2491
1960,2492
1960,2493
1961,238
1961,520
1961,2494
1961,2495
1961,2496
1962,9
1962,12
1962,37
1962,266
1962,723
1963,11
1963,13
1963,107
1963,159
1963,671
1964,1
1964,3
1964,133
1964,191
1965,42
1965,83
1965,407
1965,792
1965,2497
1966,86
1966,311
1966,433
1966,689
1966,2498
1967,14
1967,135
1967,160
1967,212
1967,2499
1968,23
1968,288
1968,290
1968,511
1968,1139
1969,23
1969,43
1969,300
1969,1044
1969,1293
1970,1625
1970,2192
1970,2500
1970,2501
1970,2502
1971,382
1971,742
1971,743
1971,744
1971,754
1972,35
1972,71
1972,2503
1972,2504
1972,2505
1973,10
1973,70
1973,133
1973,136
1973,924
1974,187
1974,188
1974,189
1974,1803
1974,2506
1975,54
1975,142
1975,313
1975,417
1975,2507
1976,382
1976,519
1976,834
1976,2508
1976,2509
1977,188
1977,632
1977,1195
1977,1437
1977,2510
1978,33
1978,372
1978,1108
1978,1479
1978,1687
1979,33
1979,212
1979,2014
1979,2511
1979,2512
1980,1
1980,3
1980,13
1980,83
1980,837
1981,0
1981,69
1981,295
1981,858
1981,1004
1982,71
1982,419
1982,1060
1982,2513
1982,2514
1983,51
1983,136
1983,193
1983,295
1983,1321
1984,1
1984,3
1984,133
1984,1067
1985,223
1985,225
1985,582
1985,1197
1985,1294
1986,437
1986,1345
1986,1775
1986,1912
1986,2515
1987,187
1987,188
1987,331
1987,1803
1987,2077
1988,39
1988,563
1988,883
1988,1506
1988,2516
1989,51
1989,133
1989,378
1989,612
1989,1923
1990,1
1990,3
1990,510
1990,971
1990,2517
1991,1
1991,3
1991,13
1991,368
1991,2518
1992,3
1992,295
1992,304
1992,2519
1992,2520
1993,1
1993,3
1993,2458
1993,2521
1993,2522
1994,20
1994,300
1994,683
1994,689
1994,1284
1995,3
1995,133
1995,2523
1996,69
1996,136
1996,142
1996,191
1996,2524
1997,109
1997,133
1997,637
1997,977
1997,2525
1998,13
1998,23
1998,43
1998,109
1998,2526
1999,179
1999,612
1999,2434
1999,2436
1999,2527
2000,17
2000,23
2000,234
2000,246
2000,2221
2001,1
2001,3
2001,133
2001,191
2001,2528
2002,221
2002,945
2002,2529
2002,2530
2002,2531
2003,139
2003,565
2003,1178
2003,2370
2003,2532
2004,13
2004,142
2004,193
2004,244
2004,343
2005,1
2005,145
2005,350
2005,503
2005,1687
2006,1
2006,42
2006,233
2006,449
2006,810
2007,337
2007,655
2007,1115
2007,1273
2007,2533
2008,253
2008,254
2008,416
2008,920
2008,1194
2009,3
2009,191
2009,295
2009,303
2009,2534
2010,5
2010,406
2010,623
2010,1419
2010,2010
2011,63
2011,237
2011,437
2011,837
2011,1572
2012,834
2012,1210
2012,1510
2012,2508
2012,2509
2013,1
2013,145
2013,297
2013,835
2013,2535
2014,23
2014,109
2014,436
2014,1969
2014,2536
2015,121
2015,162
2015,1132
2015,2537
2015,2538
2016,23
2016,382
2016,682
2016,744
2016,754
2017,1
2017,13
2017,219
2017,360
2017,1044
2018,10
2018,118
2018,120
2018,296
2018,494
2019,23
2019,86
2019,159
2019,223
2019,2539
2020,3
2020,136
2020,191
2020,540
2020,1029
2021,233
2021,297
2021,393
2021,510
2021,1291
2022,799
2022,810
2022,1939
2022,2385
2022,2540
2023,69
2023,169
2023,1004
2023,1649
2023,1917
2024,14
2024,69
2024,561
2024,2409
2024,2541
2025,345
2025,442
2025,559
2025,901
2025,1190
2026,32
2026,384
2026,446
2026,2189
2026,2542
2027,1430
2027,1448
2027,2450
2027,2543
2027,2544
2028,295
2028,1063
2028,2545
2028,2546
2028,2547
2029,130
2029,132
2029,133
2029,689
2029,1413
2030,65
2030,83
2030,223
2030,842
2030,2548
2031,1508
2031,1772
2031,2476
2031,2549
2031,2550
2032,13
2032,291
2032,351
2032,1063
2032,2014
2033,133
2033,295
2033,612
2033,882
2033,2400
2034,198
2034,303
2034,501
2034,2551
2034,2552
2035,519
2035,671
2035,2438
2035,2553
2035,2554
2036,133
2036,433
2036,621
2036,941
2036,1850
2037,1
2037,3
2037,133
2037,1413
2037,2269
2038,142
2038,304
2038,436
2038,457
2038,641
2039,5
2039,754
2039,1428
2039,2555
2039,2556
2040,13
2040,107
2040,635
2040,980
2040,2182
2041,1
2041,10
2041,13
2041,1252
2041,1258
2042,14
2042,15
2042,135
2042,1155
2042,2557
2043,96
2043,935
2043,1043
2043,2524
2043,2558
2044,520
2044,671
2044,1665
2044,2559
2044,2560
2045,1
2045,3
2045,170
2045,2561
2045,2562
2046,23
2046,775
2046,920
2046,921
2046,984
2047,192
2047,351
2047,2464
2047,2465
2047,2563
2048,82
2048,431
2048,432
2048,1043
2048,2564
2049,297
2049,637
2049,984
2049,1701
2049,2565
2050,69
2050,191
2050,279
2050,535
2050,561
2051,1
2051,3
2051,133
2051,1043
2051,2423
2052,121
2052,978
2052,1586
2052,1710
2052,1969
2053,188
2053,189
2053,1826
2053,1828
2053,2566
2054,181
2054,1211
2054,2567
2054,2568
2054,2569
2055,1611
2055,2570
2055,2571
2055,2572
2055,2573
2056,1
2056,3
2056,13
2056,2574
2056,2575
2057,9
2057,12
2057,266
2057,433
2057,436
2058,67
2058,207
2058,799
2058,1189
2058,2576
2059,133
2059,192
2059,561
2059,718
2059,1908
2060,131
2060,439
2060,1758
2060,1759
2060,2577
2061,23
2061,26
2061,27
2061,228
2061,699
2062,51
2062,98
2062,853
2062,2039
2062,2578
2063,1
2063,13
2063,564
2063,1368
2063,1857
2064,191
2064,841
2064,1519
2064,2579
2064,2580
2065,253
2065,416
2065,920
2065,1013
2065,1194
2066,968
2066,1137
2066,2581
2066,2582
2066,2583
2067,109
2067,191
2067,368
2067,2584
2067,2585
2068,1
2068,13
2068,14
2068,55
2068,2586
2069,1
2069,3
2069,13
2069,985
2069,1377
2070,13
2070,96
2070,233
2070,612
2070,1616
2071,744
2071,747
2071,748
2071,754
2071,1243
2072,69
2072,101
2072,191
2072,364
2072,2587
2073,96
2073,507
2073,671
2073,2466
2073,2588
2074,44
2074,121
2074,142
2074,194
2074,342
2075,133
2075,191
2075,334
2075,1259
2075,1707
2076,1
2076,3
2076,133
2076,300
2076,964
2077,61
2077,1293
2077,1852
2077,2589
2077,2590
2078,104
2078,233
2078,266
2078,1096
2078,1852
2079,1
2079,366
2079,461
2079,800
2079,1604
2080,77
2080,132
2080,300
2080,883
2080,1417
2081,547
2081,1047
2081,1626
2081,2591
2081,2592
2082,67
2082,71
2082,139
2082,1082
2082,2370
2083,14
2083,69
2083,433
2083,861
2083,933
2084,86
2084,133
2084,135
2084,191
2084,540
2085,1
2085,13
2085,388
2085,2593
2085,2594
2086,10
2086,55
2086,70
2086,386
2086,1156
2087,77
2087,507
2087,1577
2087,2028
2087,2595
2088,67
2088,184
2088,206
2088,207
2088,209
2089,10
2089,13
2089,54
2089,77
2089,684
2090,84
2090,130
2090,133
2090,561
2090,2596
2091,1
2091,23
2091,102
2091,219
2091,2049
2092,10
2092,55
2092,123
2092,536
2092,1810
2093,293
2093,1462
2093,1472
2093,2597
2093,2598
2094,233
2094,1852
2094,2083
2094,2599
2094,2600
2095,86
2095,237
2095,743
2095,754
2095,964
2096,1
2096,3
2096,97
2096,133
2096,2601
2097,3
2097,77
2097,133
2097,136
2097,191
2098,61
2098,437
2098,559
2098,693
2098,2130
2099,1074
2099,1756
2099,1810
2099,1901
2099,2602
2100,3
2100,13
2100,155
2100,321
2100,2603
2101,50
2101,364
2101,690
2101,1237
2101,1240
2102,245
2102,1143
2102,1286
2102,1411
2102,1536
2103,44
2103,86
2103,145
2103,290
2103,710
2104,1
2104,450
2104,987
2104,1292
2104,1656
2105,14
2105,86
2105,191
2105,550
2105,682
2106,13
2106,69
2106,364
2106,369
2106,689
2107,23
2107,41
2107,42
2107,104
2107,1096
2108,78
2108,133
2108,191
2108,1108
2108,2604
2109,69
2109,136
2109,170
2109,2605
2109,2606
2110,43
2110,142
2110,738
2110,1293
2110,2607
2111,33
2111,86
2111,396
2111,2608
2111,2609
2112,67
2112,93
2112,558
2112,565
2112,2610
2113,11
2113,458
2113,462
2113,1312
2113,2611
2114,69
2114,193
2114,364
2114,618
2114,2612
2115,23
2115,44
2115,145
2115,338
2115,693
2116,23
2116,27
2116,179
2116,1076
2116,1077
2117,233
2117,241
2117,303
2117,344
2117,1042
2118,126
2118,612
2118,980
2118,2439
2118,2613
2119,3
2119,13
2119,295
2119,1377
2119,2614
2120,23
2120,56
2120,160
2120,233
2120,693
2121,1
2121,3
2121,14
2121,297
2121,2615
2122,14
2122,133
2122,191
2122,718
2122,2616
2123,46
2123,326
2123,2617
2123,2618
2123,2619
2124,133
2124,142
2124,1416
2124,1702
2124,2125
2125,381
2125,382
2125,744
2125,1545
2125,1658
2126,66
2126,540
2126,597
2126,2010
2126,2403
2127,1
2127,13
2127,544
2127,931
2127,2620
2128,13
2128,142
2128,511
2128,1710
2128,2393
2129,23
2129,26
2129,41
2129,92
2129,294
2130,1
2130,3
2130,166
2130,2621
2130,2622
2131,51
2131,86
2131,133
2131,300
2131,598
2132,42
2132,2520
2132,2574
2132,2620
2132,2623
2133,42
2133,233
2133,533
2133,814
2133,1411
2134,1
2134,42
2134,82
2134,299
2134,1064
2135,10
2135,92
2135,180
2135,219
2135,2429
2136,48
2136,103
2136,552
2136,654
2136,2329
2137,3
2137,321
2137,2624
2138,55
2138,109
2138,397
2138,842
2138,1276
2139,23
2139,24
2139,26
2139,27
2139,41
2140,0
2140,1
2140,3
2140,295
2140,2625
2141,23
2141,26
2141,27
2141,41
2141,42
2142,414
2142,618
2142,1400
2142,2626
2142,2627
2143,3
2143,69
2143,239
2143,810
2143,1939
2144,1
2144,3
2144,133
2144,237
2144,1944
2145,133
2145,466
2145,1108
2145,2604
2145,2628
2146,164
2146,1417
2146,2018
2146,2174
2146,2412
2147,13
2147,299
2147,899
2147,1708
2147,2629
2148,192
2148,352
2148,414
2148,476
2148,2630
2149,3
2149,54
2149,69
2149,136
2149,689
2150,159
2150,583
2150,800
2150,2631
2150,2632
2151,1
2151,790
2151,1659
2151,2633
2151,2634
2152,156
2152,219
2152,419
2152,2111
2152,2635
2153,64
2153,96
2153,346
2153,1884
2153,2157
2154,13
2154,69
2154,135
2154,1621
2154,2636
2155,254
2155,414
2155,416
2155,1194
2155,2211
2156,1
2156,13
2156,433
2156,1741
2156,2637
2157,0
2157,406
2157,685
2157,861
2157,2638
2158,632
2158,1060
2158,2639
2158,2640
2158,2641
2159,17
2159,160
2159,693
2159,849
2159,2642
2160,50
2160,51
2160,563
2160,903
2160,2586
2161,299
2161,412
2161,565
2161,2643
2161,2644
2162,51
2162,132
2162,133
2162,550
2162,2324
2163,105
2163,291
2163,433
2163,618
2163,756
2164,9
2164,31
2164,67
2164,219
2164,1082
2165,14
2165,135
2165,191
2165,201
2165,2579
2166,201
2166,378
2166,412
2166,690
2166,2645
2167,1
2167,3
2167,12
2167,13
2167,2646
2168,889
2168,918
2168,1456
2168,2623
2168,2647
2169,14
2169,135
2169,191
2169,707
2169,1074
2170,88
2170,309
2170,313
2170,1531
2170,2648
2171,23
2171,24
2171,26
2171,27
2171,92
2172,67
2172,183
2172,224
2172,812
2172,1231
2173,1226
2173,1332
2173,2649
2173,2650
2173,2651
2174,71
2174,313
2174,832
2174,1510
2174,2652
2175,519
2175,552
2175,1442
2175,1696
2175,1787
2176,476
2176,632
2176,641
2176,848
2176,1368
2177,14
2177,69
2177,135
2177,227
2177,971
2178,86
2178,489
2178,691
2178,968
2178,2582
2179,183
2179,490
2179,1086
2179,1444
2179,2653
2180,206
2180,207
2180,1443
2180,1948
2180,2654
2181,388
2181,452
2181,723
2181,918
2181,2655
2182,188
2182,190
2182,538
2182,674
2182,2656
2183,707
2183,964
2183,1023
2183,2379
2183,2657
2184,15
2184,42
2184,455
2184,1810
2184,2068
2185,73
2185,2658
2185,2659
2185,2660
2185,2661
2186,105
2186,142
2186,520
2186,1334
2186,2662
2187,258
2187,433
2187,689
2187,799
2187,1108
2188,23
2188,26
2188,27
2188,699
2188,1071
2189,105
2189,233
2189,380
2189,650
2189,1333
2190,50
2190,51
2190,77
2190,136
2190,1225
2191,1108
2191,1598
2191,2663
2191,2664
2191,2665
2192,54
2192,124
2192,237
2192,2355
2192,2666
2193,265
2193,317
2193,337
2193,655
2193,1115
2194,13
2194,69
2194,107
2194,758
2194,1399
2195,1462
2195,2309
2195,2431
2195,2598
2195,2667
2196,73
2196,520
2196,2293
2196,2668
2196,2669
2197,1
2197,3
2197,61
2197,2670
2197,2671
2198,39
2198,303
2198,1094
2198,1096
2198,1981
2199,50
2199,51
2199,228
2199,1237
2199,1986
2200,1
2200,13
2200,67
2200,1417
2200,2511
2201,337
2201,436
2201,675
2201,1115
2201,2672
2202,0
2202,3
2202,295
2202,621
2202,698
2203,6
2203,669
2203,2010
2203,2673
2203,2674
2204,1
2204,13
2204,1341
2204,2675
2204,2676
2205,23
2205,26
2205,27
2205,92
2205,102
2206,23
2206,51
2206,52
2206,82
2206,233
2207,159
2207,366
2207,1143
2207,1655
2207,2448
2208,2677
2208,2678
2208,2679
2208,2680
2208,2681
2209,3
2209,133
2209,191
2209,286
2209,2682
2210,133
2210,300
2210,301
2210,683
2210,1530
2211,360
2211,758
2211,800
2211,1711
2211,2683
2212,3
2212,133
2212,466
2212,561
2212,683
2213,130
2213,382
2213,743
2213,1068
2213,2684
2214,133
2214,357
2214,435
2214,567
2214,2667
2215,13
2215,233
2215,865
2215,1345
2215,1822
2216,0
2216,15
2216,364
2216,1476
2216,2685
2217,381
2217,382
2217,744
2217,754
2217,1658
2218,3
2218,13
2218,96
2218,589
2218,799
2219,433
2219,507
2219,861
2219,1687
2219,2686
2220,67
2220,209
2220,491
2220,1088
2220,1189
2221,121
2221,916
2221,1757
2221,1759
2221,2687
2222,425
2222,1345
2222,1368
2222,1714
2222,2688
2223,133
2223,191
2223,519
2223,1420
2223,2201
2224,1
2224,3
2224,200
2224,201
2224,202
2225,133
2225,519
2225,689
2225,853
2225,1586
2226,62
2226,105
2226,464
2226,637
2226,1290
2227,191
2227,295
2227,303
2227,406
2227,2689
2228,3
2228,191
2228,1706
2228,1936
2228,2690
2229,1
2229,96
2229,133
2229,524
2229,1010
2230,1410
2230,2691
2230,2692
2230,2693
2230,2694
2231,97
2231,303
2231,1094
2231,1283
2231,2695
2232,96
2232,317
2232,337
2232,436
2232,655
2233,641
2233,882
2233,1933
2233,2696
2233,2697
2234,3
2234,191
2234,233
2234,286
2234,561
2235,64
2235,133
2235,835
2235,1187
2235,1982
2236,303
2236,515
2236,842
2236,1096
2236,2698
2237,1
2237,3
2237,133
2238,86
2238,311
2238,344
2238,389
2238,743
2239,1
2239,3
2239,2699
2239,2700
2239,2701
2240,381
2240,382
2240,742
2240,744
2240,754
2241,1
2241,3
2241,133
2241,651
2241,654
2242,77
2242,962
2242,2702
2242,2703
2242,2704
2243,86
2243,133
2243,191
2243,561
2243,1586
2244,459
2244,765
2244,2705
2244,2706
2244,2707
2245,1
2245,13
2245,121
2245,873
2245,1702
2246,3
2246,13
2246,107
2246,126
2246,2708
2247,1
2247,13
2247,1273
2247,1822
2247,2709
2248,3
2248,69
2248,256
2248,1823
2248,2710
2249,300
2249,311
2249,689
2249,1530
2249,2395
2250,133
2250,174
2250,1108
2250,2711
2250,2712
2251,69
2251,156
2251,239
2251,324
2251,1108
2252,17
2252,212
2252,407
2252,1411
2252,2497
2253,13
2253,14
2253,86
2253,135
2253,1713
2254,382
2254,542
2254,543
2254,744
2254,754
2255,133
2255,383
2255,551
2255,1659
2255,2713
2256,3
2256,14
2256,882
2256,911
2256,2049
2257,133
2257,533
2257,682
2257,1338
2257,2233
2258,12
2258,54
2258,77
2258,132
2258,174
2259,1
2259,3
2259,133
2259,136
2259,2158
2260,5
2260,406
2260,538
2260,597
2260,612
2261,126
2261,654
2261,1430
2261,1553
2261,2714
2262,23
2262,93
2262,133
2262,324
2262,1108
2263,542
2263,543
2263,570
2263,1108
2263,2715
2264,1
2264,3
2264,86
2264,519
2264,1944
2265,264
2265,291
2265,459
2265,848
2265,1664
2266,23
2266,24
2266,27
2266,41
2266,102
2267,23
2267,27
2267,92
2267,180
2267,2146
2268,364
2268,618
2268,873
2268,1709
2268,2346
2269,538
2269,548
2269,2716
2269,2717
2269,2718
2270,96
2270,261
2270,618
2270,756
2270,1280
2271,14
2271,133
2271,135
2271,191
2271,2400
2272,191
2272,541
2272,1067
2272,1719
2272,2283
2273,42
2273,395
2273,1596
2273,2419
2273,2719
2274,381
2274,742
2274,743
2274,744
2274,1658
2275,192
2275,632
2275,905
2275,1198
2275,2510
2276,533
2276,1470
2276,1586
2276,1702
2276,2720
2277,264
2277,382
2277,742
2277,744
2277,2721
2278,42
2278,82
2278,142
2278,792
2278,2722
2279,42
2279,303
2279,1094
2279,1810
2279,2723
2280,1
2280,13
2280,104
2280,433
2280,2724
2281,309
2281,311
2281,689
2281,743
2281,1531
2282,122
2282,519
2282,726
2282,1814
2282,2347
2283,23
2283,26
2283,27
2283,41
2283,920
2284,3
2284,168
2284,861
2284,2725
2284,2726
2285,1
2285,3
2285,14
2285,133
2285,135
2286,160
2286,212
2286,245
2286,1285
2286,2727
2287,999
2287,2728
2287,2729
2287,2730
2287,2731
2288,3
2288,69
2288,86
2288,191
2288,1487
2289,1
2289,3
2289,179
2289,342
2289,461
2290,1
2290,3
2290,84
2290,133
2290,2732
2291,52
2291,191
2291,239
2291,279
2291,2711
2292,83
2292,86
2292,299
2292,326
2292,1478
2293,1338
2293,1585
2293,2233
2293,2733
2293,2734
2294,417
2294,418
2294,2513
2294,2735
2294,2736
2295,519
2295,542
2295,682
2295,707
2295,1429
2296,3
2296,13
2296,23
2296,97
2296,1692
2297,1
2297,13
2297,133
2297,299
2297,507
2298,1
2298,56
2298,369
2298,538
2298,834
2299,1
2299,297
2299,364
2299,412
2299,1292
2300,304
2300,2412
2300,2520
2300,2737
2300,2738
2301,67
2301,130
2301,449
2301,496
2301,980
2302,223
2302,864
2302,2210
2302,2739
2302,2740
2303,1
2303,3
2303,13
2303,316
2303,2741
2304,13
2304,159
2304,266
2304,299
2304,329
2305,10
2305,13
2305,227
2305,507
2305,770
2306,13
2306,14
2306,227
2306,561
2306,2742
2307,1
2307,3
2307,563
2307,780
2307,2743
2308,99
2308,1451
2308,2035
2308,2463
2308,2744
2309,78
2309,132
2309,133
2309,621
2309,1259
2310,1
2310,86
2310,133
2310,442
2310,2052
2311,14
2311,48
2311,86
2311,314
2311,2347
2312,14
2312,135
2312,219
2312,682
2312,849
2313,233
2313,238
2313,360
2313,758
2313,2745
2314,78
2314,86
2314,583
2314,1321
2314,1768
2315,133
2315,191
2315,295
2315,2094
2315,2746
2316,84
2316,744
2316,1658
2316,1824
2316,2350
2317,105
2317,2747
2317,2748
2317,2749
2317,2750
2318,1
2318,14
2318,83
2318,133
2318,160
2319,12
2319,44
2319,54
2319,2512
2319,2751
2320,1
2320,3
2320,13
2320,23
2320,32
2321,1
2321,97
2321,133
2321,364
2321,689
2322,136
2322,563
2322,883
2322,960
2322,2752
2323,1
2323,133
2323,346
2323,1763
2323,1907
2324,554
2324,649
2324,974
2324,2753
2324,2754
2325,13
2325,71
2325,786
2325,1005
2325,1331
2326,10
2326,96
2326,437
2326,516
2326,1148
2327,1
2327,13
2327,86
2327,133
2327,1553
2328,14
2328,69
2328,142
2328,971
2328,1338
2329,14
2329,54
2329,135
2329,160
2329,193
2330,1
2330,3
2330,133
2330,562
2331,23
2331,198
2331,1235
2331,2599
2331,2755
2332,77
2332,132
2332,133
2332,337
2332,439
2333,33
2333,1158
2333,2756
2333,2757
2333,2758
2334,193
2334,288
2334,291
2334,450
2334,924
2335,133
2335,162
2335,709
2335,883
2335,2759
2336,27
2336,160
2336,291
2336,399
2336,1476
2337,3
2337,69
2337,88
2337,107
2337,935
2338,1
2338,69
2338,86
2338,133
2338,550
2339,0
2339,583
2339,1850
2339,2098
2339,2356
2340,50
2340,51
2340,378
2340,631
2340,1858
2341,1
2341,133
2341,349
2341,593
2341,2760
2342,381
2342,382
2342,742
2342,744
2342,754
2343,86
2343,227
2343,311
2343,689
2343,743
2344,1
2344,3
2344,13
2344,29
2344,142
2345,2338
2345,2761
2345,2762
2345,2763
2345,2764
2346,61
2346,233
2346,554
2346,1559
2346,2765
2347,69
2347,341
2347,342
2347,565
2347,2766
2348,64
2348,218
2348,496
2348,871
2348,1704
2349,136
2349,682
2349,1338
2349,2767
2349,2768
2350,96
2350,162
2350,239
2350,786
2350,1022
2351,723
2351,1869
2351,2769
2351,2770
2351,2771
2352,382
2352,744
2352,754
2352,1068
2352,1512
2353,55
2353,314
2353,447
2353,527
2353,564
2354,104
2354,589
2354,738
2354,873
2354,2751
2355,46
2355,86
2355,314
2355,859
2355,1985
2356,32
2356,126
2356,1211
2356,2772
2356,2773
2357,1
2357,13
2357,507
2357,1737
2357,2028
2358,1
2358,12
2358,77
2358,133
2358,1259
2359,86
2359,96
2359,97
2359,311
2359,2774
2360,23
2360,26
2360,27
2360,41
2360,2146
2361,911
2361,912
2361,1445
2361,1956
2361,2775
2362,1410
2362,1863
2362,2776
2362,2777
2362,2778
2363,69
2363,109
2363,191
2363,239
2363,295
2364,1023
2364,1496
2364,1756
2364,1810
2364,2779
2365,303
2365,1209
2365,1810
2365,1901
2365,1925
2366,1
2366,86
2366,227
2366,258
2366,691
2367,1
2367,13
2367,105
2367,300
2367,787
2368,93
2368,233
2368,1189
2368,1635
2368,2780
2369,50
2369,51
2369,71
2369,419
2369,2781
2370,52
2370,130
2370,136
2370,1068
2370,1586
2371,23
2371,27
2371,255
2371,1033
2371,1704
2372,192
2372,729
2372,730
2372,2782
2372,2783
2373,519
2373,520
2373,1364
2373,1479
2373,2784
2374,86
2374,133
2374,519
2374,542
2374,1429
2375,23
2375,26
2375,41
2375,42
2375,102
2376,14
2376,135
2376,682
2376,2785
2376,2786
2377,299
2377,325
2377,831
2377,2787
2377,2788
2378,23
2378,26
2378,27
2378,102
2378,699
2379,1
2379,3
2379,133
2379,555
2379,563
2380,191
2380,295
2380,303
2380,1417
2380,1525
2381,51
2381,81
2381,86
2381,2789
2381,2790
2382,14
2382,17
2382,61
2382,923
2382,2221
2383,53
2383,73
2383,303
2383,924
2383,1645
2384,198
2384,233
2384,303
2384,810
2384,2791
2385,57
2385,71
2385,109
2385,559
2385,842
2386,50
2386,86
2386,436
2386,1198
2386,2792
2387,445
2387,2793
2387,2794
2387,2795
2387,2796
2388,14
2388,86
2388,1410
2388,2560
2388,2797
2389,69
2389,378
2389,1004
2389,1096
2389,2320
2390,66
2390,233
2390,533
2390,561
2390,1023
2391,3
2391,133
2391,295
2391,718
2391,2798
2392,73
2392,133
2392,303
2392,637
2392,2799
2393,3
2393,51
2393,191
2393,295
2393,1546
2394,61
2394,142
2394,1297
2394,1939
2394,2582
2395,533
2395,2344
2395,2800
2395,2801
2395,2802
2396,1
2396,3
2396,23
2396,399
2396,1139
2397,382
2397,403
2397,541
2397,543
2397,754
2398,77
2398,132
2398,964
2398,989
2398,1435
2399,12
2399,23
2399,290
2399,1164
2399,2803
2400,15
2400,118
2400,526
2400,641
2400,1331
2401,9
2401,12
2401,264
2401,375
2401,408
2402,1150
2402,1692
2402,1812
2402,2251
2402,2804
2403,131
2403,156
2403,330
2403,754
2403,2805
2404,36
2404,1729
2404,2557
2404,2806
2404,2807
2405,1
2405,3
2405,13
2405,523
2405,2265
2406,2460
2406,2808
2406,2809
2406,2810
2406,2811
2407,1
2407,3
2407,9
2407,13
2407,71
2408,81
2408,330
2408,416
2408,533
2408,2812
2409,136
2409,364
2409,2541
2409,2813
2409,2814
2410,1
2410,3
2410,86
2410,133
2410,2520
2411,93
2411,233
2411,393
2411,565
2411,1043
2412,1
2412,3
2412,191
2412,789
2412,1596
2413,14
2413,86
2413,135
2413,237
2413,459
2414,3
2414,231
2414,1004
2414,2815
2414,2816
2415,1
2415,44
2415,142
2415,436
2415,654
2416,372
2416,511
2416,1687
2416,2817
2416,2818
2417,406
2417,538
2417,1399
2417,1761
2417,2819
2418,1
2418,3
2418,13
2418,23
2418,723
2419,3
2419,133
2419,136
2419,2820
2419,2821
2420,381
2420,382
2420,744
2420,1545
2420,1693
2421,437
2421,721
2421,1346
2421,2053
2421,2410
2422,337
2422,343
2422,436
2422,437
2422,2130
2423,3
2423,1713
2423,2230
2423,2822
2423,2823
2424,1
2424,3
2424,133
2424,191
2424,801
2425,191
2425,321
2425,853
2425,1876
2425,2824
2426,13
2426,14
2426,105
2426,135
2426,1502
2427,1
2427,3
2427,52
2427,133
2427,382
2428,3
2428,13
2428,96
2428,264
2428,1043
2429,42
2429,82
2429,104
2429,317
2429,523
2430,12
2430,44
2430,103
2430,834
2430,1014
2431,3
2431,52
2431,136
2431,191
2431,279
2432,23
2432,44
2432,2825
2432,2826
2432,2827
2433,266
2433,394
2433,508
2433,1090
2433,2828
2434,84
2434,1226
2434,1417
2434,2829
2434,2830
2435,52
2435,133
2435,191
2435,964
2435,2689
2436,12
2436,132
2436,286
2436,2021
2436,2831
2437,133
2437,237
2437,461
2437,2358
2437,2728
2438,48
2438,649
2438,862
2438,871
2438,1174
2439,1
2439,13
2439,927
2439,1060
2439,2832
2440,527
2440,528
2440,1793
2440,1794
2440,2252
2441,1363
2441,1364
2441,1936
2441,2833
2441,2834
2442,42
2442,652
2442,2835
2442,2836
2442,2837
2443,162
2443,1108
2443,1981
2443,2350
2443,2838
2444,293
2444,1040
2444,1281
2444,1989
2444,2723
2445,1
2445,13
2445,86
2445,133
2445,550
2446,51
2446,69
2446,295
2446,364
2446,561
2447,1
2447,3
2447,13
2447,23
2447,223
2448,1
2448,3
2448,69
2448,233
2448,1234
2449,3
2449,288
2449,295
2449,303
2449,879
2450,52
2450,133
2450,440
2450,570
2450,883
2451,5
2451,542
2451,1420
2451,1511
2451,1512
2452,56
2452,156
2452,344
2452,406
2452,538
2453,86
2453,691
2453,1488
2453,1928
2453,2190
2454,337
2454,414
2454,655
2454,1079
2454,1273
2455,51
2455,108
2455,109
2455,378
2455,964
2456,1
2456,23
2456,61
2456,69
2456,160
2457,723
2457,849
2457,923
2457,1572
2457,2839
2458,122
2458,291
2458,583
2458,1904
2458,2840
2459,310
2459,516
2459,694
2459,724
2459,2841
2460,381
2460,382
2460,742
2460,744
2460,1658
2461,1
2461,1053
2461,1669
2461,2842
2461,2843
2462,13
2462,1314
2462,2438
2462,2553
2462,2844
2463,601
2463,620
2463,2699
2463,2845
2463,2846
2464,3
2464,13
2464,14
2464,550
2464,1586
2465,14
2465,133
2465,135
2465,201
2465,865
2466,1
2466,3
2466,101
2466,2847
2466,2848
2467,9
2467,16
2467,44
2467,54
2467,233
2468,139
2468,460
2468,1043
2468,1086
2468,1704
2469,2136
2469,2137
2469,2138
2469,2849
2469,2850
2470,0
2470,188
2470,190
2470,439
2470,570
2471,299
2471,904
2471,2851
2471,2852
2471,2853
2472,314
2472,346
2472,564
2472,1101
2472,1206
2473,280
2473,969
2473,2444
2473,2854
2473,2855
2474,300
2474,621
2474,1044
2474,1284
2474,2856
2475,382
2475,742
2475,744
2475,754
2475,1658
2476,86
2476,321
2476,743
2476,937
2476,2220
2477,24
2477,25
2477,94
2477,699
2477,2298
2478,494
2478,640
2478,641
2478,654
2478,1297
2479,69
2479,1611
2479,1716
2479,1914
2479,2857
2480,3
2480,295
2480,1543
2480,2858
2480,2859
2481,424
2481,425
2481,1905
2481,2860
2481,2861
2482,14
2482,66
2482,69
2482,160
2482,2320
2483,510
2483,2862
2483,2863
2483,2864
2483,2865
2484,612
2484,1043
2484,1746
2484,2866
2484,2867
2485,3
2485,295
2485,2496
2486,263
2486,511
2486,654
2486,1775
2486,2250
2487,360
2487,583
2487,800
2487,2044
2487,2766
2488,238
2488,583
2488,758
2488,2722
2488,2868
2489,1
2489,133
2489,191
2489,519
2489,532
2490,82
2490,697
2490,911
2490,1430
2490,2338
2491,1
2491,10
2491,13
2491,1586
2491,1596
2492,1
2492,3
2492,13
2492,233
2492,689
2493,49
2493,439
2493,621
2493,1995
2493,2287
2494,33
2494,73
2494,499
2494,2869
2494,2870
2495,69
2495,159
2495,238
2495,758
2495,2871
2496,1
2496,3
2496,49
2496,1914
2496,1941
2497,132
2497,133
2497,300
2497,301
2497,853
2498,9
2498,259
2498,591
2498,909
2498,2872
2499,3
2499,133
2499,754
2499,2347
2499,2873
2500,23
2500,83
2500,179
2500,399
2500,1463
2501,1
2501,3
2501,13
2501,321
2501,979
2502,1
2502,3
2502,2874
2502,2875
2502,2876
2503,233
2503,380
2503,667
2503,910
2503,911
2504,31
2504,288
2504,414
2504,695
2504,2626
2505,188
2505,331
2505,538
2505,621
2505,2877
2506,133
2506,665
2506,1108
2506,2275
2506,2431
2507,52
2507,69
2507,136
2507,1304
2507,1505
2508,71
2508,2878
2508,2879
2508,2880
2508,2881
2509,23
2509,78
2509,726
2509,1768
2509,2285
2510,3
2510,13
2510,295
2510,321
2510,561
2511,1
2511,133
2511,300
2511,687
2511,1530
2512,12
2512,51
2512,54
2512,261
2512,476
2513,133
2513,439
2513,538
2513,1301
2513,2882
2514,139
2514,2883
2514,2884
2514,2885
2514,2886
2515,3
2515,1823
2515,2344
2515,2887
2515,2888
2516,5
2516,8
2516,133
2516,449
2516,2595
2517,67
2517,207
2517,208
2517,808
2517,1216
2518,13
2518,433
2518,861
2518,873
2518,2728
2519,691
2519,920
2519,2889
2519,2890
2519,2891
2520,51
2520,718
2520,2039
2520,2584
2520,2616
2521,620
2521,621
2521,637
2521,801
2521,2892
2522,12
2522,44
2522,227
2522,2211
2522,2893
2523,42
2523,161
2523,337
2523,433
2523,449
2524,14
2524,17
2524,135
2524,160
2524,1002
2525,86
2525,191
2525,233
2525,2041
2525,2894
2526,206
2526,491
2526,1086
2526,1174
2526,2653
2527,3
2527,130
2527,132
2527,133
2527,227
2528,67
2528,139
2528,234
2528,312
2528,2222
2529,396
2529,433
2529,683
2529,2895
2529,2896
2530,3
2530,915
2530,1543
2530,2897
2530,2898
2531,750
2531,868
2531,1485
2531,2882
2531,2899
2532,317
2532,396
2532,1301
2532,2900
2532,2901
2533,86
2533,133
2533,689
2533,1586
2533,2042
2534,177
2534,261
2534,744
2534,2097
2534,2106
2535,126
2535,419
2535,602
2535,2902
2535,2903
2536,317
2536,693
2536,923
2536,2111
2536,2221
2537,0
2537,538
2537,620
2537,621
2537,2035
2538,192
2538,271
2538,351
2538,695
2538,2904
2539,519
2539,532
2539,582
2539,707
2539,1593
2540,13
2540,14
2540,133
2540,496
2540,1417
2541,3
2541,1139
2541,1234
2541,1695
2541,2905
2542,50
2542,51
2542,378
2542,631
2542,633
2543,0
2543,3
2543,2606
2543,2906
2543,2907
2544,129
2544,130
2544,403
2544,686
2544,1106
2545,1
2545,78
2545,133
2545,191
2545,561
2546,360
2546,800
2546,1043
2546,2774
2546,2908
2547,135
2547,691
2547,1488
2547,1520
2547,2264
2548,86
2548,964
2548,1364
2548,2231
2548,2909
2549,1
2549,3
2549,168
2549,191
2549,1284
2550,9
2550,259
2550,489
2550,1562
2550,2635
2551,5
2551,133
2551,466
2551,723
2551,2285
2552,23
2552,27
2552,92
2552,102
2552,517
2553,23
2553,654
2553,1096
2553,1714
2553,2456
2554,1
2554,13
2554,1042
2554,1463
2554,1731
2555,66
2555,69
2555,321
2555,2728
2555,2729
2556,3
2556,14
2556,191
2556,279
2556,707
2557,10
2557,264
2557,690
2557,768
2557,2910
2558,381
2558,382
2558,742
2558,744
2558,754
2559,1611
2559,1873
2559,2911
2559,2912
2559,2913
2560,2914
2560,2915
2560,2916
2560,2917
2560,2918
2561,183
2561,559
2561,647
2561,812
2561,2369
2562,2919
2562,2920
2562,2921
2562,2922
2562,2923
2563,133
2563,191
2563,538
2563,2095
2563,2524
2564,1
2564,13
2564,133
2564,861
2564,1810
2565,3
2565,133
2565,191
2565,2287
2565,2924
2566,84
2566,86
2566,1155
2566,1338
2566,1702
2567,133
2567,233
2567,519
2567,1067
2567,1657
2568,1350
2568,2925
2568,2926
2568,2927
2568,2928
2569,15
2569,233
2569,455
2569,1132
2569,1188
2570,1
2570,3
2570,133
2570,859
2570,1068
2571,1
2571,13
2571,69
2571,133
2571,135
2572,133
2572,136
2572,266
2572,682
2572,2929
2573,527
2573,528
2573,529
2573,1793
2573,1794
2574,3
2574,9
2574,13
2574,568
2574,838
2575,337
2575,655
2575,1115
2575,2349
2575,2473
2576,1
2576,3
2576,13
2576,258
2576,494
2577,160
2577,693
2577,1272
2577,2930
2577,2931
2578,23
2578,26
2578,27
2578,92
2578,102
2579,170
2579,295
2579,396
2579,2895
2579,2932
2580,191
2580,321
2580,466
2580,561
2580,946
2581,23
2581,135
2581,160
2581,246
2581,693
2582,1
2582,13
2582,54
2582,83
2582,219
2583,133
2583,519
2583,1097
2583,1592
2583,2281
2584,23
2584,73
2584,191
2584,295
2584,964
2585,17
2585,135
2585,160
2585,246
2585,923
2586,13
2586,61
2586,96
2586,145
2586,437
2587,1
2587,3
2587,13
2587,15
2587,2933
2588,2147
2588,2582
2588,2583
2588,2934
2588,2935
2589,57
2589,436
2589,523
2589,1022
2589,2607
2590,1
2590,13
2590,126
2590,233
2590,980
2591,1
2591,13
2591,42
2591,63
2591,1537
2592,258
2592,314
2592,462
2592,495
2592,723
2593,64
2593,86
2593,133
2593,346
2593,583
2594,861
2594,1991
2594,2491
2594,2936
2594,2937
2595,23
2595,32
2595,136
2595,564
2595,1794
2596,52
2596,133
2596,1417
2596,1487
2596,2356
2597,1
2597,13
2597,97
2597,364
2597,420
2598,314
2598,527
2598,564
2598,1794
2598,2243
2599,23
2599,180
2599,1043
2599,2938
2599,2939
2600,299
2600,701
2600,738
2600,871
2600,2940
2601,1
2601,3
2601,13
2601,382
2601,1068
2602,5
2602,139
2602,565
2602,621
2602,1446
2603,67
2603,224
2603,521
2603,810
2603,2941
2604,228
2604,693
2604,1012
2604,2221
2604,2942
2605,174
2605,295
2605,683
2605,1728
2605,2943
2606,23
2606,51
2606,69
2606,136
2606,1338
2607,325
2607,1043
2607,2581
2607,2582
2607,2944
2608,1
2608,13
2608,300
2608,361
2608,2945
2609,33
2609,89
2609,449
2609,2946
2609,2947
2610,77
2610,291
2610,412
2610,612
2610,1417
2611,1
2611,13
2611,133
2611,433
2611,436
2612,57
2612,69
2612,238
2612,612
2612,1004
2613,1
2613,32
2613,145
2613,303
2613,408
2614,1
2614,109
2614,575
2614,2613
2614,2924
2615,1
2615,86
2615,133
2615,1338
2615,2156
2616,10
2616,71
2616,86
2616,219
2616,311
2617,191
2617,733
2617,853
2617,979
2617,2948
2618,132
2618,364
2618,439
2618,571
2618,1469
2619,1
2619,86
2619,321
2619,691
2619,2582
2620,298
2620,341
2620,565
2620,866
2620,937
2621,5
2621,56
2621,303
2621,449
2621,538
2622,69
2622,139
2622,142
2622,364
2622,1178
2623,507
2623,1439
2623,1687
2623,2028
2623,2029
2624,23
2624,27
2624,92
2624,700
2624,1033
2625,1
2625,86
2625,300
2625,378
2625,1741
2626,59
2626,73
2626,78
2626,190
2626,1768
2627,23
2627,24
2627,26
2627,27
2627,92
2628,301
2628,315
2628,570
2628,964
2628,2312
2629,39
2629,188
2629,190
2629,1571
2629,1828
2630,86
2630,139
2630,311
2630,689
2630,743
2631,0
2631,300
2631,449
2631,538
2631,2949
2632,96
2632,133
2632,295
2632,2636
2632,2950
2633,1
2633,3
2633,23
2633,133
2633,445
2634,69
2634,191
2634,286
2634,510
2634,1701
2635,1
2635,297
2635,510
2635,2192
2635,2951
2636,1964
2636,1965
2636,1971
2636,2952
2636,2953
2637,69
2637,191
2637,1004
2637,1304
2637,2495
2638,14
2638,205
2638,277
2638,931
2638,1043
2639,1
2639,14
2639,160
2639,239
2639,693
2640,381
2640,382
2640,742
2640,744
2640,1545
2641,13
2641,77
2641,132
2641,989
2641,2060
2642,77
2642,133
2642,136
2642,691
2642,1755
2643,133
2643,190
2643,198
2643,331
2643,2954
2644,266
2644,1045
2644,2955
2644,2956
2644,2957
2645,1
2645,3
2645,1338
2645,1585
2645,2958
2646,69
2646,324
2646,583
2646,758
2646,2959
2647,160
2647,459
2647,800
2647,849
2647,1368
2648,86
2648,192
2648,311
2648,2465
2648,2960
2649,23
2649,27
2649,179
2649,255
2649,1033
2650,28
2650,55
2650,123
2650,252
2650,1915
2651,69
2651,295
2651,1701
2651,2606
2651,2961
2652,1
2652,3
2652,133
2652,382
2652,2760
2653,32
2653,193
2653,291
2653,342
2653,690
2654,1
2654,46
2654,57
2654,133
2654,233
2655,1
2655,132
2655,133
2655,300
2655,1284
2656,421
2656,422
2656,2116
2656,2962
2656,2963
2657,23
2657,26
2657,27
2657,179
2657,2146
2658,14
2658,160
2658,883
2658,1519
2658,1810
2659,133
2659,191
2659,501
2659,861
2659,1694
2660,139
2660,445
2660,831
2660,2644
2660,2766
2661,258
2661,298
2661,299
2661,2851
2661,2964
2662,1
2662,293
2662,360
2662,2965
2662,2966
2663,13
2663,15
2663,109
2663,263
2663,2967
2664,1
2664,10
2664,13
2664,136
2664,331
2665,57
2665,69
2665,406
2665,850
2665,2213
2666,1
2666,3
2666,133
2666,326
2666,865
2667,61
2667,96
2667,127
2667,233
2667,604
2668,1
2668,3
2668,654
2668,1616
2668,2968
2669,742
2669,744
2669,754
2669,1658
2669,2969
2670,507
2670,1439
2670,1710
2670,2178
2670,2970
2671,39
2671,422
2671,1101
2671,1863
2671,2971
2672,33
2672,142
2672,1609
2672,2972
2672,2973
2673,51
2673,56
2673,154
2673,344
2673,538
2674,1
2674,3
2674,13
2674,107
2674,2974
2675,69
2675,280
2675,523
2675,1596
2675,2975
2676,51
2676,132
2676,139
2676,228
2676,300
2677,1
2677,77
2677,132
2677,133
2677,989
2678,50
2678,299
2678,412
2678,589
2678,690
2679,64
2679,290
2679,564
2679,944
2679,1176
2680,1701
2680,1831
2680,2752
2680,2976
2680,2977
2681,67
2681,812
2681,1235
2681,2222
2681,2978
2682,1045
2682,2955
2682,2979
2682,2980
2682,2981
2683,1
2683,96
2683,102
2683,133
2683,300
2684,10
2684,70
2684,71
2684,447
2684,516
2685,33
2685,364
2685,868
2685,2857
2685,2982
2686,86
2686,311
2686,337
2686,689
2686,743
2687,9
2687,383
2687,419
2687,832
2687,2983
2688,10
2688,44
2688,290
2688,652
2688,848
2689,381
2689,382
2689,742
2689,744
2689,754
2690,23
2690,27
2690,700
2690,2146
2690,2262
2691,1417
2691,2173
2691,2174
2691,2984
2691,2985
2692,509
2692,2986
2692,2987
2692,2988
2692,2989
2693,1
2693,13
2693,142
2693,369
2693,550
2694,133
2694,563
2694,1761
2694,2156
2694,2990
2695,9
2695,259
2695,2991
2695,2992
2695,2993
2696,12
2696,13
2696,159
2696,264
2696,1096
2697,161
2697,494
2697,635
2697,770
2697,1713
2698,133
2698,191
2698,193
2698,690
2698,1593
2699,133
2699,191
2699,519
2699,533
2699,1823
2700,46
2700,69
2700,314
2700,1178
2700,1985
2701,3
2701,13
2701,193
2701,1366
2701,1687
2702,17
2702,159
2702,494
2702,2443
2702,2994
2703,0
2703,5
2703,300
2703,1530
2703,2948
2704,14
2704,135
2704,364
2704,1756
2704,1810
2705,258
2705,314
2705,502
2705,554
2705,2995
2706,233
2706,459
2706,1235
2706,1368
2706,2996
2707,185
2707,314
2707,594
2707,595
2707,596
2708,317
2708,337
2708,655
2708,1049
2708,1273
2709,321
2709,532
2709,1155
2709,1595
2709,1596
2710,541
2710,566
2710,1067
2710,1719
2710,2555
2711,538
2711,682
2711,1211
2711,1338
2711,2997
2712,1
2712,32
2712,42
2712,841
2712,2998
2713,15
2713,975
2713,1395
2713,2361
2713,2999
2714,84
2714,133
2714,295
2714,1520
2714,3000
2715,309
2715,313
2715,417
2715,1531
2715,2513
2716,1546
2716,2703
2716,3001
2716,3002
2716,3003
2717,5
2717,9
2717,978
2717,2069
2717,3004
2718,142
2718,612
2718,690
2718,3005
2718,3006
2719,667
2719,1653
2719,3007
2719,3008
2719,3009
2720,1
2720,3
2720,191
2720,295
2720,1524
2721,265
2721,337
2721,655
2721,1115
2721,1463
2722,1
2722,83
2722,133
2722,1010
2722,3010
2723,1
2723,3
2723,191
2723,321
2723,2094
2724,381
2724,742
2724,744
2724,1545
2724,1658
2725,130
2725,191
2725,286
2725,1710
2725,3011
2726,57
2726,69
2726,107
2726,865
2726,3012
2727,23
2727,41
2727,93
2727,733
2727,2158
2728,10
2728,287
2728,337
2728,635
2728,3013
2729,261
2729,314
2729,447
2729,594
2729,595
2730,96
2730,459
2730,693
2730,1368
2730,3014
2731,44
2731,212
2731,2839
2731,3015
2731,3016
2732,86
2732,132
2732,133
2732,301
2732,378
2733,48
2733,203
2733,300
2733,301
2733,337
2734,265
2734,337
2734,655
2734,1005
2734,1273
2735,1
2735,94
2735,133
2735,300
2735,1530
2736,51
2736,573
2736,786
2736,1076
2736,1368
2737,159
2737,223
2737,314
2737,447
2737,3017
2738,9
2738,1368
2738,1876
2738,1907
2738,2347
2739,69
2739,239
2739,523
2739,1178
2739,2495
2740,1
2740,3
2740,83
2740,133
2741,51
2741,130
2741,132
2741,133
2741,375
2742,71
2742,126
2742,419
2742,525
2742,3018
2743,13
2743,32
2743,136
2743,960
2743,3019
2744,71
2744,834
2744,1510
2744,2508
2744,2509
2745,133
2745,754
2745,882
2745,2595
2745,3020
2746,1
2746,3
2746,51
2746,1259
2747,14
2747,77
2747,133
2747,135
2747,364
2748,52
2748,54
2748,121
2748,193
2748,342
2749,77
2749,132
2749,1446
2749,1716
2749,2223
2750,14
2750,51
2750,136
2750,378
2750,1596
2751,13
2751,14
2751,135
2751,237
2751,1076
2752,10
2752,37
2752,70
2752,71
2752,198
2753,9
2753,10
2753,96
2753,864
2753,1344
2754,133
2754,136
2754,191
2754,861
2754,2296
2755,527
2755,528
2755,529
2755,564
2755,1793
2756,14
2756,69
2756,133
2756,191
2756,583
2757,9
2757,12
2757,77
2757,337
2757,3013
2758,86
2758,382
2758,743
2758,744
2758,1862
2759,9
2759,536
2759,755
2759,1013
2759,1878
2760,13
2760,46
2760,237
2760,980
2760,2041
2761,1
2761,3
2761,13
2761,457
2761,555
2762,272
2762,1090
2762,1606
2762,1607
2762,3021
2763,121
2763,233
2763,1377
2763,2370
2763,2843
2764,1
2764,3
2764,191
2764,286
2764,1438
2765,523
2765,688
2765,866
2765,1178
2765,2058
2766,51
2766,86
2766,121
2766,219
2766,378
2767,853
2767,1706
2767,1719
2767,2283
2767,3022
2768,133
2768,188
2768,190
2768,861
2768,1828
2769,3
2769,86
2769,133
2769,346
2769,2143
2770,160
2770,223
2770,693
2770,2933
2770,2991
2771,133
2771,159
2771,382
2771,583
2771,1068
2772,84
2772,97
2772,883
2772,1176
2772,3023
2773,139
2773,341
2773,565
2773,1294
2773,2188
2774,832
2774,2338
2774,3024
2774,3025
2774,3026
2775,1731
2775,2220
2775,3027
2775,3028
2775,3029
2776,14
2776,133
2776,135
2776,142
2776,3030
2777,507
2777,1485
2777,1687
2777,2697
2777,2857
2778,51
2778,77
2778,132
2778,133
2778,300
2779,1
2779,49
2779,133
2779,233
2779,1824
2780,935
2780,2039
2780,2578
2780,3031
2780,3032
2781,23
2781,102
2781,145
2781,160
2781,1368
2782,381
2782,382
2782,742
2782,744
2782,754
2783,50
2783,86
2783,160
2783,290
2783,970
2784,136
2784,859
2784,1304
2784,2689
2784,3033
2785,1
2785,3
2785,133
2785,538
2785,882
2786,251
2786,252
2786,549
2786,1690
2786,3034
2787,133
2787,537
2787,1702
2787,1704
2787,1916
2788,12
2788,133
2788,142
2788,364
2788,3035
2789,1
2789,13
2789,233
2789,523
2789,1352
2790,3
2790,133
2790,191
2790,304
2790,1876
2791,1
2791,3
2791,3036
2791,3037
2792,1
2792,3
2792,321
2792,1440
2792,3038
2793,51
2793,142
2793,853
2793,1195
2793,2477
2794,81
2794,133
2794,978
2794,1463
2794,2021
2795,1
2795,13
2795,317
2795,451
2795,1430
2796,293
2796,297
2796,303
2796,1094
2796,1282
2797,69
2797,364
2797,861
2797,884
2797,1304
2798,10
2798,433
2798,437
2798,1273
2798,1822
2799,32
2799,62
2799,344
2799,1281
2799,1536
2800,5
2800,77
2800,133
2800,1001
2800,1477
2801,343
2801,414
2801,572
2801,686
2801,1246
2802,1
2802,69
2802,520
2802,561
2802,933
2803,42
2803,221
2803,685
2803,945
2803,3039
2804,3
2804,295
2804,2767
2804,3040
2804,3041
2805,51
2805,71
2805,264
2805,343
2805,458
2806,2018
2806,3042
2806,3043
2806,3044
2806,3045
2807,67
2807,207
2807,687
2807,810
2807,2410
2808,1849
2808,3046
2808,3047
2808,3048
2808,3049
2809,1
2809,23
2809,133
2809,406
2809,538
2810,23
2810,24
2810,26
2810,41
2810,2298
2811,67
2811,743
2811,754
2811,810
2811,1068
2812,1
2812,279
2812,1096
2812,1496
2812,1810
2813,73
2813,295
2813,618
2813,2293
2813,3050
2814,9
2814,44
2814,81
2814,1014
2814,2069
2815,3
2815,86
2815,133
2815,583
2815,3051
2816,23
2816,27
2816,93
2816,102
2816,180
2817,130
2817,598
2817,1101
2817,3052
2817,3053
2818,0
2818,313
2818,541
2818,2010
2818,2463
2819,162
2819,344
2819,1042
2819,2416
2819,3054
2820,13
2820,14
2820,933
2820,971
2820,3055
2821,190
2821,538
2821,1437
2821,2870
2821,3056
2822,73
2822,303
2822,820
2822,1717
2822,3057
2823,84
2823,130
2823,132
2823,174
2823,301
2824,10
2824,96
2824,581
2824,848
2824,1397
2825,23
2825,24
2825,26
2825,27
2825,92
2826,372
2826,507
2826,2028
2826,2178
2826,2624
2827,77
2827,342
2827,343
2827,346
2827,433
2828,744
2828,1512
2828,1707
2828,3058
2828,3059
2829,266
2829,3060
2829,3061
2829,3062
2829,3063
2830,1
2830,122
2830,297
2830,494
2830,734
2831,350
2831,931
2831,1680
2831,3064
2831,3065
2832,381
2832,382
2832,742
2832,744
2832,754
2833,23
2833,97
2833,133
2833,1067
2833,1161
2834,69
2834,1156
2834,1494
2834,2495
2834,3066
2835,14
2835,67
2835,321
2835,510
2835,3067
2836,9
2836,96
2836,311
2836,689
2836,2382
2837,1
2837,3
2837,133
2837,429
2837,3068
2838,51
2838,136
2838,631
2838,1096
2838,3069
2839,132
2839,301
2839,978
2839,1755
2839,3004
2840,1
2840,3
2840,133
2841,78
2841,86
2841,133
2841,621
2841,1768
2842,1339
2842,2302
2842,3070
2842,3071
2842,3072
2843,69
2843,159
2843,162
2843,651
2843,1020
2844,6
2844,623
2844,669
2844,1851
2844,3073
2845,1
2845,13
2845,96
2845,122
2845,1905
2846,233
2846,689
2846,759
2846,2454
2846,3074
2847,41
2847,42
2847,82
2847,337
2847,1273
2848,3
2848,52
2848,69
2848,133
2848,191
2849,133
2849,233
2849,330
2849,465
2849,1036
2850,49
2850,133
2850,233
2850,439
2850,726
2851,61
2851,69
2851,90
2851,133
2851,298
2852,1
2852,3
2852,61
2852,1126
2852,1775
2853,1342
2853,2702
2853,2704
2853,2750
2853,3075
2854,121
2854,193
2854,296
2854,1355
2854,1713
2855,265
2855,337
2855,655
2855,850
2855,1273
2856,13
2856,133
2856,683
2856,689
2856,754
2857,23
2857,542
2857,754
2857,3076
2857,3077
2858,750
2858,1340
2858,1341
2858,3078
2858,3079
2859,17
2859,399
2859,758
2859,1476
2859,3080
2860,23
2860,64
2860,139
2860,223
2860,849
2861,86
2861,689
2861,707
2861,971
2861,3081
2862,142
2862,485
2862,490
2862,810
2862,1043
2863,13
2863,23
2863,142
2863,449
2863,2146
2864,133
2864,136
2864,191
2864,933
2864,1922
2865,23
2865,24
2865,26
2865,41
2865,2146
2866,23
2866,26
2866,27
2866,41
2866,102
2867,23
2867,24
2867,26
2867,41
2867,92
2868,533
2868,597
2868,668
2868,1338
2868,3073
2869,77
2869,136
2869,544
2869,1430
2869,2312
2870,51
2870,132
2870,133
2870,228
2870,3082
2871,188
2871,1437
2871,1826
2871,3083
2871,3084
2872,69
2872,277
2872,632
2872,3085
2872,3086
2873,14
2873,191
2873,1810
2873,1901
2873,2602
2874,3
2874,13
2874,835
2874,1060
2874,3087
2875,23
2875,27
2875,92
2875,102
2875,699
2876,51
2876,133
2876,682
2876,683
2876,1338
2877,71
2877,233
2877,419
2877,3088
2877,3089
2878,23
2878,266
2878,871
2878,1012
2878,1043
2879,1
2879,3
2879,13
2879,69
2879,107
2880,69
2880,961
2880,3090
2880,3091
2880,3092
2881,748
2881,754
2881,1243
2881,1429
2881,1814
2882,554
2882,691
2882,866
2882,1022
2882,1822
2883,2145
2883,3072
2883,3093
2883,3094
2883,3095
2884,23
2884,92
2884,139
2884,970
2884,1344
2885,50
2885,51
2885,310
2885,343
2885,1237
2886,1
2886,3
2886,406
2886,1258
2886,3096
2887,9
2887,81
2887,978
2887,2069
2887,2097
2888,542
2888,1429
2888,1512
2888,2281
2888,2909
2889,142
2889,509
2889,564
2889,1709
2889,2986
2890,139
2890,288
2890,344
2890,360
2890,1043
2891,303
2891,501
2891,3057
2891,3097
2891,3098
2892,10
2892,139
2892,265
2892,337
2892,970
2893,433
2893,503
2893,575
2893,1258
2893,3099
2894,69
2894,236
2894,651
2894,1756
2894,1810
2895,61
2895,125
2895,245
2895,538
2895,1411
2896,295
2896,396
2896,652
2896,842
2896,3100
2897,10
2897,13
2897,219
2897,237
2897,1076
2898,14
2898,770
2898,922
2898,1791
2898,2388
2899,208
2899,712
2899,1810
2899,1925
2899,3101
2900,109
2900,842
2900,3102
2900,3103
2900,3104
2901,23
2901,26
2901,27
2901,179
2901,447
2902,23
2902,58
2902,180
2902,3105
2902,3106
2903,1
2903,109
2903,137
2903,295
2903,2356
2904,1
2904,52
2904,133
2904,300
2904,3107
2905,1990
2905,3108
2905,3109
2905,3110
2905,3111
2906,14
2906,69
2906,135
2906,233
2906,682
2907,13
2907,193
2907,372
2907,2014
2907,2612
2908,184
2908,206
2908,207
2908,806
2908,1443
2909,3
2909,168
2909,286
2909,507
2909,3112
2910,73
2910,303
2910,1810
2910,1901
2910,3113
2911,1
2911,23
2911,133
2911,193
2911,364
2912,0
2912,156
2912,321
2912,979
2912,2040
2913,188
2913,964
2913,1826
2913,2566
2913,3114
2914,1092
2914,1333
2914,2220
2914,3115
2914,3116
2915,13
2915,133
2915,519
2915,682
2915,1429
2916,36
2916,135
2916,237
2916,317
2916,1053
2917,14
2917,86
2917,682
2917,956
2917,1183
2918,3117
2918,3118
2918,3119
2918,3120
2918,3121
2919,133
2919,321
2919,1108
2919,1671
2919,3122
2920,48
2920,317
2920,1653
2920,2805
2920,2987
2921,77
2921,136
2921,321
2921,1203
2921,1723
2922,73
2922,1094
2922,1609
2922,1666
2922,3123
2923,39
2923,1637
2923,1693
2923,2422
2923,3124
2924,14
2924,52
2924,689
2924,1586
2924,3125
2925,1
2925,3
2925,191
2925,2432
2925,3126
2926,23
2926,160
2926,364
2926,557
2926,923
2927,264
2927,756
2927,1254
2927,3127
2927,3128
2928,133
2928,357
2928,1187
2928,1812
2928,2344
2929,51
2929,133
2929,237
2929,852
2929,1137
2930,1
2930,13
2930,32
2930,233
2930,879
2931,10
2931,23
2931,228
2931,300
2931,693
2932,17
2932,160
2932,246
2932,666
2932,3129
2933,46
2933,686
2933,1246
2933,2119
2933,2225
2934,23
2934,32
2934,233
2934,245
2934,800
2935,12
2935,133
2935,156
2935,582
2935,1943
2936,1
2936,13
2936,193
2936,337
2936,1238
2937,3
2937,13
2937,69
2937,433
2937,3130
2938,1
2938,3
2938,133
2938,3131
2939,14
2939,86
2939,135
2939,2193
2939,3132
2940,73
2940,233
2940,303
2940,977
2940,1282
2941,97
2941,305
2941,1844
2941,3133
2941,3134
2942,1
2942,133
2942,160
2942,407
2942,1203
2943,23
2943,26
2943,27
2943,41
2943,102
2944,48
2944,773
2944,1183
2944,1756
2944,1810
2945,415
2945,755
2945,1194
2945,2211
2945,2630
2946,77
2946,161
2946,162
2946,174
2946,865
2947,23
2947,54
2947,55
2947,94
2947,233
2948,0
2948,56
2948,538
2948,621
2948,1437
2949,14
2949,17
2949,54
2949,135
2949,160
2950,51
2950,52
2950,136
2950,1338
2950,1923
2951,372
2951,507
2951,2466
2951,2817
2951,3135
2952,1
2952,3
2952,69
2952,191
2952,561
2953,1
2953,3
2953,191
2953,295
2953,1497
2954,86
2954,156
2954,403
2954,542
2954,743
2955,295
2955,321
2955,394
2955,603
2955,3101
2956,13
2956,23
2956,92
2956,235
2956,337
2957,73
2957,295
2957,1911
2957,2002
2957,3136
2958,1
2958,23
2958,139
2958,142
2958,671
2959,170
2959,274
2959,1706
2959,2283
2959,3137
2960,383
2960,434
2960,1078
2960,3138
2960,3139
2961,51
2961,133
2961,136
2961,300
2961,2524
2962,0
2962,133
2962,136
2962,726
2962,1252
2963,9
2963,13
2963,287
2963,321
2963,3140
2964,86
2964,142
2964,364
2964,538
2964,1758
2965,183
2965,224
2965,225
2965,1443
2965,3141
2966,1
2966,3
2966,295
2966,2520
2967,142
2967,388
2967,2399
2967,3142
2967,3143
2968,303
2968,459
2968,1043
2968,1273
2968,1368
2969,23
2969,160
2969,399
2969,692
2969,1883
2970,23
2970,102
2970,180
2970,399
2970,692
2971,9
2971,261
2971,786
2971,3144
2971,3145
2972,52
2972,86
2972,133
2972,136
2972,191
2973,69
2973,133
2973,364
2973,964
2973,1342
2974,3
2974,321
2974,1234
2974,1549
2974,2447
2975,49
2975,439
2975,2577
2975,3146
2975,3147
2976,54
2976,404
2976,795
2976,865
2976,2699
2977,159
2977,300
2977,572
2977,1530
2977,2671
2978,14
2978,135
2978,382
2978,744
2978,754
2979,293
2979,688
2979,1022
2979,1165
2979,1255
2980,119
2980,159
2980,360
2980,366
2980,2965
2981,14
2981,23
2981,135
2981,1649
2981,2343
2982,33
2982,191
2982,651
2982,1065
2982,1486
2983,184
2983,206
2983,207
2983,209
2983,799
2984,50
2984,244
2984,396
2984,1342
2984,1638
2985,3
2985,133
2985,898
2985,1473
2985,2052
2986,73
2986,198
2986,274
2986,303
2986,2293
2987,3
2987,15
2987,496
2987,651
2987,1692
2988,12
2988,1158
2988,1353
2988,1811
2988,2555
2989,14
2989,191
2989,321
2989,1603
2989,1905
2990,55
2990,71
2990,261
2990,349
2990,786
2991,1
2991,23
2991,27
2991,93
2991,102
2992,23
2992,126
2992,690
2992,1879
2992,3148
2993,12
2993,360
2993,761
2993,1160
2993,1788
2994,46
2994,331
2994,343
2994,542
2994,689
2995,337
2995,342
2995,436
2995,1096
2995,1238
2996,13
2996,86
2996,311
2996,577
2996,1553
2997,265
2997,655
2997,1273
2997,3149
2997,3150
2998,69
2998,191
2998,239
2998,276
2998,1197
2999,37
2999,266
2999,1354
2999,1463
2999,1949
3000,80
3000,507
3000,770
3000,1687
3000,3151
3001,1
3001,3
3001,3152
3001,3153
3001,3154
3002,1
3002,13
3002,23
3002,179
3002,1395
3003,812
3003,997
3003,1801
3003,1856
3003,3155
3004,23
3004,26
3004,27
3004,179
3004,3156
3005,1
3005,3
3005,293
3005,303
3005,357
3006,44
3006,181
3006,219
3006,290
3006,2442
3007,491
3007,493
3007,1087
3007,2653
3007,3157
3008,1
3008,13
3008,135
3008,160
3008,219
3009,1004
3009,2014
3009,3158
3009,3159
3009,3160
3010,23
3010,52
3010,136
3010,191
3010,2524
3011,192
3011,437
3011,1025
3011,3161
3011,3162
3012,745
3012,746
3012,748
3012,1886
3012,3163
3013,142
3013,238
3013,758
3013,759
3013,3164
3014,381
3014,744
3014,1094
3014,1100
3014,3165
3015,31
3015,509
3015,920
3015,1013
3015,2626
3016,853
3016,1332
3016,1417
3016,3022
3016,3166
3017,83
3017,109
3017,111
3017,133
3017,652
3018,12
3018,13
3018,635
3018,811
3018,3167
3019,337
3019,723
3019,1346
3019,1452
3019,1800
3020,23
3020,565
3020,866
3020,1249
3020,1770
3021,61
3021,1189
3021,1293
3021,1396
3021,2243
3022,1
3022,33
3022,64
3022,142
3022,799
3023,86
3023,311
3023,621
3023,743
3023,2448
3024,1
3024,12
3024,13
3024,280
3024,1095
3025,1
3025,9
3025,13
3025,654
3025,1079
3026,1
3026,3
3026,133
3026,519
3026,1338
3027,23
3027,223
3027,383
3027,871
3027,1772
3028,13
3028,96
3028,583
3028,635
3028,759
3029,10
3029,13
3029,71
3029,142
3029,3045
3030,1
3030,3
3030,1211
3030,1677
3030,3168
3031,3
3031,221
3031,1176
3031,2838
3031,3169
3032,133
3032,382
3032,439
3032,744
3032,1209
3033,5
3033,12
3033,133
3033,399
3033,1209
3034,1
3034,364
3034,1316
3034,1478
3034,2285
3035,1
3035,73
3035,1235
3035,1363
3035,2346
3036,57
3036,239
3036,401
3036,3170
3036,3171
3037,86
3037,133
3037,1531
3037,2394
3037,3172
3038,3
3038,191
3038,295
3038,1420
3038,2324
3039,23
3039,177
3039,337
3039,931
3039,1001
3040,133
3040,191
3040,519
3040,1639
3040,1706
3041,107
3041,223
3041,648
3041,3173
3041,3174
3042,32
3042,139
3042,162
3042,792
3042,2442
3043,23
3043,42
3043,82
3043,104
3043,685
3044,3
3044,1043
3044,1969
3044,2192
3044,3175
3045,23
3045,572
3045,637
3045,1704
3045,2146
3046,46
3046,132
3046,304
3046,382
3046,686
3047,303
3047,364
3047,609
3047,1699
3047,2491
3048,33
3048,142
3048,873
3048,1338
3048,2440
3049,10
3049,96
3049,145
3049,437
3049,516
3050,1
3050,3
3050,133
3050,295
3050,2585
3051,1
3051,163
3051,538
3051,612
3051,1108
3052,56
3052,95
3052,301
3052,494
3052,1252
3053,3
3053,14
3053,1063
3053,3176
3053,3177
3054,1
3054,3
3054,133
3054,1829
3054,3178
3055,0
3055,326
3055,859
3055,922
3055,2472
3056,1
3056,13
3056,142
3056,1316
3056,2269
3057,14
3057,51
3057,86
3057,133
3057,519
3058,14
3058,69
3058,133
3058,295
3058,922
3059,133
3059,170
3059,191
3059,2299
3059,3179
3060,1
3060,3
3060,1143
3060,3180
3060,3181
3061,21
3061,285
3061,3182
3061,3183
3061,3184
3062,69
3062,77
3062,136
3062,156
3062,869
3063,1
3063,3
3063,77
3063,133
3063,301
3064,887
3064,889
3064,2511
3064,3185
3064,3186
3065,58
3065,96
3065,104
3065,433
3065,770
3066,58
3066,293
3066,294
3066,303
3066,3187
3067,1
3067,654
3067,931
3067,2621
3067,3188
3068,3
3068,133
3068,136
3068,191
3068,3189
3069,69
3069,77
3069,136
3069,3190
3069,3191
3070,1
3070,51
3070,133
3070,941
3070,1829
3071,162
3071,977
3071,1098
3071,1100
3071,1545
3072,39
3072,42
3072,82
3072,381
3072,3192
3073,1
3073,52
3073,69
3073,194
3073,3193
3074,1
3074,32
3074,612
3074,654
3074,1341
3075,51
3075,86
3075,228
3075,364
3075,3194
3076,58
3076,317
3076,437
3076,641
3076,1670
3077,14
3077,135
3077,198
3077,233
3077,666
3078,254
3078,755
3078,871
3078,920
3078,2355
3079,1
3079,139
3079,1430
3079,1869
3079,3195
3080,13
3080,14
3080,48
3080,135
3080,447
3081,1
3081,3
3081,133
3081,3196
3082,14
3082,133
3082,1808
3082,3197
3082,3198
3083,1
3083,13
3083,654
3083,3199
3083,3200
3084,5
3084,86
3084,133
3084,191
3084,1639
3085,23
3085,71
3085,652
3085,3201
3085,3202
3086,1
3086,202
3086,3203
3086,3204
3086,3205
3087,13
3087,71
3087,337
3087,989
3087,3206
3088,9
3088,44
3088,46
3088,227
3088,429
3089,124
3089,223
3089,337
3089,784
3089,3207
3090,14
3090,135
3090,160
3090,693
3090,3208
3091,96
3091,1363
3091,1364
3091,1687
3091,1822
3092,23
3092,24
3092,26
3092,27
3092,3209
3093,142
3093,494
3093,1297
3093,1713
3093,3210
3094,13
3094,348
3094,362
3094,759
3094,1345
3095,104
3095,519
3095,861
3095,2281
3095,3211
3096,62
3096,1463
3096,2447
3096,3212
3096,3213
3097,69
3097,239
3097,299
3097,565
3097,3214
3098,78
3098,81
3098,86
3098,132
3098,449
3099,110
3099,447
3099,1945
3099,2582
3099,3215
3100,23
3100,27
3100,92
3100,102
3100,399
3101,910
3101,911
3101,1063
3101,3216
3101,3217
3102,381
3102,382
3102,744
3102,1545
3102,1693
3103,139
3103,219
3103,313
3103,419
3103,1173
3104,9
3104,31
3104,261
3104,437
3104,618
3105,9
3105,12
3105,123
3105,338
3105,768
3106,3
3106,69
3106,133
3106,136
3106,507
3107,381
3107,382
3107,742
3107,744
3107,754
3108,96
3108,266
3108,723
3108,3218
3108,3219
3109,1
3109,23
3109,52
3109,133
3109,136
3110,161
3110,162
3110,326
3110,2811
3110,3220
3111,507
3111,508
3111,520
3111,1063
3111,1345
3112,54
3112,55
3112,310
3112,516
3112,694
3113,25
3113,92
3113,94
3113,699
3113,2298
3114,150
3114,367
3114,2214
3114,2338
3114,2761
3115,23
3115,43
3115,55
3115,123
3115,145
3116,29
3116,105
3116,738
3116,775
3116,3221
3117,3
3117,295
3117,3222
3118,32
3118,160
3118,212
3118,693
3118,830
3119,433
3119,436
3119,980
3119,1426
3119,3223
3120,1
3120,133
3120,135
3120,160
3120,535
3121,1
3121,13
3121,50
3121,51
3121,364
3122,23
3122,24
3122,27
3122,41
3122,399
3123,756
3123,1096
3123,1969
3123,3224
3123,3225
3124,44
3124,628
3124,1387
3124,1912
3124,3226
3125,13
3125,97
3125,133
3125,193
3125,2867
3126,139
3126,303
3126,1733
3126,2582
3126,3227
3127,3
3127,13
3127,136
3127,191
3127,1992
3128,97
3128,191
3128,507
3128,2556
3128,3228
3129,86
3129,133
3129,300
3129,519
3129,1530
3130,104
3130,109
3130,401
3130,842
3130,931
3131,23
3131,27
3131,849
3131,905
3131,3229
3132,223
3132,299
3132,408
3132,2316
3132,3230
3133,1
3133,13
3133,83
3133,199
3133,654
3134,135
3134,176
3134,982
3134,1211
3134,2402
3135,538
3135,941
3135,1259
3135,1728
3135,3013
3136,17
3136,71
3136,632
3136,864
3136,1345
3137,42
3137,83
3137,177
3137,429
3137,768
3138,135
3138,191
3138,561
3138,682
3138,1486
3139,1
3139,132
3139,133
3139,919
3139,2097
3140,1
3140,13
3140,51
3140,233
3140,300
3141,52
3141,69
3141,425
3141,3231
3141,3232
3142,854
3142,1852
3142,3233
3142,3234
3142,3235
3143,51
3143,133
3143,853
3143,1076
3143,1246
3144,1
3144,42
3144,139
3144,521
3144,1709
3145,14
3145,682
3145,1578
3145,3236
3145,3237
3146,3
3146,357
3146,2352
3146,3238
3146,3239
3147,3
3147,133
3147,191
3147,321
3147,1284
3148,132
3148,519
3148,1001
3148,1014
3148,3240
3149,705
3149,972
3149,1332
3149,2010
3149,3241
3150,23
3150,24
3150,26
3150,27
3150,41
3151,1
3151,13
3151,98
3151,295
3151,3242
3152,132
3152,133
3152,156
3152,861
3152,3243
3153,381
3153,382
3153,742
3153,744
3153,754
3154,67
3154,810
3154,1082
3154,1468
3154,2370
3155,48
3155,346
3155,3244
3155,3245
3155,3246
3156,9
3156,259
3156,671
3156,764
3156,1079
3157,188
3157,189
3157,657
3157,1803
3157,1828
3158,12
3158,13
3158,142
3158,447
3158,873
3159,84
3159,86
3159,90
3159,133
3159,191
3160,13
3160,133
3160,743
3160,1533
3160,3247
3161,14
3161,97
3161,621
3161,853
3161,1586
3162,382
3162,744
3162,754
3162,1154
3162,1442
3163,23
3163,26
3163,27
3163,102
3163,2146
3164,14
3164,51
3164,69
3164,971
3164,1096
3165,1
3165,3
3165,77
3165,136
3165,191
3166,15
3166,295
3166,303
3166,304
3166,396
3167,97
3167,2728
3167,3248
3167,3249
3167,3250
3168,109
3168,286
3168,383
3168,842
3168,2416
3169,39
3169,382
3169,743
3169,744
3169,754
3170,39
3170,542
3170,1429
3170,1442
3170,1881
3171,73
3171,303
3171,396
3171,3251
3171,3252
3172,13
3172,337
3172,433
3172,538
3172,3004
3173,5
3173,542
3173,689
3173,1709
3173,3253
3174,456
3174,2293
3174,3254
3174,3255
3174,3256
3175,3
3175,13
3175,107
3175,364
3175,3257
3176,14
3176,170
3176,2335
3176,3258
3176,3259
3177,13
3177,295
3177,618
3177,1377
3177,2843
3178,321
3178,468
3178,1502
3178,3260
3178,3261
3179,381
3179,382
3179,742
3179,744
3179,754
3180,133
3180,142
3180,404
3180,1728
3180,3262
3181,564
3181,1793
3181,1794
3181,3263
3181,3264
3182,1
3182,13
3182,133
3182,135
3182,865
3183,1
3183,13
3183,337
3183,635
3183,1096
3184,69
3184,550
3184,1096
3184,1195
3184,2349
3185,14
3185,135
3185,1012
3185,1155
3185,3265
3186,52
3186,96
3186,136
3186,300
3186,322
3187,23
3187,133
3187,179
3187,228
3187,303
3188,381
3188,382
3188,742
3188,744
3188,754
3189,23
3189,139
3189,234
3189,313
3189,2472
3190,3
3190,13
3190,286
3190,295
3190,3266
3191,86
3191,133
3191,191
3191,971
3191,1862
3192,69
3192,233
3192,239
3192,1502
3192,1659
3193,14
3193,191
3193,286
3193,682
3193,861
3194,381
3194,742
3194,744
3194,1545
3194,1693
3195,228
3195,349
3195,403
3195,942
3195,1012
3196,5
3196,84
3196,267
3196,2099
3196,3095
3197,13
3197,193
3197,364
3197,412
3197,1649
3198,42
3198,82
3198,233
3198,327
3198,666
3199,58
3199,317
3199,1670
3199,1788
3199,3220
3200,1
3200,32
3200,299
3200,406
3200,3267
3201,13
3201,14
3201,133
3201,160
3201,1671
3202,13
3202,15
3202,295
3202,358
3202,740
3203,381
3203,382
3203,744
3203,1658
3203,3268
3204,3
3204,13
3204,107
3204,260
3204,550
3205,381
3205,382
3205,744
3205,1545
3205,1693
3206,133
3206,191
3206,561
3206,1659
3206,1710
3207,23
3207,26
3207,27
3207,102
3207,699
3208,51
3208,133
3208,931
3208,1224
3208,2523
3209,180
3209,312
3209,834
3209,862
3209,1510
3210,381
3210,382
3210,743
3210,744
3210,1545
3211,105
3211,348
3211,360
3211,2454
3211,2991
3212,1297
3212,1548
3212,1905
3212,2067
3212,2436
3213,23
3213,27
3213,290
3213,710
3213,1164
3214,527
3214,528
3214,529
3214,1793
3214,1794
3215,23
3215,133
3215,136
3215,2105
3215,2728
3216,8
3216,14
3216,191
3216,1586
3216,1702
3217,23
3217,69
3217,133
3217,180
3217,2292
3218,1
3218,3
3218,86
3218,133
3219,142
3219,159
3219,1103
3219,3187
3219,3269
3220,2001
3220,2002
3220,2004
3220,2005
3220,3270
3221,23
3221,582
3221,758
3221,1043
3221,3271
3222,1
3222,3
3222,1234
3222,3272
3222,3273
3223,13
3223,69
3223,600
3223,1004
3223,3274
3224,73
3224,80
3224,303
3224,682
3224,2725
3225,526
3225,690
3225,873
3225,2200
3225,3275
3226,1
3226,56
3226,592
3226,1014
3226,3276
3227,375
3227,786
3227,848
3227,945
3227,2249
3228,14
3228,61
3228,160
3228,303
3228,2600
3229,14
3229,135
3229,343
3229,516
3229,922
3230,50
3230,191
3230,321
3230,682
3230,690
3231,1
3231,3
3231,132
3231,133
3231,3277
3232,50
3232,51
3232,135
3232,237
3232,511
3233,133
3233,136
3233,191
3233,466
3233,853
3234,5
3234,689
3234,1439
3234,1480
3234,1862
3235,23
3235,132
3235,133
3235,1562
3235,2156
3236,132
3236,156
3236,364
3236,538
3236,1884
3237,23
3237,51
3237,57
3237,1955
3237,3278
3238,1
3238,94
3238,133
3238,510
3238,641
3239,23
3239,142
3239,159
3239,223
3239,1670
3240,177
3240,266
3240,489
3240,1186
3240,3279
3241,86
3241,132
3241,133
3241,621
3241,1935
3242,1
3242,3
3242,162
3242,945
3242,1096
3243,2358
3243,2580
3243,3280
3243,3281
3243,3282
3244,23
3244,27
3244,102
3244,699
3244,1033
3245,29
3245,192
3245,429
3245,577
3245,2105
3246,238
3246,1608
3246,1849
3246,3047
3246,3283
3247,338
3247,362
3247,433
3247,1823
3247,3074
3248,1
3248,3
3248,71
3248,946
3248,1697
3249,1
3249,3
3249,13
3249,3284
3249,3285
3250,133
3250,158
3250,233
3250,439
3250,666
3251,882
3251,1665
3251,1895
3251,3286
3251,3287
3252,78
3252,541
3252,542
3252,543
3252,853
3253,1
3253,51
3253,133
3253,142
3253,654
3254,77
3254,126
3254,219
3254,980
3254,1843
3255,1
3255,3
3255,133
3255,295
3255,718
3256,637
3256,2356
3256,2419
3256,2719
3256,3288
3257,212
3257,573
3257,693
3257,1076
3257,1077
3258,13
3258,86
3258,311
3258,689
3258,1422
3259,507
3259,1363
3259,1364
3259,1687
3259,2817
3260,13
3260,295
3260,715
3260,3130
3260,3289
3261,1
3261,13
3261,133
3261,205
3261,853
3262,1
3262,5
3262,13
3262,193
3262,3290
3263,52
3263,59
3263,69
3263,109
3263,136
3264,132
3264,133
3264,1202
3264,1537
3264,1887
3265,23
3265,338
3265,690
3265,1384
3265,3291
3266,233
3266,2274
3266,3292
3266,3293
3266,3294
3267,429
3267,433
3267,1259
3267,3295
3267,3296
3268,73
3268,198
3268,465
3268,924
3268,3297
3269,1
3269,297
3269,961
3269,1697
3269,2133
3270,5
3270,73
3270,853
3270,1716
3270,2945
3271,88
3271,139
3271,3298
3271,3299
3271,3300
3272,139
3272,1235
3272,2934
3272,2935
3272,3301
3273,160
3273,693
3273,3302
3273,3303
3273,3304
3274,121
3274,425
3274,933
3274,978
3274,1989
3275,1
3275,3
3275,12
3275,69
3275,133
3276,83
3276,97
3276,133
3276,1259
3276,2064
3277,1
3277,3
3277,32
3277,44
3277,527
3278,437
3278,580
3278,864
3278,3305
3278,3306
3279,67
3279,1173
3279,1800
3279,2196
3279,2593
3280,1
3280,13
3280,929
3280,3307
3280,3308
3281,1
3281,3
3281,133
3281,365
3281,946
3282,346
3282,1108
3282,3309
3282,3310
3282,3311
3283,69
3283,136
3283,276
3283,2034
3283,2123
3284,69
3284,133
3284,136
3284,295
3284,457
3285,136
3285,193
3285,550
3285,882
3285,1525
3286,71
3286,501
3286,1339
3286,1531
3286,3070
3287,142
3287,219
3287,465
3287,2188
3287,3312
3288,86
3288,743
3288,1943
3288,2074
3288,3313
3289,253
3289,414
3289,755
3289,920
3289,1013
3290,46
3290,78
3290,132
3290,133
3290,621
3291,1
3291,3
3291,52
3291,133
3291,191
3292,81
3292,132
3292,301
3292,538
3292,3004
3293,5
3293,51
3293,364
3293,2442
3293,2636
3294,187
3294,188
3294,189
3294,1828
3294,3314
3295,23
3295,291
3295,300
3295,591
3295,1709
3296,1
3296,13
3296,177
3296,317
3296,1760
3297,86
3297,313
3297,346
3297,743
3297,1176
3298,12
3298,83
3298,437
3298,3315
3298,3316
3299,66
3299,69
3299,191
3299,193
3299,295
3300,105
3300,126
3300,2338
3300,2632
3300,2763
3301,32
3301,121
3301,3317
3301,3318
3301,3319
3302,181
3302,383
3302,834
3302,1463
3302,1510
3303,13
3303,15
3303,1538
3303,2899
3303,3320
3304,381
3304,382
3304,742
3304,744
3304,754
3305,1157
3305,1662
3305,1797
3305,1903
3305,2175
3306,13
3306,15
3306,109
3306,612
3306,2696
3307,96
3307,949
3307,1001
3307,1277
3307,1680
3308,23
3308,27
3308,228
3308,2410
3308,2565
3309,9
3309,71
3309,786
3309,955
3309,980
3310,56
3310,301
3310,750
3310,978
3310,1887
3311,145
3311,179
3311,447
3311,549
3311,1043
3312,51
3312,300
3312,563
3312,1928
3312,3314
3313,23
3313,52
3313,69
3313,950
3313,964
3314,1
3314,3
3314,56
3314,125
3314,2095
3315,14
3315,15
3315,97
3315,190
3315,3321
3316,1
3316,13
3316,14
3316,135
3316,212
3317,69
3317,77
3317,136
3317,1505
3317,2728
3318,1
3318,3
3318,78
3318,133
3318,191
3319,145
3319,632
3319,723
3319,2510
3319,3322
3320,1
3320,54
3320,124
3320,133
3320,1100
3321,1
3321,3
3321,13
3321,1739
3321,2352
3322,9
3322,62
3322,368
3322,612
3322,1876
3323,52
3323,69
3323,136
3323,311
3323,324
3324,5
3324,382
3324,744
3324,754
3324,1512
3325,372
3325,507
3325,682
3325,2030
3325,3323
3326,0
3326,567
3326,2332
3326,3324
3326,3325
3327,69
3327,136
3327,1621
3327,2636
3327,3326
3328,69
3328,133
3328,1043
3328,2833
3328,3327
3329,207
3329,298
3329,997
3329,3328
3329,3329
3330,1
3330,3
3330,13
3330,14
3330,245
3331,3330
3331,3331
3331,3332
3331,3333
3331,3334
3332,58
3332,1071
3332,1499
3332,3335
3332,3336
3333,9
3333,31
3333,233
3333,1082
3333,2906
3334,1
3334,121
3334,342
3334,2456
3334,3337
3335,63
3335,449
3335,564
3335,1040
3335,1209
3336,364
3336,640
3336,690
3336,2313
3336,3338
3337,3
3337,164
3337,170
3337,396
3337,3339
3338,1
3338,133
3338,364
3338,538
3338,581
3339,69
3339,2358
3339,3340
3339,3341
3339,3342
3340,542
3340,801
3340,1437
3340,1643
3340,2010
3341,1
3341,13
3341,2192
3341,3343
3341,3344
3342,32
3342,145
3342,266
3342,907
3342,3345
3343,8
3343,191
3343,711
3343,964
3343,1284
3344,91
3344,280
3344,299
3344,412
3344,494
3345,5
3345,538
3345,754
3345,1578
3345,1808
3346,1
3346,3
3346,23
3346,1418
3346,3346
3347,9
3347,13
3347,317
3347,337
3347,865
3348,1
3348,3
3348,133
3348,191
3348,799
3349,13
3349,126
3349,188
3349,401
3349,980
3350,54
3350,96
3350,360
3350,1044
3350,1077
3351,124
3351,219
3351,237
3351,916
3351,3347
3352,1
3352,13
3352,44
3352,139
3352,482
3353,1
3353,3
3353,13
3353,575
3353,3348
3354,81
3354,133
3354,964
3354,978
3354,2021
3355,311
3355,337
3355,689
3355,743
3355,1195
3356,14
3356,233
3356,237
3356,564
3356,2617
3357,1
3357,357
3357,650
3357,1756
3357,1810
3358,409
3358,1221
3358,3102
3358,3349
3358,3350
3359,69
3359,271
3359,295
3359,2495
3359,3351
3360,381
3360,382
3360,743
3360,744
3360,1545
3361,56
3361,439
3361,538
3361,1194
3361,1246
3362,52
3362,378
3362,682
3362,3198
3362,3352
3363,142
3363,223
3363,800
3363,1103
3363,1982
3364,83
3364,178
3364,344
3364,949
3364,2285
3365,14
3365,135
3365,583
3365,2220
3365,2586
3366,3
3366,86
3366,286
3366,3353
3366,3354
3367,136
3367,1075
3367,1329
3367,3355
3367,3356
3368,381
3368,485
3368,490
3368,2147
3368,2582
3369,135
3369,198
3369,1023
3369,1692
3369,1969
3370,44
3370,219
3370,573
3370,947
3370,2456
3371,1
3371,3
3371,133
3371,198
3371,1243
3372,12
3372,71
3372,433
3372,723
3372,3357
3373,160
3373,212
3373,300
3373,693
3373,3358
3374,14
3374,191
3374,321
3374,682
3374,1273
3375,44
3375,54
3375,346
3375,955
3375,3359
3376,9
3376,13
3376,58
3376,177
3376,266
3377,51
3377,52
3377,77
3377,300
3377,1530
3378,280
3378,873
3378,1002
3378,1553
3378,3360
3379,331
3379,381
3379,1965
3379,1966
3379,1971
3380,67
3380,810
3380,1189
3380,1635
3380,3361
3381,46
3381,686
3381,1106
3381,1246
3381,3362
3382,10
3382,577
3382,1846
3382,2198
3382,2613
3383,29
3383,412
3383,873
3383,1002
3383,1238
3384,1
3384,13
3384,83
3384,133
3384,1417
3385,69
3385,191
3385,621
3385,961
3385,2728
3386,94
3386,145
3386,193
3386,2622
3386,3363
3387,10
3387,46
3387,1368
3387,1912
3387,2511
3388,86
3388,142
3388,657
3388,658
3388,1157
3389,86
3389,133
3389,542
3389,1808
3389,2947
3390,89
3390,191
3390,1320
3390,1810
3390,3364
3391,3
3391,136
3391,191
3391,853
3391,1155
3392,0
3392,58
3392,99
3392,620
3392,2744
3393,13
3393,86
3393,317
3393,655
3393,1096
3394,381
3394,382
3394,1100
3394,1545
3394,1940
3395,142
3395,317
3395,360
3395,612
3395,655
3396,293
3396,883
3396,1158
3396,1209
3396,1989
3397,69
3397,565
3397,1476
3397,2356
3397,3365
3398,77
3398,561
3398,2256
3398,2358
3398,3366
3399,1
3399,13
3399,446
3399,666
3399,1939
3400,1
3400,233
3400,652
3400,2525
3400,3367
3401,1
3401,13
3401,69
3401,205
3401,277
3402,2426
3402,3368
3402,3369
3402,3370
3402,3371
3403,718
3403,1248
3403,2584
3403,3372
3403,3373
3404,51
3404,77
3404,132
3404,133
3404,301
3405,5
3405,597
3405,669
3405,1511
3405,3374
3406,523
3406,651
3406,1074
3406,1178
3406,3375
3407,1
3407,3
3407,164
3407,937
3407,1041
3408,312
3408,337
3408,436
3408,1115
3408,1195
3409,916
3409,2041
3409,3103
3409,3376
3409,3377
3410,14
3410,135
3410,263
3410,511
3410,3378
3411,23
3411,58
3411,94
3411,375
3411,1045
3412,158
3412,389
3412,748
3412,1886
3412,3379
3413,59
3413,109
3413,842
3413,3380
3413,3381
3414,1060
3414,1394
3414,1518
3414,2053
3414,3382
3415,1
3415,3
3415,158
3415,496
3415,3383
3416,23
3416,121
3416,560
3416,1096
3416,3384
3417,9
3417,10
3417,13
3417,70
3417,303
3418,3
3418,69
3418,295
3418,1282
3418,2436
3419,509
3419,1045
3419,1339
3419,1884
3419,3385
3420,3
3420,223
3420,233
3420,507
3420,1687
3421,5
3421,360
3421,406
3421,1420
3421,2966
3422,344
3422,2838
3422,3386
3422,3387
3422,3388
3423,23
3423,27
3423,102
3423,984
3423,1033
3424,161
3424,342
3424,364
3424,1477
3424,3389
3425,23
3425,51
3425,52
3425,295
3425,964
3426,542
3426,1427
3426,1429
3426,1442
3426,2281
3427,233
3427,239
3427,800
3427,849
3427,1043
3428,13
3428,97
3428,618
3428,690
3428,865
3429,198
3429,326
3429,1096
3429,1813
3429,2387
3430,14
3430,682
3430,1338
3430,1702
3430,2233
3431,1456
3431,3390
3431,3391
3431,3392
3431,3393
3432,55
3432,161
3432,162
3432,219
3432,436
3433,32
3433,42
3433,176
3433,474
3433,632
3434,44
3434,63
3434,317
3434,671
3434,3088
3435,3
3435,39
3435,295
3435,303
3435,1094
3436,14
3436,133
3436,135
3436,683
3436,2628
3437,454
3437,885
3437,1437
3437,2432
3437,2520
3438,1
3438,13
3438,233
3438,538
3438,1472
3439,52
3439,69
3439,73
3439,456
3439,2620
3440,181
3440,223
3440,337
3440,848
3440,909
3441,3
3441,14
3441,191
3441,321
3441,3394
3442,64
3442,398
3442,436
3442,516
3442,1195
3443,158
3443,381
3443,747
3443,3395
3443,3396
3444,272
3444,1607
3444,2331
3444,2468
3444,3397
3445,589
3445,1096
3445,3398
3445,3399
3445,3400
3446,52
3446,69
3446,136
3446,3351
3446,3401
3447,32
3447,54
3447,145
3447,428
3447,436
3448,14
3448,364
3448,368
3448,612
3448,2023
3449,12
3449,177
3449,260
3449,429
3449,1332
3450,9
3450,654
3450,755
3450,2349
3450,3402
3451,381
3451,382
3451,543
3451,742
3451,743
3452,142
3452,188
3452,190
3452,2229
3452,3403
3453,13
3453,48
3453,133
3453,1417
3453,3404
3454,23
3454,32
3454,378
3454,431
3454,432
3455,3
3455,357
3455,449
3455,1552
3455,3405
3456,23
3456,27
3456,44
3456,102
3456,2593
3457,381
3457,1100
3457,1658
3457,2422
3457,3165
3458,1
3458,13
3458,300
3458,360
3458,3406
3459,1964
3459,1965
3459,1966
3459,1971
3459,1972
3460,12
3460,44
3460,145
3460,401
3460,447
3461,14
3461,77
3461,135
3461,726
3461,2397
3462,126
3462,227
3462,547
3462,778
3462,1102
3463,3
3463,13
3463,295
3463,895
3463,1456
3464,69
3464,321
3464,396
3464,3407
3464,3408
3465,132
3465,133
3465,559
3465,754
3465,1252
3466,23
3466,26
3466,27
3466,41
3466,700
3467,3
3467,34
3467,69
3467,501
3467,3409
3468,27
3468,92
3468,93
3468,399
3468,699
3469,188
3469,189
3469,1451
3469,1803
3469,3410
3470,49
3470,84
3470,191
3470,621
3470,977
3471,233
3471,583
3471,870
3471,1526
3471,3341
3472,84
3472,375
3472,744
3472,754
3472,1512
3473,23
3473,50
3473,51
3473,52
3473,136
3474,84
3474,303
3474,538
3474,1920
3474,3411
3475,23
3475,133
3475,160
3475,228
3475,693
3476,773
3476,977
3476,3412
3476,3413
3476,3414
3477,123
3477,314
3477,1705
3477,2105
3477,3415
3478,124
3478,313
3478,417
3478,1259
3478,3416
3479,69
3479,70
3479,71
3479,136
3479,833
3480,911
3480,3394
3480,3417
3480,3418
3480,3419
3481,1282
3481,2665
3481,3420
3481,3421
3481,3422
3482,3
3482,133
3482,191
3482,834
3482,1338
3483,303
3483,346
3483,357
3483,813
3483,977
3484,86
3484,237
3484,505
3484,948
3484,3423
3485,86
3485,133
3485,689
3485,1068
3485,3214
3486,274
3486,1306
3486,2127
3486,3321
3486,3424
3487,485
3487,490
3487,491
3487,1232
3487,3425
3488,69
3488,666
3488,1004
3488,1917
3488,3426
3489,3
3489,357
3489,976
3489,1234
3489,3427
3490,1
3490,86
3490,133
3490,465
3490,3428
3491,1
3491,3
3491,133
3491,555
3491,1437
3492,86
3492,133
3492,519
3492,853
3492,1429
3493,1
3493,12
3493,13
3493,77
3493,133
3494,72
3494,295
3494,705
3494,1706
3494,3429
3495,133
3495,295
3495,1728
3495,3430
3495,3431
3496,253
3496,254
3496,416
3496,920
3496,1194
3497,3
3497,69
3497,97
3497,191
3497,295
3498,1
3498,3
3498,1991
3498,3432
3498,3433
3499,13
3499,51
3499,433
3499,1167
3499,3434
3500,8
3500,14
3500,191
3500,853
3500,1876
3501,61
3501,223
3501,559
3501,1228
3501,3435
3502,3
3502,86
3502,133
3502,1209
3502,3388
3503,2501
3503,3436
3503,3437
3503,3438
3503,3439
3504,57
3504,69
3504,866
3504,3440
3504,3441
3505,1921
3505,2080
3505,2094
3505,2606
3505,3442
3506,136
3506,156
3506,279
3506,372
3506,3443
3507,1
3507,86
3507,133
3507,193
3507,743
3508,1
3508,3
3508,77
3508,133
3508,295
3509,822
3509,1533
3509,2017
3509,3444
3509,3445
3510,14
3510,133
3510,964
3510,1760
3510,2650
3511,5
3511,133
3511,563
3511,689
3511,1439
3512,49
3512,133
3512,190
3512,406
3512,621
3513,1
3513,13
3513,133
3513,689
3513,1702
3514,35
3514,2353
3514,2504
3514,3446
3514,3447
3515,13
3515,121
3515,507
3515,1096
3515,2612
3516,132
3516,301
3516,978
3516,1014
3516,2069
3517,1
3517,77
3517,132
3517,133
3517,1502
3518,494
3518,753
3518,1001
3518,3448
3518,3449
3519,23
3519,32
3519,180
3519,832
3519,1177
3520,3
3520,133
3520,3450
3520,3451
3520,3452
3521,1
3521,86
3521,133
3521,726
3521,3012
3522,51
3522,59
3522,883
3522,1237
3522,1420
3523,1
3523,42
3523,82
3523,133
3523,550
3524,32
3524,44
3524,970
3524,1072
3524,3453
3525,3
3525,97
3525,191
3525,3454
3525,3455
3526,132
3526,375
3526,570
3526,2225
3526,3380
3527,110
3527,196
3527,231
3527,3456
3527,3457
3528,391
3528,870
3528,2192
3528,2501
3528,2557
3529,9
3529,33
3529,312
3529,383
3529,792
3530,637
3530,800
3530,2192
3530,2990
3530,3278
3531,1
3531,48
3531,61
3531,133
3531,198
3532,1062
3532,1399
3532,1646
3532,3287
3532,3397
3533,84
3533,130
3533,132
3533,133
3533,2131
3534,23
3534,399
3534,503
3534,1096
3534,3458
3535,3
3535,170
3535,822
3535,861
3535,2052
3536,202
3536,1863
3536,2220
3536,2442
3536,2547
3537,1
3537,50
3537,133
3537,683
3537,937
3538,86
3538,190
3538,563
3538,1437
3538,3178
3539,42
3539,502
3539,516
3539,3223
3539,3459
3540,1
3540,3
3540,48
3540,69
3540,3098
3541,51
3541,86
3541,300
3541,941
3541,1530
3542,1454
3542,1457
3542,1458
3542,3460
3542,3461
3543,1
3543,13
3543,103
3543,142
3543,800
3544,51
3544,364
3544,378
3544,563
3544,985
3545,394
3545,1096
3545,3462
3545,3463
3545,3464
3546,1
3546,13
3546,86
3546,449
3546,538
3547,381
3547,742
3547,1100
3547,1658
3547,2350
3548,55
3548,223
3548,419
3548,591
3548,1863
3549,14
3549,77
3549,142
3549,160
3549,266
3550,1
3550,61
3550,682
3550,691
3550,2382
3551,23
3551,31
3551,44
3551,54
3551,233
3552,23
3552,180
3552,219
3552,297
3552,865
3553,233
3553,964
3553,3084
3553,3380
3553,3465
3554,10
3554,502
3554,1352
3554,1550
3554,2044
3555,381
3555,382
3555,744
3555,1693
3555,2155
3556,12
3556,23
3556,86
3556,937
3556,950
3557,1
3557,85
3557,191
3557,295
3557,1342
3558,9
3558,12
3558,71
3558,264
3558,287
3559,1
3559,455
3559,683
3559,3466
3559,3467
3560,372
3560,1687
3560,2857
3560,3468
3560,3469
3561,404
3561,2699
3561,3470
3561,3471
3561,3472
3562,520
3562,1317
3562,2124
3562,2238
3562,2293
3563,124
3563,337
3563,872
3563,1114
3563,1792
3564,12
3564,31
3564,799
3564,1195
3564,3473
3565,3
3565,133
3565,191
3565,597
3565,1073
3566,86
3566,264
3566,689
3566,690
3566,3013
3567,1
3567,3
3567,133
3567,301
3567,3474
3568,1595
3568,1907
3568,3475
3568,3476
3568,3477
3569,1
3569,123
3569,179
3569,447
3569,2358
3570,86
3570,193
3570,237
3570,689
3570,3478
3571,381
3571,382
3571,742
3571,744
3571,754
3572,81
3572,321
3572,466
3572,1659
3572,2021
3573,73
3573,303
3573,665
3573,1829
3573,3479
3574,86
3574,133
3574,689
3574,743
3574,1658
3575,67
3575,139
3575,207
3575,799
3575,1086
3576,9
3576,12
3576,13
3576,899
3576,1513
3577,0
3577,58
3577,86
3577,533
3577,1209
3578,293
3578,303
3578,1094
3578,1430
3578,3480
3579,50
3579,63
3579,321
3579,570
3579,620
3580,42
3580,69
3580,935
3580,1621
3580,3481
3581,1
3581,51
3581,52
3581,295
3581,364
3582,382
3582,543
3582,742
3582,743
3582,1971
3583,23
3583,773
3583,800
3583,1810
3583,2251
3584,2160
3584,2226
3584,2227
3584,2228
3584,2462
3585,9
3585,13
3585,44
3585,160
3585,693
3586,86
3586,311
3586,519
3586,859
3586,2156
3587,86
3587,1176
3587,2449
3587,3482
3587,3483
3588,191
3588,279
3588,1716
3588,3160
3588,3484
3589,1
3589,3
3589,97
3589,133
3589,237
3590,57
3590,69
3590,139
3590,299
3590,523
3591,13
3591,161
3591,364
3591,437
3591,632
3592,3
3592,21
3592,242
3592,364
3592,865
3593,86
3593,133
3593,743
3593,1067
3593,3485
3594,13
3594,258
3594,364
3594,691
3594,810
3595,233
3595,303
3595,711
3595,1823
3595,3486
3596,14
3596,69
3596,239
3596,2725
3596,3487
3597,3
3597,13
3597,321
3597,1480
3597,1822
3598,139
3598,559
3598,648
3598,866
3598,3488
3599,12
3599,13
3599,104
3599,1430
3599,2437
3600,1
3600,13
3600,641
3600,750
3600,800
3601,3
3601,15
3601,61
3601,2566
3601,3114
3602,5
3602,1706
3602,2281
3602,3489
3602,3490
3603,136
3603,1512
3603,2821
3603,3491
3603,3492
3604,321
3604,1338
3604,1585
3604,2233
3604,2720
3605,86
3605,311
3605,689
3605,743
3605,1562
3606,1925
3606,2174
3606,3493
3606,3494
3606,3495
3607,14
3607,198
3607,233
3607,740
3607,3178
3608,357
3608,2347
3608,3496
3608,3497
3608,3498
3609,3
3609,279
3609,1723
3610,3
3610,133
3610,191
3610,592
3610,979
3611,12
3611,13
3611,23
3611,121
3611,436
3612,12
3612,284
3612,635
3612,1164
3612,2803
3613,314
3613,346
3613,1876
3613,1907
3613,3233
3614,70
3614,261
3614,447
3614,516
3614,768
3615,86
3615,321
3615,698
3615,861
3615,3499
3616,1
3616,13
3616,97
3616,1040
3616,1108
3617,133
3617,1845
3617,2063
3617,3500
3617,3501
3618,133
3618,357
3618,1176
3618,2344
3618,2684
3619,33
3619,907
3619,2192
3619,3502
3619,3503
3620,1
3620,69
3620,191
3620,1004
3620,2320
3621,13
3621,14
3621,133
3621,135
3621,922
3622,14
3622,23
3622,86
3622,133
3622,513
3623,33
3623,1063
3623,1502
3623,1713
3623,2250
3624,23
3624,27
3624,41
3624,92
3624,102
3625,317
3625,337
3625,655
3625,800
3625,1195
3626,1
3626,13
3626,192
3626,474
3626,577
3627,14
3627,69
3627,135
3627,1226
3627,1304
3628,155
3628,605
3628,873
3628,1002
3628,1384
3629,9
3629,145
3629,337
3629,437
3629,1280
3630,126
3630,130
3630,132
3630,462
3630,3504
3631,14
3631,303
3631,682
3631,1731
3631,1862
3632,338
3632,870
3632,1242
3632,1294
3632,3505
3633,743
3633,744
3633,754
3633,1658
3633,1824
3634,1
3634,42
3634,73
3634,82
3634,233
3635,73
3635,303
3635,842
3635,1096
3635,3076
3636,3
3636,69
3636,191
3636,322
3636,364
3637,1
3637,42
3637,110
3637,1043
3637,1293
3638,1
3638,452
3638,1571
3638,2095
3638,2986
3639,52
3639,69
3639,133
3639,191
3639,1004
3640,23
3640,51
3640,57
3640,86
3640,133
3641,2581
3641,2582
3641,2934
3641,2935
3641,3506
3642,707
3642,933
3642,2344
3642,3413
3642,3507
3643,52
3643,733
3643,869
3643,1304
3643,3508
3644,71
3644,418
3644,437
3644,980
3644,2182
3645,142
3645,494
3645,612
3645,2006
3645,3509
3646,9
3646,46
3646,71
3646,126
3646,1107
3647,1
3647,13
3647,437
3647,516
3647,1912
3648,13
3648,96
3648,316
3648,565
3648,3279
3649,133
3649,191
3649,1847
3649,2650
3649,3290
3650,191
3650,561
3650,870
3650,2356
3650,3510
3651,86
3651,142
3651,193
3651,311
3651,689
3652,1
3652,3
3652,69
3652,2059
3652,3511
3653,279
3653,1096
3653,1756
3653,1810
3653,3086
3654,82
3654,104
3654,378
3654,436
3654,1430
3655,597
3655,669
3655,1437
3655,2010
3655,2216
3656,9
3656,96
3656,181
3656,723
3656,3512
3657,6
3657,669
3657,1437
3657,2010
3657,2216
3658,63
3658,194
3658,496
3658,612
3658,931
3659,1
3659,3
3659,1211
3659,2961
3660,3
3660,77
3660,86
3660,132
3660,133
3661,14
3661,135
3661,541
3661,1304
3661,1719
3662,1
3662,3
3662,13
3662,641
3662,858
3663,1410
3663,2693
3663,3513
3663,3514
3663,3515
3664,51
3664,193
3664,299
3664,378
3664,3516
3665,1
3665,299
3665,734
3665,1696
3665,3517
3666,17
3666,223
3666,2643
3666,3518
3666,3519
3667,51
3667,69
3667,130
3667,758
3667,1624
3668,1
3668,3
3668,33
3668,924
3668,1282
3669,14
3669,135
3669,212
3669,1155
3669,1338
3670,69
3670,191
3670,233
3670,1020
3670,1649
3671,13
3671,14
3671,160
3671,212
3671,1114
3672,597
3672,623
3672,669
3672,1073
3672,2723
3673,5
3673,406
3673,668
3673,3073
3673,3520
3674,14
3674,532
3674,707
3674,1596
3674,3521
3675,591
3675,612
3675,641
3675,3522
3675,3523
3676,98
3676,295
3676,713
3676,1538
3676,3524
3677,12
3677,13
3677,44
3677,317
3677,1040
3678,3
3678,13
3678,69
3678,2320
3678,3525
3679,14
3679,142
3679,382
3679,744
3679,754
3680,86
3680,718
3680,853
3680,1237
3680,1763
3681,184
3681,206
3681,207
3681,208
3681,1216
3682,15
3682,142
3682,389
3682,1103
3682,3526
3683,10
3683,71
3683,342
3683,437
3683,3527
3684,3
3684,133
3684,295
3685,1
3685,13
3685,57
3685,433
3685,3155
3686,59
3686,133
3686,1176
3686,3528
3686,3529
3687,174
3687,382
3687,570
3687,744
3687,754
3688,14
3688,86
3688,237
3688,244
3688,506
3689,13
3689,51
3689,107
3689,238
3689,1004
3690,1
3690,133
3690,664
3690,1210
3690,3530
3691,299
3691,313
3691,585
3691,1531
3691,3531
3692,130
3692,507
3692,726
3692,1512
3692,1577
3693,136
3693,239
3693,321
3693,3323
3693,3532
3694,14
3694,135
3694,321
3694,1810
3694,1969
3695,78
3695,81
3695,86
3695,132
3695,449
3696,86
3696,682
3696,1155
3696,1593
3696,2281
3697,31
3697,55
3697,179
3697,223
3697,1072
3698,1
3698,313
3698,383
3698,419
3698,3533
3699,9
3699,10
3699,219
3699,447
3699,2349
3700,300
3700,301
3700,687
3700,1243
3700,2395
3701,286
3701,2416
3701,2690
3701,3534
3701,3535
3702,136
3702,191
3702,322
3702,964
3702,1329
3703,77
3703,132
3703,133
3703,364
3703,1028
3704,381
3704,382
3704,742
3704,744
3704,754
3705,1
3705,3
3705,276
3705,870
3705,968
3706,108
3706,295
3706,501
3706,538
3706,3130
3707,542
3707,754
3707,1338
3707,1429
3707,1808
3708,1246
3708,1247
3708,2216
3708,3536
3708,3537
3709,381
3709,382
3709,742
3709,744
3709,754
3710,381
3710,382
3710,655
3710,742
3710,744
3711,13
3711,14
3711,133
3711,135
3711,160
3712,733
3712,911
3712,1417
3712,3538
3712,3539
3713,10
3713,105
3713,800
3713,3540
3713,3541
3714,1015
3714,1332
3714,1360
3714,1417
3714,3542
3715,73
3715,139
3715,1812
3715,3543
3715,3544
3716,23
3716,27
3716,41
3716,93
3716,102
3717,337
3717,436
3717,655
3717,1115
3717,1273
3718,36
3718,72
3718,1706
3718,3429
3718,3545
3719,381
3719,742
3719,744
3719,754
3719,1243
3720,1
3720,346
3720,394
3720,2157
3720,2449
3721,50
3721,364
3721,761
3721,1238
3721,1240
3722,2010
3722,2216
3722,3546
3722,3547
3722,3548
3723,73
3723,295
3723,3549
3723,3550
3723,3551
3724,3
3724,78
3724,133
3724,191
3724,683
3725,49
3725,51
3725,133
3725,291
3725,375
3726,86
3726,311
3726,459
3726,689
3726,743
3727,224
3727,225
3727,482
3727,483
3727,809
3728,9
3728,12
3728,71
3728,971
3728,1259
3729,1
3729,3
3729,14
3729,133
3729,971
3730,381
3730,597
3730,669
3730,744
3730,754
3731,86
3731,311
3731,691
3731,743
3731,2889
3732,86
3732,142
3732,311
3732,743
3732,1942
3733,13
3733,252
3733,260
3733,337
3733,437
3734,3
3734,133
3734,295
3734,304
3734,2606
3735,10
3735,360
3735,433
3735,552
3735,1680
3736,1
3736,3
3736,2559
3736,2758
3736,2778
3737,33
3737,701
3737,1765
3737,2381
3737,3552
3738,337
3738,343
3738,433
3738,436
3738,865
3739,132
3739,301
3739,726
3739,834
3739,978
3740,23
3740,26
3740,27
3740,290
3740,586
3741,69
3741,239
3741,2710
3741,3011
3741,3553
3742,23
3742,50
3742,1108
3742,1764
3742,3380
3743,3
3743,1696
3743,1982
3743,2696
3743,3554
3744,69
3744,86
3744,133
3744,191
3744,1488
3745,23
3745,300
3745,666
3745,2445
3745,3230
3746,32
3746,82
3746,792
3746,1770
3746,3555
3747,13
3747,128
3747,653
3747,2439
3747,3556
3748,0
3748,108
3748,1333
3748,1665
3748,3557
3749,52
3749,97
3749,132
3749,133
3749,3558
3750,550
3750,820
3750,2293
3750,3559
3750,3560
3751,13
3751,86
3751,550
3751,1753
3751,3561
3752,3
3752,90
3752,97
3752,191
3752,865
3753,5
3753,133
3753,191
3753,519
3753,3562
3754,223
3754,742
3754,964
3754,1887
3754,3563
3755,14
3755,135
3755,433
3755,635
3755,955
3756,96
3756,212
3756,1076
3756,2210
3756,2263
3757,13
3757,21
3757,135
3757,160
3757,2060
3758,78
3758,86
3758,133
3758,621
3758,883
3759,1
3759,346
3759,872
3759,1549
3759,2243
3760,50
3760,51
3760,133
3760,682
3760,3564
3761,364
3761,690
3761,2435
3761,2436
3761,3338
3762,50
3762,51
3762,1237
3762,3565
3762,3566
3763,71
3763,109
3763,313
3763,1531
3763,1778
3764,13
3764,136
3764,1846
3764,2697
3764,3567
3765,3
3765,1063
3765,2466
3765,3568
3765,3569
3766,267
3766,689
3766,743
3766,754
3766,3311
3767,23
3767,26
3767,27
3767,41
3767,102
3768,3
3768,170
3768,192
3768,1446
3768,3570
3769,33
3769,396
3769,2520
3769,3571
3769,3572
3770,96
3770,219
3770,618
3770,758
3770,864
3771,3
3771,13
3771,69
3771,107
3771,2105
3772,133
3772,231
3772,519
3772,979
3772,2233
3773,388
3773,1733
3773,1852
3773,3573
3773,3574
3774,382
3774,743
3774,744
3774,754
3774,2673
3775,863
3775,1345
3775,3575
3775,3576
3775,3577
3776,342
3776,720
3776,721
3776,927
3776,2632
3777,49
3777,382
3777,744
3777,3578
3777,3579
3778,73
3778,1282
3778,1382
3778,2426
3778,3580
3779,23
3779,69
3779,375
3779,2192
3779,3581
3780,14
3780,133
3780,682
3780,2403
3780,3178
3781,133
3781,744
3781,754
3781,1512
3781,2155
3782,32
3782,37
3782,105
3782,342
3782,1096
3783,23
3783,219
3783,612
3783,834
3783,931
3784,46
3784,48
3784,301
3784,726
3784,964
3785,1
3785,3
3785,13
3785,69
3785,758
3786,376
3786,734
3786,1822
3786,3518
3786,3582
3787,133
3787,135
3787,176
3787,683
3787,1338
3788,3
3788,513
3788,975
3788,1094
3788,2656
3789,13
3789,23
3789,437
3789,786
3789,1368
3790,1
3790,3
3790,133
3790,378
3790,1716
3791,32
3791,42
3791,1573
3791,2211
3791,3583
3792,13
3792,295
3792,652
3792,1333
3792,3584
3793,136
3793,822
3793,2387
3793,3585
3793,3586
3794,51
3794,69
3794,193
3794,925
3794,1671
3795,42
3795,104
3795,154
3795,223
3795,1273
3796,33
3796,1765
3796,3587
3796,3588
3796,3589
3797,105
3797,1393
3797,1697
3797,3590
3797,3591
3798,364
3798,690
3798,1066
3798,3592
3798,3593
3799,12
3799,96
3799,261
3799,364
3799,800
3800,69
3800,561
3800,935
3800,1043
3800,1044
3801,9
3801,321
3801,501
3801,1603
3801,3149
3802,381
3802,382
3802,742
3802,744
3802,754
3803,1
3803,78
3803,133
3803,191
3803,621
3804,23
3804,133
3804,733
3804,1155
3804,2158
3805,295
3805,868
3805,1096
3805,1810
3805,3091
3806,57
3806,69
3806,136
3806,237
3806,866
3807,1
3807,3
3807,32
3807,145
3807,432
3808,1
3808,130
3808,420
3808,723
3808,1657
3809,69
3809,133
3809,136
3809,238
3809,1917
3810,233
3810,437
3810,462
3810,1687
3810,3594
3811,59
3811,109
3811,637
3811,2525
3811,3381
3812,23
3812,1102
3812,1253
3812,1417
3812,2419
3813,9
3813,31
3813,233
3813,666
3813,2347
3814,88
3814,239
3814,1533
3814,1595
3814,3595
3815,122
3815,346
3815,384
3815,388
3815,1552
3816,1
3816,299
3816,376
3816,447
3816,1945
3817,1487
3817,1697
3817,2076
3817,3596
3817,3597
3818,51
3818,159
3818,364
3818,466
3818,2645
3819,1
3819,3
3819,133
3819,1437
3819,3243
3820,9
3820,31
3820,54
3820,262
3820,1001
3821,86
3821,98
3821,133
3821,295
3821,2060
3822,9
3822,51
3822,412
3822,1237
3822,1852
3823,13
3823,314
3823,436
3823,450
3823,865
3824,1
3824,32
3824,560
3824,1211
3824,1596
3825,10
3825,55
3825,71
3825,227
3825,2637
3826,23
3826,102
3826,139
3826,1033
3826,1066
3827,206
3827,799
3827,1189
3827,1216
3827,2416
3828,3
3828,52
3828,133
3828,191
3828,1775
3829,28
3829,42
3829,192
3829,351
3829,3598
3830,861
3830,1036
3830,1537
3830,1660
3830,1936
3831,1345
3831,1678
3831,3347
3831,3599
3831,3600
3832,1
3832,61
3832,212
3832,338
3832,691
3833,1
3833,3
3833,133
3833,382
3833,2018
3834,1
3834,13
3834,420
3834,3601
3834,3602
3835,1
3835,51
3835,133
3835,219
3835,693
3836,187
3836,188
3836,189
3836,1803
3836,1828
3837,132
3837,133
3837,302
3837,1755
3837,2207
3838,69
3838,237
3838,523
3838,1178
3838,3594
3839,0
3839,1
3839,162
3839,1282
3839,2140
3840,97
3840,136
3840,198
3840,321
3840,3603
3841,1
3841,3
3841,295
3841,2578
3842,1361
3842,2080
3842,2356
3842,2719
3842,3604
3843,136
3843,321
3843,396
3843,2620
3843,3362
3844,136
3844,2358
3844,3605
3844,3606
3844,3607
3845,552
3845,947
3845,1173
3845,2204
3845,2589
3846,52
3846,298
3846,544
3846,547
3846,2222
3847,527
3847,528
3847,529
3847,1794
3847,1899
3848,1
3848,133
3848,159
3848,382
3848,861
3849,12
3849,212
3849,219
3849,849
3849,1221
3850,3
3850,5
3850,133
3850,191
3850,321
3851,254
3851,265
3851,337
3851,1194
3851,2211
3852,33
3852,671
3852,1158
3852,3608
3852,3609
3853,0
3853,73
3853,303
3853,883
3853,1953
3854,303
3854,2170
3854,3610
3854,3611
3854,3612
3855,1
3855,3
3855,13
3855,295
3855,1788
3856,63
3856,139
3856,496
3856,2576
3856,3613
3857,52
3857,191
3857,1873
3857,2624
3857,3532
3858,86
3858,324
3858,523
3858,565
3858,1178
3859,160
3859,245
3859,246
3859,338
3859,1583
3860,2560
3860,2758
3860,2898
3860,3614
3860,3615
3861,23
3861,227
3861,228
3861,693
3861,942
3862,23
3862,59
3862,179
3862,693
3862,725
3863,1
3863,97
3863,133
3863,317
3863,1259
3864,519
3864,1930
3864,3145
3864,3238
3864,3616
3865,58
3865,331
3865,801
3865,1965
3865,3617
3866,57
3866,73
3866,1728
3866,2213
3866,3618
3867,33
3867,233
3867,401
3867,1875
3867,3619
3868,12
3868,301
3868,479
3868,480
3868,631
3869,1
3869,3
3869,13
3869,446
3869,842
3870,1
3870,3
3870,133
3870,2634
3871,109
3871,462
3871,842
3871,1554
3871,3620
3872,1
3872,12
3872,13
3872,107
3872,344
3873,3
3873,133
3873,191
3873,378
3873,3290
3874,1
3874,3
3874,97
3874,133
3874,233
3875,23
3875,26
3875,27
3875,92
3875,700
3876,288
3876,380
3876,383
3876,2780
3876,3621
3877,24
3877,26
3877,27
3877,41
3877,179
3878,14
3878,524
3878,1044
3878,2690
3878,2821
3879,58
3879,288
3879,2412
3879,3045
3879,3204
3880,69
3880,86
3880,133
3880,237
3880,971
3881,23
3881,26
3881,27
3881,92
3881,102
3882,1646
3882,1670
3882,2363
3882,3427
3882,3622
3883,9
3883,31
3883,503
3883,931
3883,3623
3884,192
3884,245
3884,352
3884,1285
3884,1411
3885,23
3885,142
3885,223
3885,460
3885,540
3886,50
3886,264
3886,612
3886,761
3886,3624
3887,32
3887,51
3887,57
3887,145
3887,336
3888,61
3888,393
3888,691
3888,872
3888,2347
3889,295
3889,665
3889,2039
3889,2578
3889,2798
3890,3
3890,13
3890,337
3890,433
3890,2728
3891,86
3891,133
3891,191
3891,449
3891,964
3892,51
3892,77
3892,364
3892,412
3892,1096
3893,265
3893,337
3893,655
3893,1114
3893,1273
3894,1
3894,3
3894,13
3894,109
3894,1701
3895,121
3895,296
3895,1154
3895,1713
3895,1936
3896,96
3896,223
3896,1857
3896,2617
3896,3625
3897,1074
3897,2358
3897,3626
3897,3627
3897,3628
3898,1150
3898,2095
3898,2302
3898,3071
3898,3629
3899,321
3899,372
3899,507
3899,1439
3899,1702
3900,3
3900,132
3900,133
3900,136
3900,174
3901,23
3901,94
3901,1571
3901,2356
3901,3630
3902,223
3902,360
3902,465
3902,3291
3902,3631
3903,9
3903,260
3903,1887
3903,2211
3903,3632
3904,132
3904,618
3904,786
3904,1106
3904,2472
3905,1701
3905,3633
3905,3634
3905,3635
3905,3636
3906,55
3906,549
3906,871
3906,1323
3906,3637
3907,1282
3907,1332
3907,1810
3907,2806
3907,3638
3908,3
3908,13
3908,31
3908,261
3908,907
3909,3
3909,61
3909,233
3909,1043
3909,3639
3910,191
3910,419
3910,533
3910,535
3910,2156
3911,133
3911,300
3911,466
3911,711
3911,1530
3912,665
3912,718
3912,2798
3912,3640
3912,3641
3913,21
3913,285
3913,3182
3913,3183
3913,3184
3914,1
3914,3
3914,77
3914,133
3914,295
3915,42
3915,82
3915,381
3915,1549
3915,3642
3916,136
3916,403
3916,561
3916,563
3916,853
3917,1
3917,23
3917,133
3917,233
3917,3643
3918,221
3918,235
3918,1076
3918,2429
3918,3644
3919,67
3919,139
3919,1172
3919,1346
3919,3425
3920,1
3920,293
3920,740
3920,859
3920,3645
3921,64
3921,357
3921,449
3921,567
3921,1094
3922,51
3922,97
3922,133
3922,1008
3922,1982
3923,39
3923,233
3923,299
3923,455
3923,666
3924,109
3924,842
3924,1969
3924,2356
3924,3646
3925,381
3925,382
3925,742
3925,743
3925,744
3926,77
3926,300
3926,346
3926,542
3926,964
3927,1
3927,3
3927,83
3927,348
3927,1052
3928,375
3928,620
3928,621
3928,1259
3928,3647
3929,1
3929,3
3929,13
3929,60
3929,219
3930,52
3930,133
3930,136
3930,191
3930,300
3931,219
3931,315
3931,573
3931,1076
3931,1077
3932,331
3932,1246
3932,2094
3932,2216
3932,3380
3933,261
3933,337
3933,433
3933,436
3933,437
3934,10
3934,230
3934,326
3934,2513
3934,3416
3935,17
3935,692
3935,849
3935,905
3935,923
3936,133
3936,1025
3936,2579
3936,3648
3936,3649
3937,3
3937,69
3937,321
3937,1004
3937,2495
3938,56
3938,317
3938,433
3938,538
3938,3013
3939,9
3939,13
3939,192
3939,577
3939,3393
3940,348
3940,947
3940,3650
3940,3651
3940,3652
3941,3
3941,279
3941,1425
3941,3653
3942,1
3942,3
3942,931
3942,964
3942,1915
3943,1
3943,3
3943,13
3943,3654
3943,3655
3944,67
3944,86
3944,1096
3944,1450
3944,1709
3945,14
3945,191
3945,533
3945,1242
3945,3656
3946,124
3946,314
3946,595
3946,596
3946,3657
3947,17
3947,86
3947,890
3947,1120
3947,2777
3948,124
3948,337
3948,689
3948,2355
3948,3658
3949,1
3949,32
3949,139
3949,1463
3949,3344
3950,337
3950,437
3950,655
3950,1273
3950,1687
3951,3
3951,61
3951,64
3951,1417
3951,2188
3952,96
3952,300
3952,301
3952,1044
3952,1530
3953,1
3953,3
3953,13
3953,105
3953,177
3954,272
3954,1140
3954,1225
3954,2849
3954,3659
3955,86
3955,311
3955,564
3955,655
3955,689
3956,13
3956,23
3956,142
3956,612
3956,841
3957,3660
3957,3661
3957,3662
3957,3663
3957,3664
3958,23
3958,233
3958,1810
3958,1925
3958,3414
3959,69
3959,136
3959,1020
3959,2419
3959,3488
3960,1
3960,13
3960,32
3960,1430
3960,3665
3961,160
3961,693
3961,872
3961,2162
3961,3666
3962,1457
3962,3460
3962,3667
3962,3668
3962,3669
3963,109
3963,133
3963,153
3963,1706
3963,1808
3964,14
3964,161
3964,303
3964,331
3964,2436
3965,15
3965,109
3965,295
3965,450
3965,2199
3966,208
3966,380
3966,589
3966,3670
3966,3671
3967,314
3967,381
3967,594
3967,596
3967,3672
3968,542
3968,744
3968,754
3968,1429
3968,1512
3969,23
3969,26
3969,27
3969,102
3969,179
3970,1
3970,3
3970,13
3970,69
3970,3673
3971,1
3971,3
3971,51
3971,295
3971,536
3972,136
3972,321
3972,1505
3972,1630
3972,3130
3973,133
3973,519
3973,542
3973,1429
3973,1706
3974,10
3974,1638
3974,2520
3974,2620
3974,2623
3975,59
3975,109
3975,842
3975,2356
3975,3674
3976,1
3976,61
3976,314
3976,527
3976,1064
3977,14
3977,86
3977,135
3977,1012
3977,1704
3978,0
3978,1
3978,3
3978,295
3978,888
3979,1
3979,3
3979,295
3979,357
3979,3675
3980,14
3980,133
3980,378
3980,933
3980,2525
3981,13
3981,813
3981,1224
3981,1476
3981,3676
3982,1
3982,3
3982,13
3982,42
3982,82
3983,12
3983,77
3983,131
3983,433
3983,436
3984,206
3984,224
3984,225
3984,1443
3984,1444
3985,3
3985,77
3985,1092
3985,2358
3985,2400
3986,381
3986,382
3986,742
3986,744
3986,1545
3987,1
3987,133
3987,344
3987,346
3987,449
3988,33
3988,1096
3988,1709
3988,3677
3988,3678
3989,1
3989,3
3989,139
3989,555
3990,130
3990,133
3990,142
3990,378
3990,542
3991,262
3991,666
3991,740
3991,2904
3991,3679
3992,1
3992,3
3992,133
3992,1001
3992,2360
3993,48
3993,160
3993,246
3993,361
3993,1395
3994,519
3994,542
3994,1429
3994,1512
3994,2281
3995,5
3995,538
3995,539
3995,669
3995,3680
3996,77
3996,132
3996,133
3996,375
3996,3681
3997,1533
3997,2192
3997,2447
3997,2501
3997,3436
3998,81
3998,133
3998,754
3998,1653
3998,1884
3999,23
3999,446
3999,585
3999,992
3999,1010
4000,69
4000,73
4000,191
4000,299
4000,3682
4001,1
4001,159
4001,223
4001,1043
4001,3683
4002,32
4002,139
4002,145
4002,1297
4002,3684
4003,597
4003,668
4003,1073
4003,2010
4003,2403
4004,1
4004,133
4004,449
4004,2397
4004,2548
4005,0
4005,511
4005,1078
4005,1116
4005,1297
4006,55
4006,57
4006,516
4006,970
4006,980
4007,1
4007,15
4007,133
4007,2159
4007,2948
4008,48
4008,132
4008,964
4008,2060
4008,3243
4009,682
4009,754
4009,1470
4009,1512
4009,1593
4010,12
4010,13
4010,15
4010,394
4010,1331
4011,591
4011,792
4011,832
4011,1060
4011,1478
4012,59
4012,109
4012,408
4012,725
4012,1586
4013,9
4013,12
4013,978
4013,1755
4013,2358
4014,14
4014,69
4014,673
4014,1329
4014,3022
4015,1
4015,51
4015,133
4015,326
4015,563
4016,51
4016,161
4016,300
4016,870
4016,2044
4017,69
4017,239
4017,507
4017,2489
4017,2636
4018,99
4018,301
4018,980
4018,3685
4018,3686
4019,313
4019,349
4019,417
4019,1012
4019,1531
4020,1
4020,13
4020,14
4020,135
4020,233
4021,542
4021,744
4021,754
4021,1419
4021,1512
4022,10
4022,364
4022,376
4022,2489
4022,3594
4023,1
4023,3
4023,295
4023,3687
4024,0
4024,56
4024,81
4024,132
4024,538
4025,801
4025,1965
4025,1966
4025,1971
4025,3688
4026,1
4026,3
4026,13
4026,233
4026,1096
4027,1
4027,3
4027,13
4027,520
4027,1942
4028,1
4028,133
4028,689
4028,740
4028,3689
4029,43
4029,191
4029,321
4029,3152
4029,3690
4030,83
4030,360
4030,395
4030,1043
4030,1235
4031,142
4031,497
4031,643
4031,1225
4031,1362
4032,223
4032,297
4032,510
4032,654
4032,799
4033,135
4033,233
4033,532
4033,1320
4033,3691
4034,381
4034,382
4034,742
4034,744
4034,1545
4035,132
4035,188
4035,190
4035,439
4035,1252
4036,61
4036,62
4036,403
4036,519
4036,985
4037,12
4037,23
4037,77
4037,102
4037,570
4038,433
4038,861
4038,883
4038,933
4038,1765
4039,86
4039,156
4039,593
4039,743
4039,754
4040,69
4040,1004
4040,1621
4040,3326
4040,3692
4041,69
4041,87
4041,366
4041,448
4041,565
4042,9
4042,71
4042,126
4042,266
4042,786
4043,51
4043,69
4043,77
4043,136
4043,550
4044,1
4044,3
4044,559
4044,648
4044,3488
4045,1
4045,3
4045,13
4045,23
4045,2080
4046,295
4046,964
4046,3693
4046,3694
4046,3695
4047,303
4047,436
4047,1096
4047,2948
4047,3696
4048,15
4048,193
4048,526
4048,931
4048,1477
4049,162
4049,1108
4049,1923
4049,2729
4049,2730
4050,382
4050,744
4050,754
4050,1010
4050,1658
4051,56
4051,71
4051,955
4051,980
4051,3223
4052,303
4052,712
4052,1023
4052,2356
4052,2775
4053,133
4053,191
4053,519
4053,2281
4053,2297
4054,133
4054,346
4054,1259
4054,3694
4054,3697
4055,136
4055,193
4055,295
4055,598
4055,903
4056,133
4056,317
4056,381
4056,382
4056,744
4057,69
4057,239
4057,1020
4057,2294
4057,3698
4058,15
4058,32
4058,83
4058,1281
4058,3699
4059,50
4059,51
4059,342
4059,412
4059,1955
4060,706
4060,1338
4060,1579
4060,1700
4060,2524
4061,261
4061,264
4061,635
4061,1164
4061,2803
4062,212
4062,442
4062,3700
4062,3701
4062,3702
4063,10
4063,96
4063,350
4063,848
4063,1912
4064,51
4064,69
4064,135
4064,378
4064,3696
4065,1
4065,86
4065,133
4065,158
4065,227
4066,142
4066,389
4066,1209
4066,2015
4066,2650
4067,237
4067,404
4067,689
4067,1195
4067,3703
4068,485
4068,486
4068,490
4068,1086
4068,1433
4069,198
4069,394
4069,1969
4069,2399
4069,3704
4070,14
4070,69
4070,86
4070,321
4070,2320
4071,314
4071,527
4071,529
4071,564
4071,1793
4072,46
4072,313
4072,417
4072,1246
4072,2010
4073,218
4073,520
4073,1364
4073,2466
4073,3705
4074,51
4074,364
4074,598
4074,2382
4074,3706
4075,69
4075,303
4075,1595
4075,2775
4075,3707
4076,60
4076,69
4076,239
4076,723
4076,1523
4077,10
4077,192
4077,907
4077,1368
4077,2465
4078,298
4078,380
4078,1294
4078,1384
4078,2582
4079,2661
4079,2758
4079,3057
4079,3494
4079,3708
4080,136
4080,321
4080,682
4080,689
4080,1488
4081,228
4081,346
4081,1010
4081,1011
4081,2979
4082,15
4082,295
4082,303
4082,1552
4082,2405
4083,71
4083,1221
4083,3709
4083,3710
4083,3711
4084,1
4084,266
4084,295
4084,740
4084,3712
4085,103
4085,314
4085,414
4085,527
4085,564
4086,13
4086,52
4086,130
4086,445
4086,598
4087,15
4087,73
4087,295
4087,707
4087,1283
4088,132
4088,133
4088,381
4088,382
4088,3713
4089,42
4089,375
4089,1638
4089,3714
4089,3715
4090,52
4090,77
4090,97
4090,136
4090,842
4091,265
4091,337
4091,655
4091,784
4091,1273
4092,3
4092,133
4092,191
4092,3716
4092,3717
4093,133
4093,346
4093,519
4093,1442
4093,2347
4094,23
4094,52
4094,436
4094,865
4094,1519
4095,233
4095,407
4095,977
4095,1839
4095,3718
4096,9
4096,31
4096,181
4096,348
4096,2211
4097,142
4097,193
4097,654
4097,1402
4097,3363
4098,835
4098,1982
4098,2500
4098,3719
4098,3720
4099,69
4099,344
4099,1004
4099,1712
4099,2766
4100,1
4100,133
4100,507
4100,561
4100,1714
4101,23
4101,181
4101,280
4101,399
4101,652
4102,12
4102,133
4102,321
4102,519
4102,1502
4103,23
4103,582
4103,648
4103,691
4103,1022
4104,1
4104,3
4104,51
4104,412
4104,1237
4105,133
4105,219
4105,346
4105,744
4105,2010
4106,23
4106,26
4106,27
4106,92
4106,557
4107,348
4107,662
4107,3721
4107,3722
4107,3723
4108,381
4108,382
4108,742
4108,744
4108,754
4109,1
4109,3
4109,133
4109,191
4109,561
4110,1869
4110,2810
4110,3724
4110,3725
4110,3726
4111,130
4111,542
4111,543
4111,1067
4111,1068
4112,84
4112,86
4112,689
4112,845
4112,1887
4113,1
4113,3
4113,239
4113,1559
4113,3727
4114,10
4114,54
4114,70
4114,386
4114,3201
4115,295
4115,519
4115,3728
4115,3729
4115,3730
4116,86
4116,158
4116,1282
4116,1535
4116,3187
4117,0
4117,190
4117,198
4117,219
4117,3731
4118,3
4118,36
4118,191
4118,286
4118,3032
4119,132
4119,133
4119,191
4119,622
4119,3732
4120,3
4120,132
4120,133
4120,1259
4120,3733
4121,23
4121,51
4121,1096
4121,1108
4121,1552
4122,86
4122,227
4122,743
4122,985
4122,2156
4123,449
4123,508
4123,1611
4123,3503
4123,3734
4124,23
4124,86
4124,562
4124,2673
4124,2742
4125,124
4125,446
4125,1114
4125,3074
4125,3735
4126,23
4126,964
4126,1922
4126,2713
4126,3736
4127,1268
4127,2220
4127,2392
4127,2696
4127,3737
4128,3738
4128,3739
4128,3740
4128,3741
4128,3742
4129,910
4129,911
4129,3743
4129,3744
4129,3745
4130,23
4130,412
4130,990
4130,1238
4130,1746
4131,17
4131,923
4131,1137
4131,3074
4131,3746
4132,3
4132,162
4132,376
4132,931
4132,3747
4133,14
4133,33
4133,133
4133,364
4133,3055
4134,1
4134,23
4134,133
4134,755
4134,1259
4135,44
4135,258
4135,401
4135,447
4135,1998
4136,321
4136,524
4136,1671
4136,1969
4136,3748
4137,54
4137,873
4137,1096
4137,1397
4137,2646
4138,814
4138,3239
4138,3749
4138,3750
4138,3751
4139,50
4139,51
4139,132
4139,462
4139,3566
4140,430
4140,1453
4140,2919
4140,3752
4140,3753
4141,42
4141,161
4141,436
4141,783
4141,1399
4142,62
4142,69
4142,86
4142,360
4142,1174
4143,1
4143,13
4143,51
4143,190
4143,364
4144,190
4144,1525
4144,1826
4144,2274
4144,3754
4145,564
4145,2252
4145,3755
4145,3756
4145,3757
4146,9
4146,12
4146,13
4146,264
4146,317
4147,15
4147,293
4147,1462
4147,1535
4147,2302
4148,750
4148,3758
4148,3759
4148,3760
4148,3761
4149,265
4149,436
4149,980
4149,1115
4149,2182
4150,1
4150,3
4150,86
4150,133
4150,682
4151,9
4151,23
4151,194
4151,342
4151,1079
4152,86
4152,161
4152,300
4152,311
4152,1530
4153,1
4153,5
4153,132
4153,133
4153,1843
4154,14
4154,300
4154,1753
4154,2893
4154,3762
4155,23
4155,233
4155,399
4155,976
4155,3751
4156,3
4156,14
4156,51
4156,69
4156,2835
4157,1
4157,3
4157,23
4157,133
4157,156
4158,14
4158,135
4158,683
4158,1586
4158,2282
4159,48
4159,314
4159,321
4159,1772
4159,3763
4160,133
4160,191
4160,480
4160,853
4160,1808
4161,10
4161,233
4161,1399
4161,3427
4161,3622
4162,382
4162,742
4162,744
4162,754
4162,1183
4163,2049
4163,2849
4163,3745
4163,3764
4163,3765
4164,12
4164,23
4164,86
4164,287
4164,689
4165,61
4165,86
4165,288
4165,1545
4165,1930
4166,337
4166,436
4166,437
4166,795
4166,1195
4167,63
4167,439
4167,1194
4167,1755
4167,2130
4168,1
4168,13
4168,1068
4168,1155
4168,1537
4169,133
4169,219
4169,961
4169,3766
4169,3767
4170,288
4170,364
4170,507
4170,873
4170,2315
4171,810
4171,1103
4171,1658
4171,3165
4171,3367
4172,86
4172,133
4172,598
4172,689
4172,1593
4173,69
4173,682
4173,1338
4173,2603
4173,3217
4174,130
4174,142
4174,219
4174,237
4174,970
4175,245
4175,924
4175,1108
4175,1286
4175,2665
4176,32
4176,37
4176,380
4176,465
4176,1810
4177,42
4177,233
4177,359
4177,583
4177,1907
4178,382
4178,689
4178,744
4178,754
4178,1693
4179,193
4179,690
4179,2356
4179,3723
4179,3768
4180,381
4180,742
4180,744
4180,1103
4180,1658
4181,1
4181,3
4181,133
4181,555
4181,1238
4182,1
4182,23
4182,637
4182,1701
4182,2525
4183,15
4183,17
4183,1831
4183,2775
4183,3769
4184,3
4184,133
4184,198
4184,295
4184,1282
4185,3
4185,191
4185,3770
4185,3771
4186,13
4186,23
4186,69
4186,437
4186,850
4187,394
4187,1090
4187,2124
4187,2870
4187,3136
4188,69
4188,436
4188,1020
4188,2495
4188,3772
4189,23
4189,585
4189,1235
4189,1852
4189,2567
4190,632
4190,735
4190,1548
4190,2843
4190,3461
4191,20
4191,154
4191,412
4191,903
4191,1273
4192,1907
4192,2352
4192,3773
4192,3774
4192,3775
4193,123
4193,179
4193,446
4193,447
4193,1430
4194,13
4194,23
4194,69
4194,561
4194,1183
4195,8
4195,86
4195,1039
4195,1611
4195,2239
4196,1
4196,3
4196,83
4196,971
4196,3776
4197,191
4197,2030
4197,3605
4197,3777
4197,3778
4198,13
4198,14
4198,69
4198,1366
4198,3779
4199,3
4199,51
4199,77
4199,191
4199,1320
4200,83
4200,139
4200,233
4200,1478
4200,3278
4201,77
4201,136
4201,1873
4201,2524
4201,3401
4202,524
4202,1090
4202,1091
4202,1092
4202,1334
4203,1
4203,3
4203,1559
4203,1887
4203,3780
4204,17
4204,142
4204,193
4204,246
4204,693
4205,198
4205,1096
4205,1687
4205,1717
4205,2028
4206,126
4206,128
4206,154
4206,316
4206,602
4207,3
4207,69
4207,107
4207,1043
4207,2294
4208,1
4208,3
4208,51
4208,133
4208,654
4209,5
4209,406
4209,597
4209,669
4209,1073
4210,288
4210,337
4210,433
4210,437
4210,511
4211,3
4211,64
4211,133
4211,875
4211,3781
4212,1
4212,3
4212,91
4212,1456
4212,2459
4213,159
4213,317
4213,655
4213,2070
4213,2284
4214,523
4214,688
4214,866
4214,1178
4214,2058
4215,3
4215,130
4215,132
4215,133
4215,1786
4216,1
4216,3
4216,233
4216,502
4216,758
4217,1
4217,3
4217,191
4217,1429
4217,1512
4218,5
4218,668
4218,834
4218,964
4218,3782
4219,13
4219,170
4219,266
4219,295
4219,858
4220,33
4220,1304
4220,3783
4220,3784
4220,3785
4221,14
4221,51
4221,133
4221,191
4221,1155
4222,5
4222,364
4222,449
4222,494
4222,538
4223,69
4223,1234
4223,1282
4223,3361
4223,3786
4224,2175
4224,3394
4224,3787
4224,3788
4224,3789
4225,51
4225,132
4225,300
4225,1044
4225,1530
4226,69
4226,238
4226,758
4226,1787
4226,2477
4227,5
4227,133
4227,191
4227,682
4227,1707
4228,97
4228,2403
4228,2557
4228,2604
4228,3790
4229,1
4229,133
4229,381
4229,1552
4229,2478
4230,77
4230,136
4230,942
4230,1006
4230,3791
4231,23
4231,361
4231,1008
4231,2564
4231,3792
4232,382
4232,519
4232,744
4232,754
4232,1512
4233,139
4233,324
4233,1043
4233,1173
4233,1583
4234,65
4234,133
4234,331
4234,801
4234,964
4235,437
4235,639
4235,927
4235,1463
4235,3793
4236,0
4236,42
4236,395
4236,685
4236,1989
4237,5
4237,191
4237,286
4237,883
4237,3794
4238,1
4238,133
4238,368
4238,559
4238,882
4239,3
4239,86
4239,133
4239,394
4239,3795
4240,3
4240,73
4240,95
4240,191
4240,1905
4241,3
4241,73
4241,295
4241,1095
4241,3796
4242,1
4242,84
4242,86
4242,133
4242,2099
4243,9
4243,86
4243,689
4243,2662
4243,3797
4244,136
4244,711
4244,1004
4244,1587
4244,3798
4245,1
4245,13
4245,52
4245,865
4245,3799
4246,69
4246,239
4246,789
4246,964
4246,3800
4247,13
4247,437
4247,462
4247,1001
4247,3526
4248,5
4248,133
4248,1419
4248,1488
4248,1744
4249,337
4249,433
4249,436
4249,452
4249,786
4250,3
4250,96
4250,360
4250,1479
4250,3347
4251,12
4251,51
4251,131
4251,132
4251,621
4252,1
4252,867
4252,882
4252,921
4252,2696
4253,160
4253,223
4253,1368
4253,1463
4253,1852
4254,66
4254,542
4254,754
4254,1429
4254,1506
4255,317
4255,655
4255,783
4255,1049
4255,1050
4256,14
4256,191
4256,682
4256,1338
4256,2094
4257,170
4257,683
4257,2267
4257,3801
4257,3802
4258,23
4258,383
4258,388
4258,1335
4258,1371
4259,346
4259,382
4259,403
4259,1010
4259,1053
4260,1
4260,3
4260,133
4260,365
4260,946
4261,3
4261,191
4261,286
4261,321
4261,1700
4262,430
4262,800
4262,1043
4262,3157
4262,3483
4263,382
4263,570
4263,744
4263,754
4263,2223
4264,10
4264,70
4264,313
4264,516
4264,3803
4265,52
4265,69
4265,296
4265,3351
4265,3804
4266,14
4266,135
4266,142
4266,511
4266,1096
4267,328
4267,654
4267,1382
4267,3805
4267,3806
4268,1
4268,3
4268,133
4268,170
4268,2335
4269,86
4269,132
4269,433
4269,2285
4269,3807
4270,104
4270,159
4270,710
4270,1164
4270,2766
4271,3
4271,191
4271,321
4271,1366
4271,1687
4272,136
4272,191
4272,286
4272,561
4272,3808
4273,3
4273,191
4273,279
4273,540
4274,1
4274,13
4274,233
4274,348
4274,1775
4275,0
4275,62
4275,63
4275,64
4275,496
4276,1
4276,3
4276,13
4276,125
4276,448
4277,518
4277,519
4277,1338
4277,1719
4277,2094
4278,457
4278,868
4278,891
4278,1550
4278,2492
4279,14
4279,86
4279,295
4279,394
4279,3809
4280,1
4280,13
4280,142
4280,389
4280,3810
4281,1108
4281,1598
4281,2663
4281,2665
4281,3811
4282,50
4282,51
4282,130
4282,174
4282,244
4283,96
4283,340
4283,459
4283,759
4283,3074
4284,507
4284,1756
4284,1810
4284,1901
4284,2602
4285,1
4285,3
4285,133
4285,191
4285,1641
4286,192
4286,1791
4286,3812
4286,3813
4286,3814
4287,1
4287,69
4287,133
4287,971
4287,1586
4288,77
4288,84
4288,132
4288,989
4288,3815
4289,3816
4289,3817
4289,3818
4289,3819
4289,3820
4290,83
4290,258
4290,375
4290,401
4290,1437
4291,84
4291,331
4291,542
4291,621
4291,1966
4292,13
4292,237
4292,723
4292,1513
4292,3821
4293,71
4293,375
4293,538
4293,2069
4293,3004
4294,69
4294,346
4294,1442
4294,1549
4294,3413
4295,51
4295,1006
4295,1922
4295,3552
4295,3822
4296,1
4296,133
4296,619
4296,734
4296,2365
4297,5
4297,133
4297,382
4297,689
4297,3823
4298,647
4298,1856
4298,2944
4298,3824
4298,3825
4299,1
4299,295
4299,980
4299,1177
4299,3223
4300,337
4300,436
4300,437
4300,516
4300,655
4301,23
4301,66
4301,139
4301,533
4301,789
4302,253
4302,364
4302,414
4302,433
4302,873
4303,1
4303,23
4303,55
4303,94
4303,2358
4304,1
4304,3
4304,88
4304,136
4304,191
4305,0
4305,58
4305,620
4305,2699
4305,3242
4306,239
4306,274
4306,449
4306,1094
4306,3826
4307,10
4307,13
4307,44
4307,70
4307,83
4308,800
4308,1690
4308,2510
4308,3322
4308,3723
4309,14
4309,23
4309,133
4309,682
4309,754
4310,5
4310,597
4310,668
4310,1511
4310,3827
4311,1
4311,13
4311,366
4311,1476
4311,3080
4312,13
4312,32
4312,145
4312,1677
4312,3828
4313,1063
4313,1687
4313,3829
4313,3830
4313,3831
4314,133
4314,295
4314,304
4314,684
4314,1920
4315,1
4315,29
4315,263
4315,511
4315,1463
4316,42
4316,64
4316,92
4316,104
4316,635
4317,77
4317,121
4317,132
4317,300
4317,1530
4318,161
4318,162
4318,449
4318,612
4318,1103
4319,3
4319,51
4319,136
4319,142
4319,191
4320,49
4320,77
4320,989
4320,1194
4320,1755
4321,13
4321,61
4321,350
4321,810
4321,1822
4322,570
4322,927
4322,970
4322,1120
4322,1690
4323,1
4323,13
4323,105
4323,219
4323,2081
4324,3
4324,191
4324,707
4324,2856
4324,3832
4325,233
4325,303
4325,541
4325,1067
4325,2555
4326,69
4326,501
4326,1596
4326,3081
4326,3833
4327,504
4327,1363
4327,1364
4327,2817
4327,3834
4328,381
4328,382
4328,742
4328,743
4328,744
4329,312
4329,376
4329,1001
4329,1463
4329,1789
4330,238
4330,360
4330,758
4330,970
4330,3155
4331,13
4331,263
4331,326
4331,1209
4331,2650
4332,66
4332,69
4332,107
4332,238
4332,344
4333,3
4333,69
4333,191
4333,286
4333,561
4334,80
4334,561
4334,621
4334,682
4334,861
4335,851
4335,873
4335,2188
4335,2436
4335,3835
4336,3
4336,97
4336,133
4336,519
4336,1543
4337,133
4337,177
4337,233
4337,375
4337,466
4338,23
4338,136
4338,631
4338,1890
4338,2821
4339,161
4339,162
4339,449
4339,1450
4339,3836
4340,321
4340,532
4340,1577
4340,2028
4340,3837
4341,3
4341,69
4341,191
4341,937
4341,2095
4342,1
4342,3
4342,380
4343,142
4343,159
4343,389
4343,1176
4343,3838
4344,682
4344,1155
4344,2264
4344,2586
4344,3178
4345,160
4345,693
4345,1277
4345,2931
4345,3666
4346,82
4346,279
4346,321
4346,1023
4346,1756
4347,9
4347,13
4347,77
4347,635
4347,865
4348,3839
4348,3840
4348,3841
4348,3842
4348,3843
4349,139
4349,831
4349,1384
4349,2851
4349,3844
4350,1
4350,5
4350,86
4350,133
4350,321
4351,3
4351,13
4351,295
4351,433
4351,507
4352,46
4352,941
4352,977
4352,1246
4352,2216
4353,293
4353,842
4353,1108
4353,3845
4353,3846
4354,23
4354,27
4354,65
4354,179
4354,399
4355,66
4355,69
4355,170
4355,2483
4355,3847
4356,13
4356,120
4356,654
4356,949
4356,2766
4357,133
4357,191
4357,295
4357,665
4357,1497
4358,3
4358,13
4358,613
4358,1023
4358,3848
4359,9
4359,192
4359,764
4359,865
4359,1477
4360,1
4360,3
4360,14
4360,133
4360,233
4361,13
4361,356
4361,707
4361,2014
4361,2722
4362,23
4362,32
4362,290
4362,494
4362,1713
4363,13
4363,31
4363,71
4363,585
4363,1043
4364,86
4364,300
4364,301
4364,683
4364,1530
4365,3
4365,13
4365,153
4365,191
4365,601
4366,1
4366,42
4366,83
4366,1234
4366,1696
4367,261
4367,326
4367,770
4367,1973
4367,3849
4368,3
4368,133
4368,191
4368,519
4368,1429
4369,50
4369,84
4369,130
4369,132
4369,133
4370,14
4370,51
4370,156
4370,507
4370,2264
4371,219
4371,1010
4371,1100
4371,1531
4371,2736
4372,499
4372,1308
4372,1362
4372,3324
4372,3325
4373,33
4373,364
4373,380
4373,1756
4373,1925
4374,0
4374,56
4374,538
4374,597
4374,1702
4375,33
4375,84
4375,90
4375,133
4375,2893
4376,3
4376,78
4376,132
4376,133
4376,555
4377,35
4377,280
4377,288
4377,1766
4377,3850
4378,1
4378,12
4378,13
4378,290
4378,949
4379,1
4379,883
4379,1333
4379,2048
4379,2218
4380,23
4380,44
4380,260
4380,326
4380,3851
4381,54
4381,55
4381,290
4381,771
4381,1155
4382,10
4382,86
4382,311
4382,689
4382,743
4383,267
4383,346
4383,439
4383,2248
4383,3852
4384,10
4384,12
4384,44
4384,54
4384,70
4385,237
4385,364
4385,506
4385,978
4385,2121
4386,23
4386,133
4386,382
4386,754
4386,3253
4387,86
4387,582
4387,689
4387,743
4387,1943
4388,1
4388,3
4388,133
4388,237
4388,277
4389,136
4389,321
4389,396
4389,1671
4389,2728
4390,1
4390,227
4390,519
4390,738
4390,1316
4391,671
4391,738
4391,1861
4391,1950
4391,2204
4392,13
4392,364
4392,502
4392,2277
4392,3853
4393,73
4393,136
4393,198
4393,1723
4393,2338
4394,1
4394,133
4394,135
4394,941
4394,3854
4395,31
4395,58
4395,150
4395,612
4395,1096
4396,1
4396,3
4396,295
4396,1282
4396,2399
4397,1
4397,380
4397,450
4397,1297
4397,3460
4398,142
4398,666
4398,854
4398,2418
4398,3234
4399,42
4399,82
4399,299
4399,380
4399,3855
4400,23
4400,27
4400,41
4400,92
4400,102
4401,346
4401,381
4401,382
4401,744
4401,1187
4402,1
4402,23
4402,77
4402,133
4402,538
4403,86
4403,689
4403,718
4403,853
4403,1862
4404,67
4404,810
4404,1172
4404,1800
4404,2941
4405,198
4405,523
4405,870
4405,1022
4405,2352
4406,61
4406,94
4406,223
4406,564
4406,2252
4407,3
4407,133
4407,519
4407,1429
4407,1692
4408,52
4408,133
4408,691
4408,2636
4408,3364
4409,9
4409,12
4409,227
4409,287
4409,641
4410,15
4410,191
4410,286
4410,1595
4410,3856
4411,128
4411,159
4411,3857
4411,3858
4411,3859
4412,1
4412,43
4412,381
4412,383
4412,3860
4413,346
4413,1252
4413,1843
4413,2207
4413,3861
4414,1
4414,3
4414,13
4414,107
4414,159
4415,5
4415,538
4415,1511
4415,3520
4415,3862
4416,69
4416,107
4416,869
4416,3863
4416,3864
4417,191
4417,198
4417,295
4417,1282
4417,3865
4418,42
4418,395
4418,685
4418,1096
4418,2650
4419,28
4419,589
4419,738
4419,849
4419,864
4420,32
4420,176
4420,474
4420,1096
4420,3866
4421,32
4421,136
4421,561
4421,1383
4421,1859
4422,1
4422,15
4422,133
4422,193
4422,508
4423,1
4423,61
4423,139
4423,861
4423,2887
4424,288
4424,496
4424,612
4424,1912
4424,3867
4425,300
4425,301
4425,675
4425,1399
4425,1530
4426,3868
4426,3869
4426,3870
4426,3871
4426,3872
4427,2100
4427,2103
4427,2261
4427,3873
4427,3874
4428,13
4428,284
4428,591
4428,758
4428,2188
4429,3
4429,122
4429,133
4429,593
4429,1025
4430,69
4430,89
4430,523
4430,1523
4430,2129
4431,9
4431,419
4431,1025
4431,3875
4431,3876
4432,9
4432,12
4432,13
4432,31
4432,671
4433,1099
4433,1100
4433,1658
4433,3718
4433,3877
4434,13
4434,364
4434,375
4434,1252
4434,1688
4435,1
4435,3
4435,5
4435,583
4435,2636
4436,2244
4436,2245
4436,2246
4436,2247
4436,3878
4437,1
4437,13
4437,1377
4437,2156
4437,3879
4438,51
4438,77
4438,1237
4438,3880
4438,3881
4439,1
4439,77
4439,133
4439,191
4439,971
4440,86
4440,132
4440,133
4440,346
4440,382
4441,13
4441,23
4441,221
4441,945
4441,1377
4442,23
4442,63
4442,228
4442,693
4442,1368
4443,69
4443,77
4443,136
4443,264
4443,988
4444,86
4444,168
4444,712
4444,1023
4444,3882
4445,1417
4445,1850
4445,3065
4445,3883
4445,3884
4446,1
4446,3
4446,136
4446,191
4447,50
4447,375
4447,3178
4447,3885
4447,3886
4448,1717
4448,1798
4448,2124
4448,3204
4448,3887
4449,69
4449,279
4449,303
4449,538
4449,3192
4450,1
4450,52
4450,382
4450,1068
4450,1155
4451,14
4451,135
4451,160
4451,246
4451,511
4452,5
4452,14
4452,135
4452,950
4452,2924
4453,142
4453,349
4453,433
4453,942
4453,1012
4454,1
4454,3
4454,136
4454,191
4454,3097
4455,50
4455,51
4455,433
4455,689
4455,1237
4456,109
4456,142
4456,842
4456,976
4456,1703
4457,133
4457,683
4457,853
4457,1068
4457,1719
4458,86
4458,133
4458,191
4458,3047
4458,3888
4459,1
4459,13
4459,42
4459,69
4459,1004
4460,5
4460,293
4460,507
4460,582
4460,1812
4461,1
4461,3
4461,133
4461,2231
4462,1
4462,3
4462,13
4462,42
4462,1952
4463,51
4463,69
4463,136
4463,564
4463,932
4464,348
4464,393
4464,637
4464,666
4464,3889
4465,541
4465,1012
4465,1655
4465,3890
4465,3891
4466,9
4466,77
4466,620
4466,1371
4466,3892
4467,69
4467,142
4467,194
4467,412
4467,523
4468,1
4468,3
4468,123
4468,133
4468,3893
4469,1
4469,3
4469,133
4469,382
4469,754
4470,23
4470,26
4470,27
4470,41
4470,102
4471,300
4471,301
4471,381
4471,744
4471,1530
4472,381
4472,744
4472,1966
4472,1971
4472,3165
4473,1
4473,3
4473,69
4473,1004
4473,3894
4474,136
4474,145
4474,378
4474,2391
4474,3895
4475,1
4475,3
4475,51
4475,132
4475,133
4476,86
4476,311
4476,343
4476,433
4476,689
4477,71
4477,833
4477,3896
4477,3897
4477,3898
4478,3899
4478,3900
4478,3901
4478,3902
4478,3903
4479,0
4479,1
4479,54
4479,139
4479,2370
4480,224
4480,225
4480,521
4480,831
4480,3425
4481,23
4481,314
4481,446
4481,527
4481,1371
4482,1
4482,299
4482,393
4482,2787
4482,2963
4483,14
4483,51
4483,86
4483,135
4483,682
4484,14
4484,135
4484,142
4484,516
4484,1338
4485,135
4485,668
4485,1592
4485,2924
4485,3904
4486,191
4486,1338
4486,2287
4486,3737
4486,3905
4487,233
4487,655
4487,784
4487,1235
4487,3906
4488,3
4488,13
4488,107
4488,3907
4488,3908
4489,130
4489,132
4489,133
4489,3411
4489,3909
4490,191
4490,276
4490,286
4490,3122
4490,3910
4491,93
4491,557
4491,831
4491,997
4491,3911
4492,63
4492,105
4492,366
4492,3912
4492,3913
4493,184
4493,209
4493,647
4493,1189
4493,1443
4494,13
4494,96
4494,337
4494,437
4494,980
4495,3
4495,13
4495,159
4495,800
4495,3914
4496,42
4496,497
4496,1225
4496,1306
4496,1308
4497,276
4497,705
4497,1873
4497,3255
4497,3915
4498,12
4498,71
4498,89
4498,706
4498,1001
4499,1
4499,44
4499,299
4499,873
4499,3916
4500,380
4500,650
4500,1096
4500,1810
4500,1901
4501,3
4501,69
4501,136
4501,191
4501,3917
4502,298
4502,565
4502,866
4502,968
4502,1178
4503,50
4503,51
4503,70
4503,244
4503,1238
4504,1
4504,3
4504,51
4504,133
4504,142
4505,9
4505,12
4505,126
4505,252
4505,1164
4506,51
4506,77
4506,135
4506,343
4506,631
4507,81
4507,121
4507,989
4507,1477
4507,3807
4508,73
4508,883
4508,1429
4508,1506
4508,3918
4509,14
4509,707
4509,1596
4509,2623
4509,3919
4510,1
4510,51
4510,86
4510,133
4510,942
4511,3
4511,911
4511,912
4511,2561
4511,2849
4512,23
4512,24
4512,26
4512,27
4512,102
4513,3
4513,107
4513,125
4514,1
4514,13
4514,33
4514,641
4514,1377
4515,10
4515,105
4515,1737
4515,3920
4515,3921
4516,1
4516,3
4516,133
4516,326
4516,3645
4517,161
4517,163
4517,364
4517,367
4517,494
4518,135
4518,160
4518,412
4518,437
4518,873
4519,201
4519,532
4519,707
4519,1596
4519,3922
4520,84
4520,358
4520,674
4520,711
4520,1157
4521,135
4521,286
4521,583
4521,1982
4521,3923
4522,3
4522,69
4522,133
4522,191
4522,3924
4523,136
4523,238
4523,561
4523,691
4523,3323
4524,533
4524,621
4524,1965
4524,2095
4524,2953
4525,3
4525,13
4525,14
4525,32
4525,831
4526,447
4526,711
4526,1658
4526,2108
4526,2946
4527,64
4527,344
4527,2347
4527,2997
4527,3483
4528,3560
4528,3846
4528,3925
4528,3926
4528,3927
4529,31
4529,42
4529,54
4529,496
4529,1082
4530,23
4530,41
4530,198
4530,233
4530,2599
4531,13
4531,23
4531,180
4531,1476
4531,2419
4532,23
4532,156
4532,228
4532,1417
4532,2003
4533,3
4533,69
4533,191
4533,1905
4533,3928
4534,86
4534,368
4534,1096
4534,3522
4534,3929
4535,381
4535,382
4535,742
4535,744
4535,1545
4536,1
4536,42
4536,82
4536,288
4536,1537
4537,3
4537,13
4537,14
4537,937
4537,2697
4538,133
4538,191
4538,1420
4538,1744
4538,3930
4539,23
4539,24
4539,27
4539,92
4539,102
4540,15
4540,42
4540,82
4540,156
4540,1430
4541,382
4541,742
4541,744
4541,754
4541,1658
4542,1
4542,3
4542,13
4542,69
4542,936
4543,223
4543,551
4543,1653
4543,2617
4543,3007
4544,13
4544,44
4544,327
4544,419
4544,1006
4545,67
4545,442
4545,799
4545,1216
4545,1762
4546,66
4546,69
4546,2387
4546,3412
4546,3413
4547,9
4547,13
4547,67
4547,219
4547,2370
4548,1
4548,3
4548,133
4548,1143
4548,2265
4549,52
4549,69
4549,191
4549,1702
4549,3931
4550,64
4550,97
4550,133
4550,346
4550,742
4551,1
4551,3
4551,494
4551,2697
4552,12
4552,181
4552,429
4552,1001
4552,3932
4553,1
4553,3
4553,84
4553,133
4553,227
4554,51
4554,96
4554,244
4554,378
4554,848
4555,1
4555,3
4555,13
4555,133
4555,233
4556,23
4556,26
4556,27
4556,92
4556,102
4557,105
4557,464
4557,1290
4557,3933
4557,3934
4558,23
4558,198
4558,388
4558,391
4558,1852
4559,1
4559,142
4559,389
4559,1103
4559,3339
4560,1
4560,690
4560,873
4560,1209
4560,3935
4561,1
4561,133
4561,519
4561,561
4561,682
4562,31
4562,42
4562,921
4562,1537
4562,3936
4563,1
4563,364
4563,510
4563,1283
4563,3937
4564,32
4564,58
4564,121
4564,161
4564,3938
4565,46
4565,64
4565,331
4565,1522
4565,2042
4566,1
4566,23
4566,94
4566,361
4566,3939
4567,654
4567,1394
4567,1518
4567,1714
4567,3940
4568,364
4568,367
4568,368
4568,612
4568,2447
4569,1
4569,3
4569,13
4569,364
4569,612
4570,381
4570,382
4570,742
4570,744
4570,754
4571,381
4571,382
4571,742
4571,743
4571,744
4572,361
4572,654
4572,1352
4572,1385
4572,2904
4573,1
4573,13
4573,299
4573,1822
4573,2686
4574,1
4574,3
4574,13
4574,433
4574,3941
4575,542
4575,1246
4575,1643
4575,2010
4575,2216
4576,198
4576,233
4576,357
4576,3097
4576,3942
4577,54
4577,190
4577,570
4577,979
4577,3943
4578,51
4578,136
4578,233
4578,295
4578,693
4579,139
4579,191
4579,810
4579,1756
4579,1810
4580,122
4580,754
4580,1763
4580,2477
4580,3944
4581,105
4581,145
4581,464
4581,3945
4581,3946
4582,44
4582,873
4582,1430
4582,1904
4582,3278
4583,465
4583,915
4583,1074
4583,1810
4583,1901
4584,9
4584,264
4584,618
4584,786
4584,1656
4585,968
4585,1404
4585,2147
4585,2581
4585,2582
4586,42
4586,64
4586,436
4586,881
4586,1096
4587,0
4587,620
4587,943
4587,1782
4587,3947
4588,23
4588,27
4588,55
4588,219
4588,436
4589,1
4589,13
4589,31
4589,921
4589,3948
4590,130
4590,131
4590,1786
4590,1814
4590,3949
4591,295
4591,396
4591,533
4591,822
4591,3950
4592,133
4592,191
4592,387
4592,419
4592,980
4593,9
4593,260
4593,414
4593,437
4593,1001
4594,723
4594,861
4594,1040
4594,1812
4594,1925
4595,17
4595,96
4595,399
4595,848
4595,1912
4596,360
4596,381
4596,382
4596,744
4596,1545
4597,321
4597,538
4597,686
4597,2094
4597,2405
4598,0
4598,56
4598,77
4598,538
4598,2098
4599,381
4599,382
4599,742
4599,744
4599,754
4600,23
4600,26
4600,27
4600,41
4600,92
4601,69
4601,77
4601,133
4601,191
4601,519
4602,139
4602,393
4602,494
4602,1183
4602,1262
4603,3
4603,13
4603,107
4603,295
4604,71
4604,233
4604,422
4604,666
4604,3951
4605,14
4605,69
4605,922
4605,964
4605,3290
4606,12
4606,13
4606,237
4606,317
4606,337
4607,1
4607,86
4607,130
4607,133
4607,1321
4608,133
4608,191
4608,286
4608,561
4608,622
4609,50
4609,51
4609,223
4609,299
4609,1384
4610,1
4610,13
4610,15
4610,105
4610,3810
4611,163
4611,977
4611,1099
4611,1535
4611,3952
4612,133
4612,449
4612,466
4612,501
4612,538
4613,360
4613,666
4613,1904
4613,2965
4613,3953
4614,0
4614,1
4614,3
4614,133
4614,179
4615,1
4615,13
4615,77
4615,738
4615,3954
4616,15
4616,237
4616,1178
4616,1352
4616,2222
4617,542
4617,1420
4617,1511
4617,1512
4617,2281
4618,1094
4618,1096
4618,1989
4618,2905
4618,3955
4619,754
4619,1429
4619,1512
4619,2281
4619,2909
4620,1
4620,1254
4620,1796
4620,2014
4620,3956
4621,406
4621,479
4621,509
4621,570
4621,2223
4622,3
4622,5
4622,133
4622,191
4622,2283
4623,23
4623,133
4623,538
4623,1528
4623,3804
4624,23
4624,588
4624,1043
4624,3957
4624,3958
4625,20
4625,340
4625,459
4625,1345
4625,2065
4626,181
4626,256
4626,494
4626,3074
4626,3639
4627,3
4627,136
4627,191
4627,935
4627,2059
4628,287
4628,329
4628,510
4628,1096
4628,2338
4629,801
4629,1506
4629,1964
4629,1965
4629,1966
4630,132
4630,133
4630,174
4630,989
4630,3959
4631,61
4631,139
4631,288
4631,1043
4631,3960
4632,1
4632,162
4632,293
4632,462
4632,861
4633,121
4633,191
4633,551
4633,1578
4633,3011
4634,23
4634,27
4634,92
4634,102
4634,699
4635,271
4635,1096
4635,1159
4635,3623
4635,3961
4636,23
4636,92
4636,124
4636,337
4636,2666
4637,139
4637,239
4637,523
4637,866
4637,1189
4638,17
4638,160
4638,246
4638,923
4638,3962
4639,10
4639,54
4639,312
4639,723
4639,1762
4640,133
4640,191
4640,563
4640,599
4640,3963
4641,23
4641,123
4641,146
4641,314
4641,867
4642,14
4642,133
4642,135
4642,1004
4642,2636
4643,132
4643,1206
4643,1259
4643,1664
4643,3964
4644,1
4644,3
4644,80
4644,86
4644,133
4645,404
4645,1282
4645,2273
4645,2274
4645,2699
4646,322
4646,346
4646,3413
4646,3542
4646,3643
4647,233
4647,357
4647,1282
4647,1392
4647,2302
4648,1
4648,133
4648,1702
4648,3386
4648,3387
4649,33
4649,1611
4649,3603
4649,3654
4649,3965
4650,1
4650,13
4650,321
4650,812
4650,1045
4651,86
4651,233
4651,326
4651,689
4651,770
4652,23
4652,27
4652,222
4652,800
4652,2462
4653,67
4653,209
4653,1088
4653,1444
4653,3966
4654,139
4654,691
4654,1155
4654,1768
4654,2650
4655,51
4655,77
4655,133
4655,300
4655,3004
4656,124
4656,310
4656,3967
4656,3968
4656,3969
4657,1
4657,13
4657,73
4657,233
4657,297
4658,260
4658,326
4658,337
4658,848
4658,1114
4659,310
4659,692
4659,863
4659,2841
4659,3967
4660,407
4660,693
4660,905
4660,1368
4660,3658
4661,1
4661,13
4661,341
4661,364
4661,1709
4662,3
4662,13
4662,130
4662,132
4662,219
4663,132
4663,133
4663,538
4663,1446
4663,1688
4664,1
4664,32
4664,145
4664,1368
4664,3970
4665,382
4665,542
4665,743
4665,744
4665,754
4666,3
4666,107
4666,358
4666,912
4666,2021
4667,1
4667,9
4667,619
4667,2329
4667,3971
4668,3
4668,133
4668,191
4668,1146
4668,2711
4669,2347
4669,2997
4669,3386
4669,3387
4669,3388
4670,1
4670,42
4670,104
4670,521
4670,685
4671,0
4671,51
4671,303
4671,1252
4671,2638
4672,66
4672,68
4672,93
4672,1294
4672,2610
4673,1
4673,13
4673,133
4673,136
4673,1399
4674,977
4674,1150
4674,1209
4674,3972
4674,3973
4675,0
4675,13
4675,233
4675,641
4675,1126
4676,5
4676,507
4676,1480
4676,1687
4676,1930
4677,23
4677,92
4677,102
4677,517
4677,2298
4678,361
4678,445
4678,554
4678,618
4678,792
4679,69
4679,382
4679,540
4679,1304
4679,1505
4680,15
4680,23
4680,364
4680,1754
4680,2551
4681,1
4681,13
4681,494
4681,689
4681,956
4682,46
4682,48
4682,1012
4682,1183
4682,1704
4683,33
4683,2520
4683,2895
4683,3974
4683,3975
4684,381
4684,382
4684,742
4684,744
4684,754
4685,136
4685,191
4685,561
4685,1440
4685,1525
4686,133
4686,191
4686,861
4686,971
4686,2593
4687,73
4687,937
4687,1410
4687,1568
4687,3976
4688,1
4688,13
4688,83
4688,317
4688,1822
4689,3
4689,133
4689,295
4689,3977
4690,103
4690,654
4690,871
4690,3517
4690,3978
4691,1
4691,3
4691,13
4691,300
4691,2545
4692,1
4692,69
4692,263
4692,870
4692,3670
4693,42
4693,879
4693,1211
4693,1283
4693,2569
4694,14
4694,69
4694,1586
4694,1753
4694,3828
4695,69
4695,321
4695,523
4695,3979
4695,3980
4696,1
4696,346
4696,652
4696,1283
4696,1712
4697,133
4697,950
4697,2269
4697,2752
4697,3981
4698,192
4698,1601
4698,2426
4698,2559
4698,3982
4699,1958
4699,1959
4699,2227
4699,3983
4699,3984
4700,1
4700,51
4700,654
4700,1237
4700,1709
4701,23
4701,26
4701,27
4701,92
4701,102
4702,3
4702,191
4702,1023
4702,2579
4702,3985
4703,1
4703,3
4703,133
4703,1923
4703,3986
4704,69
4704,205
4704,341
4704,523
4704,866
4705,13
4705,69
4705,550
4705,964
4705,2636
4706,382
4706,743
4706,942
4706,1012
4706,1106
4707,86
4707,97
4707,237
4707,583
4707,3327
4708,1
4708,233
4708,813
4708,1139
4708,2599
4709,1
4709,3
4709,14
4709,133
4709,135
4710,15
4710,159
4710,337
4710,449
4710,1966
4711,86
4711,381
4711,382
4711,744
4711,754
4712,69
4712,321
4712,622
4712,3492
4712,3987
4713,133
4713,510
4713,637
4713,1010
4713,2952
4714,265
4714,337
4714,437
4714,795
4714,1115
4715,1756
4715,1810
4715,3317
4715,3360
4715,3956
4716,69
4716,239
4716,1914
4716,3988
4716,3989
4717,77
4717,563
4717,608
4717,989
4717,3990
4718,1
4718,60
4718,510
4718,723
4718,1975
4719,23
4719,24
4719,26
4719,41
4719,516
4720,1
4720,3
4720,295
4720,3991
4721,10
4721,12
4721,291
4721,451
4721,452
4722,59
4722,303
4722,842
4722,3992
4722,3993
4723,338
4723,970
4723,2367
4723,3994
4723,3995
4724,9
4724,105
4724,1290
4724,2196
4724,2933
4725,23
4725,27
4725,92
4725,94
4725,699
4726,58
4726,396
4726,437
4726,457
4726,3100
4727,13
4727,14
4727,133
4727,448
4727,559
4728,295
4728,303
4728,321
4728,1225
4728,3996
4729,77
4729,132
4729,989
4729,2060
4729,2297
4730,304
4730,396
4730,1015
4730,3997
4730,3998
4731,161
4731,162
4731,194
4731,364
4731,1043
4732,541
4732,1012
4732,1655
4732,1862
4732,3999
4733,3
4733,1873
4733,2358
4733,2848
4733,4000
4734,507
4734,1592
4734,1687
4734,2489
4734,4001
4735,51
4735,378
4735,612
4735,1843
4735,4002
4736,5
4736,133
4736,884
4736,1338
4736,1829
4737,83
4737,142
4737,233
4737,1103
4737,1282
4738,23
4738,27
4738,93
4738,102
4738,699
4739,9
4739,10
4739,13
4739,15
4739,219
4740,31
4740,237
4740,312
4740,337
4740,436
4741,51
4741,133
4741,142
4741,174
4741,228
4742,542
4742,682
4742,1338
4742,1429
4742,2264
4743,1
4743,3
4743,133
4743,519
4743,1592
4744,10
4744,44
4744,70
4744,386
4744,770
4745,13
4745,14
4745,86
4745,388
4745,1044
4746,32
4746,1096
4746,1211
4746,1407
4746,2569
4747,86
4747,156
4747,519
4747,559
4747,3882
4748,77
4748,86
4748,300
4748,301
4748,364
4749,9
4749,71
4749,122
4749,266
4749,4003
4750,3
4750,13
4750,69
4750,170
4750,3639
4751,187
4751,742
4751,744
4751,754
4751,4004
4752,42
4752,359
4752,1391
4752,2997
4752,3233
4753,17
4753,65
4753,1293
4753,3074
4753,4005
4754,136
4754,466
4754,853
4754,1108
4754,1624
4755,188
4755,189
4755,1803
4755,1828
4755,2506
4756,1
4756,12
4756,13
4756,433
4756,1670
4757,136
4757,403
4757,665
4757,682
4757,3122
4758,46
4758,542
4758,686
4758,1246
4758,2143
4759,86
4759,133
4759,135
4759,160
4759,193
4760,1148
4760,3202
4760,3639
4760,4006
4760,4007
4761,3
4761,133
4761,174
4761,191
4761,718
4762,23
4762,27
4762,92
4762,102
4762,180
4763,10
4763,54
4763,177
4763,261
4763,591
4764,62
4764,1290
4764,4008
4764,4009
4764,4010
4765,69
4765,239
4765,960
4765,2408
4765,3553
4766,52
4766,73
4766,191
4766,233
4766,300
4767,142
4767,370
4767,1842
4767,2539
4767,4011
4768,1
4768,3
4768,133
4768,465
4769,1
4769,3
4769,77
4769,133
4769,191
4770,1
4770,15
4770,291
4770,637
4770,2200
4771,54
4771,132
4771,136
4771,1528
4771,3192
4772,382
4772,1824
4772,1876
4772,4012
4772,4013
4773,3321
4773,3424
4773,4014
4773,4015
4773,4016
4774,136
4774,233
4774,364
4774,903
4774,1989
4775,1345
4775,2209
4775,2454
4775,3577
4775,4017
4776,54
4776,55
4776,83
4776,436
4776,872
4777,142
4777,161
4777,621
4777,2308
4777,4018
4778,14
4778,135
4778,237
4778,691
4778,1411
4779,204
4779,458
4779,1096
4779,2872
4779,3953
4780,66
4780,67
4780,235
4780,810
4780,831
4781,61
4781,142
4781,964
4781,3639
4781,4019
4782,27
4782,849
4782,890
4782,905
4782,923
4783,5
4783,9
4783,105
4783,519
4783,2264
4784,142
4784,420
4784,538
4784,612
4784,621
4785,1151
4785,2520
4785,4020
4785,4021
4785,4022
4786,3
4786,23
4786,133
4786,136
4786,935
4787,543
4787,686
4787,1012
4787,1067
4787,1655
4788,50
4788,932
4788,990
4788,1002
4788,1238
4789,32
4789,42
4789,83
4789,536
4789,1089
4790,5
4790,6
4790,597
4790,669
4790,1073
4791,1
4791,3
4791,133
4791,718
4791,1737
4792,188
4792,190
4792,2095
4792,2566
4792,4023
4793,86
4793,130
4793,133
4793,496
4793,723
4794,69
4794,191
4794,1283
4794,2945
4794,4024
4795,52
4795,133
4795,191
4795,691
4795,1520
4796,1
4796,42
4796,82
4796,707
4796,1234
4797,1282
4797,1544
4797,1702
4797,2813
4797,4025
4798,5
4798,317
4798,364
4798,655
4798,1788
4799,86
4799,109
4799,133
4799,1829
4799,2403
4800,290
4800,433
4800,723
4800,865
4800,2619
4801,1967
4801,2589
4801,3774
4801,4026
4801,4027
4802,238
4802,360
4802,758
4802,1711
4802,2683
4803,10
4803,260
4803,290
4803,619
4803,4028
4804,49
4804,84
4804,154
4804,156
4804,219
4805,14
4805,69
4805,136
4805,1338
4805,1505
4806,64
4806,192
4806,315
4806,4029
4806,4030
4807,161
4807,533
4807,1211
4807,1476
4807,2120
4808,82
4808,1282
4808,2602
4808,2870
4808,4031
4809,10
4809,287
4809,505
4809,2738
4809,4032
4810,381
4810,382
4810,742
4810,744
4810,754
4811,1
4811,13
4811,299
4811,689
4811,1789
4812,23
4812,133
4812,1068
4812,1259
4812,2528
4813,73
4813,295
4813,685
4813,1552
4813,1854
4814,23
4814,26
4814,27
4814,102
4814,255
4815,14
4815,54
4815,86
4815,135
4815,574
4816,9
4816,16
4816,192
4816,261
4816,1368
4817,1
4817,3
4817,133
4817,519
4817,4033
4818,13
4818,14
4818,219
4818,2363
4818,2586
4819,14
4819,133
4819,191
4819,238
4819,324
4820,69
4820,191
4820,295
4820,321
4820,1519
4821,69
4821,133
4821,136
4821,561
4821,3989
4822,1
4822,3
4822,90
4822,133
4822,3973
4823,69
4823,133
4823,136
4823,564
4823,1004
4824,314
4824,527
4824,564
4824,871
4824,4034
4825,14
4825,15
4825,406
4825,540
4825,3790
4826,23
4826,61
4826,69
4826,109
4826,554
4827,0
4827,13
4827,23
4827,51
4827,964
4828,13
4828,69
4828,107
4828,342
4828,873
4829,57
4829,86
4829,133
4829,718
4829,1068
4830,233
4830,330
4830,380
4830,970
4830,1756
4831,10
4831,55
4831,386
4831,872
4831,1430
4832,3
4832,86
4832,682
4832,1338
4832,2094
4833,296
4833,494
4833,4035
4833,4036
4833,4037
4834,1
4834,14
4834,86
4834,519
4834,743
4835,5
4835,13
4835,133
4835,391
4835,2933
4836,52
4836,69
4836,136
4836,321
4836,561
4837,191
4837,406
4837,439
4837,1494
4837,1716
4838,8
4838,52
4838,133
4838,136
4838,300
4839,86
4839,133
4839,378
4839,561
4839,2358
4840,313
4840,417
4840,1259
4840,1688
4840,2211
4841,465
4841,1692
4841,1810
4841,1812
4841,4038
4842,32
4842,44
4842,145
4842,290
4842,710
4843,295
4843,1022
4843,1526
4843,2267
4843,3384
4844,1
4844,3
4844,133
4844,683
4844,3960
4845,14
4845,135
4845,1155
4845,2586
4845,2686
4846,69
4846,239
4846,442
4846,1883
4846,4039
4847,542
4847,754
4847,1429
4847,1512
4847,3073
4848,132
4848,133
4848,538
4848,1259
4848,4040
4849,233
4849,299
4849,507
4849,1139
4849,2964
4850,133
4850,170
4850,388
4850,1808
4850,4041
4851,628
4851,1456
4851,1869
4851,1912
4851,4042
4852,5
4852,669
4852,1073
4852,1511
4852,1512
4853,0
4853,58
4853,620
4853,621
4853,2035
4854,14
4854,507
4854,682
4854,1687
4854,4043
4855,184
4855,206
4855,207
4855,208
4855,1443
4856,412
4856,873
4856,1002
4856,3338
4856,4044
4857,3
4857,133
4858,10
4858,54
4858,1912
4858,3305
4858,3483
4859,3
4859,69
4859,191
4859,1020
4860,10
4860,1562
4860,1863
4860,1912
4860,2210
4861,107
4861,752
4861,758
4861,1044
4861,3218
4862,263
4862,395
4862,511
4862,516
4862,1177
4863,51
4863,136
4863,193
4863,421
4863,964
4864,3
4864,132
4864,133
4864,364
4864,4045
4865,2302
4865,2952
4865,3071
4865,3165
4865,4046
4866,1
4866,3
4866,1846
4866,2220
4866,4047
4867,23
4867,54
4867,67
4867,585
4867,4048
4868,346
4868,382
4868,543
4868,743
4868,1763
4869,23
4869,24
4869,26
4869,41
4869,102
4870,77
4870,227
4870,1001
4870,2320
4870,3090
4871,52
4871,130
4871,133
4871,342
4871,702
4872,133
4872,507
4872,641
4872,1592
4872,1593
4873,133
4873,674
4873,2876
4873,2990
4873,4049
4874,160
4874,212
4874,723
4874,923
4874,4050
4875,96
4875,133
4875,233
4875,1812
4875,1822
4876,69
4876,136
4876,239
4876,1304
4876,4051
4877,23
4877,51
4877,403
4877,955
4877,1252
4878,126
4878,142
4878,401
4878,476
4878,1863
4879,14
4879,160
4879,612
4879,1321
4879,1955
4880,527
4880,528
4880,529
4880,1793
4880,1794
4881,1
4881,3
4881,15
4881,202
4881,4052
4882,69
4882,394
4882,861
4882,1534
4882,1609
4883,61
4883,86
4883,133
4883,810
4883,1235
4884,233
4884,507
4884,1930
4884,1969
4884,2686
4885,13
4885,107
4885,980
4885,3635
4885,4053
4886,133
4886,382
4886,403
4886,1010
4886,1042
4887,3
4887,133
4887,295
4887,1905
4887,3960
4888,33
4888,73
4888,924
4888,2737
4888,4054
4889,1
4889,13
4889,23
4889,266
4889,1670
4890,3
4890,84
4890,133
4890,191
4890,853
4891,1
4891,3
4891,198
4891,233
4891,1907
4892,23
4892,124
4892,864
4892,871
4892,980
4893,742
4893,1100
4893,1545
4893,1971
4893,3165
4894,32
4894,156
4894,233
4894,288
4894,2811
4895,14
4895,78
4895,142
4895,506
4895,1768
4896,321
4896,682
4896,1032
4896,2428
4896,4055
4897,1
4897,32
4897,73
4897,249
4897,4056
4898,1
4898,3
4898,133
4898,191
4898,4057
4899,58
4899,109
4899,842
4899,1451
4899,3886
4900,597
4900,1525
4900,2094
4900,2356
4900,4058
4901,1
4901,13
4901,14
4901,212
4901,245
4902,23
4902,27
4902,41
4902,92
4902,102
4903,86
4903,237
4903,519
4903,4059
4903,4060
4904,50
4904,381
4904,382
4904,743
4904,1068
4905,86
4905,191
4905,519
4905,937
4905,1429
4906,801
4906,1472
4906,1965
4906,1966
4906,1971
4907,12
4907,446
4907,527
4907,1001
4907,4061
4908,406
4908,597
4908,623
4908,669
4908,1073
4909,14
4909,682
4909,937
4909,2628
4909,4062
4910,62
4910,86
4910,290
4910,710
4910,1164
4911,1
4911,23
4911,133
4911,2095
4911,2949
4912,381
4912,382
4912,742
4912,744
4912,754
4913,3
4913,52
4913,133
4913,136
4913,191
4914,32
4914,42
4914,775
4914,920
4914,921
4915,1
4915,3
4915,13
4915,238
4915,1004
4916,450
4916,583
4916,977
4916,1094
4916,2188
4917,15
4917,86
4917,132
4917,133
4917,1028
4918,0
4918,237
4918,641
4918,1225
4918,2607
4919,69
4919,239
4919,295
4919,396
4919,1096
4920,14
4920,86
4920,135
4920,691
4920,964
4921,31
4921,416
4921,503
4921,1101
4921,4063
4922,23
4922,312
4922,905
4922,923
4922,970
4923,8
4923,135
4923,682
4923,1417
4923,2403
4924,323
4924,324
4924,325
4924,1404
4924,4064
4925,2755
4925,2996
4925,3233
4925,4065
4925,4066
4926,1
4926,3
4926,1338
4926,1775
4927,46
4927,381
4927,744
4927,1985
4927,3860
4928,86
4928,133
4928,311
4928,458
4928,743
4929,1
4929,9
4929,295
4929,330
4929,550
4930,8
4930,14
4930,136
4930,191
4930,1586
4931,191
4931,1123
4931,1702
4931,2798
4931,3170
4932,50
4932,51
4932,396
4932,654
4932,1638
4933,69
4933,321
4933,364
4933,4067
4933,4068
4934,42
4934,198
4934,274
4934,813
4934,1392
4935,46
4935,313
4935,542
4935,2010
4935,2216
4936,133
4936,156
4936,538
4936,567
4936,1494
4937,1
4937,61
4937,139
4937,361
4937,936
4938,49
4938,56
4938,86
4938,344
4938,538
4939,39
4939,73
4939,109
4939,295
4939,1094
4940,31
4940,364
4940,1072
4940,3193
4940,4069
4941,17
4941,123
4941,223
4941,245
4941,1411
4942,1
4942,3
4942,13
4942,57
4942,1022
4943,5
4943,388
4943,1744
4943,1943
4943,4070
4944,133
4944,191
4944,541
4944,1694
4944,2094
4945,170
4945,1029
4945,2699
4945,4071
4945,4072
4946,23
4946,24
4946,26
4946,27
4946,41
4947,121
4947,136
4947,960
4947,1096
4947,1713
4948,1
4948,3
4948,650
4948,1496
4948,1810
4949,133
4949,859
4949,1338
4949,1624
4949,3500
4950,1
4950,3
4950,538
4950,2447
4950,4073
4951,1
4951,223
4951,496
4951,552
4951,1504
4952,3409
4952,4074
4952,4075
4952,4076
4952,4077
4953,601
4953,3341
4953,3568
4953,4078
4953,4079
4954,321
4954,1006
4954,3394
4954,3503
4954,4080
4955,44
4955,86
4955,145
4955,290
4955,710
4956,1
4956,3
4956,69
4956,399
4957,9
4957,30
4957,326
4957,847
4957,1079
4958,133
4958,313
4958,458
4958,1068
4958,2619
4959,5
4959,133
4959,382
4959,744
4959,853
4960,23
4960,26
4960,27
4960,92
4960,102
4961,188
4961,190
4961,406
4961,964
4961,1068
4962,32
4962,145
4962,428
4962,755
4962,921
4963,23
4963,24
4963,26
4963,41
4963,92
4964,130
4964,834
4964,2508
4964,2509
4964,3194
4965,14
4965,135
4965,382
4965,937
4965,1702
4966,63
4966,978
4966,1194
4966,1290
4966,1562
4967,540
4967,961
4967,1108
4967,1598
4967,3178
4968,86
4968,364
4968,691
4968,1078
4968,2966
4969,13
4969,14
4969,105
4969,135
4969,922
4970,32
4970,164
4970,1283
4970,1445
4970,2005
4971,1209
4971,2095
4971,2350
4971,2952
4971,3071
4972,3
4972,61
4972,233
4972,870
4972,1915
4973,1
4973,13
4973,105
4973,436
4973,2170
4974,3
4974,13
4974,104
4974,107
4974,159
4975,1
4975,3
4975,133
4975,295
4975,1438
4976,77
4976,1873
4976,2758
4976,3761
4976,4081
4977,69
4977,86
4977,191
4977,691
4977,4082
4978,1
4978,133
4978,331
4978,449
4978,1437
4979,12
4979,366
4979,811
4979,1001
4979,1164
4980,130
4980,132
4980,133
4980,570
4980,2524
4981,86
4981,237
4981,311
4981,689
4981,743
4982,1090
4982,1092
4982,1334
4982,1596
4982,3648
4983,42
4983,48
4983,58
4983,71
4983,652
4984,744
4984,754
4984,1338
4984,2233
4984,4083
4985,193
4985,364
4985,654
4985,4050
4985,4084
4986,64
4986,177
4986,333
4986,2160
4986,4085
4987,86
4987,689
4987,742
4987,977
4987,1243
4988,23
4988,26
4988,41
4988,42
4988,92
4989,33
4989,88
4989,532
4989,1596
4989,4086
4990,32
4990,40
4990,145
4990,297
4990,4087
4991,10
4991,27
4991,219
4991,228
4991,699
4992,23
4992,25
4992,26
4992,27
4992,699
4993,69
4993,133
4993,227
4993,866
4993,964
4994,233
4994,288
4994,430
4994,1096
4994,1235
4995,97
4995,295
4995,621
4995,2095
4995,4088
4996,23
4996,24
4996,92
4996,102
4996,699
4997,317
4997,384
4997,388
4997,655
4997,786
4998,1
4998,139
4998,148
4998,4089
4998,4090
4999,233
4999,2192
4999,3124
4999,4012
4999,4091
5000,1
5000,50
5000,132
5000,133
5000,449
5001,51
5001,321
5001,1106
5001,1108
5001,2768
5002,73
5002,111
5002,133
5002,300
5002,3381
5003,5
5003,1511
5003,2924
5003,3073
5003,3374
5004,23
5004,139
5004,554
5004,837
5004,1510
5005,23
5005,399
5005,1732
5005,1852
5005,4025
5006,1
5006,3
5006,13
5006,107
5006,436
5007,121
5007,296
5007,583
5007,2289
5007,3362
5008,381
5008,382
5008,742
5008,744
5008,2155
5009,133
5009,191
5009,321
5009,2416
5009,4092
5010,485
5010,490
5010,647
5010,1433
5010,2108
5011,86
5011,122
5011,133
5011,4093
5011,4094
5012,139
5012,868
5012,994
5012,2982
5012,4095
5013,23
5013,27
5013,86
5013,102
5013,2952
5014,329
5014,451
5014,738
5014,985
5014,2843
5015,91
5015,2017
5015,4096
5015,4097
5015,4098
5016,968
5016,2147
5016,2934
5016,2935
5016,3301
5017,1
5017,61
5017,223
5017,554
5017,1234
5018,108
5018,109
5018,652
5018,1123
5018,4099
5019,601
5019,3568
5019,4078
5019,4100
5019,4101
5020,1
5020,1010
5020,1149
5020,1930
5020,4102
5021,1
5021,12
5021,54
5021,378
5021,3089
5022,23
5022,27
5022,41
5022,92
5022,102
5023,1
5023,32
5023,44
5023,297
5023,510
5024,381
5024,382
5024,742
5024,744
5024,754
5025,3
5025,52
5025,191
5025,883
5025,4103
5026,450
5026,672
5026,674
5026,1417
5026,4104
5027,136
5027,191
5027,295
5027,622
5027,1586
5028,810
5028,1126
5028,1939
5028,2385
5028,2540
5029,382
5029,519
5029,744
5029,754
5029,1659
5030,23
5030,139
5030,160
5030,337
5030,399
5031,42
5031,73
5031,1352
5031,2014
5031,4105
5032,86
5032,132
5032,321
5032,2386
5032,3884
5033,240
5033,430
5033,558
5033,724
5033,842
5034,10
5034,13
5034,44
5034,219
5034,810
5035,4106
5035,4107
5035,4108
5035,4109
5035,4110
5036,86
5036,237
5036,689
5036,743
5036,1068
5037,23
5037,42
5037,103
5037,122
5037,314
5038,46
5038,130
5038,304
5038,382
5038,1246
5039,360
5039,561
5039,1004
5039,1784
5039,4111
5040,13
5040,107
5040,326
5040,674
5040,861
5041,14
5041,86
5041,135
5041,364
5041,922
5042,69
5042,136
5042,1304
5042,1505
5042,1723
5043,23
5043,27
5043,102
5043,585
5043,4112
5044,265
5044,414
5044,415
5044,1273
5044,2211
5045,36
5045,46
5045,48
5045,313
5045,1985
5046,133
5046,191
5046,1246
5046,1259
5046,2094
5047,51
5047,142
5047,219
5047,573
5047,1368
5048,23
5048,26
5048,27
5048,41
5048,102
5049,9
5049,1344
5049,2498
5049,2515
5049,4113
5050,1
5050,3
5050,61
5050,64
5050,346
5051,1106
5051,1563
5051,2555
5051,2728
5051,2729
5052,42
5052,108
5052,109
5052,842
5052,1596
5053,3
5053,84
5053,130
5053,133
5053,191
5054,3
5054,133
5054,452
5054,620
5054,2713
5055,1
5055,3
5055,1096
5055,4114
5055,4115
5056,1
5056,3
5056,86
5056,446
5057,14
5057,275
5057,1157
5057,1437
5057,1773
5058,136
5058,193
5058,561
5058,935
5058,1494
5059,1
5059,380
5059,810
5059,1384
5059,2780
5060,381
5060,742
5060,1965
5060,1966
5060,1971
5061,69
5061,136
5061,332
5061,861
5061,1022
5062,94
5062,133
5062,223
5062,538
5062,1252
5063,507
5063,682
5063,1155
5063,1586
5063,2029
5064,51
5064,142
5064,343
5064,1096
5064,4116
5065,3
5065,191
5065,286
5065,3490
5065,4117
5066,1
5066,3
5066,83
5066,3188
5066,4118
5067,32
5067,37
5067,342
5067,436
5067,1770
5068,42
5068,60
5068,82
5068,916
5068,1478
5069,14
5069,58
5069,83
5069,450
5069,572
5070,54
5070,132
5070,133
5070,742
5070,874
5071,3
5071,507
5071,1353
5071,1670
5071,3220
5072,124
5072,136
5072,337
5072,459
5072,1195
5073,13
5073,86
5073,219
5073,689
5073,3523
5074,132
5074,133
5074,300
5074,360
5074,1044
5075,3
5075,5
5075,133
5075,191
5075,519
5076,133
5076,853
5076,1926
5076,2094
5076,2365
5077,1
5077,5
5077,133
5077,506
5077,1259
5078,46
5078,228
5078,346
5078,686
5078,1246
5079,51
5079,194
5079,364
5079,654
5079,1237
5080,1
5080,13
5080,1211
5080,1677
5080,1770
5081,1246
5081,1599
5081,1600
5081,2216
5081,3242
5082,51
5082,300
5082,964
5082,1823
5082,1876
5083,69
5083,523
5083,1523
5083,1765
5083,2975
5084,73
5084,97
5084,295
5084,1096
5084,1692
5085,69
5085,324
5085,360
5085,758
5085,1043
5086,12
5086,44
5086,123
5086,800
5086,4119
5087,745
5087,746
5087,747
5087,748
5087,749
5088,51
5088,133
5088,191
5088,1146
5088,4120
5089,1
5089,3
5089,13
5089,23
5089,389
5090,32
5090,66
5090,799
5090,1007
5090,2270
5091,23
5091,46
5091,644
5091,754
5091,964
5092,23
5092,800
5092,2146
5092,2310
5092,3457
5093,122
5093,313
5093,346
5093,2477
5093,3490
5094,3
5094,33
5094,84
5094,295
5094,1150
5095,382
5095,542
5095,543
5095,744
5095,754
5096,710
5096,1369
5096,4121
5096,4122
5096,4123
5097,71
5097,77
5097,572
5097,1502
5097,1548
5098,198
5098,233
5098,1234
5098,1839
5098,2243
5099,160
5099,412
5099,459
5099,690
5099,1384
5100,1
5100,23
5100,98
5100,133
5100,1502
5101,1
5101,3
5101,4124
5101,4125
5102,348
5102,634
5102,759
5102,4126
5102,4127
5103,1420
5103,2079
5103,2201
5103,4128
5103,4129
5104,133
5104,136
5104,191
5104,1338
5104,2233
5105,1
5105,86
5105,133
5105,689
5105,1943
5106,1
5106,3
5106,133
5106,1571
5106,2095
5107,122
5107,495
5107,554
5107,985
5107,1705
5108,23
5108,198
5108,1096
5108,1823
5108,1852
5109,296
5109,799
5109,1646
5109,1713
5109,4130
5110,3
5110,86
5110,139
5110,1463
5110,3427
5111,10
5111,635
5111,4131
5111,4132
5111,4133
5112,52
5112,133
5112,191
5112,550
5112,3558
5113,55
5113,407
5113,786
5113,4134
5113,4135
5114,265
5114,337
5114,436
5114,437
5114,655
5115,25
5115,26
5115,688
5115,3488
5115,4136
5116,46
5116,69
5116,136
5116,2010
5116,4137
5117,842
5117,1596
5117,2418
5117,3234
5117,4138
5118,93
5118,324
5118,523
5118,1178
5118,1452
5119,23
5119,360
5119,399
5119,591
5119,3458
5120,935
5120,968
5120,1095
5120,2059
5120,4139
5121,191
5121,466
5121,507
5121,561
5121,1497
5122,1
5122,3
5122,57
5122,861
5122,1709
5123,66
5123,970
5123,1235
5123,1452
5123,1762
5124,541
5124,543
5124,1067
5124,1068
5124,1719
5125,69
5125,238
5125,758
5125,1043
5125,1044
5126,1437
5126,2350
5126,3380
5126,3537
5126,4140
5127,85
5127,135
5127,1155
5127,2063
5127,4141
5128,14
5128,135
5128,160
5128,246
5128,1096
5129,1
5129,61
5129,233
5129,693
5129,3361
5130,3
5130,13
5130,69
5130,223
5130,4142
5131,23
5131,964
5131,1259
5131,1695
5131,2997
5132,13
5132,142
5132,401
5132,641
5132,1002
5133,14
5133,86
5133,133
5133,135
5133,1639
5134,159
5134,233
5134,360
5134,758
5134,2965
5135,13
5135,97
5135,317
5135,1502
5135,1670
5136,1
5136,13
5136,77
5136,3223
5136,4143
5137,3
5137,51
5137,133
5137,1096
5137,2713
5138,17
5138,581
5138,2445
5138,4144
5138,4145
5139,23
5139,32
5139,233
5139,245
5139,303
5140,10
5140,494
5140,589
5140,848
5140,4146
5141,13
5141,97
5141,133
5141,142
5141,295
5142,455
5142,643
5142,976
5142,1810
5142,2352
5143,48
5143,381
5143,382
5143,744
5143,754
5144,1
5144,198
5144,357
5144,666
5144,1984
5145,1
5145,3
5145,9
5145,964
5145,2997
5146,48
5146,61
5146,139
5146,321
5146,831
5147,23
5147,26
5147,27
5147,92
5147,4147
5148,1
5148,3
5148,13
5148,401
5148,550
5149,266
5149,348
5149,2632
5149,4148
5149,4149
5150,8
5150,86
5150,853
5150,2966
5150,3406
5151,219
5151,694
5151,1259
5151,1887
5151,4150
5152,91
5152,142
5152,389
5152,391
5152,489
5153,801
5153,1964
5153,1965
5153,1966
5153,1971
5154,23
5154,51
5154,142
5154,364
5154,990
5155,542
5155,754
5155,1155
5155,1427
5155,1512
5156,131
5156,349
5156,1012
5156,1655
5156,1838
5157,1
5157,13
5157,437
5157,754
5157,1555
5158,13
5158,52
5158,295
5158,1792
5158,2557
5159,233
5159,346
5159,527
5159,564
5159,1042
5160,9
5160,121
5160,978
5160,1246
5160,4151
5161,86
5161,126
5161,980
5161,1879
5161,2264
5162,381
5162,382
5162,742
5162,744
5162,754
5163,3
5163,295
5163,300
5163,4152
5163,4153
5164,86
5164,519
5164,542
5164,1429
5164,1442
5165,13
5165,37
5165,337
5165,433
5165,1354
5166,14
5166,23
5166,342
5166,1096
5166,1430
5167,519
5167,754
5167,1429
5167,1814
5167,2281
5168,382
5168,743
5168,744
5168,754
5168,4083
5169,346
5169,542
5169,754
5169,1429
5169,3680
5170,381
5170,382
5170,742
5170,744
5170,1658
5171,381
5171,382
5171,519
5171,744
5171,754
5172,1
5172,13
5172,947
5172,1078
5172,4154
5173,9
5173,48
5173,105
5173,314
5173,1422
5174,1
5174,3
5174,133
5174,135
5174,191
5175,0
5175,620
5175,910
5175,1158
5175,1247
5176,0
5176,15
5176,299
5176,1064
5176,1852
5177,10
5177,32
5177,70
5177,145
5177,446
5178,23
5178,321
5178,360
5178,1338
5178,1702
5179,3018
5179,3415
5179,4012
5179,4155
5179,4156
5180,97
5180,293
5180,360
5180,552
5180,2774
5181,10
5181,67
5181,224
5181,1635
5181,4157
5182,313
5182,417
5182,418
5182,833
5182,1531
5183,1
5183,3
5183,13
5183,133
5183,1259
5184,23
5184,24
5184,26
5184,27
5184,92
5185,1
5185,3
5185,947
5185,1904
5185,2590
5186,381
5186,382
5186,743
5186,744
5186,1545
5187,32
5187,37
5187,559
5187,3382
5187,4158
5188,3
5188,461
5188,508
5188,690
5188,1519
5189,1
5189,29
5189,135
5189,460
5189,3378
5190,1
5190,3
5190,13
5190,69
5190,96
5191,69
5191,136
5191,191
5191,239
5191,277
5192,17
5192,55
5192,536
5192,2617
5192,4159
5193,103
5193,389
5193,654
5193,852
5193,871
5194,233
5194,800
5194,1823
5194,3595
5194,4160
5195,403
5195,744
5195,754
5195,1010
5195,1658
5196,551
5196,1713
5196,3522
5196,4161
5196,4162
5197,1
5197,3
5197,86
5197,132
5197,133
5198,9
5198,12
5198,44
5198,223
5198,666
5199,1
5199,23
5199,44
5199,219
5199,399
5200,125
5200,135
5200,899
5200,1096
5200,4163
5201,1
5201,3
5201,13
5201,1586
5201,4164
5202,14
5202,88
5202,933
5202,1595
5202,1596
5203,1
5203,133
5203,159
5203,1707
5203,3605
5204,1
5204,142
5204,904
5204,1905
5204,2607
5205,13
5205,69
5205,634
5205,971
5205,1605
5206,170
5206,1659
5206,1716
5206,4165
5206,4166
5207,317
5207,337
5207,436
5207,437
5207,655
5208,381
5208,382
5208,742
5208,744
5208,1545
5209,3
5209,12
5209,13
5209,317
5209,1539
5210,58
5210,2035
5210,2699
5210,2806
5210,3242
5211,23
5211,297
5211,654
5211,4167
5211,4168
5212,3
5212,191
5212,406
5212,1936
5212,4169
5213,1
5213,133
5213,337
5213,538
5213,978
5214,5
5214,668
5214,1437
5214,2010
5214,2216
5215,5
5215,337
5215,568
5215,838
5215,865
5216,139
5216,1197
5216,4170
5216,4171
5216,4172
5217,9
5217,10
5217,263
5217,511
5217,3834
5218,1458
5218,3668
5218,4173
5218,4174
5218,4175
5219,51
5219,194
5219,264
5219,511
5219,652
5220,1
5220,3
5220,13
5220,861
5220,907
5221,1
5221,13
5221,121
5221,2737
5221,3938
5222,78
5222,81
5222,337
5222,433
5222,3243
5223,10
5223,96
5223,581
5223,671
5223,1368
5224,52
5224,69
5224,77
5224,433
5224,1986
5225,637
5225,1350
5225,2424
5225,4176
5225,4177
5226,52
5226,77
5226,191
5226,936
5226,3090
5227,66
5227,433
5227,866
5227,1178
5227,3373
5228,23
5228,52
5228,133
5228,136
5228,295
5229,162
5229,364
5229,378
5229,412
5229,1384
5230,14
5230,23
5230,51
5230,136
5230,1552
5231,1570
5231,1798
5231,4178
5231,4179
5231,4180
5232,23
5232,48
5232,133
5232,228
5232,375
5233,338
5233,800
5233,864
5233,1912
5233,3594
5234,1428
5234,2555
5234,2729
5234,2730
5234,4181
5235,23
5235,39
5235,133
5235,975
5235,2361
5236,142
5236,160
5236,212
5236,342
5236,343
5237,311
5237,655
5237,743
5237,744
5237,754
5238,360
5238,758
5238,1126
5238,1463
5238,2328
5239,5
5239,533
5239,682
5239,754
5239,3073
5240,86
5240,122
5240,142
5240,227
5240,743
5241,71
5241,428
5241,652
5241,1430
5241,4182
5242,260
5242,287
5242,394
5242,2895
5242,4183
5243,14
5243,69
5243,133
5243,191
5243,754
5244,49
5244,84
5244,364
5244,1882
5244,1887
5245,86
5245,133
5245,237
5245,1944
5245,2264
5246,503
5246,552
5246,641
5246,792
5246,2188
5247,744
5247,754
5247,1420
5247,1512
5247,4129
5248,10
5248,67
5248,71
5248,139
5248,4157
5249,23
5249,59
5249,111
5249,831
5249,3381
5250,42
5250,104
5250,299
5250,317
5250,1001
5251,3
5251,133
5251,191
5251,651
5251,2015
5252,46
5252,48
5252,436
5252,1227
5252,4184
5253,494
5253,641
5253,761
5253,873
5253,1713
5254,1
5254,3
5254,37
5254,38
5254,1023
5255,1
5255,14
5255,17
5255,212
5255,3887
5256,1
5256,13
5256,125
5256,3250
5256,4108
5257,132
5257,133
5257,190
5257,538
5257,572
5258,1
5258,105
5258,380
5258,813
5258,1756
5259,14
5259,69
5259,135
5259,191
5259,1004
5260,13
5260,295
5260,1953
5260,3394
5260,4185
5261,3
5261,61
5261,69
5261,861
5261,1624
5262,1
5262,156
5262,452
5262,1920
5262,4186
5263,0
5263,3
5263,295
5263,3184
5263,4187
5264,69
5264,136
5264,523
5264,935
5264,3341
5265,133
5265,682
5265,754
5265,2264
5265,2946
5266,1
5266,3
5266,133
5266,380
5266,4188
5267,69
5267,360
5267,583
5267,1329
5267,4171
5268,160
5268,193
5268,639
5268,761
5268,923
5269,337
5269,344
5269,417
5269,852
5269,1115
5270,14
5270,583
5270,1711
5270,2124
5270,2233
5271,9
5271,156
5271,433
5271,506
5271,2285
5272,61
5272,86
5272,290
5272,1941
5272,3348
5273,14
5273,58
5273,682
5273,1577
5273,1936
5274,1382
5274,1697
5274,4189
5274,4190
5274,4191
5275,69
5275,239
5275,565
5275,968
5275,3505
5276,136
5276,191
5276,193
5276,2356
5276,4192
5277,231
5277,1830
5277,3532
5277,4193
5277,4194
5278,31
5278,55
5278,219
5278,1463
5278,1822
5279,136
5279,191
5279,295
5279,321
5279,466
5280,179
5280,450
5280,1096
5280,1142
5280,4195
5281,9
5281,773
5281,817
5281,1007
5281,4196
5282,69
5282,523
5282,1020
5282,1765
5282,3595
5283,50
5283,412
5283,990
5283,1237
5283,1239
5284,32
5284,258
5284,536
5284,927
5284,1770
5285,10
5285,23
5285,71
5285,287
5285,436
5286,13
5286,15
5286,105
5286,452
5286,3765
5287,233
5287,666
5287,1735
5287,2565
5287,4197
5288,5
5288,597
5288,1511
5288,1512
5288,2378
5289,142
5289,300
5289,1078
5289,2733
5289,3464
5290,130
5290,132
5290,834
5290,3194
5290,4198
5291,1
5291,3
5291,1873
5291,3635
5292,520
5292,1158
5292,1646
5292,4199
5292,4200
5293,657
5293,1157
5293,1662
5293,3253
5293,4201
5294,10
5294,55
5294,70
5294,337
5294,386
5295,52
5295,86
5295,233
5295,507
5295,1587
5296,326
5296,618
5296,1014
5296,1755
5296,4002
5297,303
5297,520
5297,1363
5297,2466
5297,4202
5298,9
5298,12
5298,159
5298,321
5298,1662
5299,46
5299,132
5299,133
5299,375
5299,621
5300,94
5300,133
5300,219
5300,859
5300,1593
5301,51
5301,86
5301,133
5301,228
5301,378
5302,14
5302,51
5302,321
5302,380
5302,1756
5303,5
5303,406
5303,597
5303,668
5303,1511
5304,93
5304,298
5304,1086
5304,1189
5304,4203
5305,1693
5305,2302
5305,3165
5305,3367
5305,4204
5306,23
5306,26
5306,27
5306,92
5306,699
5307,0
5307,924
5307,3471
5307,4205
5307,4206
5308,1
5308,23
5308,48
5308,466
5308,992
5309,1
5309,3
5309,191
5309,2728
5309,4207
5310,496
5310,1042
5310,2414
5310,4208
5310,4209
5311,326
5311,770
5311,1430
5311,1539
5311,1915
5312,433
5312,832
5312,3979
5312,4210
5312,4211
5313,23
5313,32
5313,93
5313,145
5313,233
5314,0
5314,23
5314,92
5314,181
5314,4212
5315,381
5315,382
5315,742
5315,744
5315,754
5316,49
5316,78
5316,378
5316,621
5316,1202
5317,1586
5317,1905
5317,2220
5317,2857
5317,3973
5318,160
5318,618
5318,864
5318,1280
5318,4213
5319,1
5319,13
5319,233
5319,348
5319,1775
5320,32
5320,145
5320,325
5320,2582
5320,4214
5321,1
5321,13
5321,14
5321,58
5321,135
5322,324
5322,325
5322,1404
5322,1405
5322,4064
5323,3
5323,13
5323,1494
5323,2083
5323,3094
5324,23
5324,133
5324,2579
5324,4215
5324,4216
5325,1
5325,3
5325,13
5325,4217
5325,4218
5326,14
5326,51
5326,86
5326,133
5326,135
5327,253
5327,254
5327,416
5327,1082
5327,1194
5328,561
5328,861
5328,2213
5328,2624
5328,4219
5329,72
5329,191
5329,286
5329,4220
5329,4221
5330,33
5330,364
5330,511
5330,2172
5330,3588
5331,1
5331,51
5331,86
5331,133
5331,1520
5332,86
5332,133
5332,689
5332,1036
5332,2350
5333,296
5333,429
5333,756
5333,1096
5333,1312
5334,54
5334,403
5334,1010
5334,1076
5334,1704
5335,1
5335,3
5335,13
5335,391
5335,2438
5336,67
5336,207
5336,224
5336,1082
5336,4157
5337,1
5337,13
5337,142
5337,266
5337,337
5338,69
5338,502
5338,565
5338,931
5338,1022
5339,1
5339,314
5339,446
5339,1772
5339,1773
5340,77
5340,132
5340,133
5340,989
5340,4222
5341,1
5341,3
5341,13
5341,86
5341,133
5342,1
5342,86
5342,133
5342,519
5342,1944
5343,160
5343,212
5343,693
5343,923
5343,1277
5344,1
5344,133
5344,519
5344,1366
5344,2284
5345,321
5345,519
5345,542
5345,1429
5345,1670
5346,1
5346,13
5346,15
5346,59
5346,711
5347,381
5347,382
5347,742
5347,744
5347,754
5348,23
5348,61
5348,87
5348,1304
5348,4223
5349,1
5349,23
5349,255
5349,436
5349,517
5350,23
5350,142
5350,667
5350,2128
5350,4224
5351,58
5351,133
5351,162
5351,241
5351,344
5352,9
5352,23
5352,32
5352,40
5352,1096
5353,14
5353,133
5353,135
5353,506
5353,689
5354,69
5354,233
5354,238
5354,1063
5354,1608
5355,3
5355,8
5355,69
5355,133
5355,865
5356,1
5356,109
5356,133
5356,191
5356,1700
5357,1
5357,3
5357,2328
5357,3193
5357,4225
5358,9
5358,337
5358,342
5358,1195
5358,1477
5359,976
5359,1209
5359,1810
5359,2015
5359,2251
5360,1162
5360,2051
5360,4226
5360,4227
5360,4228
5361,3
5361,133
5361,191
5361,683
5361,4229
5362,93
5362,227
5362,648
5362,800
5362,2234
5363,1
5363,3
5363,122
5363,147
5363,4230
5364,124
5364,218
5364,232
5364,233
5364,1016
5365,0
5365,162
5365,612
5365,1096
5365,3523
5366,519
5366,542
5366,1427
5366,1429
5366,2233
5367,384
5367,734
5367,800
5367,1963
5367,4231
5368,16
5368,96
5368,261
5368,1368
5368,4232
5369,52
5369,66
5369,136
5369,1174
5369,2059
5370,33
5370,69
5370,74
5370,3351
5370,4233
5371,1
5371,13
5371,96
5371,1068
5371,1338
5372,0
5372,1
5372,3
5372,13
5372,15
5373,1
5373,3
5373,2213
5373,3222
5373,3929
5374,853
5374,861
5374,1067
5374,1068
5374,1862
5375,223
5375,799
5375,1126
5375,1293
5375,1856
5376,120
5376,142
5376,296
5376,1713
5376,4234
5377,812
5377,997
5377,2147
5377,3155
5377,4235
5378,42
5378,789
5378,1596
5378,2405
5378,4236
5379,14
5379,133
5379,191
5379,233
5379,1259
5380,12
5380,105
5380,287
5380,327
5380,581
5381,54
5381,311
5381,433
5381,689
5381,3222
5382,160
5382,246
5382,565
5382,692
5382,693
5383,133
5383,501
5383,689
5383,1944
5383,1976
5384,23
5384,133
5384,593
5384,3741
5384,4237
5385,67
5385,207
5385,208
5385,209
5385,799
5386,1
5386,3
5386,66
5386,521
5386,554
5387,44
5387,71
5387,77
5387,1101
5387,4238
5388,198
5388,683
5388,712
5388,2603
5388,4239
5389,1
5389,33
5389,81
5389,133
5389,2949
5390,351
5390,690
5390,761
5390,1384
5390,1955
5391,15
5391,82
5391,366
5391,508
5391,1043
5392,3
5392,13
5392,287
5392,583
5392,4240
5393,3
5393,133
5393,191
5393,519
5393,1926
5394,1
5394,3
5394,150
5394,287
5394,510
5395,139
5395,159
5395,366
5395,523
5395,866
5396,97
5396,231
5396,550
5396,2287
5396,4241
5397,52
5397,86
5397,122
5397,133
5397,2121
5398,542
5398,1429
5398,1512
5398,1694
5398,2909
5399,299
5399,1527
5399,2964
5399,4242
5399,4243
5400,23
5400,233
5400,1096
5400,1463
5400,4244
5401,3
5401,84
5401,86
5401,130
5401,133
5402,3
5402,133
5402,542
5402,1429
5402,1808
5403,77
5403,133
5403,135
5403,295
5403,961
5404,1
5404,142
5404,145
5404,510
5404,1283
5405,66
5405,69
5405,378
5405,935
5405,2495
5406,86
5406,689
5406,743
5406,1012
5406,1068
5407,97
5407,136
5407,191
5407,665
5407,1586
5408,0
5408,1
5408,42
5408,145
5408,750
5409,69
5409,523
5409,936
5409,1178
5409,1283
5410,0
5410,23
5410,1379
5410,2456
5410,3204
5411,1
5411,13
5411,193
5411,360
5411,3055
5412,396
5412,957
5412,1282
5412,2511
5412,4245
5413,1
5413,344
5413,455
5413,1176
5413,2438
5414,3
5414,133
5414,205
5414,796
5414,1593
5415,1
5415,321
5415,364
5415,1101
5415,2565
5416,1
5416,52
5416,86
5416,136
5416,564
5417,5
5417,406
5417,597
5417,1419
5417,1420
5418,1
5418,233
5418,303
5418,1549
5418,1639
5419,69
5419,1004
5419,1304
5419,3384
5419,4246
5420,314
5420,346
5420,381
5420,382
5420,666
5421,188
5421,1437
5421,2010
5421,3187
5421,4247
5422,33
5422,1297
5422,1905
5422,2637
5422,3296
5423,346
5423,382
5423,403
5423,1531
5423,1887
5424,1
5424,78
5424,81
5424,133
5424,233
5425,1
5425,86
5425,133
5425,754
5425,3648
5426,1
5426,108
5426,109
5426,295
5426,842
5427,86
5427,311
5427,326
5427,689
5427,743
5428,293
5428,1035
5428,1094
5428,1332
5428,1417
5429,10
5429,71
5429,266
5429,641
5429,1463
5430,9
5430,768
5430,2456
5430,2990
5430,4248
5431,24
5431,26
5431,27
5431,41
5431,4249
5432,142
5432,280
5432,389
5432,2329
5432,4250
5433,378
5433,519
5433,542
5433,1338
5433,1429
5434,2808
5434,2809
5434,3724
5434,4251
5434,4252
5435,253
5435,254
5435,416
5435,920
5435,1194
5436,86
5436,109
5436,519
5436,1028
5436,1429
5437,1
5437,133
5437,853
5437,1694
5437,1943
5438,69
5438,136
5438,861
5438,1019
5438,1020
5439,1
5439,3
5439,13
5439,133
5439,269
5440,666
5440,1043
5440,1044
5440,4047
5440,4253
5441,69
5441,136
5441,191
5441,286
5441,622
5442,130
5442,237
5442,382
5442,408
5442,1525
5443,303
5443,515
5443,1150
5443,2447
5443,4254
5444,4255
5444,4256
5444,4257
5444,4258
5444,4259
5445,142
5445,162
5445,163
5445,378
5445,412
5446,2002
5446,2004
5446,2759
5446,4260
5446,4261
5447,14
5447,86
5447,133
5447,682
5447,1195
5448,1
5448,3
5448,650
5448,1810
5448,3457
5449,48
5449,103
5449,654
5449,4060
5449,4122
5450,1
5450,3
5450,42
5450,4262
5450,4263
5451,233
5451,1614
5451,2945
5451,4025
5451,4264
5452,159
5452,649
5452,758
5452,867
5452,1043
5453,1
5453,3
5453,133
5453,191
5453,1284
5454,23
5454,4265
5454,4266
5454,4267
5454,4268
5455,14
5455,2624
5455,3888
5455,4269
5455,4270
5456,104
5456,2496
5456,4271
5456,4272
5456,4273
5457,23
5457,142
5457,564
5457,2617
5457,2618
5458,42
5458,64
5458,82
5458,168
5458,2997
5459,13
5459,105
5459,244
5459,1290
5459,4274
5460,1
5460,5
5460,133
5460,583
5460,4275
5461,3
5461,13
5461,69
5461,133
5461,612
5462,321
5462,531
5462,532
5462,668
5462,2880
5463,1
5463,51
5463,133
5463,367
5463,412
5464,9
5464,181
5464,266
5464,290
5464,1164
5465,63
5465,86
5465,133
5465,360
5465,1829
5466,105
5466,464
5466,675
5466,4276
5466,4277
5467,1
5467,86
5467,348
5467,689
5467,947
5468,1
5468,86
5468,133
5468,346
5468,1658
5469,86
5469,239
5469,321
5469,743
5469,2050
5470,567
5470,2332
5470,3324
5470,3325
5470,4278
5471,367
5471,666
5471,978
5471,1043
5471,1852
5472,1
5472,3
5472,1023
5472,4279
5473,1004
5473,1297
5473,1608
5473,2123
5473,2320
5474,348
5474,391
5474,393
5474,666
5474,831
5475,279
5475,507
5475,2603
5475,2624
5475,4280
5476,23
5476,102
5476,239
5476,378
5476,1096
5477,260
5477,317
5477,581
5477,671
5477,1001
5478,23
5478,86
5478,135
5478,228
5478,343
5479,542
5479,744
5479,754
5479,1429
5479,1442
5480,1
5480,33
5480,873
5480,1338
5480,4281
5481,32
5481,145
5481,1709
5481,2811
5481,4282
5482,0
5482,30
5482,433
5482,756
5482,2613
5483,1
5483,3
5483,13
5483,317
5483,1949
5484,12
5484,23
5484,31
5484,337
5484,2211
5485,78
5485,130
5485,621
5485,1768
5485,4283
5486,23
5486,27
5486,94
5486,255
5486,699
5487,311
5487,382
5487,743
5487,744
5487,754
5488,3
5488,489
5488,1023
5488,1519
5488,2728
5489,23
5489,654
5489,792
5489,2558
5489,2685
5490,191
5490,322
5490,861
5490,1045
5490,2324
5491,994
5491,1333
5491,2449
5491,2857
5491,2893
5492,260
5492,873
5492,2204
5492,2781
5492,4284
5493,3909
5493,4285
5493,4286
5493,4287
5493,4288
5494,86
5494,133
5494,403
5494,689
5494,743
5495,290
5495,313
5495,540
5495,865
5495,4289
5496,1
5496,13
5496,15
5496,133
5496,4290
5497,133
5497,519
5497,744
5497,853
5497,861
5498,51
5498,364
5498,417
5498,632
5498,1238
5499,9
5499,13
5499,31
5499,176
5499,800
5500,50
5500,51
5500,527
5500,564
5500,598
5501,73
5501,346
5501,711
5501,1643
5501,2717
5502,212
5502,549
5502,573
5502,1076
5502,1077
5503,0
5503,223
5503,565
5503,1189
5503,4291
5504,1
5504,3
5504,133
5504,964
5504,1243
5505,14
5505,131
5505,133
5505,233
5505,718
5506,86
5506,311
5506,445
5506,689
5506,1273
5507,597
5507,623
5507,668
5507,3073
5507,3520
5508,13
5508,23
5508,77
5508,684
5508,4292
5509,86
5509,559
5509,1108
5509,1114
5509,1323
5510,314
5510,447
5510,594
5510,1043
5510,1852
5511,86
5511,136
5511,466
5511,1203
5511,1505
5512,1
5512,3
5512,13
5512,299
5512,510
5513,33
5513,133
5513,191
5513,364
5513,682
5514,133
5514,191
5514,286
5514,4071
5514,4293
5515,54
5515,123
5515,314
5515,346
5515,447
5516,67
5516,207
5516,209
5516,810
5516,1172
5517,3
5517,133
5517,191
5517,1259
5517,1488
5518,51
5518,86
5518,228
5518,311
5518,691
5519,303
5519,837
5519,1297
5519,4294
5519,4295
5520,3
5520,13
5520,61
5520,69
5520,866
5521,55
5521,70
5521,71
5521,261
5521,3201
5522,13
5522,97
5522,2254
5522,4296
5522,4297
5523,542
5523,543
5523,754
5523,1429
5523,2969
5524,1
5524,13
5524,44
5524,105
5524,422
5525,552
5525,554
5525,870
5525,1431
5525,4298
5526,1
5526,13
5526,136
5526,375
5526,538
5527,381
5527,382
5527,742
5527,744
5527,754
5528,23
5528,42
5528,1211
5528,1463
5528,2867
5529,124
5529,551
5529,640
5529,641
5529,873
5530,1
5530,51
5530,77
5530,132
5530,133
5531,51
5531,538
5531,744
5531,754
5531,1429
5532,50
5532,342
5532,412
5532,932
5532,1238
5533,13
5533,109
5533,436
5533,1283
5533,3865
5534,3
5534,133
5534,191
5534,519
5534,1808
5535,1
5535,3
5535,133
5535,674
5535,1657
5536,382
5536,542
5536,744
5536,754
5536,1512
5537,105
5537,287
5537,464
5537,1290
5537,3945
5538,180
5538,692
5538,1369
5538,4299
5538,4300
5539,124
5539,337
5539,436
5539,852
5539,2423
5540,208
5540,209
5540,299
5540,1635
5540,1801
5541,51
5541,178
5541,205
5541,718
5541,3464
5542,51
5542,313
5542,417
5542,1259
5542,3411
5543,130
5543,382
5543,494
5543,2453
5543,4301
5544,1
5544,3
5544,191
5544,4302
5544,4303
5545,1
5545,13
5545,337
5545,1550
5545,4304
5546,3
5546,133
5546,191
5546,239
5546,295
5547,266
5547,452
5547,652
5547,768
5547,949
5548,265
5548,317
5548,337
5548,436
5548,655
5549,23
5549,86
5549,311
5549,743
5549,1664
5550,49
5550,84
5550,191
5550,853
5550,3732
5551,3
5551,299
5551,303
5551,1139
5551,2852
5552,83
5552,266
5552,327
5552,393
5552,635
5553,69
5553,1004
5553,1519
5553,2893
5553,4305
5554,200
5554,707
5554,788
5554,789
5554,4306
5555,382
5555,742
5555,744
5555,754
5555,1658
5556,54
5556,71
5556,83
5556,970
5556,1952
5557,50
5557,133
5557,689
5557,2489
5557,2742
5558,326
5558,327
5558,770
5558,1973
5558,2533
5559,1
5559,13
5559,23
5559,77
5559,445
5560,132
5560,291
5560,980
5560,1252
5560,1755
5561,9
5561,13
5561,223
5561,346
5561,800
5562,23
5562,26
5562,27
5562,92
5562,102
5563,261
5563,379
5563,568
5563,838
5563,2803
5564,142
5564,364
5564,538
5564,4036
5564,4307
5565,69
5565,156
5565,191
5565,999
5565,2728
5566,139
5566,502
5566,870
5566,1294
5566,4308
5567,193
5567,690
5567,1002
5567,2313
5567,4309
5568,1
5568,12
5568,13
5568,159
5568,635
5569,253
5569,254
5569,416
5569,920
5569,1013
5570,33
5570,86
5570,682
5570,754
5570,1429
5571,3
5571,13
5571,61
5571,1371
5571,1811
5572,59
5572,64
5572,496
5572,1043
5572,3157
5573,160
5573,212
5573,1277
5573,4310
5573,4311
5574,1
5574,3
5574,520
5574,1905
5574,3296
5575,184
5575,206
5575,207
5575,1216
5575,1856
5576,58
5576,499
5576,567
5576,2332
5576,4312
5577,1420
5577,1512
5577,2079
5577,2201
5577,4128
5578,1
5578,3
5578,13
5578,299
5578,1384
5579,15
5579,508
5579,3466
5579,3467
5579,4313
5580,136
5580,191
5580,1716
5580,2524
5580,2624
5581,3
5581,136
5581,191
5581,1873
5581,1887
5582,51
5582,342
5582,903
5582,1238
5582,1552
5583,136
5583,635
5583,786
5583,1565
5583,1859
5584,369
5584,519
5584,810
5584,1824
5584,2525
5585,3
5585,14
5585,69
5585,135
5585,191
5586,9
5586,350
5586,1912
5586,3423
5586,3623
5587,89
5587,105
5587,1096
5587,3217
5587,4200
5588,3
5588,9
5588,13
5588,346
5588,1108
5589,42
5589,106
5589,635
5589,1164
5589,2803
5590,39
5590,51
5590,57
5590,190
5590,1928
5591,59
5591,73
5591,725
5591,842
5591,3381
5592,51
5592,343
5592,925
5592,964
5592,2453
5593,69
5593,136
5593,1731
5593,1854
5593,4314
5594,299
5594,460
5594,549
5594,564
5594,4315
5595,1
5595,247
5595,964
5595,1225
5595,1463
5596,1
5596,23
5596,380
5596,1149
5596,2192
5597,1
5597,3
5597,14
5597,69
5597,295
5598,1
5598,133
5598,331
5598,538
5598,2949
5599,69
5599,136
5599,561
5599,1304
5599,1505
5600,381
5600,382
5600,744
5600,754
5600,1442
5601,12
5601,78
5601,133
5601,479
5601,1704
5602,258
5602,1294
5602,2470
5602,4316
5602,4317
5603,69
5603,239
5603,1304
5603,2059
5603,3772
5604,637
5604,652
5604,1713
5604,2763
5604,4318
5605,86
5605,311
5605,743
5605,1255
5605,2044
5606,10
5606,71
5606,96
5606,437
5606,2515
5607,133
5607,191
5607,295
5607,2717
5607,4319
5608,266
5608,436
5608,768
5608,1096
5608,1283
5609,86
5609,346
5609,382
5609,541
5609,4320
5610,1
5610,13
5610,654
5610,949
5610,1341
5611,5
5611,86
5611,130
5611,133
5611,2746
5612,32
5612,198
5612,300
5612,1234
5612,2048
5613,3
5613,132
5613,191
5613,622
5613,791
5614,9
5614,96
5614,366
5614,589
5614,4321
5615,86
5615,133
5615,360
5615,1639
5615,2156
5616,55
5616,83
5616,123
5616,549
5616,924
5617,366
5617,666
5617,691
5617,799
5617,974
5618,23
5618,1178
5618,1476
5618,1510
5618,2508
5619,86
5619,617
5619,800
5619,2121
5619,2341
5620,3
5620,51
5620,191
5620,375
5620,1873
5621,1
5621,3
5621,23
5621,1915
5621,4322
5622,12
5622,108
5622,317
5622,568
5622,655
5623,1
5623,133
5623,873
5623,1586
5623,3290
5624,97
5624,295
5624,1692
5624,4296
5624,4323
5625,1
5625,191
5625,561
5625,1203
5625,1520
5626,10
5626,70
5626,433
5626,436
5626,516
5627,5
5627,78
5627,86
5627,133
5627,1938
5628,23
5628,42
5628,406
5628,685
5628,1028
5629,280
5629,291
5629,389
5629,452
5629,4324
5630,2375
5630,4325
5630,4326
5630,4327
5630,4328
5631,937
5631,1321
5631,2238
5631,4329
5631,4330
5632,23
5632,24
5632,26
5632,27
5632,92
5633,17
5633,160
5633,212
5633,693
5633,4331
5634,5
5634,406
5634,597
5634,744
5634,1511
5635,10
5635,55
5635,70
5635,386
5635,516
5636,33
5636,324
5636,523
5636,935
5636,2524
5637,5
5637,706
5637,744
5637,1420
5637,1512
5638,61
5638,393
5638,583
5638,1044
5638,2631
5639,97
5639,295
5639,433
5639,689
5639,1850
5640,337
5640,641
5640,1115
5640,1703
5640,2751
5641,77
5641,84
5641,132
5641,133
5641,859
5642,1
5642,13
5642,685
5642,945
5642,2531
5643,523
5643,866
5643,1178
5643,1255
5643,2058
5644,3
5644,133
5644,191
5644,233
5644,295
5645,206
5645,490
5645,491
5645,1086
5645,1174
5646,1
5646,109
5646,293
5646,1536
5646,3187
5647,10
5647,233
5647,351
5647,1096
5647,2313
5648,77
5648,136
5648,4332
5648,4333
5648,4334
5649,3
5649,13
5649,388
5649,482
5649,711
5650,664
5650,1688
5650,2207
5650,4335
5650,4336
5651,835
5651,856
5651,1390
5651,4337
5651,4338
5652,23
5652,51
5652,102
5652,375
5652,1096
5653,1
5653,42
5653,388
5653,1293
5653,1371
5654,1040
5654,1702
5654,1930
5654,4339
5655,601
5655,1702
5655,3028
5655,4340
5655,4341
5656,5
5656,264
5656,941
5656,1439
5656,3285
5657,42
5657,266
5657,1533
5657,2539
5657,3217
5658,881
5658,1158
5658,1931
5658,1932
5658,4342
5659,192
5659,476
5659,1430
5659,3846
5659,4343
5660,12
5660,54
5660,83
5660,123
5660,865
5661,50
5661,51
5661,364
5661,612
5661,690
5662,3
5662,133
5662,191
5662,543
5662,1108
5663,331
5663,1643
5663,1966
5663,2010
5663,2216
5664,13
5664,139
5664,239
5664,436
5664,3279
5665,84
5665,132
5665,301
5665,414
5665,689
5666,799
5666,1463
5666,2044
5666,2844
5666,4344
5667,14
5667,133
5667,689
5667,1108
5667,2797
5668,542
5668,744
5668,754
5668,1506
5668,1808
5669,1
5669,13
5669,654
5669,985
5669,1430
5670,1
5670,13
5670,44
5670,577
5670,654
5671,265
5671,337
5671,433
5671,1115
5671,1477
5672,23
5672,24
5672,27
5672,92
5672,102
5673,13
5673,61
5673,382
5673,581
5673,1068
5674,449
5674,519
5674,754
5674,964
5674,1043
5675,23
5675,48
5675,103
5675,1385
5675,4345
5676,188
5676,1157
5676,1803
5676,1828
5676,4346
5677,10
5677,23
5677,77
5677,989
5677,1425
5678,745
5678,748
5678,1885
5678,1886
5678,2453
5679,66
5679,69
5679,707
5679,3772
5679,3924
5680,51
5680,177
5680,563
5680,2106
5680,3619
5681,23
5681,48
5681,768
5681,1114
5681,1368
5682,12
5682,105
5682,1518
5682,4347
5682,4348
5683,133
5683,742
5683,744
5683,754
5683,1658
5684,23
5684,24
5684,26
5684,27
5684,92
5685,9
5685,219
5685,755
5685,1137
5685,4127
5686,1
5686,3
5686,13
5686,123
5686,142
5687,1
5687,23
5687,366
5687,399
5687,4349
5688,233
5688,346
5688,799
5688,1939
5688,4350
5689,69
5689,86
5689,239
5689,883
5689,1976
5690,86
5690,466
5690,561
5690,950
5690,3457
5691,46
5691,343
5691,542
5691,686
5691,1246
5692,61
5692,298
5692,348
5692,364
5692,366
5693,14
5693,77
5693,133
5693,135
5693,266
5694,96
5694,121
5694,296
5694,1321
5694,1415
5695,52
5695,133
5695,922
5695,1068
5695,1537
5696,46
5696,48
5696,1246
5696,1985
5696,4184
5697,295
5697,682
5697,911
5697,1321
5697,1616
5698,50
5698,51
5698,598
5698,1096
5698,4351
5699,23
5699,42
5699,976
5699,1211
5699,1478
5700,1
5700,61
5700,366
5700,759
5700,1741
5701,86
5701,123
5701,853
5701,4050
5701,4352
5702,84
5702,86
5702,311
5702,689
5702,2099
5703,132
5703,133
5703,163
5703,1494
5703,3243
5704,337
5704,436
5704,437
5704,978
5704,3004
5705,13
5705,1039
5705,1410
5705,2170
5705,2496
5706,3
5706,136
5706,295
5706,1023
5706,4353
5707,86
5707,313
5707,519
5707,1226
5707,2121
5708,23
5708,55
5708,109
5708,290
5708,4354
5709,23
5709,71
5709,145
5709,300
5709,1060
5710,1
5710,133
5710,1176
5710,2238
5710,3487
5711,300
5711,687
5711,931
5711,1530
5711,3457
5712,1
5712,23
5712,44
5712,188
5712,1571
5713,337
5713,406
5713,436
5713,538
5713,1115
5714,265
5714,337
5714,433
5714,436
5714,2650
5715,13
5715,133
5715,337
5715,436
5715,511
5716,23
5716,32
5716,223
5716,775
5716,800
5717,132
5717,133
5717,1755
5717,1938
5717,3823
5718,97
5718,131
5718,3949
5718,4355
5718,4356
5719,163
5719,1038
5719,1086
5719,1468
5719,2222
5720,485
5720,490
5720,491
5720,1086
5720,1346
5721,1
5721,3
5721,13
5721,161
5721,635
5722,1
5722,23
5722,1022
5722,1065
5722,4357
5723,8
5723,14
5723,135
5723,191
5723,1998
5724,86
5724,537
5724,859
5724,2021
5724,2285
5725,1
5725,12
5725,13
5725,723
5725,865
5726,58
5726,86
5726,133
5726,295
5726,3381
5727,51
5727,343
5727,641
5727,1334
5727,3286
5728,14
5728,264
5728,337
5728,2586
5728,2956
5729,52
5729,69
5729,77
5729,136
5729,466
5730,9
5730,52
5730,54
5730,71
5730,865
5731,0
5731,1
5731,1028
5731,1462
5731,2684
5732,265
5732,317
5732,337
5732,436
5732,655
5733,180
5733,312
5733,324
5733,1178
5733,1189
5734,360
5734,565
5734,723
5734,1044
5734,3595
5735,13
5735,86
5735,133
5735,237
5735,384
5736,567
5736,976
5736,1096
5736,3427
5736,3751
5737,71
5737,109
5737,2004
5737,2418
5737,4358
5738,13
5738,142
5738,161
5738,194
5738,364
5739,1
5739,3
5739,13
5739,14
5739,135
5740,14
5740,155
5740,219
5740,1155
5740,1288
5741,69
5741,239
5741,523
5741,842
5741,883
5742,50
5742,51
5742,364
5742,565
5742,3290
5743,1
5743,3
5743,13
5743,83
5743,92
5744,479
5744,3118
5744,4359
5744,4360
5744,4361
5745,23
5745,24
5745,27
5745,92
5745,102
5746,23
5746,140
5746,160
5746,364
5746,693
5747,3
5747,84
5747,1519
5747,2234
5747,2358
5748,13
5748,14
5748,135
5748,233
5748,859
5749,1
5749,652
5749,936
5749,1810
5749,1923
5750,5
5750,346
5750,2079
5750,4128
5750,4129
5751,223
5751,245
5751,246
5751,369
5751,490
5752,9
5752,12
5752,42
5752,104
5752,266
5753,133
5753,433
5753,1072
5753,1653
5753,1704
5754,382
5754,543
5754,743
5754,744
5754,2448
5755,23
5755,27
5755,92
5755,102
5755,699
5756,97
5756,191
5756,198
5756,513
5756,4249
5757,54
5757,192
5757,2427
5757,2547
5757,4362
5758,3
5758,13
5758,565
5758,648
5758,2044
5759,33
5759,86
5759,300
5759,321
5759,1502
5760,51
5760,436
5760,1321
5760,1595
5760,1596
5761,265
5761,337
5761,436
5761,437
5761,655
5762,322
5762,707
5762,1525
5762,1534
5762,4363
5763,10
5763,54
5763,77
5763,266
5763,1194
5764,317
5764,337
5764,433
5764,437
5764,655
5765,5
5765,668
5765,1073
5765,1511
5765,3520
5766,3
5766,14
5766,191
5766,682
5766,1438
5767,598
5767,689
5767,853
5767,1338
5767,1593
5768,78
5768,188
5768,189
5768,1803
5768,2506
5769,1
5769,73
5769,654
5769,834
5769,1695
5770,10
5770,70
5770,71
5770,313
5770,3711
5771,153
5771,707
5771,711
5771,4364
5771,4365
5772,10
5772,351
5772,1794
5772,2313
5772,4366
5773,382
5773,543
5773,744
5773,754
5773,1814
5774,1
5774,3
5774,13
5774,133
5774,2774
5775,97
5775,733
5775,2573
5775,3248
5775,3249
5776,14
5776,50
5776,135
5776,618
5776,1106
5777,313
5777,417
5777,1246
5777,1531
5777,4335
5778,130
5778,348
5778,362
5778,1078
5778,4367
5779,96
5779,317
5779,364
5779,591
5779,800
5780,14
5780,51
5780,133
5780,135
5780,1671
5781,23
5781,26
5781,27
5781,93
5781,1189
5782,33
5782,109
5782,140
5782,1102
5782,1137
5783,10
5783,70
5783,262
5783,591
5783,3347
5784,33
5784,460
5784,565
5784,668
5784,799
5785,1
5785,3
5785,13
5785,519
5785,4368
5786,643
5786,970
5786,1395
5786,1451
5786,4369
5787,96
5787,128
5787,293
5787,511
5787,1281
5788,222
5788,420
5788,2825
5788,3106
5788,4370
5789,48
5789,258
5789,324
5789,1452
5789,4371
5790,46
5790,343
5790,542
5790,1246
5790,2221
5791,9
5791,133
5791,684
5791,2448
5791,2472
5792,1
5792,3
5792,13
5792,269
5792,348
5793,9
5793,12
5793,13
5793,265
5793,433
5794,519
5794,853
5794,2633
5794,2924
5794,3705
5795,51
5795,433
5795,436
5795,1562
5795,2264
5796,23
5796,155
5796,180
5796,219
5796,873
5797,69
5797,133
5797,191
5797,1155
5797,4080
5798,13
5798,193
5798,270
5798,1775
5798,4352
5799,972
5799,1534
5799,1609
5799,4363
5799,4372
5800,64
5800,109
5800,842
5800,1284
5800,4373
5801,1
5801,3
5801,13
5801,3780
5801,4374
5802,14
5802,133
5802,191
5802,789
5802,1415
5803,142
5803,4375
5803,4376
5803,4377
5803,4378
5804,337
5804,437
5804,655
5804,795
5804,1273
5805,299
5805,641
5805,873
5805,1397
5805,3296
5806,3
5806,133
5806,723
5806,1063
5807,69
5807,682
5807,758
5807,3953
5807,4379
5808,1
5808,12
5808,13
5808,103
5808,266
5809,1
5809,3
5809,84
5809,191
5809,1671
5810,77
5810,620
5810,621
5810,1935
5810,2223
5811,23
5811,27
5811,92
5811,102
5811,179
5812,69
5812,86
5812,136
5812,313
5812,689
5813,3
5813,133
5813,723
5813,882
5813,1519
5814,23
5814,233
5814,346
5814,1463
5814,1852
5815,1
5815,233
5815,563
5815,864
5815,985
5816,288
5816,338
5816,518
5816,641
5816,1384
5817,143
5817,352
5817,906
5817,907
5817,2721
5818,190
5818,563
5818,883
5818,3178
5818,4380
5819,12
5819,52
5819,53
5819,105
5819,264
5820,12
5820,429
5820,433
5820,1430
5820,1904
5821,44
5821,70
5821,444
5821,997
5821,3171
5822,9
5822,13
5822,77
5822,433
5822,1723
5823,48
5823,122
5823,1154
5823,1442
5823,1881
5824,32
5824,342
5824,503
5824,1096
5824,1116
5825,1
5825,77
5825,136
5825,191
5825,544
5826,3
5826,133
5826,726
5827,624
5827,802
5827,1417
5827,2149
5827,3539
5828,23
5828,598
5828,990
5828,4124
5828,4381
5829,1
5829,14
5829,233
5829,605
5829,1478
5830,13
5830,14
5830,135
5830,142
5830,233
5831,537
5831,559
5831,812
5831,2369
5831,2986
5832,1
5832,3
5832,133
5832,947
5832,4382
5833,1
5833,3
5833,133
5833,519
5833,1512
5834,3
5834,133
5834,295
5834,3394
5834,3406
5835,9
5835,13
5835,265
5835,417
5835,1998
5836,381
5836,382
5836,742
5836,743
5836,978
5837,1
5837,3
5837,133
5837,861
5837,1067
5838,1
5838,3
5838,42
5838,233
5838,381
5839,0
5839,13
5839,14
5839,1697
5839,2082
5840,494
5840,538
5840,620
5840,621
5840,1713
5841,372
5841,507
5841,635
5841,1479
5841,2489
5842,23
5842,102
5842,755
5842,1157
5842,1662
5843,39
5843,77
5843,301
5843,466
5843,468
5844,59
5844,396
5844,457
5844,842
5844,4383
5845,1
5845,3
5845,295
5845,1524
5845,4384
5846,133
5846,449
5846,538
5846,713
5846,964
5847,999
5847,2728
5847,2729
5847,2730
5847,4385
5848,15
5848,23
5848,60
5848,71
5848,916
5849,13
5849,14
5849,133
5849,841
5849,2107
5850,23
5850,51
5850,244
5850,343
5850,364
5851,23
5851,41
5851,71
5851,102
5851,290
5852,69
5852,136
5852,191
5852,295
5852,3536
5853,14
5853,86
5853,133
5853,135
5853,317
5854,1211
5854,1930
5854,2447
5854,2867
5854,4386
5855,136
5855,396
5855,456
5855,457
5855,2200
5856,3
5856,71
5856,133
5856,191
5856,1829
5857,23
5857,50
5857,51
5857,228
5857,1764
5858,71
5858,4387
5858,4388
5858,4389
5858,4390
5859,133
5859,551
5859,1101
5859,1653
5859,4255
5860,197
5860,198
5860,233
5860,1234
5860,3972
5861,360
5861,583
5861,758
5861,2965
5861,4171
5862,3
5862,191
5862,286
5862,565
5862,1233
5863,381
5863,382
5863,742
5863,744
5863,754
5864,86
5864,133
5864,388
5864,683
5864,743
5865,5
5865,86
5865,133
5865,191
5865,1922
5866,160
5866,233
5866,648
5866,693
5866,3488
5867,12
5867,86
5867,133
5867,743
5867,771
5868,14
5868,135
5868,136
5868,1812
5868,2292
5869,3
5869,13
5869,23
5869,100
5869,295
5870,567
5870,2332
5870,3324
5870,3325
5870,3635
5871,23
5871,86
5871,2375
5871,2376
5871,2377
5872,69
5872,561
5872,971
5872,1701
5872,3055
5873,13
5873,317
5873,376
5873,1949
5873,4391
5874,23
5874,27
5874,92
5874,102
5874,699
5875,541
5875,1067
5875,1706
5875,1719
5875,2283
5876,9
5876,266
5876,1345
5876,1430
5876,2515
5877,10
5877,69
5877,239
5877,433
5877,523
5878,2147
5878,2581
5878,2582
5878,2934
5878,2935
5879,296
5879,494
5879,2328
5879,4392
5879,4393
5880,1
5880,3
5880,13
5880,863
5880,1096
5881,23
5881,24
5881,26
5881,27
5881,102
5882,48
5882,565
5882,1183
5882,1915
5882,3114
5883,265
5883,337
5883,655
5883,1115
5883,1273
5884,1
5884,3
5884,105
5884,136
5884,738
5885,1
5885,69
5885,321
5885,1417
5885,4351
5886,27
5886,41
5886,647
5886,1856
5886,3824
5887,130
5887,132
5887,874
5887,1028
5887,2830
5888,364
5888,457
5888,894
5888,4394
5888,4395
5889,12
5889,13
5889,105
5889,107
5889,2188
5890,13
5890,69
5890,337
5890,437
5890,2059
5891,9
5891,10
5891,32
5891,54
5891,71
5892,1
5892,9
5892,13
5892,489
5892,1515
5893,1
5893,3
5893,43
5893,64
5894,133
5894,346
5894,861
5894,4396
5894,4397
5895,459
5895,506
5895,689
5895,1076
5895,1583
5896,1
5896,42
5896,82
5896,198
5896,564
5897,23
5897,133
5897,1520
5897,3772
5897,4398
5898,1
5898,73
5898,728
5898,4399
5898,4400
5899,23
5899,42
5899,82
5899,1096
5899,1430
5900,14
5900,237
5900,317
5900,601
5900,1096
5901,142
5901,344
5901,1043
5901,1103
5901,1209
5902,5
5902,372
5902,520
5902,671
5902,1553
5903,49
5903,71
5903,77
5903,2060
5903,2824
5904,1
5904,13
5904,107
5904,297
5904,364
5905,14
5905,23
5905,135
5905,191
5905,239
5906,23
5906,27
5906,92
5906,94
5906,2298
5907,39
5907,83
5907,133
5907,449
5907,684
5908,86
5908,313
5908,417
5908,1259
5908,1531
5909,39
5909,86
5909,300
5909,449
5909,1506
5910,86
5910,133
5910,618
5910,689
5910,1068
5911,14
5911,135
5911,550
5911,922
5911,1903
5912,1
5912,49
5912,86
5912,109
5912,133
5913,14
5913,29
5913,458
5913,1407
5913,2586
5914,77
5914,301
5914,516
5914,964
5914,1494
5915,23
5915,121
5915,654
5915,2426
5915,2613
5916,31
5916,54
5916,192
5916,299
5916,317
5917,5
5917,496
5917,551
5917,4401
5917,4402
5918,682
5918,1338
5918,1687
5918,2489
5918,4403
5919,1
5919,3
5919,133
5919,2733
5919,3379
5920,13
5920,46
5920,132
5920,861
5920,1252
5921,3
5921,13
5921,4404
5921,4405
5921,4406
5922,9
5922,865
5922,976
5922,1096
5922,2405
5923,1
5923,3
5923,357
5923,800
5923,1501
5924,133
5924,519
5924,1512
5924,2233
5924,3030
5925,69
5925,583
5925,935
5925,1203
5925,4407
5926,565
5926,1086
5926,1174
5926,2610
5926,2653
5927,51
5927,77
5927,135
5927,364
5927,922
5928,1
5928,105
5928,384
5928,489
5928,931
5929,139
5929,654
5929,800
5929,994
5929,3188
5930,3
5930,301
5930,401
5930,1014
5930,2312
5931,51
5931,1065
5931,2081
5931,2557
5931,2713
5932,326
5932,327
5932,666
5932,1852
5932,4408
5933,1873
5933,2256
5933,2580
5933,3401
5933,4409
5934,389
5934,1394
5934,1518
5934,4410
5934,4411
5935,193
5935,194
5935,244
5935,343
5935,785
5936,14
5936,50
5936,51
5936,135
5936,937
5937,1
5937,3
5937,13
5937,64
5937,461
5938,42
5938,59
5938,109
5938,685
5938,842
5939,1
5939,3
5939,482
5939,496
5939,4412
5940,1
5940,59
5940,108
5940,133
5940,842
5941,13
5941,71
5941,192
5941,1096
5941,4413
5942,381
5942,810
5942,1545
5942,1971
5942,3860
5943,52
5943,77
5943,133
5943,561
5943,563
5944,9
5944,69
5944,77
5944,963
5944,1195
5945,69
5945,279
5945,1020
5945,1810
5945,2018
5946,544
5946,545
5946,547
5946,962
5946,4414
5947,12
5947,54
5947,266
5947,375
5947,563
5948,1
5948,3
5948,133
5948,853
5948,1808
5949,866
5949,968
5949,1043
5949,2445
5949,4415
5950,233
5950,459
5950,923
5950,1235
5950,1852
5951,23
5951,96
5951,1345
5951,1912
5951,3306
5952,12
5952,77
5952,301
5952,964
5952,3285
5953,3
5953,191
5953,295
5953,321
5953,4416
5954,61
5954,66
5954,86
5954,191
5954,375
5955,396
5955,3187
5955,4417
5955,4418
5955,4419
5956,228
5956,834
5956,883
5956,990
5956,2238
5957,69
5957,135
5957,550
5957,1546
5957,2292
5958,324
5958,1211
5958,1689
5958,2569
5958,4420
5959,1
5959,3
5959,13
5959,771
5959,4421
5960,23
5960,42
5960,842
5960,1430
5960,4422
5961,382
5961,542
5961,744
5961,754
5961,1512
5962,297
5962,510
5962,511
5962,552
5962,771
5963,13
5963,14
5963,69
5963,135
5963,160
5964,1
5964,3
5964,13
5964,399
5964,2105
5965,206
5965,491
5965,809
5965,1087
5965,1232
5966,17
5966,160
5966,360
5966,1010
5966,1739
5967,80
5967,861
5967,1107
5967,4423
5967,4424
5968,133
5968,191
5968,518
5968,519
5968,1593
5969,126
5969,2447
5969,3212
5969,4425
5969,4426
5970,51
5970,52
5970,136
5970,191
5970,2146
5971,133
5971,288
5971,330
5971,879
5971,3012
5972,1
5972,122
5972,133
5972,1658
5972,4427
5973,209
5973,997
5973,1086
5973,1189
5973,1433
5974,3
5974,52
5974,86
5974,133
5974,191
5975,133
5975,142
5975,538
5975,964
5975,2356
5976,5
5976,382
5976,744
5976,754
5976,1512
5977,69
5977,139
5977,219
5977,1004
5977,1425
5978,133
5978,191
5978,205
5978,707
5978,4428
5979,23
5979,27
5979,121
5979,296
5979,699
5980,9
5980,755
5980,906
5980,920
5980,4429
5981,381
5981,382
5981,744
5981,754
5981,978
5982,198
5982,1412
5982,2112
5982,3113
5982,4430
5983,3
5983,77
5983,84
5983,133
5983,1425
5984,1
5984,13
5984,15
5984,86
5984,3822
5985,1
5985,13
5985,364
5985,538
5985,1198
5986,364
5986,598
5986,689
5986,1593
5986,2281
5987,1
5987,3
5987,1339
5987,3597
5987,4431
5988,516
5988,970
5988,980
5988,2182
5988,4432
5989,14
5989,133
5989,135
5989,740
5989,1502
5990,1
5990,32
5990,123
5990,527
5990,1810
5991,46
5991,686
5991,1246
5991,1688
5991,2216
5992,142
5992,654
5992,1143
5992,1292
5992,1923
5993,3
5993,133
5993,637
5993,707
5993,2284
5994,142
5994,321
5994,612
5994,1756
5994,1811
5995,0
5995,56
5995,84
5995,538
5995,4433
5996,483
5996,484
5996,485
5996,486
5996,807
5997,69
5997,565
5997,1043
5997,1064
5997,1463
5998,69
5998,324
5998,583
5998,758
5998,1044
5999,1964
5999,1965
5999,1966
5999,1971
5999,3688
6000,1
6000,142
6000,193
6000,223
6000,1713
6001,670
6001,3465
6001,4434
6001,4435
6001,4436
6002,236
6002,655
6002,1273
6002,1809
6002,4437
6003,1
6003,3
6003,69
6003,133
6003,4438
6004,1974
6004,4439
6004,4440
6004,4441
6004,4442
6005,23
6005,64
6005,104
6005,252
6005,395
6006,13
6006,260
6006,326
6006,337
6006,1001
6007,86
6007,507
6007,519
6007,978
6007,1656
6008,1
6008,13
6008,14
6008,133
6008,884
6009,2086
6009,4443
6009,4444
6009,4445
6009,4446
6010,394
6010,624
6010,1969
6010,3704
6010,4447
6011,84
6011,382
6011,403
6011,543
6011,743
6012,264
6012,315
6012,346
6012,445
6012,964
6013,9
6013,31
6013,459
6013,848
6013,2211
6014,67
6014,93
6014,185
6014,810
6014,831
6015,3
6015,13
6015,14
6015,937
6015,2014
6016,245
6016,415
6016,1498
6016,3229
6016,3639
6017,3
6017,97
6017,501
6017,4448
6017,4449
6018,206
6018,491
6018,493
6018,1087
6018,1232
6019,1
6019,3
6019,321
6019,2043
6019,4450
6020,3
6020,104
6020,779
6020,4451
6020,4452
6021,381
6021,382
6021,742
6021,744
6021,754
6022,15
6022,188
6022,1437
6022,3178
6022,3314
6023,196
6023,198
6023,233
6023,2849
6023,3750
6024,381
6024,382
6024,743
6024,1545
6024,2394
6025,69
6025,238
6025,366
6025,384
6025,758
6026,239
6026,500
6026,1004
6026,1812
6026,2495
6027,381
6027,389
6027,742
6027,1658
6027,2155
6028,5
6028,237
6028,321
6028,859
6028,883
6029,23
6029,24
6029,26
6029,27
6029,41
6030,86
6030,300
6030,324
6030,743
6030,1178
6031,1
6031,3
6031,13
6031,69
6031,978
6032,1
6032,3
6032,23
6032,133
6032,1252
6033,237
6033,1294
6033,1452
6033,4453
6033,4454
6034,3
6034,14
6034,191
6034,561
6034,683
6035,32
6035,33
6035,145
6035,342
6035,1488
6036,86
6036,305
6036,433
6036,452
6036,1494
6037,39
6037,1064
6037,2116
6037,4455
6037,4456
6038,219
6038,317
6038,504
6038,577
6038,1670
6039,23
6039,26
6039,27
6039,92
6039,699
6040,1
6040,17
6040,212
6040,511
6040,4457
6041,13
6041,86
6041,337
6041,689
6041,1273
6042,3
6042,191
6042,321
6042,682
6042,1586
6043,299
6043,384
6043,422
6043,666
6043,1143
6044,15
6044,59
6044,133
6044,295
6044,711
6045,14
6045,1004
6045,2292
6045,4125
6045,4458
6046,1
6046,133
6046,357
6046,1209
6046,1952
6047,86
6047,162
6047,1810
6047,2302
6047,4459
6048,23
6048,300
6048,1084
6048,1463
6048,2070
6049,520
6049,561
6049,733
6049,2662
6049,2742
6050,5
6050,744
6050,754
6050,1511
6050,1512
6051,3
6051,520
6051,1063
6051,1822
6051,4460
6052,126
6052,317
6052,1043
6052,1076
6052,1476
6053,23
6053,92
6053,133
6053,321
6053,3478
6054,23
6054,133
6054,519
6054,1429
6054,1926
6055,69
6055,96
6055,523
6055,866
6055,1043
6056,1
6056,10
6056,23
6056,133
6056,1851
6057,14
6057,133
6057,191
6057,1702
6057,4461
6058,133
6058,321
6058,519
6058,3779
6058,4462
6059,1
6059,3
6059,2399
6059,2997
6059,3751
6060,42
6060,1094
6060,1225
6060,2952
6060,4463
6061,350
6061,770
6061,3423
6061,3623
6061,4464
6062,31
6062,48
6062,337
6062,509
6062,3453
6063,233
6063,270
6063,831
6063,1283
6063,1416
6064,1
6064,3
6064,52
6064,561
6064,703
6065,608
6065,1873
6065,3990
6065,4465
6065,4466
6066,23
6066,31
6066,290
6066,710
6066,2188
6067,3
6067,132
6067,133
6067,570
6067,4467
6068,1
6068,12
6068,44
6068,233
6068,447
6069,1
6069,42
6069,321
6069,406
6069,1463
6070,509
6070,801
6070,1010
6070,1971
6070,2422
6071,13
6071,1157
6071,1662
6071,3023
6071,4468
6072,15
6072,42
6072,299
6072,1527
6072,2964
6073,33
6073,321
6073,346
6073,754
6073,1506
6074,1
6074,3
6074,258
6074,299
6074,1559
6075,382
6075,403
6075,742
6075,743
6075,3309
6076,14
6076,135
6076,191
6076,233
6076,933
6077,1363
6077,1364
6077,1687
6077,2817
6077,4469
6078,10
6078,15
6078,70
6078,83
6078,264
6079,381
6079,382
6079,742
6079,1693
6079,3165
6080,3
6080,69
6080,233
6080,563
6080,1234
6081,69
6081,507
6081,1004
6081,2489
6081,3941
6082,253
6082,254
6082,755
6082,920
6082,1013
6083,14
6083,142
6083,366
6083,376
6083,1837
6084,14
6084,583
6084,682
6084,1586
6084,2948
6085,109
6085,671
6085,1235
6085,4470
6085,4471
6086,1
6086,71
6086,86
6086,133
6086,1068
6087,280
6087,970
6087,1053
6087,2436
6087,4472
6088,77
6088,132
6088,301
6088,2285
6088,4473
6089,23
6089,27
6089,93
6089,102
6089,812
6090,1
6090,13
6090,133
6090,689
6090,1694
6091,1
6091,64
6091,667
6091,1463
6091,2593
6092,1
6092,3
6092,151
6092,510
6092,2021
6093,119
6093,121
6093,296
6093,1355
6093,2537
6094,42
6094,86
6094,324
6094,554
6094,1482
6095,88
6095,89
6095,1701
6095,2356
6095,4474
6096,12
6096,105
6096,266
6096,464
6096,1788
6097,42
6097,142
6097,193
6097,364
6097,1293
6098,54
6098,133
6098,135
6098,682
6098,1593
6099,223
6099,947
6099,1837
6099,4475
6099,4476
6100,1
6100,32
6100,637
6100,695
6100,4477
6101,533
6101,597
6101,669
6101,1437
6101,2216
6102,133
6102,300
6102,433
6102,1530
6102,1890
6103,349
6103,381
6103,382
6103,744
6103,2108
6104,46
6104,1246
6104,1597
6104,1600
6104,2216
6105,337
6105,573
6105,865
6105,1076
6105,1077
6106,135
6106,142
6106,155
6106,160
6106,367
6107,1
6107,1548
6107,3363
6107,4478
6107,4479
6108,1280
6108,1344
6108,1345
6108,4480
6108,4481
6109,381
6109,382
6109,743
6109,744
6109,1545
6110,1
6110,13
6110,348
6110,399
6110,1096
6111,15
6111,33
6111,457
6111,2168
6111,3161
6112,1
6112,9
6112,23
6112,536
6112,2370
6113,1
6113,133
6113,364
6113,621
6113,1252
6114,33
6114,69
6114,322
6114,861
6114,2728
6115,31
6115,61
6115,258
6115,260
6115,384
6116,133
6116,346
6116,2143
6116,2603
6116,3350
6117,191
6117,193
6117,612
6117,740
6117,861
6118,187
6118,188
6118,189
6118,1803
6118,1828
6119,46
6119,686
6119,1246
6119,1688
6119,4335
6120,295
6120,535
6120,1096
6120,2695
6120,4482
6121,23
6121,854
6121,2418
6121,3234
6121,4483
6122,3
6122,69
6122,191
6122,964
6122,1729
6123,14
6123,139
6123,559
6123,964
6123,1437
6124,77
6124,136
6124,239
6124,733
6124,2179
6125,12
6125,77
6125,133
6125,433
6125,682
6126,1
6126,13
6126,86
6126,1477
6126,1494
6127,3
6127,191
6127,363
6127,650
6127,1497
6128,542
6128,744
6128,754
6128,1427
6128,1824
6129,23
6129,24
6129,26
6129,27
6129,41
6130,23
6130,255
6130,342
6130,389
6130,1033
6131,162
6131,1981
6131,4204
6131,4459
6131,4484
6132,233
6132,314
6132,346
6132,1852
6132,2243
6133,519
6133,754
6133,1512
6133,1930
6133,1969
6134,84
6134,133
6134,691
6134,1519
6134,1520
6135,23
6135,92
6135,160
6135,246
6135,693
6136,49
6136,188
6136,2954
6136,4485
6136,4486
6137,1
6137,13
6137,86
6137,311
6137,743
6138,3
6138,514
6138,1583
6138,4487
6138,4488
6139,23
6139,1603
6139,2058
6139,2236
6139,3956
6140,33
6140,93
6140,384
6140,738
6140,4489
6141,13
6141,266
6141,317
6141,1001
6141,2981
6142,321
6142,520
6142,533
6142,1334
6142,4490
6143,5
6143,133
6143,191
6143,324
6143,1259
6144,67
6144,311
6144,369
6144,1452
6144,1800
6145,1
6145,109
6145,133
6145,947
6145,1494
6146,23
6146,233
6146,360
6146,977
6146,4463
6147,50
6147,51
6147,78
6147,621
6147,2472
6148,364
6148,609
6148,1108
6148,1701
6148,1831
6149,159
6149,237
6149,366
6149,460
6149,649
6150,1
6150,61
6150,267
6150,744
6150,2453
6151,1
6151,86
6151,162
6151,181
6151,280
6152,1
6152,33
6152,511
6152,2173
6152,4491
6153,510
6153,609
6153,641
6153,1701
6153,2133
6154,9
6154,10
6154,233
6154,503
6154,1912
6155,23
6155,585
6155,1369
6155,1413
6155,3658
6156,5
6156,597
6156,669
6156,1511
6156,3520
6157,1
6157,58
6157,133
6157,174
6157,228
6158,67
6158,93
6158,185
6158,1396
6158,4157
6159,3
6159,132
6159,174
6159,1707
6159,4492
6160,50
6160,51
6160,55
6160,536
6160,598
6161,1
6161,3
6161,133
6161,519
6161,1010
6162,1
6162,3
6162,33
6162,133
6162,3247
6163,86
6163,133
6163,519
6163,689
6163,1512
6164,544
6164,3925
6164,4343
6164,4493
6164,4494
6165,23
6165,139
6165,502
6165,1386
6165,3488
6166,520
6166,583
6166,937
6166,1043
6166,2447
6167,13
6167,14
6167,133
6167,683
6167,1155
6168,1
6168,3
6168,393
6168,550
6168,1084
6169,1
6169,86
6169,388
6169,508
6169,1198
6170,1
6170,3
6170,2697
6170,3348
6170,4495
6171,23
6171,44
6171,71
6171,3795
6171,4496
6172,1
6172,133
6172,861
6172,2003
6172,4497
6173,5
6173,133
6173,191
6173,668
6173,2595
6174,69
6174,239
6174,523
6174,866
6174,4498
6175,69
6175,1004
6175,1520
6175,3090
6175,4499
6176,145
6176,193
6176,367
6176,632
6176,4500
6177,1
6177,288
6177,1096
6177,3427
6177,3869
6178,1
6178,3
6178,83
6178,1377
6178,1821
6179,49
6179,69
6179,1020
6179,2302
6179,2320
6180,1167
6180,1563
6180,2270
6180,4424
6180,4501
6181,366
6181,509
6181,936
6181,1880
6181,1969
6182,707
6182,1596
6182,2709
6182,3233
6182,4502
6183,272
6183,1090
6183,1091
6183,1607
6183,4503
6184,519
6184,542
6184,1429
6184,1943
6184,2906
6185,1
6185,3
6185,1611
6185,4504
6185,4505
6186,9
6186,262
6186,419
6186,581
6186,1510
6187,1
6187,3
6187,13
6187,86
6187,107
6188,130
6188,337
6188,436
6188,516
6188,980
6189,9
6189,10
6189,219
6189,266
6189,389
6190,295
6190,718
6190,959
6190,1533
6190,4506
6191,1
6191,3
6191,15
6191,4507
6191,4508
6192,44
6192,126
6192,399
6192,436
6192,516
6193,69
6193,448
6193,523
6193,612
6193,1004
6194,42
6194,48
6194,82
6194,427
6194,4509
6195,133
6195,597
6195,1108
6195,1659
6195,1670
6196,1
6196,3
6196,12
6196,86
6196,133
6197,501
6197,4092
6197,4400
6197,4510
6197,4511
6198,381
6198,382
6198,742
6198,744
6198,1658
6199,13
6199,266
6199,417
6199,516
6199,4512
6200,42
6200,148
6200,684
6200,685
6200,3483
6201,233
6201,1211
6201,2082
6201,2568
6201,2569
6202,29
6202,192
6202,350
6202,351
6202,2464
6203,13
6203,23
6203,96
6203,255
6203,583
6204,265
6204,317
6204,337
6204,436
6204,655
6205,342
6205,429
6205,632
6205,1810
6205,1924
6206,69
6206,238
6206,758
6206,1398
6206,4082
6207,1
6207,3
6207,133
6207,3522
6207,4513
6208,42
6208,133
6208,191
6208,1537
6208,2403
6209,133
6209,156
6209,295
6209,718
6209,1728
6210,86
6210,142
6210,689
6210,738
6210,4514
6211,33
6211,88
6211,151
6211,3418
6211,4515
6212,381
6212,382
6212,742
6212,744
6212,754
6213,5
6213,51
6213,337
6213,436
6213,990
6214,381
6214,382
6214,742
6214,743
6214,744
6215,499
6215,712
6215,1603
6215,2775
6215,4516
6216,51
6216,689
6216,718
6216,853
6216,1862
6217,69
6217,279
6217,707
6217,1004
6217,2636
6218,378
6218,1064
6218,1812
6218,2044
6218,2049
6219,1
6219,64
6219,212
6219,233
6219,985
6220,23
6220,51
6220,57
6220,142
6220,964
6221,136
6221,321
6221,433
6221,1108
6221,2713
6222,33
6222,86
6222,388
6222,2966
6222,4153
6223,1
6223,23
6223,237
6223,644
6223,1810
6224,61
6224,325
6224,666
6224,2933
6224,3995
6225,20
6225,104
6225,142
6225,433
6225,792
6226,1
6226,3
6226,133
6226,191
6226,3737
6227,73
6227,164
6227,2025
6227,3745
6227,3764
6228,64
6228,742
6228,1864
6228,1971
6228,4517
6229,1
6229,44
6229,54
6229,233
6229,447
6230,14
6230,51
6230,135
6230,516
6230,980
6231,14
6231,133
6231,135
6231,162
6231,321
6232,360
6232,758
6232,1044
6232,1197
6232,2558
6233,8
6233,69
6233,133
6233,136
6233,191
6234,61
6234,612
6234,864
6234,927
6234,1292
6235,82
6235,1043
6235,1463
6235,1537
6235,1583
6236,9
6236,337
6236,838
6236,1001
6236,1078
6237,66
6237,69
6237,1304
6237,1505
6237,1624
6238,49
6238,130
6238,439
6238,4518
6238,4519
6239,519
6239,853
6239,1428
6239,1429
6239,4047
6240,69
6240,238
6240,321
6240,360
6240,4520
6241,96
6241,364
6241,935
6241,1043
6241,1787
6242,12
6242,13
6242,44
6242,723
6242,738
6243,1
6243,133
6243,519
6243,1001
6243,2233
6244,1023
6244,2496
6244,4521
6244,4522
6244,4523
6245,1
6245,13
6245,654
6245,684
6245,949
6246,9
6246,12
6246,337
6246,436
6246,1195
6247,1
6247,3
6247,388
6247,723
6247,3012
6248,5
6248,1419
6248,1506
6248,1744
6248,2201
6249,23
6249,48
6249,58
6249,188
6249,297
6250,69
6250,360
6250,552
6250,2775
6250,3707
6251,224
6251,1232
6251,1444
6251,2654
6251,4524
6252,253
6252,755
6252,920
6252,1013
6252,4525
6253,174
6253,191
6253,507
6253,1408
6253,1479
6254,279
6254,364
6254,540
6254,561
6254,1023
6255,381
6255,799
6255,1126
6255,2540
6255,3613
6256,1
6256,3
6256,4526
6256,4527
6256,4528
6257,3
6257,13
6257,239
6257,554
6257,4529
6258,23
6258,399
6258,1869
6258,4290
6258,4530
6259,1
6259,48
6259,133
6259,191
6259,3178
6260,1010
6260,1545
6260,4531
6260,4532
6260,4533
6261,519
6261,542
6261,582
6261,1943
6261,3243
6262,13
6262,77
6262,375
6262,406
6262,2312
6263,509
6263,1053
6263,1463
6263,1810
6263,3457
6264,5
6264,86
6264,743
6264,3455
6264,4534
6265,56
6265,77
6265,301
6265,364
6265,726
6266,61
6266,103
6266,422
6266,552
6266,1210
6267,73
6267,98
6267,295
6267,1644
6267,3618
6268,303
6268,924
6268,4425
6268,4535
6268,4536
6269,301
6269,571
6269,718
6269,1882
6269,2039
6270,293
6270,1437
6270,2302
6270,2358
6270,3005
6271,86
6271,1702
6271,2400
6271,2728
6271,2729
6272,13
6272,192
6272,295
6272,321
6272,1737
6273,1
6273,3
6273,191
6273,365
6273,707
6274,376
6274,2147
6274,2581
6274,2582
6274,2934
6275,1
6275,89
6275,191
6275,4537
6275,4538
6276,69
6276,279
6276,1023
6276,1756
6276,1810
6277,14
6277,86
6277,135
6277,239
6277,2557
6278,160
6278,212
6278,692
6278,693
6278,1883
6279,1
6279,48
6279,84
6279,133
6279,853
6280,215
6280,233
6280,238
6280,360
6280,583
6281,520
6281,2466
6281,4539
6281,4540
6281,4541
6282,50
6282,51
6282,283
6282,932
6282,1238
6283,1
6283,5
6283,86
6283,133
6283,4542
6284,23
6284,24
6284,26
6284,41
6284,92
6285,381
6285,382
6285,743
6285,744
6285,1545
6286,86
6286,519
6286,754
6286,861
6286,1068
6287,3
6287,97
6287,733
6287,2358
6287,4216
6288,14
6288,135
6288,244
6288,631
6288,1155
6289,86
6289,133
6289,142
6289,192
6289,300
6290,86
6290,237
6290,311
6290,689
6290,743
6291,23
6291,105
6291,109
6291,842
6291,1483
6292,3
6292,133
6292,295
6292,346
6292,740
6293,233
6293,1677
6293,1969
6293,2399
6293,2904
6294,97
6294,133
6294,136
6294,561
6294,859
6295,3
6295,357
6295,1839
6295,3238
6295,4186
6296,42
6296,233
6296,1234
6296,2027
6296,4543
6297,14
6297,77
6297,682
6297,2403
6297,3178
6298,181
6298,212
6298,516
6298,1076
6298,4544
6299,394
6299,624
6299,3950
6299,4545
6299,4546
6300,59
6300,109
6300,324
6300,565
6300,567
6301,10
6301,54
6301,123
6301,266
6301,4547
6302,542
6302,744
6302,754
6302,1429
6302,1512
6303,619
6303,643
6303,3971
6303,4369
6303,4548
6304,69
6304,142
6304,550
6304,972
6304,2409
6305,5
6305,6
6305,7
6305,623
6305,1512
6306,23
6306,60
6306,295
6306,358
6306,375
6307,1
6307,3
6307,69
6307,1476
6307,4549
6308,158
6308,748
6308,1521
6308,1885
6308,2453
6309,49
6309,51
6309,718
6309,2039
6309,4550
6310,515
6310,2083
6310,3464
6310,4551
6310,4552
6311,50
6311,51
6311,340
6311,1237
6311,2447
6312,331
6312,682
6312,742
6312,1417
6312,2094
6313,589
6313,738
6313,1292
6313,4553
6313,4554
6314,64
6314,295
6314,346
6314,391
6314,654
6315,1
6315,3
6315,159
6315,393
6315,4555
6316,3
6316,13
6316,1063
6316,1753
6316,3394
6317,17
6317,419
6317,849
6317,923
6317,1221
6318,381
6318,382
6318,689
6318,744
6318,754
6319,163
6319,2613
6319,4556
6319,4557
6319,4558
6320,382
6320,543
6320,582
6320,744
6320,754
6321,9
6321,142
6321,337
6321,364
6321,1195
6322,103
6322,314
6322,422
6322,666
6322,3234
6323,1
6323,13
6323,297
6323,933
6323,1923
6324,1885
6324,1886
6324,2453
6324,2952
6324,4559
6325,9
6325,434
6325,550
6325,1096
6325,2717
6326,1
6326,46
6326,133
6326,344
6326,1702
6327,297
6327,437
6327,723
6327,864
6327,1096
6328,50
6328,412
6328,666
6328,932
6328,1238
6329,1
6329,3
6329,13
6329,233
6329,2959
6330,86
6330,133
6330,382
6330,621
6330,689
6331,78
6331,81
6331,132
6331,133
6331,452
6332,0
6332,46
6332,78
6332,527
6332,621
6333,1
6333,3
6333,13
6333,533
6333,4560
6334,1
6334,12
6334,13
6334,44
6334,992
6335,507
6335,1155
6335,1338
6335,1687
6335,2233
6336,13
6336,51
6336,136
6336,219
6336,1237
6337,13
6337,317
6337,563
6337,655
6337,970
6338,1
6338,15
6338,58
6338,834
6338,1456
6339,97
6339,364
6339,550
6339,2269
6339,4132
6340,67
6340,300
6340,687
6340,810
6340,1172
6341,1
6341,46
6341,133
6341,193
6341,686
6342,70
6342,261
6342,379
6342,838
6342,1185
6343,50
6343,343
6343,631
6343,1237
6343,1239
6344,15
6344,60
6344,237
6344,2175
6344,3929
6345,46
6345,570
6345,1246
6345,1688
6345,2225
6346,97
6346,133
6346,191
6346,2523
6346,4293
6347,583
6347,863
6347,1345
6347,2017
6347,4561
6348,977
6348,1098
6348,1099
6348,1100
6348,4562
6349,23
6349,46
6349,297
6349,494
6349,964
6350,1
6350,233
6350,583
6350,1463
6350,1969
6351,330
6351,1253
6351,1430
6351,2805
6351,4563
6352,303
6352,567
6352,1395
6352,3751
6352,4221
6353,1371
6353,1394
6353,1518
6353,4564
6353,4565
6354,57
6354,303
6354,866
6354,1417
6354,2650
6355,18
6355,72
6355,73
6355,135
6355,4566
6356,14
6356,69
6356,170
6356,1004
6356,2320
6357,32
6357,33
6357,436
6357,527
6357,1043
6358,5
6358,12
6358,161
6358,364
6358,870
6359,1
6359,61
6359,96
6359,1332
6359,1944
6360,133
6360,191
6360,853
6360,1488
6360,3862
6361,46
6361,57
6361,69
6361,758
6361,1985
6362,193
6362,295
6362,425
6362,561
6362,690
6363,267
6363,1488
6363,2114
6363,2453
6363,2584
6364,23
6364,96
6364,133
6364,205
6364,718
6365,109
6365,191
6365,711
6365,2585
6365,3381
6366,1
6366,10
6366,14
6366,133
6366,861
6367,1463
6367,1969
6367,3094
6367,4567
6367,4568
6368,54
6368,86
6368,132
6368,133
6368,2472
6369,1
6369,510
6369,1096
6369,2191
6369,4569
6370,14
6370,135
6370,233
6370,1235
6370,3772
6371,14
6371,86
6371,97
6371,237
6371,317
6372,23
6372,255
6372,517
6372,1429
6372,2298
6373,23
6373,27
6373,92
6373,102
6373,3080
6374,1
6374,83
6374,380
6374,465
6374,508
6375,1
6375,3
6375,13
6375,2156
6375,2438
6376,1
6376,193
6376,346
6376,433
6376,538
6377,389
6377,461
6377,910
6377,1812
6377,2356
6378,23
6378,27
6378,41
6378,92
6378,93
6379,490
6379,491
6379,1086
6379,1088
6379,2653
6380,50
6380,51
6380,86
6380,174
6380,884
6381,265
6381,337
6381,436
6381,655
6381,1273
6382,541
6382,682
6382,1399
6382,3211
6382,4352
6383,23
6383,27
6383,92
6383,102
6383,255
6384,5
6384,14
6384,135
6384,191
6384,4082
6385,32
6385,73
6385,136
6385,1082
6385,4048
6386,86
6386,133
6386,311
6386,689
6386,743
6387,1
6387,13
6387,51
6387,77
6387,301
6388,5
6388,321
6388,3790
6388,4570
6388,4571
6389,86
6389,360
6389,388
6389,689
6389,4186
6390,14
6390,86
6390,105
6390,2152
6390,4054
6391,23
6391,26
6391,27
6391,92
6391,699
6392,1
6392,13
6392,789
6392,1810
6392,3457
6393,266
6393,290
6393,401
6393,635
6393,1164
6394,192
6394,351
6394,632
6394,2464
6394,4572
6395,3
6395,13
6395,14
6395,904
6395,1338
6396,64
6396,69
6396,799
6396,1987
6396,3053
6397,69
6397,142
6397,866
6397,1178
6397,3595
6398,139
6398,378
6398,426
6398,1086
6398,2222
6399,1
6399,13
6399,348
6399,366
6399,399
6400,364
6400,527
6400,564
6400,1045
6400,1547
6401,142
6401,899
6401,2121
6401,2359
6401,4573
6402,66
6402,69
6402,133
6402,191
6402,1338
6403,3
6403,69
6403,136
6403,191
6403,2294
6404,1
6404,23
6404,133
6404,1887
6404,2394
6405,1
6405,23
6405,133
6405,190
6405,4574
6406,647
6406,1189
6406,3676
6406,4308
6406,4575
6407,1
6407,133
6407,941
6407,963
6407,2845
6408,3
6408,133
6408,794
6408,963
6408,4576
6409,50
6409,51
6409,69
6409,190
6409,1020
6410,69
6410,191
6410,466
6410,622
6410,1876
6411,9
6411,67
6411,86
6411,266
6411,433
6412,382
6412,597
6412,743
6412,744
6412,754
6413,1
6413,3
6413,619
6413,4577
6413,4578
6414,1
6414,3
6414,964
6414,1176
6414,1225
6415,1
6415,3
6415,14
6415,191
6415,1596
6416,1
6416,133
6416,620
6416,621
6416,810
6417,177
6417,260
6417,261
6417,266
6417,1273
6418,3
6418,13
6418,107
6418,555
6418,4579
6419,233
6419,280
6419,389
6419,936
6419,1203
6420,5
6420,139
6420,337
6420,786
6420,1488
6421,57
6421,523
6421,565
6421,866
6421,1178
6422,1
6422,13
6422,69
6422,219
6422,740
6423,190
6423,542
6423,744
6423,1694
6423,1824
6424,73
6424,303
6424,773
6424,801
6424,1176
6425,654
6425,1384
6425,1402
6425,4580
6425,4581
6426,69
6426,77
6426,136
6426,4582
6426,4583
6427,3
6427,191
6427,519
6427,853
6427,4584
6428,23
6428,55
6428,123
6428,871
6428,970
6429,1
6429,3
6429,159
6429,295
6429,4585
6430,12
6430,13
6430,83
6430,105
6430,1297
6431,109
6431,142
6431,523
6431,1255
6431,3341
6432,66
6432,372
6432,507
6432,1004
6432,1687
6433,0
6433,32
6433,145
6433,635
6433,1143
6434,13
6434,177
6434,865
6434,1078
6434,1383
6435,191
6435,321
6435,3041
6435,3086
6435,3618
6436,1
6436,13
6436,97
6436,489
6436,4586
6437,507
6437,861
6437,1810
6437,1862
6437,2489
6438,28
6438,83
6438,96
6438,848
6438,4587
6439,192
6439,1096
6439,1388
6439,1665
6439,4588
6440,4589
6440,4590
6440,4591
6440,4592
6440,4593
6441,32
6441,42
6441,82
6441,142
6441,1096
6442,1
6442,23
6442,52
6442,133
6442,156
6443,103
6443,1229
6443,1385
6443,4594
6443,4595
6444,86
6444,311
6444,743
6444,4596
6444,4597
6445,105
6445,142
6445,494
6445,1713
6445,4598
6446,1
6446,3
6446,133
6446,136
6446,191
6447,381
6447,382
6447,742
6447,744
6447,754
6448,1
6448,10
6448,13
6448,44
6448,71
6449,1
6449,511
6449,935
6449,1095
6449,4599
6450,331
6450,801
6450,1965
6450,1966
6450,1971
6451,193
6451,510
6451,861
6451,2894
6451,4600
6452,1
6452,3
6452,69
6452,865
6452,1329
6453,52
6453,66
6453,86
6453,321
6453,583
6454,132
6454,133
6454,538
6454,621
6454,1333
6455,1
6455,83
6455,233
6455,346
6455,1042
6456,78
6456,382
6456,742
6456,744
6456,754
6457,381
6457,382
6457,742
6457,744
6457,1693
6458,520
6458,600
6458,1905
6458,2542
6458,2857
6459,130
6459,136
6459,191
6459,861
6459,4601
6460,142
6460,644
6460,650
6460,800
6460,1810
6461,58
6461,81
6461,188
6461,620
6461,686
6462,23
6462,159
6462,554
6462,691
6462,1198
6463,1
6463,96
6463,181
6463,280
6463,552
6464,219
6464,338
6464,459
6464,723
6464,2766
6465,3
6465,8
6465,233
6465,300
6465,2199
6466,1
6466,15
6466,69
6466,233
6466,288
6467,13
6467,317
6467,786
6467,1259
6467,4602
6468,23
6468,399
6468,511
6468,800
6468,1463
6469,23
6469,26
6469,27
6469,92
6469,2211
6470,14
6470,69
6470,861
6470,1822
6470,4603
6471,13
6471,130
6471,295
6471,436
6471,964
6472,1
6472,23
6472,32
6472,48
6472,1176
6473,133
6473,538
6473,1332
6473,1417
6473,2650
6474,233
6474,314
6474,388
6474,1705
6474,1739
6475,13
6475,33
6475,69
6475,3086
6475,3384
6476,233
6476,758
6476,831
6476,1452
6476,1800
6477,23
6477,64
6477,346
6477,2048
6477,4604
6478,1
6478,13
6478,23
6478,86
6478,132
6479,46
6479,48
6479,291
6479,1985
6479,4184
6480,10
6480,145
6480,723
6480,738
6480,1912
6481,0
6481,67
6481,208
6481,651
6481,1810
6482,122
6482,314
6482,346
6482,422
6482,4605
6483,519
6483,598
6483,1593
6483,1694
6483,2281
6484,124
6484,219
6484,1690
6484,1766
6484,4606
6485,9
6485,14
6485,136
6485,707
6485,4607
6486,3
6486,13
6486,44
6486,107
6486,852
6487,313
6487,337
6487,437
6487,1195
6487,1259
6488,83
6488,142
6488,233
6488,524
6488,1923
6489,1
6489,3
6489,133
6489,723
6489,2156
6490,1
6490,77
6490,133
6490,326
6490,364
6491,50
6491,71
6491,109
6491,419
6491,964
6492,381
6492,382
6492,742
6492,744
6492,754
6493,1
6493,23
6493,133
6493,135
6493,1488
6494,3
6494,295
6494,391
6494,980
6494,1333
6495,5
6495,519
6495,754
6495,1429
6495,2156
6496,33
6496,69
6496,1020
6496,4608
6496,4609
6497,10
6497,13
6497,394
6497,1317
6497,4610
6498,1
6498,13
6498,1863
6498,3772
6498,3813
6499,261
6499,346
6499,447
6499,1368
6499,4611
6500,194
6500,511
6500,632
6500,690
6500,1411
6501,718
6501,1068
6501,2584
6501,4139
6501,4571
6502,86
6502,142
6502,1753
6502,2028
6502,2684
6503,10
6503,70
6503,96
6503,931
6503,2210
6504,86
6504,583
6504,743
6504,853
6504,2969
6505,1
6505,32
6505,162
6505,233
6505,291
6506,63
6506,507
6506,868
6506,948
6506,1741
6507,86
6507,317
6507,337
6507,689
6507,758
6508,133
6508,191
6508,1040
6508,1419
6508,1744
6509,0
6509,198
6509,303
6509,1438
6509,3018
6510,14
6510,42
6510,135
6510,1064
6510,1293
6511,3
6511,752
6511,1063
6511,4612
6511,4613
6512,1
6512,23
6512,27
6512,102
6512,180
6513,23
6513,139
6513,369
6513,1471
6513,2262
6514,1
6514,34
6514,315
6514,1671
6514,1822
6515,62
6515,63
6515,86
6515,463
6515,743
6516,1456
6516,4614
6516,4615
6516,4616
6516,4617
6517,224
6517,225
6517,485
6517,490
6517,1432
6518,83
6518,299
6518,380
6518,1923
6518,2828
6519,130
6519,264
6519,591
6519,761
6519,1331
6520,1
6520,13
6520,14
6520,142
6520,462
6521,3
6521,69
6521,168
6521,191
6521,870
6522,313
6522,742
6522,977
6522,1810
6522,3413
6523,158
6523,198
6523,346
6523,535
6523,1392
6524,14
6524,135
6524,364
6524,368
6524,861
6525,52
6525,77
6525,433
6525,466
6525,2060
6526,23
6526,233
6526,1852
6526,3361
6526,4012
6527,1
6527,3
6527,13
6527,193
6527,2843
6528,0
6528,937
6528,1519
6528,2697
6528,3287
6529,3
6529,13
6529,295
6529,1494
6529,4618
6530,139
6530,233
6530,723
6530,1770
6530,1904
6531,14
6531,69
6531,135
6531,682
6531,1587
6532,0
6532,406
6532,533
6532,1470
6532,3520
6533,538
6533,2097
6533,3973
6533,4073
6533,4619
6534,77
6534,132
6534,343
6534,346
6534,572
6535,198
6535,321
6535,510
6535,712
6535,2133
6536,124
6536,140
6536,290
6536,2558
6536,3012
6537,536
6537,1690
6537,1766
6537,4620
6537,4621
6538,2203
6538,2590
6538,2905
6538,4622
6538,4623
6539,834
6539,964
6539,1012
6539,3194
6539,4624
6540,3
6540,44
6540,132
6540,133
6540,375
6541,83
6541,429
6541,643
6541,1005
6541,1150
6542,1
6542,3
6542,13
6542,107
6542,132
6543,0
6543,331
6543,813
6543,1209
6543,1437
6544,589
6544,605
6544,2488
6544,3347
6544,4561
6545,849
6545,890
6545,905
6545,2209
6545,2497
6546,23
6546,26
6546,92
6546,102
6546,179
6547,23
6547,61
6547,67
6547,964
6547,2060
6548,1
6548,13
6548,299
6548,1591
6548,4097
6549,286
6549,510
6549,707
6549,883
6549,4625
6550,204
6550,564
6550,987
6550,1149
6550,1857
6551,77
6551,89
6551,2097
6551,2124
6551,2468
6552,436
6552,585
6552,834
6552,4626
6552,4627
6553,52
6553,70
6553,71
6553,77
6553,3359
6554,1
6554,3
6554,168
6554,2603
6554,4628
6555,12
6555,13
6555,107
6555,3013
6555,3523
6556,46
6556,301
6556,686
6556,771
6556,964
6557,52
6557,86
6557,238
6557,1519
6557,4082
6558,88
6558,136
6558,303
6558,4062
6558,4629
6559,10
6559,212
6559,233
6559,303
6559,1822
6560,121
6560,295
6560,643
6560,924
6560,1778
6561,50
6561,69
6561,239
6561,1523
6561,2010
6562,1
6562,233
6562,303
6562,1139
6562,3826
6563,288
6563,361
6563,948
6563,949
6563,4630
6564,1
6564,3
6564,13
6564,317
6564,4412
6565,83
6565,1478
6565,1762
6565,4631
6565,4632
6566,560
6566,1582
6566,4301
6566,4633
6566,4634
6567,12
6567,129
6567,468
6567,4517
6567,4635
6568,17
6568,2423
6568,2841
6568,4636
6568,4637
6569,133
6569,190
6569,682
6569,1108
6569,4638
6570,86
6570,666
6570,691
6570,2264
6570,2284
6571,51
6571,193
6571,343
6571,942
6571,1237
6572,20
6572,54
6572,1713
6572,4639
6572,4640
6573,3
6573,13
6573,69
6573,317
6573,990
6574,1
6574,128
6574,881
6574,1676
6574,4641
6575,109
6575,124
6575,506
6575,2182
6575,3189
6576,3
6576,61
6576,346
6576,564
6576,1417
6577,233
6577,303
6577,924
6577,1188
6577,2677
6578,23
6578,446
6578,584
6578,992
6578,2310
6579,12
6579,690
6579,1288
6579,1297
6579,3338
6580,205
6580,882
6580,2624
6580,2697
6580,3567
6581,17
6581,1188
6581,1883
6581,2144
6581,4642
6582,62
6582,2191
6582,4643
6582,4644
6582,4645
6583,13
6583,683
6583,916
6583,978
6583,1953
6584,52
6584,77
6584,191
6584,2213
6584,4646
6585,23
6585,32
6585,145
6585,422
6585,834
6586,3
6586,396
6586,716
6586,924
6586,3846
6587,0
6587,50
6587,51
6587,990
6587,1238
6588,50
6588,51
6588,440
6588,598
6588,3359
6589,0
6589,1
6589,13
6589,1078
6589,1754
6590,12
6590,86
6590,309
6590,337
6590,419
6591,9
6591,12
6591,13
6591,23
6591,94
6592,12
6592,54
6592,219
6592,581
6592,864
6593,723
6593,1831
6593,2761
6593,4647
6593,4648
6594,13
6594,15
6594,494
6594,654
6594,1297
6595,97
6595,321
6595,1519
6595,1812
6595,4649
6596,0
6596,346
6596,652
6596,654
6596,1463
6597,1043
6597,1154
6597,2237
6597,2284
6597,3010
6598,23
6598,27
6598,92
6598,102
6598,699
6599,1
6599,69
6599,86
6599,972
6599,4650
6600,233
6600,234
6600,235
6600,1043
6600,1188
6601,13
6601,142
6601,1096
6601,1184
6601,4651
6602,23
6602,69
6602,964
6602,984
6602,3055
6603,139
6603,442
6603,799
6603,1086
6603,1173
6604,69
6604,77
6604,136
6604,239
6604,3492
6605,13
6605,121
6605,219
6605,1096
6605,3523
6606,254
6606,416
6606,920
6606,1194
6606,2211
6607,71
6607,155
6607,723
6607,761
6607,1096
6608,86
6608,554
6608,563
6608,2445
6608,3445
6609,48
6609,265
6609,337
6609,1114
6609,4652
6610,10
6610,55
6610,70
6610,386
6610,388
6611,13
6611,23
6611,2215
6611,4653
6611,4654
6612,313
6612,364
6612,412
6612,865
6612,1955
6613,86
6613,326
6613,401
6613,635
6613,770
6614,69
6614,159
6614,238
6614,550
6614,1445
6615,177
6615,266
6615,401
6615,526
6615,1001
6616,224
6616,225
6616,1043
6616,2653
6616,4655
6617,1
6617,13
6617,71
6617,1096
6617,2728
6618,55
6618,70
6618,71
6618,516
6618,1975
6619,265
6619,337
6619,437
6619,980
6619,2182
6620,1
6620,13
6620,295
6620,1096
6620,1608
6621,61
6621,233
6621,1022
6621,1463
6621,1852
6622,139
6622,559
6622,1086
6622,1174
6622,1231
6623,14
6623,69
6623,142
6623,971
6623,1096
6624,1
6624,3
6624,13
6624,83
6624,2249
6625,233
6625,280
6625,523
6625,1345
6625,1359
6626,3
6626,13
6626,71
6626,916
6626,1076
6627,544
6627,654
6627,1582
6627,3805
6627,4656
6628,12
6628,13
6628,23
6628,1043
6628,1463
6629,198
6629,331
6629,1246
6629,1812
6629,3654
6630,297
6630,494
6630,834
6630,1314
6630,1713
6631,507
6631,1363
6631,1364
6631,2466
6631,4657
6632,520
6632,1096
6632,1364
6632,2028
6632,2213
6633,337
6633,436
6633,437
6633,516
6633,1426
6634,97
6634,295
6634,301
6634,1043
6634,4296
6635,181
6635,265
6635,437
6635,1368
6635,2473
6636,73
6636,121
6636,457
6636,1096
6636,1321
6637,139
6637,337
6637,565
6637,848
6637,864
6638,1
6638,63
6638,511
6638,654
6638,1233
6639,105
6639,287
6639,380
6639,1809
6639,1810
6640,1
6640,3
6640,13
6640,283
6640,964
6641,10
6641,54
6641,212
6641,549
6641,4134
6642,23
6642,24
6642,26
6642,27
6642,92
6643,12
6643,142
6643,873
6643,1185
6643,1945
6644,2198
6644,3920
6644,4658
6644,4659
6644,4660
6645,23
6645,26
6645,27
6645,41
6645,180
6646,51
6646,77
6646,295
6646,2115
6646,3090
6647,360
6647,738
6647,2910
6647,2965
6647,4661
6648,1
6648,13
6648,86
6648,2382
6648,2586
6649,253
6649,254
6649,755
6649,920
6649,1749
6650,3
6650,52
6650,174
6650,191
6650,2524
6651,437
6651,666
6651,671
6651,1852
6651,4544
6652,13
6652,97
6652,393
6652,1043
6652,2445
6653,13
6653,77
6653,124
6653,931
6653,4297
6654,3
6654,13
6654,295
6654,1316
6654,1463
6655,48
6655,327
6655,4131
6655,4132
6655,4662
6656,13
6656,31
6656,1115
6656,1463
6656,3352
6657,20
6657,54
6657,635
6657,1001
6657,4663
6658,12
6658,13
6658,23
6658,83
6658,376
6659,49
6659,360
6659,465
6659,789
6659,1096
6660,264
6660,445
6660,1096
6660,4367
6660,4664
6661,0
6661,86
6661,136
6661,941
6661,1176
6662,13
6662,14
6662,135
6662,707
6662,1321
6663,433
6663,718
6663,1728
6663,3372
6663,4665
6664,1
6664,13
6664,97
6664,142
6664,4297
6665,58
6665,342
6665,457
6665,1096
6665,4666
6666,23
6666,27
6666,102
6666,179
6666,255
6667,86
6667,159
6667,1197
6667,1463
6667,1706
6668,1039
6668,2200
6668,2689
6668,2813
6668,3677
6669,10
6669,42
6669,54
6669,83
6669,3402
6670,23
6670,342
6670,1345
6670,3577
6670,4667
6671,42
6671,82
6671,134
6671,879
6671,1096
6672,0
6672,99
6672,620
6672,621
6672,2035
6673,69
6673,136
6673,544
6673,2592
6673,4668
6674,10
6674,12
6674,591
6674,3523
6674,4669
6675,69
6675,1029
6675,1096
6675,4047
6675,4670
6676,14
6676,50
6676,135
6676,174
6676,1586
6677,160
6677,212
6677,693
6677,3435
6677,4671
6678,212
6678,264
6678,303
6678,511
6678,4672
6679,550
6679,911
6679,1701
6679,1831
6679,4673
6680,32
6680,177
6680,266
6680,1273
6680,4674
6681,449
6681,565
6681,866
6681,2058
6681,4675
6682,44
6682,55
6682,437
6682,970
6682,1463
6683,3
6683,295
6683,321
6683,861
6683,2017
6684,1
6684,44
6684,145
6684,1949
6684,4676
6685,1
6685,126
6685,128
6685,565
6685,1063
6686,23
6686,27
6686,102
6686,699
6686,1071
6687,54
6687,337
6687,436
6687,516
6687,1494
6688,23
6688,27
6688,92
6688,255
6688,4677
6689,265
6689,317
6689,337
6689,655
6689,756
6690,3
6690,136
6690,1630
6690,1706
6690,4678
6691,46
6691,135
6691,922
6691,964
6691,2042
6692,2043
6692,4679
6692,4680
6692,4681
6692,4682
6693,212
6693,245
6693,1076
6693,1077
6693,3666
6694,51
6694,212
6694,693
6694,1076
6694,1237
6695,1
6695,10
6695,13
6695,109
6695,870
6696,69
6696,191
6696,523
6696,866
6696,1178
6697,27
6697,1043
6697,1476
6697,3080
6697,3488
6698,122
6698,288
6698,654
6698,834
6698,3202
6699,145
6699,926
6699,1228
6699,1708
6699,4683
6700,3
6700,69
6700,136
6700,1391
6700,2083
6701,70
6701,258
6701,404
6701,865
6701,1801
6702,504
6702,907
6702,1096
6702,3393
6702,4659
6703,209
6703,831
6703,1172
6703,1452
6703,1635
6704,13
6704,51
6704,223
6704,343
6704,1822
6705,160
6705,219
6705,246
6705,424
6705,1096
6706,13
6706,133
6706,135
6706,233
6706,964
6707,142
6707,161
6707,437
6707,795
6707,4684
6708,12
6708,13
6708,77
6708,132
6708,437
6709,14
6709,550
6709,861
6709,3047
6709,4685
6710,1
6710,69
6710,136
6710,511
6710,523
6711,212
6711,666
6711,768
6711,4623
6711,4686
6712,3
6712,1430
6712,2285
6712,2416
6712,3114
6713,1
6713,51
6713,598
6713,1096
6713,3055
6714,23
6714,27
6714,94
6714,699
6714,2298
6715,31
6715,429
6715,755
6715,920
6715,4687
6716,314
6716,2418
6716,2715
6716,4623
6716,4688
6717,273
6717,507
6717,654
6717,792
6717,1096
6718,32
6718,145
6718,159
6718,388
6718,635
6719,86
6719,160
6719,232
6719,311
6719,689
6720,51
6720,52
6720,219
6720,321
6720,1096
6721,1
6721,10
6721,287
6721,1340
6721,3308
6722,3
6722,142
6722,2014
6722,3204
6722,3751
6723,23
6723,142
6723,350
6723,648
6723,3673
6724,10
6724,212
6724,245
6724,1043
6724,2931
6725,23
6725,121
6725,283
6725,291
6725,342
6726,67
6726,139
6726,208
6726,808
6726,1086
6727,1
6727,23
6727,82
6727,104
6727,1014
6728,69
6728,989
6728,3772
6728,4689
6728,4690
6729,58
6729,71
6729,948
6729,949
6729,1096
6730,135
6730,233
6730,237
6730,800
6730,4253
6731,13
6731,14
6731,133
6731,191
6731,4302
6732,1
6732,14
6732,133
6732,135
6732,712
6733,10
6733,122
6733,287
6733,299
6733,768
6734,519
6734,582
6734,881
6734,1006
6734,4691
6735,191
6735,279
6735,321
6735,2094
6735,4692
6736,3
6736,13
6736,107
6736,4693
6736,4694
6737,52
6737,86
6737,689
6737,733
6737,743
6738,13
6738,14
6738,61
6738,246
6738,338
6739,17
6739,212
6739,288
6739,348
6739,407
6740,133
6740,228
6740,786
6740,2924
6740,4148
6741,5
6741,86
6741,1586
6741,1593
6741,2281
6742,3
6742,13
6742,317
6742,376
6742,433
6743,14
6743,51
6743,142
6743,561
6743,820
6744,3
6744,13
6744,56
6744,132
6744,227
6745,50
6745,51
6745,233
6745,368
6745,412
6746,3
6746,133
6746,191
6746,1259
6746,2041
6747,73
6747,300
6747,542
6747,1429
6747,1643
6748,69
6748,2608
6748,4695
6748,4696
6748,4697
6749,69
6749,169
6749,540
6749,1304
6749,3532
6750,101
6750,191
6750,1845
6750,3375
6750,3492
6751,1
6751,3
6751,14
6751,191
6751,682
6752,1
6752,3
6752,97
6752,1646
6752,4698
6753,1
6753,13
6753,337
6753,433
6753,916
6754,1
6754,3
6754,106
6754,1045
6754,2014
6755,86
6755,237
6755,516
6755,4699
6755,4700
6756,381
6756,382
6756,744
6756,754
6756,1545
6757,5
6757,132
6757,133
6757,174
6757,538
6758,1
6758,3
6758,532
6758,882
6758,4701
6759,303
6759,346
6759,1187
6759,3751
6759,3826
6760,46
6760,48
6760,133
6760,237
6760,324
6761,3
6761,231
6761,286
6761,433
6761,4702
6762,136
6762,1761
6762,2294
6762,2365
6762,4703
6763,13
6763,86
6763,133
6763,689
6763,1438
6764,1
6764,3
6764,133
6764,191
6764,682
6765,303
6765,1342
6765,2982
6765,3198
6765,4704
6766,59
6766,297
6766,299
6766,859
6766,4705
6767,14
6767,135
6767,233
6767,399
6767,931
6768,3
6768,10
6768,13
6768,133
6768,555
6769,3
6769,13
6769,337
6769,433
6769,770
6770,1
6770,3
6770,191
6770,3375
6771,1873
6771,2580
6771,3401
6771,3532
6771,4706
6772,3
6772,5
6772,133
6772,191
6772,4707
6773,1
6773,3
6773,577
6773,1737
6773,3834
6774,1
6774,13
6774,31
6774,219
6774,414
6775,1
6775,133
6775,303
6775,822
6775,3222
6776,10
6776,23
6776,179
6776,2153
6776,4708
6777,51
6777,84
6777,130
6777,853
6777,964
6778,86
6778,96
6778,133
6778,744
6778,754
6779,1338
6779,1586
6779,2233
6779,2720
6779,4083
6780,324
6780,360
6780,1708
6780,2421
6780,2582
6781,96
6781,159
6781,465
6781,591
6781,2188
6782,83
6782,343
6782,424
6782,425
6782,637
6783,84
6783,130
6783,132
6783,159
6783,315
6784,51
6784,381
6784,382
6784,742
6784,744
6785,238
6785,239
6785,295
6785,1587
6785,2337
6786,5
6786,86
6786,133
6786,519
6786,1694
6787,1
6787,3
6787,86
6787,133
6787,191
6788,77
6788,133
6788,142
6788,295
6788,673
6789,381
6789,382
6789,742
6789,744
6789,754
6790,51
6790,69
6790,191
6790,295
6790,1108
6791,1402
6791,2688
6791,4709
6791,4710
6791,4711
6792,9
6792,12
6792,13
6792,104
6792,389
6793,3
6793,133
6793,191
6793,3184
6793,4712
6794,510
6794,609
6794,911
6794,1701
6794,3820
6795,69
6795,239
6795,523
6795,1178
6795,1523
6796,96
6796,128
6796,324
6796,325
6796,326
6797,51
6797,133
6797,239
6797,321
6797,550
6798,265
6798,337
6798,436
6798,1115
6798,1273
6799,233
6799,1463
6799,1735
6799,1839
6799,4713
6800,326
6800,561
6800,723
6800,1096
6800,3856
6801,1
6801,83
6801,346
6801,1209
6801,2385
6802,69
6802,70
6802,71
6802,77
6802,109
6803,1
6803,3
6803,13
6803,1345
6803,2963
6804,9
6804,10
6804,12
6804,13
6804,44
6805,61
6805,69
6805,239
6805,970
6805,4714
6806,364
6806,516
6806,671
6806,723
6806,2942
6807,1
6807,13
6807,290
6807,1177
6807,1411
6808,33
6808,115
6808,2738
6808,4715
6808,4716
6809,0
6809,58
6809,620
6809,2744
6809,2806
6810,13
6810,34
6810,86
6810,1595
6810,4717
6811,3
6811,2468
6811,2834
6811,4125
6811,4718
6812,33
6812,295
6812,1108
6812,1209
6812,2719
6813,261
6813,265
6813,337
6813,433
6813,1164
6814,3
6814,14
6814,133
6814,191
6814,4719
6815,109
6815,321
6815,842
6815,1445
6815,4720
6816,23
6816,179
6816,420
6816,758
6816,871
6817,299
6817,1230
6817,1963
6817,2640
6817,2823
6818,86
6818,299
6818,1283
6818,4721
6818,4722
6819,193
6819,361
6819,422
6819,1044
6819,1944
6820,32
6820,233
6820,603
6820,742
6820,3865
6821,1
6821,108
6821,109
6821,300
6821,1463
6822,573
6822,947
6822,1912
6822,3063
6822,4723
6823,1
6823,13
6823,23
6823,947
6823,2254
6824,3
6824,198
6824,1234
6825,635
6825,1724
6825,4191
6825,4673
6825,4724
6826,0
6826,356
6826,1096
6826,2074
6826,2766
6827,253
6827,254
6827,416
6827,920
6827,1013
6828,89
6828,273
6828,1096
6828,2697
6828,3941
6829,1
6829,3
6829,14
6829,191
6830,23
6830,121
6830,758
6830,1393
6830,1697
6831,14
6831,135
6831,233
6831,1945
6831,2586
6832,1
6832,133
6832,295
6832,853
6832,1520
6833,69
6833,136
6833,1505
6833,1512
6833,4725
6834,32
6834,55
6834,793
6834,870
6834,1022
6835,9
6835,12
6835,13
6835,71
6835,1709
6836,109
6836,545
6836,547
6836,842
6836,4726
6837,71
6837,326
6837,327
6837,770
6837,1494
6838,9
6838,132
6838,1111
6838,3194
6838,3223
6839,1
6839,13
6839,23
6839,32
6839,3088
6840,136
6840,1146
6840,1759
6840,2623
6840,3033
6841,330
6841,773
6841,1036
6841,3012
6841,4727
6842,136
6842,191
6842,516
6842,4364
6842,4365
6843,551
6843,1653
6843,2805
6843,2987
6843,4401
6844,1
6844,3
6844,13
6844,136
6844,321
6845,15
6845,70
6845,3380
6845,3921
6845,4728
6846,77
6846,191
6846,2821
6846,4729
6846,4730
6847,73
6847,303
6847,393
6847,654
6847,1402
6848,4731
6848,4732
6848,4733
6848,4734
6848,4735
6849,73
6849,911
6849,912
6849,2133
6849,4736
6850,59
6850,295
6850,842
6850,883
6850,2821
6851,96
6851,847
6851,2007
6851,4132
6851,4133
6852,1
6852,3
6852,13
6852,1616
6852,1822
6853,23
6853,25
6853,94
6853,565
6853,688
6854,23
6854,77
6854,191
6854,279
6854,3236
6855,324
6855,325
6855,831
6855,1404
6855,2473
6856,3
6856,191
6856,2196
6857,23
6857,313
6857,436
6857,723
6857,4737
6858,59
6858,109
6858,842
6858,2199
6858,3447
6859,71
6859,509
6859,1755
6859,1838
6859,2577
6860,1
6860,13
6860,297
6860,4738
6860,4739
6861,23
6861,160
6861,290
6861,4740
6861,4741
6862,9
6862,12
6862,31
6862,701
6862,1001
6863,10
6863,13
6863,601
6863,1353
6863,1811
6864,14
6864,136
6864,286
6864,4742
6864,4743
6865,59
6865,109
6865,842
6865,870
6865,4744
6866,8
6866,52
6866,69
6866,86
6866,191
6867,1
6867,3
6867,297
6867,964
6867,1246
6868,1
6868,3
6868,23
6868,295
6868,446
6869,130
6869,133
6869,884
6869,964
6869,1321
6870,77
6870,109
6870,136
6870,264
6870,3394
6871,299
6871,618
6871,1001
6871,1096
6871,1494
6872,39
6872,59
6872,73
6872,1482
6872,4745
6873,3
6873,44
6873,416
6873,970
6873,4746
6874,44
6874,71
6874,509
6874,790
6874,4747
6875,1
6875,71
6875,133
6875,1068
6875,1862
6876,71
6876,109
6876,832
6876,1760
6876,2182
6877,309
6877,313
6877,418
6877,1531
6877,2513
6878,69
6878,321
6878,406
6878,1813
6878,4748
6879,86
6879,136
6879,191
6879,279
6879,1589
6880,23
6880,32
6880,560
6880,654
6880,1712
6881,723
6881,2192
6881,3344
6881,4749
6881,4750
6882,109
6882,136
6882,964
6882,1338
6882,2182
6883,46
6883,69
6883,191
6883,964
6883,2042
6884,14
6884,133
6884,135
6884,861
6884,1096
6885,136
6885,191
6885,279
6885,869
6885,4751
6886,1
6886,23
6886,109
6886,842
6886,3344
6887,32
6887,54
6887,145
6887,654
6887,1969
6888,136
6888,4752
6888,4753
6888,4754
6888,4755
6889,1
6889,3
6889,457
6889,4756
6890,233
6890,293
6890,330
6890,711
6890,1969
6891,23
6891,26
6891,27
6891,41
6891,102
6892,48
6892,71
6892,109
6892,133
6892,4757
6893,5
6893,412
6893,690
6893,873
6893,1560
6894,13
6894,364
6894,420
6894,1096
6894,1955
6895,70
6895,689
6895,980
6895,2182
6895,4758
6896,3
6896,13
6896,44
6896,107
6896,290
6897,1
6897,13
6897,86
6897,689
6897,848
6898,12
6898,77
6898,132
6898,726
6898,989
6899,23
6899,123
6899,126
6899,602
6899,1157
6900,13
6900,17
6900,160
6900,407
6900,980
6901,364
6901,2676
6901,4309
6901,4759
6901,4760
6902,1
6902,61
6902,422
6902,447
6902,800
6903,12
6903,77
6903,898
6903,964
6903,2060
6904,3
6904,13
6904,69
6904,136
6904,935
6905,77
6905,454
6905,889
6905,2432
6905,4761
6906,396
6906,508
6906,769
6906,1603
6906,4762
6907,23
6907,262
6907,554
6907,1510
6907,2105
6908,71
6908,635
6908,1463
6908,1596
6908,2182
6909,13
6909,15
6909,72
6909,295
6909,3550
6910,3
6910,13
6910,14
6910,2624
6910,4763
6911,96
6911,771
6911,1101
6911,4764
6911,4765
6912,1
6912,13
6912,17
6912,110
6912,160
6913,1
6913,14
6913,160
6913,465
6913,4766
6914,52
6914,174
6914,271
6914,364
6914,1096
6915,1
6915,324
6915,325
6915,329
6915,1404
6916,1
6916,69
6916,277
6916,293
6916,591
6917,64
6917,394
6917,2450
6917,3472
6917,4767
6918,337
6918,433
6918,1115
6918,1273
6918,4674
6919,9
6919,264
6919,287
6919,818
6919,916
6920,12
6920,71
6920,174
6920,266
6920,622
6921,1
6921,13
6921,71
6921,916
6921,3103
6922,136
6922,378
6922,707
6922,1146
6922,1505
6923,5
6923,51
6923,77
6923,744
6923,1659
6924,78
6924,538
6924,621
6924,689
6924,1446
6925,1
6925,237
6925,303
6925,1463
6925,2385
6926,8
6926,136
6926,567
6926,842
6926,2579
6927,14
6927,86
6927,135
6927,311
6927,865
6928,1371
6928,1739
6928,1963
6928,1987
6928,4768
6929,69
6929,136
6929,1304
6929,1505
6929,4399
6930,142
6930,193
6930,1096
6930,2632
6930,2867
6931,23
6931,179
6931,399
6931,1463
6931,3308
6932,14
6932,507
6932,520
6932,1439
6932,1687
6933,44
6933,46
6933,132
6933,964
6933,2424
6934,911
6934,2080
6934,3544
6934,4769
6934,4770
6935,600
6935,601
6935,1063
6935,4771
6935,4772
6936,23
6936,27
6936,179
6936,399
6936,1197
6937,32
6937,494
6937,612
6937,654
6937,1714
6938,227
6938,326
6938,689
6938,1001
6938,1096
6939,105
6939,707
6939,1494
6939,1595
6939,4701
6940,321
6940,770
6940,1074
6940,1862
6940,4773
6941,1
6941,3
6941,911
6941,1063
6941,2109
6942,54
6942,303
6942,315
6942,1960
6942,1969
6943,295
6943,750
6943,994
6943,1341
6943,4095
6944,1
6944,3
6944,13
6944,42
6944,317
6945,13
6945,14
6945,135
6945,391
6945,865
6946,86
6946,1831
6946,2280
6946,4101
6946,4774
6947,23
6947,536
6947,585
6947,1463
6947,2903
6948,67
6948,1086
6948,1216
6948,1468
6948,2653
6949,23
6949,200
6949,233
6949,916
6949,4775
6950,105
6950,303
6950,1595
6950,2683
6950,4776
6951,17
6951,407
6951,511
6951,830
6951,4777
6952,1
6952,406
6952,842
6952,3810
6952,4719
6953,1
6953,3
6953,13
6953,654
6953,4778
6954,23
6954,26
6954,27
6954,699
6954,1033
6955,31
6955,82
6955,219
6955,290
6955,1096
6956,1770
6956,1777
6956,4779
6956,4780
6956,4781
6957,1
6957,77
6957,133
6957,266
6957,1887
6958,12
6958,126
6958,287
6958,931
6958,1044
6959,71
6959,126
6959,784
6959,980
6959,2182
6960,381
6960,742
6960,744
6960,1096
6960,2080
6961,52
6961,136
6961,188
6961,295
6961,550
6962,54
6962,83
6962,1737
6962,2085
6962,2620
6963,1
6963,15
6963,109
6963,422
6963,4782
6964,46
6964,78
6964,621
6964,723
6964,1252
6965,9
6965,12
6965,13
6965,1477
6965,4783
6966,303
6966,449
6966,1094
6966,1108
6966,1552
6967,1
6967,13
6967,295
6967,2087
6967,2545
6968,133
6968,541
6968,1067
6968,1417
6968,4784
6969,14
6969,23
6969,286
6969,2392
6969,3737
6970,32
6970,346
6970,501
6970,883
6970,3683
6971,10
6971,77
6971,212
6971,408
6971,684
6972,13
6972,57
6972,364
6972,865
6972,1096
6973,77
6973,295
6973,1283
6973,2072
6973,3090
6974,71
6974,303
6974,462
6974,1001
6974,1096
6975,434
6975,450
6975,464
6975,718
6975,1477
6976,3
6976,170
6977,511
6977,654
6977,792
6977,1351
6977,1949
6978,142
6978,389
6978,1103
6978,1658
6978,2156
6979,14
6979,170
6979,608
6979,801
6979,4785
6980,1
6980,13
6980,64
6980,346
6980,3008
6981,3
6981,13
6981,51
6981,77
6981,295
6982,14
6982,124
6982,135
6982,871
6982,3673
6983,9
6983,71
6983,219
6983,261
6983,1096
6984,73
6984,136
6984,622
6984,1829
6984,4786
6985,73
6985,1096
6985,2293
6985,2560
6985,4787
6986,321
6986,686
6986,964
6986,979
6986,2449
6987,62
6987,105
6987,464
6987,1290
6987,3933
6988,1298
6988,1301
6988,3205
6988,4788
6989,1
6989,179
6989,233
6989,303
6989,1463
6990,48
6990,54
6990,71
6990,2512
6990,3447
6991,136
6991,160
6991,511
6991,1723
6991,2432
6992,3
6992,69
6992,191
6992,1284
6992,2728
6993,159
6993,880
6993,4789
6993,4790
6993,4791
6994,1
6994,3
6994,13
6994,107
6994,4792
6995,459
6995,3319
6995,4793
6995,4794
6995,4795
6996,13
6996,126
6996,516
6996,1426
6996,2253
6997,490
6997,491
6997,1086
6997,1432
6997,2147
6998,57
6998,433
6998,1248
6998,1806
6998,2432
6999,533
6999,538
6999,687
6999,1246
6999,1962
7000,105
7000,1096
7000,1282
7000,2901
7000,4383
7001,32
7001,223
7001,291
7001,1096
7001,1224
7002,126
7002,602
7002,980
7002,2182
7002,4796
7003,33
7003,51
7003,94
7003,1301
7003,4797
7004,1
7004,44
7004,142
7004,451
7004,619
7005,3
7005,13
7005,61
7005,2188
7005,4798
7006,12
7006,142
7006,317
7006,489
7006,865
7007,50
7007,51
7007,136
7007,364
7007,1155
7008,13
7008,14
7008,86
7008,164
7008,950
7009,337
7009,1045
7009,2759
7009,4799
7009,4800
7010,360
7010,588
7010,1595
7010,3217
7010,4801
7011,67
7011,109
7011,442
7011,1468
7011,4157
7012,0
7012,51
7012,84
7012,86
7012,689
7013,32
7013,145
7013,447
7013,723
7013,984
7014,9
7014,12
7014,635
7014,714
7014,4212
7015,14
7015,135
7015,191
7015,286
7015,1019
7016,265
7016,655
7016,783
7016,784
7016,1273
7017,13
7017,69
7017,136
7017,964
7017,1001
7018,23
7018,321
7018,561
7018,3159
7018,4802
7019,32
7019,139
7019,181
7019,1211
7019,4803
7020,69
7020,161
7020,266
7020,401
7020,4804
7021,23
7021,24
7021,27
7021,67
7021,93
7022,10
7022,12
7022,71
7022,383
7022,1553
7023,83
7023,277
7023,1096
7023,1257
7023,3299
7024,321
7024,455
7024,1595
7024,3104
7024,4805
7025,51
7025,120
7025,142
7025,271
7025,296
7026,13
7026,238
7026,364
7026,758
7026,2436
7027,9
7027,54
7027,222
7027,786
7027,1513
7028,12
7028,303
7028,433
7028,1810
7028,4806
7029,132
7029,174
7029,480
7029,570
7029,2225
7030,71
7030,309
7030,313
7030,346
7030,980
7031,3
7031,620
7031,1096
7031,1855
7031,4807
7032,0
7032,162
7032,1980
7032,1981
7032,4556
7033,1
7033,3
7033,13
7033,61
7033,555
7034,9
7034,13
7034,71
7034,723
7034,2983
7035,288
7035,654
7035,873
7035,1463
7035,2085
7036,13
7036,54
7036,404
7036,865
7036,2699
7037,12
7037,326
7037,327
7037,635
7037,1258
7038,71
7038,433
7038,770
7038,1096
7038,1494
7039,14
7039,135
7039,853
7039,1155
7039,2365
7040,42
7040,64
7040,73
7040,1188
7040,2997
7041,1463
7041,2203
7041,2996
7041,4623
7041,4808
7042,86
7042,237
7042,635
7042,1096
7042,4809
7043,9
7043,1254
7043,1345
7043,1463
7043,3592
7044,3
7044,2606
7044,3203
7044,4810
7044,4811
7045,3
7045,13
7045,326
7045,770
7045,1494
7046,4286
7046,4812
7046,4813
7046,4814
7046,4815
7047,135
7047,160
7047,1366
7047,1687
7047,1862
7048,23
7048,86
7048,2280
7048,2377
7048,4816
7049,109
7049,842
7049,1969
7049,3381
7049,4817
7050,71
7050,77
7050,4818
7050,4819
7050,4820
7051,501
7051,1014
7051,1463
7051,4821
7051,4822
7052,970
7052,1189
7052,1235
7052,3105
7052,3642
7053,1
7053,3
7053,295
7053,331
7053,4823
7054,15
7054,105
7054,673
7054,2520
7054,4824
7055,1
7055,9
7055,312
7055,502
7055,768
7056,273
7056,1363
7056,1364
7056,1687
7056,2817
7057,718
7057,1040
7057,2096
7057,2354
7057,3012
7058,2335
7058,3081
7058,4825
7058,4826
7058,4827
7059,1
7059,3
7059,13
7059,3348
7059,4828
7060,206
7060,485
7060,491
7060,1086
7060,1087
7061,78
7061,86
7061,621
7061,689
7061,1768
7062,1
7062,665
7062,718
7062,1197
7062,3194
7063,1
7063,3
7063,136
7063,191
7064,346
7064,542
7064,1982
7064,2715
7064,4829
7065,83
7065,233
7065,461
7065,800
7065,1167
7066,2302
7066,2667
7066,2952
7066,2953
7066,3629
7067,1481
7067,3831
7067,3869
7067,3870
7067,4830
7068,542
7068,754
7068,883
7068,1429
7068,1506
7069,77
7069,136
7069,466
7069,1723
7069,2182
7070,97
7070,288
7070,990
7070,1790
7070,2111
7071,10
7071,13
7071,252
7071,1076
7071,2454
7072,136
7072,561
7072,1873
7072,3351
7072,4831
7073,3
7073,133
7073,2624
7073,2766
7073,4832
7074,294
7074,344
7074,583
7074,1281
7074,3483
7075,69
7075,295
7075,303
7075,1283
7075,3090
7076,3
7076,136
7076,279
7076,853
7076,2767
7077,12
7077,33
7077,105
7077,433
7077,1477
7078,86
7078,142
7078,311
7078,955
7078,2107
7079,23
7079,26
7079,27
7079,41
7079,102
7080,1
7080,13
7080,177
7080,190
7080,337
7081,160
7081,338
7081,1272
7081,1345
7081,3666
7082,1
7082,3
7082,150
7082,348
7082,4833
7083,237
7083,519
7083,947
7083,1149
7083,4834
7084,42
7084,1150
7084,1963
7084,2367
7084,2436
7085,3
7085,69
7085,86
7085,191
7085,1716
7086,69
7086,87
7086,689
7086,2495
7086,3772
7087,12
7087,82
7087,104
7087,489
7087,1537
7088,69
7088,227
7088,299
7088,738
7088,4514
7089,1
7089,10
7089,13
7089,64
7089,262
7090,507
7090,1364
7090,1687
7090,1731
7090,2466
7091,314
7091,527
7091,564
7091,1794
7091,4835
7092,20
7092,83
7092,446
7092,775
7092,927
7093,9
7093,54
7093,291
7093,966
7093,1012
7094,406
7094,1282
7094,1969
7094,4836
7094,4837
7095,31
7095,1076
7095,1330
7095,2841
7095,4636
7096,31
7096,458
7096,632
7096,1766
7096,2773
7097,1456
7097,1868
7097,1869
7097,4268
7097,4838
7098,0
7098,1
7098,10
7098,619
7098,1313
7099,3
7099,380
7099,2232
7099,2602
7099,4839
7100,10
7100,13
7100,713
7100,1297
7100,4840
7101,3
7101,126
7101,191
7101,980
7101,3685
7102,1
7102,96
7102,380
7102,2026
7102,4841
7103,14
7103,126
7103,135
7103,516
7103,865
7104,0
7104,12
7104,13
7104,86
7104,768
7105,1
7105,3
7105,13
7105,233
7105,1923
7106,180
7106,312
7106,862
7106,1190
7106,4842
7107,3
7107,13
7107,69
7107,2518
7107,2636
7108,109
7108,304
7108,711
7108,883
7108,1671
7109,439
7109,1838
7109,2246
7109,2247
7109,4843
7110,0
7110,15
7110,964
7110,2193
7110,3960
7111,130
7111,295
7111,612
7111,1301
7111,4844
7112,13
7112,29
7112,503
7112,1422
7112,4845
7113,23
7113,102
7113,179
7113,871
7113,1071
7114,23
7114,297
7114,303
7114,346
7114,3234
7115,1
7115,13
7115,96
7115,107
7115,437
7116,188
7116,190
7116,538
7116,2131
7116,2156
7117,1
7117,54
7117,77
7117,133
7117,447
7118,310
7118,312
7118,378
7118,596
7118,3967
7119,23
7119,245
7119,511
7119,1177
7119,1283
7120,3
7120,136
7120,279
7120,3266
7120,4846
7121,86
7121,538
7121,542
7121,743
7121,1808
7122,1
7122,32
7122,55
7122,303
7122,1822
7123,9
7123,1359
7123,2721
7123,4321
7123,4646
7124,3
7124,133
7124,191
7124,3789
7125,274
7125,303
7125,1094
7125,3294
7125,4847
7126,3
7126,133
7126,191
7126,612
7127,14
7127,133
7127,758
7127,937
7127,3776
7128,1
7128,13
7128,42
7128,4848
7128,4849
7129,23
7129,321
7129,406
7129,2489
7129,4850
7130,381
7130,382
7130,742
7130,744
7130,754
7131,233
7131,326
7131,770
7131,1290
7131,3933
7132,43
7132,288
7132,3652
7132,4421
7132,4551
7133,9
7133,54
7133,160
7133,212
7133,246
7134,191
7134,279
7134,644
7134,1074
7134,4851
7135,49
7135,538
7135,1339
7135,1542
7135,4151
7136,1
7136,64
7136,297
7136,2133
7136,4852
7137,23
7137,237
7137,733
7137,1016
7137,4853
7138,115
7138,457
7138,3572
7138,4854
7138,4855
7139,10
7139,179
7139,460
7139,1258
7139,1912
7140,88
7140,136
7140,191
7140,279
7140,682
7141,14
7141,86
7141,689
7141,1438
7141,2443
7142,67
7142,331
7142,801
7142,1194
7142,1802
7143,57
7143,324
7143,325
7143,554
7143,1195
7144,10
7144,145
7144,287
7144,299
7144,413
7145,1
7145,3
7145,133
7145,191
7145,1488
7146,14
7146,86
7146,135
7146,311
7146,689
7147,13
7147,161
7147,364
7147,2006
7147,4856
7148,12
7148,142
7148,326
7148,327
7148,1603
7149,17
7149,135
7149,160
7149,246
7149,693
7150,46
7150,1246
7150,1599
7150,2131
7150,4335
7151,69
7151,161
7151,169
7151,239
7151,1621
7152,1
7152,13
7152,506
7152,524
7152,1790
7153,43
7153,389
7153,1096
7153,1176
7153,2156
7154,23
7154,412
7154,932
7154,1238
7154,3523
7155,1
7155,13
7155,44
7155,338
7155,1292
7156,3
7156,12
7156,13
7156,97
7156,1035
7157,13
7157,69
7157,107
7157,364
7157,516
7158,126
7158,527
7158,530
7158,980
7158,1064
7159,23
7159,48
7159,86
7159,228
7159,460
7160,54
7160,121
7160,342
7160,834
7160,4857
7161,299
7161,723
7161,758
7161,3218
7161,4858
7162,3
7162,44
7162,107
7162,202
7162,739
7163,324
7163,360
7163,1178
7163,4171
7163,4859
7164,206
7164,209
7164,799
7164,997
7164,3171
7165,16
7165,192
7165,291
7165,907
7165,1912
7166,1
7166,13
7166,105
7166,109
7166,842
7167,17
7167,160
7167,692
7167,4860
7167,4861
7168,3
7168,191
7168,2704
7168,4862
7168,4863
7169,13
7169,684
7169,887
7169,889
7169,1301
7170,1
7170,3
7170,13
7170,105
7170,287
7171,1
7171,13
7171,507
7171,980
7171,981
7172,3
7172,232
7172,559
7172,1023
7172,4864
7173,14
7173,90
7173,142
7173,191
7173,2363
7174,50
7174,51
7174,300
7174,1592
7174,4865
7175,13
7175,23
7175,107
7175,516
7175,923
7176,128
7176,232
7176,800
7176,1234
7176,4866
7177,13
7177,1063
7177,1791
7177,2017
7177,3279
7178,254
7178,865
7178,922
7178,1952
7178,4132
7179,3
7179,51
7179,295
7179,4867
7180,50
7180,51
7180,388
7180,1235
7180,4065
7181,23
7181,26
7181,27
7181,92
7181,179
7182,1
7182,142
7182,297
7182,723
7182,2607
7183,1
7183,3
7183,13
7183,641
7183,2598
7184,3
7184,13
7184,107
7184,420
7184,4868
7185,1
7185,64
7185,800
7185,1126
7185,1760
7186,314
7186,564
7186,1014
7186,3315
7186,4290
7187,459
7187,1368
7187,2454
7187,3014
7187,4869
7188,5
7188,315
7188,539
7188,1233
7188,4870
7189,1
7189,10
7189,13
7189,348
7189,1823
7190,13
7190,179
7190,437
7190,504
7190,2632
7191,14
7191,507
7191,2107
7191,2686
7191,4871
7192,1
7192,23
7192,145
7192,1063
7192,4872
7193,13
7193,145
7193,233
7193,1076
7193,2645
7194,244
7194,633
7194,641
7194,1753
7194,4873
7195,1
7195,837
7195,870
7195,1526
7195,2990
7196,161
7196,162
7196,192
7196,577
7196,2198
7197,437
7197,738
7197,1076
7197,1950
7197,4874
7198,50
7198,51
7198,598
7198,932
7198,1237
7199,13
7199,14
7199,133
7199,689
7199,971
7200,86
7200,142
7200,227
7200,583
7200,4132
7201,13
7201,23
7201,2014
7201,2520
7201,4875
7202,23
7202,262
7202,442
7202,554
7202,3305
7203,1
7203,73
7203,233
7203,297
7203,2105
7204,61
7204,303
7204,554
7204,1022
7204,1235
7205,1
7205,10
7205,13
7205,511
7205,516
7206,1
7206,3
7206,13
7206,864
7206,2115
7207,55
7207,288
7207,536
7207,637
7207,2188
7208,1
7208,23
7208,32
7208,44
7208,852
7209,13
7209,54
7209,525
7209,931
7209,1044
7210,800
7210,1690
7210,4620
7210,4621
7210,4876
7211,1
7211,13
7211,142
7211,303
7211,523
7212,13
7212,738
7212,1502
7212,2440
7212,4586
7213,1476
7213,1648
7213,2995
7213,3080
7213,3924
7214,3
7214,61
7214,233
7214,238
7214,1043
7215,299
7215,565
7215,1294
7215,2044
7215,3015
7216,39
7216,43
7216,738
7216,1546
7216,4877
7217,183
7217,224
7217,225
7217,1444
7217,4878
7218,23
7218,191
7218,233
7218,861
7218,1875
7219,1
7219,42
7219,233
7219,248
7219,393
7220,14
7220,69
7220,561
7220,1004
7220,2495
7221,338
7221,2743
7221,4879
7221,4880
7221,4881
7222,198
7222,233
7222,1368
7222,1866
7222,1969
7223,67
7223,183
7223,207
7223,208
7223,1468
7224,350
7224,770
7224,2623
7224,3834
7224,4659
7225,1
7225,1338
7225,1407
7225,1989
7225,4054
7226,1
7226,17
7226,256
7226,288
7226,494
7227,50
7227,51
7227,130
7227,1586
7227,2034
7228,378
7228,1402
7228,1582
7228,2717
7228,4862
7229,0
7229,193
7229,350
7229,931
7229,3813
7230,1
7230,3
7230,69
7230,4882
7230,4883
7231,1
7231,33
7231,338
7231,342
7231,2823
7232,1
7232,13
7232,364
7232,654
7232,3363
7233,1
7233,69
7233,4481
7233,4884
7233,4885
7234,13
7234,290
7234,437
7234,618
7234,795
7235,23
7235,433
7235,510
7235,4886
7235,4887
7236,23
7236,27
7236,102
7236,699
7236,1071
7237,23
7237,586
7237,700
7237,984
7237,4888
7238,13
7238,86
7238,237
7238,516
7238,4889
7239,12
7239,161
7239,258
7239,494
7239,2208
7240,23
7240,41
7240,51
7240,228
7240,1237
7241,23
7241,35
7241,180
7241,2055
7241,2938
7242,564
7242,980
7242,2182
7242,2505
7242,4890
7243,32
7243,53
7243,280
7243,921
7243,3981
7244,86
7244,693
7244,3929
7244,4891
7244,4892
7245,261
7245,1368
7245,2590
7245,3295
7245,4005
7246,20
7246,97
7246,219
7246,2230
7246,4893
7247,13
7247,233
7247,245
7247,666
7247,1822
7248,1
7248,13
7248,121
7248,1765
7248,4894
7249,507
7249,1364
7249,2466
7249,3872
7249,4895
7250,13
7250,380
7250,414
7250,1810
7250,4896
7251,54
7251,222
7251,666
7251,1368
7251,1912
7252,135
7252,1535
7252,1822
7252,2044
7252,3953
7253,142
7253,266
7253,317
7253,744
7253,2285
7254,135
7254,1874
7254,1875
7254,4897
7254,4898
7255,23
7255,27
7255,92
7255,102
7255,699
7256,253
7256,254
7256,416
7256,920
7256,1013
7257,67
7257,799
7257,1174
7257,1762
7257,4899
7258,271
7258,295
7258,1004
7258,2320
7258,4900
7259,1297
7259,3296
7259,4901
7259,4902
7259,4903
7260,573
7260,1076
7260,1077
7260,2162
7260,4904
7261,527
7261,528
7261,529
7261,1793
7261,1794
7262,323
7262,324
7262,325
7262,1178
7262,4064
7263,33
7263,272
7263,286
7263,342
7263,4905
7264,61
7264,64
7264,142
7264,233
7264,1546
7265,96
7265,1912
7265,2454
7265,3483
7265,3512
7266,3
7266,1345
7266,1957
7266,2603
7266,4906
7267,728
7267,931
7267,1329
7267,4907
7267,4908
7268,13
7268,23
7268,277
7268,344
7268,2074
7269,1
7269,13
7269,61
7269,86
7269,268
7270,265
7270,337
7270,655
7270,675
7270,1273
7271,523
7271,793
7271,1255
7271,3223
7271,3341
7272,1
7272,13
7272,44
7272,54
7272,83
7273,414
7273,755
7273,1368
7273,3074
7273,4379
7274,13
7274,14
7274,69
7274,86
7274,971
7275,3
7275,303
7275,348
7275,4909
7275,4910
7276,23
7276,24
7276,26
7276,27
7276,92
7277,51
7277,133
7277,142
7277,321
7277,1202
7278,3
7278,13
7278,69
7278,295
7278,4911
7279,133
7279,219
7279,718
7279,1520
7279,4912
7280,1
7280,3
7280,13
7280,288
7280,2456
7281,233
7281,348
7281,485
7281,2684
7281,4195
7282,142
7282,259
7282,538
7282,757
7282,4274
7283,3
7283,13
7283,23
7283,140
7283,258
7284,23
7284,61
7284,160
7284,693
7284,1368
7285,264
7285,577
7285,1002
7285,1737
7285,3269
7286,13
7286,23
7286,94
7286,299
7286,2964
7287,3
7287,13
7287,83
7287,97
7287,420
7288,3
7288,13
7288,361
7288,508
7288,4262
7289,1
7289,3
7289,23
7290,9
7290,10
7290,96
7290,800
7290,848
7291,69
7291,142
7291,612
7291,1097
7291,2489
7292,3
7292,13
7292,44
7292,792
7292,1351
7293,131
7293,408
7293,801
7293,1437
7293,1704
7294,23
7294,585
7294,1149
7294,1371
7294,3457
7295,13
7295,103
7295,550
7295,3960
7295,4913
7296,13
7296,52
7296,69
7296,317
7296,433
7297,13
7297,57
7297,77
7297,132
7297,1020
7298,17
7298,23
7298,27
7298,86
7298,399
7299,23
7299,27
7299,863
7299,1345
7299,3577
7300,13
7300,54
7300,654
7300,873
7300,1456
7301,86
7301,299
7301,393
7301,974
7301,2349
7302,3
7302,554
7302,649
7302,974
7302,1064
7303,44
7303,142
7303,401
7303,1002
7303,2751
7304,360
7304,758
7304,759
7304,1044
7304,2328
7305,3
7305,257
7305,348
7305,442
7305,555
7306,994
7306,2612
7306,2857
7306,4914
7306,4915
7307,44
7307,132
7307,1211
7307,1417
7307,4916
7308,3
7308,13
7308,107
7308,980
7309,23
7309,63
7309,255
7309,552
7309,1476
7310,3
7310,13
7310,61
7310,718
7310,3696
7311,1
7311,3483
7311,4917
7312,253
7312,254
7312,415
7312,416
7312,1194
7313,142
7313,303
7313,389
7313,461
7313,1103
7314,331
7314,449
7314,621
7314,1552
7314,2118
7315,3
7315,13
7315,317
7315,899
7315,2444
7316,263
7316,351
7316,388
7316,1195
7316,1912
7317,44
7317,326
7317,327
7317,347
7317,388
7318,23
7318,27
7318,32
7318,44
7318,585
7319,834
7319,978
7319,1510
7319,2069
7319,4918
7320,399
7320,864
7320,2262
7320,2523
7320,3936
7321,1
7321,3
7321,13
7321,42
7321,142
7322,1
7322,3
7322,13
7322,237
7322,859
7323,3
7323,13
7323,105
7323,496
7323,1290
7324,86
7324,233
7324,324
7324,325
7324,502
7325,3
7325,44
7325,61
7325,107
7325,555
7326,3
7326,13
7326,23
7326,44
7326,107
7327,1
7327,3
7327,919
7327,1295
7327,3451
7328,3
7328,13
7328,790
7328,3960
7328,4282
7329,12
7329,13
7329,178
7329,317
7329,1670
7330,1
7330,13
7330,44
7330,192
7330,1195
7331,13
7331,58
7331,63
7331,219
7331,612
7332,86
7332,97
7332,689
7332,1586
7332,3045
7333,223
7333,348
7333,1377
7333,1863
7333,3639
7334,32
7334,145
7334,193
7334,1428
7334,2728
7335,44
7335,103
7335,232
7335,408
7335,4919
7336,3
7336,44
7336,107
7336,233
7336,4920
7337,51
7337,77
7337,155
7337,219
7337,563
7338,0
7338,1
7338,42
7338,295
7338,331
7339,61
7339,142
7339,193
7339,554
7339,3953
7340,10
7340,44
7340,573
7340,694
7340,1076
7341,3
7341,44
7341,107
7341,739
7341,4921
7342,57
7342,69
7342,86
7342,136
7342,4922
7343,32
7343,145
7343,257
7343,2267
7343,3937
7344,135
7344,160
7344,246
7344,770
7344,2586
7345,1
7345,13
7345,459
7345,618
7345,666
7346,299
7346,611
7346,635
7346,4923
7346,4924
7347,1
7347,3
7347,13
7347,107
7347,4925
7348,342
7348,858
7348,1238
7348,1737
7348,4926
7349,3
7349,13
7349,107
7349,640
7349,873
7350,527
7350,549
7350,564
7350,985
7350,1793
7351,13
7351,237
7351,437
7351,4584
7351,4927
7352,54
7352,124
7352,865
7352,1670
7352,2619
7353,3400
7353,4776
7353,4917
7354,28
7354,312
7354,445
7354,848
7354,2263
7355,3
7355,13
7355,15
7355,107
7356,13
7356,61
7356,324
7356,325
7356,393
7357,299
7357,612
7357,654
7357,1912
7357,1955
7358,212
7358,442
7358,1173
7358,3700
7358,4928
7359,758
7359,759
7359,1044
7359,1176
7359,1197
7360,3
7360,133
7360,191
7360,393
7360,1183
7361,3
7361,51
7361,52
7361,153
7361,466
7362,9
7362,219
7362,503
7362,568
7362,655
7363,64
7363,314
7363,564
7363,1150
7363,4929
7364,13
7364,31
7364,326
7364,415
7364,770
7365,1
7365,3
7365,8
7365,13
7365,360
7366,96
7366,366
7366,1345
7366,1371
7366,4930
7367,3
7367,44
7367,107
7367,4931
7368,1
7368,3
7368,393
7368,1095
7368,4932
7369,3
7369,12
7369,13
7369,156
7369,1494
7370,3
7370,13
7370,34
7370,153
7370,2109
7371,1
7371,3
7371,63
7371,348
7371,494
7372,13
7372,58
7372,396
7372,931
7372,4658
7373,96
7373,1345
7373,1810
7373,4561
7373,4933
7374,23
7374,44
7374,291
7374,458
7374,1071
7375,13
7375,23
7375,69
7375,227
7375,4934
7376,3
7376,1014
7376,4935
7377,66
7377,73
7377,136
7377,936
7377,4936
7378,295
7378,1063
7378,4937
7378,4938
7379,142
7379,690
7379,761
7379,873
7379,1001
7380,106
7380,338
7380,635
7380,864
7380,872
7381,3
7381,13
7381,44
7381,865
7381,3527
7382,3
7382,13
7382,464
7382,864
7382,950
7383,317
7383,446
7383,970
7383,1762
7383,3088
7384,10
7384,12
7384,71
7384,103
7384,121
7385,544
7385,721
7385,2016
7385,4939
7385,4940
7386,1
7386,13
7386,145
7386,482
7386,671
7387,16
7387,729
7387,2960
7387,4588
7387,4941
7388,179
7388,446
7388,862
7388,970
7388,1072
7389,3
7389,13
7389,107
7390,31
7390,160
7390,694
7390,1749
7390,3483
7391,13
7391,317
7391,437
7391,2318
7391,4281
7392,3
7392,13
7392,437
7392,618
7392,2162
7393,142
7393,233
7393,552
7393,1188
7393,4942
7394,84
7394,133
7394,561
7394,1520
7394,4618
7395,388
7395,588
7395,758
7395,759
7395,1044
7396,1345
7396,1533
7396,1639
7396,2017
7396,4943
7397,160
7397,181
7397,219
7397,786
7397,865
7398,13
7398,40
7398,83
7398,4800
7398,4944
7399,219
7399,245
7399,246
7399,290
7399,710
7400,23
7400,956
7400,4945
7400,4946
7400,4947
7401,12
7401,32
7401,44
7401,177
7401,775
7402,96
7402,404
7402,476
7402,865
7402,4948
7403,43
7403,536
7403,1076
7403,1089
7403,4949
7404,23
7404,27
7404,57
7404,86
7404,102
7405,3
7405,13
7405,107
7406,135
7406,142
7406,533
7406,1004
7406,1342
7407,233
7407,666
7407,831
7407,1468
7407,2145
7408,67
7408,206
7408,207
7408,208
7408,442
7409,10
7409,13
7409,42
7409,44
7409,1345
7410,17
7410,280
7410,407
7410,758
7410,871
7411,3
7411,13
7411,107
7411,2612
7411,4950
7412,69
7412,96
7412,560
7412,2766
7412,4951
7413,8
7413,136
7413,423
7413,1345
7413,2645
7414,1
7414,13
7414,32
7414,303
7414,654
7415,3
7415,13
7415,61
7415,69
7415,2558
7416,237
7416,291
7416,970
7416,1469
7416,4952
7417,23
7417,96
7417,124
7417,128
7417,585
7418,254
7418,414
7418,415
7418,764
7418,1013
7419,13
7419,2086
7419,4177
7419,4478
7419,4953
7420,13
7420,142
7420,288
7420,389
7420,1103
7421,48
7421,219
7421,223
7421,414
7421,527
7422,361
7422,795
7422,865
7422,947
7422,4954
7423,253
7423,254
7423,414
7423,415
7423,1194
7424,42
7424,83
7424,142
7424,219
7424,564
7425,10
7425,690
7425,764
7425,1079
7425,1344
7426,3
7426,44
7426,107
7426,140
7427,1
7427,233
7427,357
7427,461
7427,3055
7428,23
7428,32
7428,422
7428,445
7428,635
7429,3
7429,10
7429,13
7429,44
7429,123
7430,3
7430,13
7430,44
7430,399
7430,4955
7431,3
7431,13
7431,133
7431,3694
7431,3695
7432,23
7432,142
7432,233
7432,667
7432,2128
7433,1715
7433,2162
7433,4063
7433,4956
7433,4957
7434,69
7434,364
7434,561
7434,648
7434,873
7435,86
7435,145
7435,237
7435,317
7435,4958
7436,264
7436,503
7436,511
7436,2895
7436,4130
7437,1
7437,3
7437,61
7437,179
7437,710
7438,3
7438,13
7438,14
7438,44
7438,168
7439,10
7439,13
7439,44
7439,123
7439,738
7440,3
7440,13
7440,107
7441,55
7441,337
7441,694
7441,724
7441,1195
7442,23
7442,44
7442,364
7442,873
7442,903
7443,3
7443,191
7443,516
7443,561
7443,3364
7444,266
7444,447
7444,654
7444,852
7444,3929
7445,44
7445,524
7445,654
7445,837
7445,2614
7446,23
7446,24
7446,26
7446,27
7446,41
7447,1
7447,3
7447,15
7447,555
7448,3
7448,13
7448,107
7448,916
7449,13
7449,14
7449,31
7449,237
7449,689
7450,9
7450,42
7450,136
7450,561
7450,2117
7451,13
7451,44
7451,105
7451,785
7451,931
7452,109
7452,360
7452,494
7452,553
7452,3020
7453,337
7453,414
7453,1082
7453,1194
7453,2211
7454,2200
7454,2239
7454,3045
7454,3126
7454,4383
7455,559
7455,1294
7455,1452
7455,1913
7455,2911
7456,3
7456,13
7456,1846
7456,3728
7456,4493
7457,62
7457,63
7457,951
7457,4959
7457,4960
7458,1154
7458,1442
7458,1881
7458,4961
7458,4962
7459,1
7459,389
7459,422
7459,552
7459,1101
7460,13
7460,419
7460,865
7460,1422
7460,4845
7461,1
7461,64
7461,300
7461,449
7461,1530
7462,13
7462,23
7462,194
7462,1234
7462,3085
7463,3
7463,44
7463,107
7464,3
7464,13
7464,193
7464,219
7464,1697
7465,13
7465,133
7465,237
7465,1184
7465,4060
7466,142
7466,162
7466,494
7466,761
7466,3148
7467,105
7467,153
7467,200
7467,1333
7467,4963
7468,13
7468,180
7468,376
7468,433
7468,4353
7469,1
7469,3
7469,133
7469,684
7469,4964
7470,13
7470,52
7470,77
7470,133
7470,561
7471,69
7471,136
7471,239
7471,852
7471,1338
7472,13
7472,32
7472,263
7472,511
7472,758
7473,3
7473,13
7473,107
7473,342
7474,86
7474,311
7474,313
7474,743
7474,1531
7475,10
7475,13
7475,136
7475,861
7475,1397
7476,3
7476,609
7476,912
7476,1611
7476,2758
7477,224
7477,225
7477,582
7477,1044
7477,4965
7478,3
7478,13
7478,321
7478,690
7478,822
7479,13
7479,437
7479,1549
7479,1695
7479,2447
7480,5
7480,86
7480,236
7480,1353
7480,1428
7481,1
7481,3
7481,342
7481,949
7481,4966
7482,69
7482,238
7482,366
7482,758
7482,866
7483,3
7483,142
7483,1023
7483,1150
7483,1812
7484,69
7484,244
7484,364
7484,561
7484,964
7485,160
7485,987
7485,1277
7485,2291
7485,2878
7486,69
7486,193
7486,276
7486,761
7486,2059
7487,3
7487,13
7487,107
7487,848
7487,4967
7488,3
7488,13
7488,44
7488,107
7488,4968
7489,9
7489,755
7489,759
7489,800
7489,864
7490,13
7490,364
7490,2086
7490,3522
7490,4969
7491,10
7491,219
7491,251
7491,252
7491,4970
7492,3
7492,13
7492,23
7492,44
7492,299
7493,44
7493,61
7493,109
7493,370
7493,1757
7494,13
7494,364
7494,654
7494,1341
7494,2614
7495,23
7495,54
7495,86
7495,433
7495,689
7496,3
7496,13
7496,107
7496,733
7496,835
7497,13
7497,32
7497,44
7497,86
7497,145
7498,3
7498,12
7498,13
7498,457
7498,865
7499,494
7499,518
7499,640
7499,1076
7499,4971
7500,14
7500,135
7500,160
7500,233
7500,690
7501,243
7501,4972
7501,4973
7501,4974
7501,4975
7502,119
7502,121
7502,296
7502,1355
7502,4976
7503,3
7503,13
7503,150
7503,246
7503,524
7504,32
7504,83
7504,160
7504,348
7504,1499
7505,1
7505,13
7505,44
7505,364
7505,1045
7506,1
7506,13
7506,23
7506,73
7506,4977
7507,13
7507,690
7507,873
7507,932
7507,4586
7508,3
7508,23
7508,44
7508,107
7509,3
7509,13
7509,233
7509,759
7509,1043
7510,23
7510,27
7510,35
7510,361
7510,4978
7511,17
7511,160
7511,923
7511,1345
7511,4017
7512,142
7512,193
7512,194
7512,399
7512,589
7513,23
7513,140
7513,2356
7513,3464
7513,4979
7514,44
7514,554
7514,557
7514,970
7514,974
7515,3
7515,12
7515,13
7515,44
7515,666
7516,3
7516,13
7516,44
7516,107
7516,331
7517,86
7517,300
7517,403
7517,3372
7517,4980
7518,13
7518,161
7518,494
7518,1562
7518,1646
7519,14
7519,135
7519,223
7519,237
7519,3642
7520,1
7520,3
7520,718
7520,2584
7521,775
7521,921
7521,1076
7521,4981
7521,4982
7522,10
7522,161
7522,311
7522,872
7522,1280
7523,3
7523,13
7523,58
7523,1025
7523,4983
7524,10
7524,58
7524,133
7524,313
7524,964
7525,3
7525,13
7525,32
7525,51
7525,4383
7526,3
7526,13
7526,237
7526,1654
7526,1997
7527,3
7527,13
7527,44
7527,162
7527,4984
7528,23
7528,27
7528,180
7528,3279
7528,4985
7529,162
7529,163
7529,244
7529,364
7529,412
7530,23
7530,27
7530,180
7530,1280
7530,1912
7531,3
7531,13
7531,107
7531,1053
7532,14
7532,69
7532,133
7532,191
7532,3055
7533,3
7533,13
7533,107
7533,457
7534,136
7534,279
7534,915
7534,1020
7534,2636
7535,3
7535,13
7535,48
7535,124
7535,4986
7536,3
7536,133
7536,665
7536,978
7536,1108
7537,23
7537,26
7537,27
7537,1071
7537,4687
7538,1
7538,23
7538,44
7538,64
7538,3772
7539,1
7539,23
7539,48
7539,103
7539,2539
7540,3
7540,10
7540,13
7540,44
7540,931
7541,17
7541,223
7541,303
7541,931
7541,4171
7542,23
7542,237
7542,420
7542,564
7542,2769
7543,3
7543,13
7543,107
7544,1
7544,83
7544,162
7544,181
7544,258
7545,3
7545,44
7545,420
7545,555
7545,810
7546,13
7546,263
7546,293
7546,433
7546,511
7547,142
7547,364
7547,632
7547,654
7547,3208
7548,1
7548,3
7548,13
7548,362
7548,1913
7549,3
7549,13
7549,61
7549,393
7549,4987
7550,103
7550,124
7550,433
7550,871
7550,4988
7551,1
7551,3
7551,4931
7552,17
7552,65
7552,160
7552,923
7552,3458
7553,13
7553,60
7553,304
7553,931
7553,2242
7554,3
7554,44
7554,107
7555,3
7555,13
7555,107
7556,142
7556,299
7556,366
7556,1294
7556,1939
7557,61
7557,1150
7557,1732
7557,1839
7557,4562
7558,58
7558,77
7558,132
7558,142
7558,2125
7559,1
7559,13
7559,15
7559,461
7559,1094
7560,23
7560,51
7560,346
7560,538
7560,598
7561,0
7561,3
7561,86
7561,133
7561,1520
7562,23
7562,27
7562,380
7562,383
7562,3229
7563,1
7563,23
7563,123
7563,591
7563,4989
7564,9
7564,192
7564,433
7564,2349
7564,4097
7565,3
7565,13
7565,23
7565,69
7565,2265
7566,3
7566,13
7566,107
7567,13
7567,86
7567,133
7567,300
7567,1923
7568,3788
7568,4673
7568,4917
7568,4990
7568,4991
7569,3
7569,13
7569,77
7569,317
7569,376
7570,86
7570,364
7570,949
7570,1912
7570,4992
7571,3
7571,107
7571,835
7571,1014
7571,4993
7572,13
7572,364
7572,378
7572,552
7572,925
7573,17
7573,245
7573,905
7573,2497
7573,4994
7574,3
7574,13
7574,107
7574,159
7575,69
7575,465
7575,583
7575,651
7575,1925
7576,10
7576,233
7576,388
7576,1345
7576,2353
7577,23
7577,33
7577,123
7577,179
7577,446
7578,3
7578,13
7578,44
7578,260
7578,401
7579,206
7579,224
7579,225
7579,1443
7579,1444
7580,198
7580,303
7580,396
7580,1611
7580,2620
7581,23
7581,142
7581,198
7581,1692
7581,1812
7582,44
7582,261
7582,350
7582,3588
7582,4995
7583,10
7583,123
7583,376
7583,1912
7583,4996
7584,3
7584,13
7584,69
7584,107
7584,153
7585,647
7585,1856
7585,1948
7585,3824
7585,4308
7586,3
7586,13
7586,69
7586,1097
7586,2267
7587,14
7587,135
7587,506
7587,861
7587,2849
7588,97
7588,227
7588,690
7588,758
7588,1161
7589,370
7589,1014
7589,4997
7589,4998
7589,4999
7590,23
7590,510
7590,911
7590,3217
7590,4705
7591,13
7591,14
7591,133
7591,135
7591,160
7592,3
7592,13
7592,555
7592,1677
7592,2811
7593,86
7593,136
7593,1922
7593,2063
7593,2295
7594,3
7594,13
7594,107
7594,132
7595,23
7595,160
7595,692
7595,693
7595,3666
7596,23
7596,160
7596,693
7596,1272
7596,3666
7597,1844
7597,3134
7597,5000
7597,5001
7597,5002
7598,3
7598,142
7598,641
7598,1692
7598,1812
7599,14
7599,50
7599,933
7599,971
7599,5003
7600,3912
7600,5004
7600,5005
7600,5006
7601,364
7601,378
7601,420
7601,978
7601,1259
7602,12
7602,13
7602,44
7602,134
7602,260
7603,1
7603,3
7603,13
7603,54
7603,303
7604,644
7604,779
7604,1333
7604,5007
7604,5008
7605,1
7605,13
7605,501
7605,4801
7605,5009
7606,23
7606,180
7606,399
7606,437
7606,693
7607,527
7607,528
7607,1793
7607,1794
7607,3264
7608,23
7608,83
7608,140
7608,5010
7608,5011
7609,57
7609,69
7609,321
7609,688
7609,4907
7610,1
7610,13
7610,64
7610,159
7610,361
7611,3
7611,13
7611,69
7611,258
7611,2924
7612,51
7612,61
7612,160
7612,693
7612,1766
7613,9
7613,12
7613,260
7613,364
7613,1076
7614,12
7614,13
7614,71
7614,106
7614,834
7615,3
7615,13
7615,107
7615,437
7615,4374
7616,1
7616,9
7616,293
7616,765
7616,5012
7617,3
7617,13
7617,233
7617,583
7617,1203
7618,13
7618,61
7618,82
7618,360
7618,1293
7619,3
7619,13
7619,107
7619,219
7619,2438
7620,17
7620,472
7620,3208
7620,5013
7620,5014
7621,891
7621,894
7621,5015
7621,5016
7621,5017
7622,13
7622,97
7622,142
7622,299
7622,433
7623,44
7623,584
7623,1870
7623,3658
7623,5018
7624,3
7624,13
7624,69
7624,160
7624,550
7625,3
7625,13
7625,107
7625,5019
7625,5020
7626,1
7626,32
7626,66
7626,723
7626,5021
7627,23
7627,31
7627,54
7627,511
7627,3453
7628,10
7628,12
7628,70
7628,591
7628,734
7629,279
7629,420
7629,561
7629,861
7629,1023
7630,23
7630,527
7630,800
7630,2769
7630,3076
7631,50
7631,51
7631,142
7631,621
7631,4352
7632,3
7632,13
7632,50
7632,133
7632,1916
7633,9
7633,204
7633,1076
7633,5022
7633,5023
7634,86
7634,550
7634,705
7634,865
7634,2906
7635,10
7635,23
7635,50
7635,51
7635,228
7636,3
7636,13
7636,317
7636,376
7636,550
7637,3
7637,13
7637,23
7637,420
7637,5024
7638,683
7638,2391
7638,2775
7638,3595
7638,4625
7639,3
7639,13
7639,44
7639,378
7639,864
7640,400
7640,4904
7640,5025
7640,5026
7640,5027
7641,3
7641,13
7641,44
7641,107
7641,5028
7642,299
7642,652
7642,947
7642,1861
7642,5029
7643,3
7643,13
7643,107
7643,865
7644,23
7644,27
7644,68
7644,831
7644,1987
7645,159
7645,233
7645,723
7645,796
7645,2876
7646,12
7646,13
7646,123
7646,269
7646,298
7647,13
7647,51
7647,69
7647,132
7647,598
7648,3
7648,5
7648,133
7648,1100
7648,4909
7649,61
7649,73
7649,83
7649,449
7649,785
7650,13
7650,237
7650,401
7650,978
7650,5030
7651,1
7651,3
7652,32
7652,145
7652,755
7652,920
7652,921
7653,3
7653,13
7653,107
7654,15
7654,33
7654,4182
7654,5031
7654,5032
7655,3
7655,44
7655,107
7655,1009
7656,23
7656,159
7656,348
7656,4421
7656,5033
7657,9
7657,12
7657,13
7657,30
7657,42
7658,1
7658,13
7658,106
7658,160
7658,5034
7659,1
7659,233
7659,399
7659,643
7659,1106
7660,3
7660,51
7660,86
7660,133
7660,233
7661,23
7661,54
7661,984
7661,1811
7661,2956
7662,288
7662,407
7662,503
7662,987
7662,1277
7663,86
7663,233
7663,321
7663,559
7663,723
7664,3
7664,23
7664,44
7664,107
7664,1792
7665,12
7665,13
7665,105
7665,464
7665,723
7666,23
7666,26
7666,27
7666,93
7666,723
7667,49
7667,56
7667,1082
7667,1755
7667,5035
7668,566
7668,1417
7668,3022
7668,4601
7668,5036
7669,17
7669,940
7669,3483
7669,5005
7669,5037
7670,238
7670,364
7670,465
7670,848
7670,1345
7671,3
7671,13
7671,654
7671,792
7671,2517
7672,3
7672,191
7672,3772
7673,3
7673,13
7673,107
7673,514
7673,583
7674,3
7674,13
7674,317
7674,583
7674,899
7675,3
7675,13
7675,44
7675,970
7675,5038
7676,3
7676,44
7676,140
7676,1839
7676,5039
7677,3
7677,44
7677,121
7677,1518
7677,5040
7678,132
7678,142
7678,161
7678,364
7678,5041
7679,50
7679,51
7679,52
7679,434
7679,3807
7680,3
7680,13
7680,2716
7680,5042
7680,5043
7681,10
7681,13
7681,136
7681,561
7681,861
7682,54
7682,177
7682,260
7682,635
7682,1001
7683,485
7683,490
7683,1082
7683,1194
7683,3613
7684,258
7684,1082
7684,1294
7684,1452
7684,4317
7685,61
7685,66
7685,69
7685,583
7685,2582
7686,1
7686,13
7686,391
7686,945
7686,3652
7687,17
7687,55
7687,252
7687,710
7687,5044
7688,9
7688,262
7688,459
7688,583
7688,4274
7689,3
7689,1696
7689,5045
7690,28
7690,44
7690,96
7690,1076
7690,1395
7691,55
7691,193
7691,429
7691,450
7691,1001
7692,119
7692,120
7692,121
7692,296
7692,4976
7693,69
7693,88
7693,1004
7693,1741
7693,2495
7694,55
7694,83
7694,124
7694,632
7694,865
7695,227
7695,313
7695,419
7695,1143
7695,1531
7696,192
7696,352
7696,1235
7696,2464
7696,5046
7697,23
7697,27
7697,102
7697,699
7697,1033
7698,1
7698,10
7698,13
7698,69
7698,1283
7699,1
7699,160
7699,233
7699,511
7699,654
7700,13
7700,288
7700,317
7700,785
7700,865
7701,23
7701,24
7701,27
7701,41
7701,300
7702,23
7702,738
7702,1853
7702,1955
7702,2632
7703,3
7703,13
7703,14
7703,135
7703,317
7704,3
7704,44
7704,107
7704,125
7704,1164
7705,3
7705,13
7705,83
7705,508
7705,5047
7706,3
7706,10
7706,136
7706,295
7706,331
7707,1
7707,13
7707,121
7707,561
7707,861
7708,3
7708,13
7708,107
7709,13
7709,57
7709,331
7709,364
7709,853
7710,32
7710,233
7710,800
7710,1413
7710,2722
7711,342
7711,970
7711,990
7711,3174
7711,5048
7712,1
7712,13
7712,364
7712,510
7712,1701
7713,12
7713,15
7713,32
7713,73
7713,635
7714,296
7714,494
7714,1209
7714,2006
7714,2308
7715,1
7715,23
7715,27
7715,93
7715,223
7716,420
7716,510
7716,2191
7716,2986
7716,5049
7717,3
7717,13
7717,637
7717,5050
7717,5051
7718,381
7718,382
7718,744
7718,1693
7718,3165
7719,3
7719,13
7719,191
7719,198
7719,882
7720,54
7720,564
7720,1531
7720,1793
7720,2618
7721,13
7721,54
7721,258
7721,433
7721,4290
7722,1
7722,23
7722,64
7722,346
7722,1040
7723,69
7723,136
7723,740
7723,3057
7723,5052
7724,313
7724,314
7724,564
7724,980
7724,2182
7725,9
7725,32
7725,145
7725,159
7725,589
7726,13
7726,69
7726,86
7726,133
7726,849
7727,23
7727,573
7727,1076
7727,1077
7727,3911
7728,1
7728,32
7728,44
7728,145
7728,223
7729,1
7729,3
7729,13
7729,578
7729,1417
7730,42
7730,64
7730,82
7730,83
7730,288
7731,9
7731,13
7731,44
7731,414
7731,666
7732,23
7732,179
7732,586
7732,984
7732,4888
7733,13
7733,104
7733,107
7733,1537
7733,4566
7734,13
7734,58
7734,59
7734,109
7734,1060
7735,3
7735,13
7735,90
7735,136
7735,324
7736,42
7736,43
7736,738
7736,1293
7736,1836
7737,1
7737,3
7737,13
7737,344
7737,350
7738,14
7738,133
7738,135
7738,191
7738,336
7739,429
7739,1353
7739,1564
7739,1811
7739,5053
7740,5054
7740,5055
7740,5056
7740,5057
7740,5058
7741,23
7741,142
7741,303
7741,436
7741,5059
7742,13
7742,43
7742,83
7742,86
7742,401
7743,131
7743,132
7743,964
7743,1755
7743,1887
7744,23
7744,24
7744,26
7744,92
7744,389
7745,23
7745,31
7745,140
7745,1082
7745,2146
7746,13
7746,86
7746,124
7746,1157
7746,5060
7747,865
7747,1654
7747,1701
7747,1724
7747,5061
7748,13
7748,14
7748,107
7748,448
7748,865
7749,12
7749,13
7749,23
7749,77
7749,989
7750,23
7750,233
7750,527
7750,564
7750,1036
7751,5
7751,496
7751,539
7751,1150
7751,2095
7752,31
7752,253
7752,755
7752,792
7752,1198
7753,14
7753,86
7753,135
7753,707
7753,1709
7754,133
7754,814
7754,1483
7754,3536
7754,3790
7755,1
7755,23
7755,380
7755,585
7755,3929
7756,1
7756,48
7756,621
7756,801
7756,2095
7757,17
7757,160
7757,212
7757,1277
7757,5062
7758,288
7758,907
7758,2843
7758,2899
7758,5063
7759,342
7759,458
7759,1527
7759,1691
7759,4132
7760,69
7760,86
7760,191
7760,922
7760,5064
7761,126
7761,264
7761,287
7761,350
7761,675
7762,86
7762,133
7762,300
7762,301
7762,1530
7763,51
7763,84
7763,133
7763,321
7763,3380
7764,1
7764,3
7764,13
7764,85
7764,133
7765,1188
7765,1402
7765,4833
7765,5065
7765,5066
7766,1
7766,3
7766,461
7766,1604
7766,3175
7767,366
7767,554
7767,1559
7767,2444
7767,5067
7768,33
7768,77
7768,340
7768,433
7768,924
7769,13
7769,142
7769,193
7769,364
7769,932
7770,3
7770,508
7770,2697
7770,2898
7770,3000
7771,13
7771,69
7771,133
7771,1862
7771,3355
7772,280
7772,460
7772,701
7772,834
7772,5068
7773,13
7773,295
7773,1167
7773,1456
7773,2647
7774,3
7774,61
7774,2188
7774,4672
7774,4798
7775,56
7775,452
7775,509
7775,538
7775,5069
7776,156
7776,1874
7776,1875
7776,4897
7776,5070
7777,1
7777,13
7777,14
7777,133
7777,864
7778,14
7778,135
7778,160
7778,693
7778,2586
7779,31
7779,245
7779,710
7779,830
7779,1013
7780,126
7780,3393
7780,5071
7780,5072
7780,5073
7781,381
7781,1438
7781,1545
7781,2303
7781,5074
7782,1
7782,13
7782,288
7782,446
7782,611
7783,358
7783,394
7783,1417
7783,1451
7783,4918
7784,23
7784,136
7784,266
7784,1165
7784,4770
7785,159
7785,219
7785,710
7785,723
7785,1537
7786,14
7786,135
7786,351
7786,682
7786,1660
7787,3
7787,5
7787,592
7787,1028
7787,3184
7788,3
7788,14
7788,191
7788,303
7788,5075
7789,834
7789,1510
7789,1690
7789,1766
7789,2508
7790,206
7790,207
7790,1088
7790,1635
7790,4157
7791,23
7791,375
7791,544
7791,547
7791,5076
7792,23
7792,26
7792,27
7792,94
7792,699
7793,303
7793,316
7793,405
7793,924
7793,1386
7794,3815
7794,4002
7794,5077
7794,5078
7794,5079
7795,59
7795,73
7795,1643
7795,1644
7795,1854
7796,3
7796,162
7796,558
7796,3381
7796,3431
7797,0
7797,105
7797,621
7797,637
7797,1446
7798,0
7798,59
7798,108
7798,109
7798,842
7799,381
7799,382
7799,742
7799,744
7799,1658
7800,3
7800,69
7800,70
7800,133
7800,5080
7801,10
7801,13
7801,126
7801,264
7801,957
7802,3
7802,13
7802,69
7802,295
7802,303
7803,128
7803,316
7803,1311
7803,5081
7803,5082
7804,3
7804,133
7804,2356
7804,2676
7804,3130
7805,14
7805,51
7805,86
7805,135
7805,980
7806,12
7806,44
7806,867
7806,921
7806,2773
7807,198
7807,564
7807,1040
7807,1969
7807,2251
7808,511
7808,2895
7808,5083
7808,5084
7808,5085
7809,5086
7809,5087
7809,5088
7809,5089
7809,5090
7810,23
7810,337
7810,999
7810,2729
7810,3013
7811,1
7811,3
7811,13
7811,280
7811,3015
7812,164
7812,303
7812,321
7812,2080
7812,3635
7813,105
7813,770
7813,1161
7813,2358
7813,5091
7814,3
7814,239
7814,1294
7814,1398
7814,5092
7815,3
7815,13
7815,107
7815,295
7816,740
7816,3233
7816,3391
7816,5093
7816,5094
7817,834
7817,1510
7817,2508
7817,2509
7817,3105
7818,12
7818,13
7818,82
7818,303
7818,924
7819,682
7819,916
7819,1118
7819,1902
7819,2285
7820,23
7820,290
7820,446
7820,2263
7820,5095
7821,3
7821,9
7821,14
7821,135
7821,286
7822,1
7822,13
7822,23
7822,658
7822,2510
7823,42
7823,82
7823,83
7823,145
7823,1143
7824,381
7824,813
7824,1187
7824,1810
7824,3165
7825,2407
7825,2478
7825,2801
7825,4501
7825,5096
7826,13
7826,14
7826,135
7826,160
7826,1586
7827,136
7827,191
7827,433
7827,561
7827,1107
7828,833
7828,2407
7828,2903
7828,4167
7828,5097
7829,1697
7829,2082
7829,5098
7829,5099
7829,5100
7830,3
7830,297
7830,1147
7830,1957
7830,5101
7831,15
7831,142
7831,223
7831,455
7831,1103
7832,1
7832,13
7832,107
7832,142
7832,689
7833,1
7833,15
7833,303
7833,376
7833,455
7834,67
7834,206
7834,208
7834,1087
7834,5102
7835,3
7835,136
7835,2403
7835,3989
7835,5103
7836,9
7836,96
7836,459
7836,755
7836,1368
7837,1
7837,10
7837,13
7837,44
7837,399
7838,9
7838,13
7838,107
7838,654
7838,1616
7839,3
7839,13
7839,23
7839,682
7839,5104
7840,13
7840,89
7840,378
7840,1320
7840,2431
7841,1
7841,3
7841,13
7841,433
7841,502
7842,54
7842,55
7842,71
7842,635
7842,1164
7843,3
7843,170
7843,5105
7844,303
7844,449
7844,1094
7844,1096
7844,3097
7845,1
7845,71
7845,105
7845,287
7845,5106
7846,50
7846,52
7846,77
7846,301
7846,621
7847,13
7847,44
7847,50
7847,51
7847,327
7848,13
7848,32
7848,1416
7848,1770
7848,2074
7849,3
7849,13
7849,3180
7849,5107
7849,5108
7850,132
7850,538
7850,1561
7850,5109
7850,5110
7851,162
7851,381
7851,634
7851,1676
7851,4126
7852,321
7852,707
7852,789
7852,2791
7852,5111
7853,17
7853,888
7853,923
7853,2458
7853,5112
7854,1
7854,3
7854,581
7854,1197
7854,1463
7855,1
7855,69
7855,449
7855,1709
7855,4538
7856,1
7856,3
7856,303
7856,321
7856,5113
7857,1
7857,237
7857,406
7857,937
7857,2805
7858,105
7858,701
7858,1001
7858,2879
7858,3390
7859,29
7859,159
7859,1312
7859,2293
7859,2479
7860,10
7860,723
7860,1188
7860,5114
7860,5115
7861,133
7861,412
7861,449
7861,873
7861,990
7862,84
7862,550
7862,666
7862,980
7862,2600
7863,303
7863,321
7863,406
7863,1417
7863,2020
7864,57
7864,167
7864,916
7864,1095
7864,2082
7865,13
7865,23
7865,511
7865,789
7865,932
7866,73
7866,931
7866,1288
7866,1737
7866,2293
7867,73
7867,83
7867,303
7867,2076
7867,3730
7868,13
7868,126
7868,266
7868,618
7868,2959
7869,32
7869,103
7869,800
7869,871
7869,5116
7870,1
7870,28
7870,71
7870,348
7870,693
7871,1
7871,3
7871,9
7871,13
7871,23
7872,191
7872,303
7872,682
7872,1810
7872,2015
7873,198
7873,1756
7873,2791
7873,5117
7873,5118
7874,86
7874,311
7874,364
7874,689
7874,2349
7875,3
7875,17
7875,44
7875,103
7875,237
7876,13
7876,42
7876,280
7876,792
7876,2262
7877,3
7877,13
7877,107
7877,191
7877,561
7878,265
7878,317
7878,437
7878,655
7878,783
7879,13
7879,219
7879,295
7879,303
7879,507
7880,1
7880,3
7880,13
7880,136
7880,925
7881,46
7881,54
7881,126
7881,233
7881,2152
7882,3
7882,13
7882,107
7882,342
7882,5119
7883,295
7883,303
7883,1854
7883,2324
7883,2335
7884,3
7884,10
7884,13
7884,44
7884,107
7885,779
7885,1253
7885,1611
7885,1791
7885,5076
7886,3
7886,13
7886,133
7886,314
7886,2095
7887,1
7887,3
7887,32
7887,88
7888,343
7888,516
7888,689
7888,967
7888,1012
7889,13
7889,32
7889,44
7889,447
7889,1790
7890,351
7890,352
7890,353
7890,2464
7890,4429
7891,3
7891,13
7891,23
7891,44
7891,5120
7892,3
7892,13
7892,31
7892,44
7892,5019
7893,179
7893,504
7893,577
7893,2632
7893,5121
7894,3
7894,44
7894,61
7894,693
7894,971
7895,3
7895,13
7895,69
7895,107
7896,3
7896,13
7896,44
7896,107
7896,5122
7897,2280
7897,2375
7897,5123
7897,5124
7897,5125
7898,1
7898,32
7898,233
7898,1188
7898,1244
7899,507
7899,1439
7899,1687
7899,2030
7899,2178
7900,1
7900,3
7900,13
7900,42
7900,1739
7901,73
7901,136
7901,1941
7901,2585
7901,2945
7902,61
7902,326
7902,870
7902,1043
7902,5126
7903,13
7903,86
7903,133
7903,689
7903,2285
7904,3
7904,13
7904,44
7904,107
7905,3
7905,10
7905,13
7905,44
7905,695
7906,23
7906,42
7906,82
7906,303
7906,1188
7907,12
7907,81
7907,317
7907,538
7907,1477
7908,78
7908,86
7908,583
7908,689
7908,1143
7909,759
7909,1345
7909,1687
7909,1789
7909,2817
7910,73
7910,126
7910,293
7910,567
7910,842
7911,133
7911,295
7911,698
7911,718
7911,3160
7912,3
7912,13
7912,107
7912,577
7913,299
7913,1905
7913,2637
7913,2857
7913,2964
7914,3
7914,2093
7914,5127
7915,82
7915,104
7915,266
7915,1297
7915,5128
7916,3
7916,13
7916,44
7916,107
7916,5129
7917,317
7917,2922
7917,3088
7917,5130
7917,5131
7918,3
7918,13
7918,694
7918,5132
7918,5133
7919,1583
7919,1969
7919,3739
7919,4943
7919,5134
7920,3
7920,44
7920,107
7920,5028
7921,981
7921,1397
7921,2632
7921,2766
7921,4381
7922,3
7922,13
7922,61
7922,107
7922,482
7923,13
7923,1905
7923,2014
7923,2436
7923,5135
7924,14
7924,135
7924,621
7924,980
7924,1552
7925,86
7925,227
7925,318
7925,2610
7925,3989
7926,3
7926,13
7926,23
7926,44
7926,949
7927,272
7927,1090
7927,1092
7927,1607
7927,3397
7928,3
7928,674
7928,1913
7928,5136
7928,5137
7929,96
7929,97
7929,303
7929,436
7929,1177
7930,23
7930,133
7930,228
7930,403
7930,3630
7931,3
7931,461
7931,3973
7931,4012
7931,5138
7932,3
7932,13
7932,107
7932,5139
7933,69
7933,136
7933,758
7933,5140
7933,5141
7934,1
7934,3
7934,13
7934,561
7934,4381
7935,124
7935,849
7935,1137
7935,5142
7935,5143
7936,3
7936,13
7936,44
7936,555
7936,1076
7937,32
7937,142
7937,145
7937,233
7937,1546
7938,3
7938,13
7938,107
7938,436
7938,437
7939,3
7939,13
7939,61
7939,234
7939,323
7940,3
7940,13
7940,107
7940,828
7941,980
7941,1949
7941,5144
7941,5145
7941,5146
7942,13
7942,49
7942,295
7942,364
7942,969
7943,233
7943,375
7943,980
7943,981
7943,1108
7944,3
7944,233
7944,357
7944,1382
7944,1957
7945,44
7945,219
7945,287
7945,291
7945,931
7946,136
7946,3248
7946,5147
7946,5148
7946,5149
7947,3
7947,69
7947,507
7947,1408
7947,2624
7948,13
7948,69
7948,321
7948,565
7948,866
7949,23
7949,73
7949,2144
7949,2145
7949,5150
7950,3
7950,191
7950,364
7950,5151
7951,1
7951,13
7951,44
7951,135
7951,160
7952,3
7952,86
7952,133
7952,519
7952,2233
7953,937
7953,1091
7953,1410
7953,1494
7953,2238
7954,3113
7954,5152
7954,5153
7954,5154
7954,5155
7955,297
7955,2192
7955,4377
7955,5156
7955,5157
7956,295
7956,1589
7956,3351
7956,3532
7956,5158
7957,3
7957,13
7957,107
7957,295
7957,980
7958,342
7958,955
7958,956
7958,5159
7958,5160
7959,198
7959,2451
7959,3149
7959,5161
7959,5162
7960,13
7960,44
7960,145
7960,723
7960,792
7961,433
7961,1494
7961,1759
7961,2359
7961,5163
7962,23
7962,133
7962,4293
7962,5164
7962,5165
7963,2213
7963,2322
7963,5166
7963,5167
7963,5168
7964,3
7964,13
7964,107
7964,454
7964,654
7965,3
7965,13
7965,156
7965,689
7965,1476
7966,13
7966,107
7966,123
7966,2502
7966,4133
7967,3
7967,13
7967,23
7967,44
7967,2265
7968,51
7968,296
7968,494
7968,4126
7968,5169
7969,1
7969,3
7969,73
7969,136
7969,295
7970,3
7970,13
7970,44
7970,107
7971,3
7971,13
7971,126
7971,980
7971,1969
7972,61
7972,142
7972,364
7972,810
7972,5170
7973,3
7973,44
7973,107
7973,245
7974,233
7974,258
7974,346
7974,691
7974,2162
7975,3
7975,13
7975,107
7975,153
7976,106
7976,758
7976,1711
7976,2834
7976,4047
7977,126
7977,783
7977,850
7977,980
7977,981
7978,17
7978,160
7978,445
7978,654
7978,3208
7979,86
7979,689
7979,743
7979,2042
7979,2619
7980,5
7980,532
7980,707
7980,2233
7980,5171
7981,340
7981,560
7981,2034
7981,4609
7981,5172
7982,504
7982,848
7982,1363
7982,1364
7982,1687
7983,73
7983,303
7983,911
7983,3691
7983,4769
7984,86
7984,130
7984,193
7984,219
7984,425
7985,44
7985,109
7985,842
7985,970
7985,1804
7986,14
7986,32
7986,86
7986,133
7986,2356
7987,3
7987,13
7987,14
7987,191
7987,437
7988,247
7988,295
7988,303
7988,364
7988,2195
7989,160
7989,295
7989,303
7989,304
7989,1094
7990,3
7990,44
7990,1014
7990,1221
7990,5173
7991,13
7991,32
7991,42
7991,436
7991,635
7992,244
7992,436
7992,631
7992,4720
7992,5174
7993,3
7993,23
7993,27
7993,44
7993,970
7994,3
7994,13
7994,107
7994,915
7994,5175
7995,3
7995,170
7995,1649
7996,198
7996,233
7996,924
7996,977
7996,3070
7997,254
7997,755
7997,920
7997,1013
7997,1194
7998,13
7998,133
7998,682
7998,2043
7998,2636
7999,538
7999,2596
7999,3198
7999,5176
7999,5177
8000,23
8000,27
8000,92
8000,102
8000,399
8001,223
8001,551
8001,800
8001,1101
8001,2617
8002,3
8002,13
8002,882
8002,2624
8002,5178
8003,3
8003,44
8003,107
8003,348
8003,5179
8004,10
8004,382
8004,754
8004,1010
8004,2264
8005,32
8005,715
8005,861
8005,911
8005,1023
8006,222
8006,2182
8006,3464
8006,5180
8006,5181
8007,3
8007,295
8007,520
8007,2220
8007,3635
8008,84
8008,126
8008,966
8008,980
8008,2182
8009,3
8009,13
8009,107
8009,295
8009,303
8010,88
8010,89
8010,1494
8010,3057
8010,4629
8011,51
8011,139
8011,179
8011,233
8011,612
8012,3
8012,13
8012,107
8013,3
8013,32
8013,44
8013,107
8014,559
8014,806
8014,812
8014,5182
8014,5183
8015,9
8015,32
8015,123
8015,245
8015,980
8016,69
8016,136
8016,295
8016,2615
8016,3323
8017,193
8017,351
8017,1745
8017,2135
8017,2436
8018,314
8018,501
8018,1339
8018,4707
8018,5184
8019,3
8019,92
8019,2210
8019,5005
8019,5185
8020,97
8020,191
8020,295
8020,1283
8020,4520
8021,3
8021,44
8021,107
8021,5186
8022,3
8022,13
8022,73
8022,295
8022,1984
8023,3
8023,44
8023,83
8023,107
8023,585
8024,121
8024,721
8024,1863
8024,1955
8024,2347
8025,50
8025,51
8025,142
8025,193
8025,618
8026,0
8026,33
8026,142
8026,620
8026,2436
8027,3
8027,1063
8027,1923
8027,2870
8027,3166
8028,13
8028,86
8028,2014
8028,3434
8028,5187
8029,858
8029,3130
8029,4735
8029,5188
8029,5189
8030,3
8030,13
8030,86
8030,107
8031,3
8031,13
8031,107
8032,23
8032,103
8032,314
8032,916
8032,2689
8033,3
8033,44
8033,693
8033,2254
8033,4661
8034,3
8034,86
8034,295
8034,674
8034,1952
8035,3
8035,1014
8036,54
8036,123
8036,237
8036,2198
8036,5013
8037,44
8037,50
8037,1076
8037,1237
8037,5190
8038,3
8038,14
8038,191
8038,550
8038,1586
8039,1
8039,3
8039,4444
8039,5191
8040,13
8040,44
8040,379
8040,1001
8040,5192
8041,3
8041,13
8041,107
8041,233
8042,13
8042,58
8042,126
8042,980
8042,1494
8043,83
8043,233
8043,303
8043,1077
8043,1188
8044,105
8044,770
8044,2637
8044,2857
8044,4186
8045,3
8045,191
8045,532
8045,1905
8045,3832
8046,3
8046,13
8046,44
8046,107
8047,33
8047,51
8047,321
8047,2477
8047,3772
8048,3
8048,69
8048,191
8048,286
8048,3635
8049,3
8049,295
8049,4225
8050,2545
8050,3761
8050,4863
8050,5193
8050,5194
8051,13
8051,44
8051,219
8051,1014
8051,1950
8052,3
8052,13
8052,44
8052,107
8052,246
8053,3
8053,31
8053,44
8053,107
8053,555
8054,12
8054,96
8054,126
8054,1533
8054,1586
8055,1
8055,3
8055,13
8055,44
8055,5195
8056,73
8056,295
8056,2004
8056,4062
8056,5196
8057,14
8057,233
8057,303
8057,4023
8057,5197
8058,1
8058,3
8058,13
8058,69
8058,2324
8059,80
8059,133
8059,542
8059,621
8059,1768
8060,1
8060,13
8060,44
8060,86
8060,401
8061,364
8061,980
8061,1399
8061,1939
8061,4187
8062,12
8062,142
8062,266
8062,980
8062,2182
8063,14
8063,135
8063,694
8063,1345
8063,5198
8064,437
8064,503
8064,864
8064,1861
8064,1912
8065,1
8065,494
8065,970
8065,985
8065,1143
8066,69
8066,866
8066,1546
8066,4124
8066,5199
8067,1
8067,3
8067,13
8067,69
8067,555
8068,10
8068,23
8068,42
8068,219
8068,693
8069,50
8069,51
8069,160
8069,692
8069,693
8070,5
8070,142
8070,191
8070,1709
8070,2638
8071,1
8071,3
8071,133
8071,519
8071,5171
8072,133
8072,295
8072,822
8072,1021
8072,1342
8073,12
8073,133
8073,301
8073,718
8073,5109
8074,519
8074,682
8074,754
8074,1429
8074,2264
8075,1
8075,3
8075,364
8075,413
8075,2324
8076,13
8076,73
8076,295
8076,1701
8076,5200
8077,1
8077,23
8077,510
8077,1150
8077,2285
8078,160
8078,1368
8078,1789
8078,2107
8078,2194
8079,382
8079,742
8079,744
8079,1658
8079,2155
8080,126
8080,136
8080,419
8080,980
8080,1494
8081,31
8081,54
8081,288
8081,611
8081,981
8082,52
8082,77
8082,133
8082,466
8082,971
8083,1
8083,51
8083,132
8083,133
8083,903
8084,86
8084,174
8084,743
8084,1068
8084,2400
8085,13
8085,433
8085,5201
8085,5202
8085,5203
8086,527
8086,528
8086,529
8086,1793
8086,1794
8087,3
8087,133
8087,160
8087,1700
8088,425
8088,508
8088,1846
8088,2238
8088,4269
8089,14
8089,42
8089,142
8089,286
8089,1293
8090,265
8090,337
8090,436
8090,437
8090,1115
8091,14
8091,73
8091,198
8091,533
8091,1418
8092,1
8092,133
8092,191
8092,293
8092,395
8093,73
8093,164
8093,1911
8093,5204
8093,5205
8094,2786
8094,5206
8094,5207
8094,5208
8094,5209
8095,86
8095,461
8095,506
8095,2363
8095,5210
8096,78
8096,86
8096,403
8096,621
8096,743
8097,55
8097,71
8097,123
8097,160
8097,693
8098,133
8098,652
8098,689
8098,966
8098,970
8099,344
8099,389
8099,3676
8099,4308
8099,4575
8100,13
8100,55
8100,103
8100,227
8100,1096
8101,61
8101,810
8101,1173
8101,1234
8101,5211
8102,1
8102,3
8102,64
8102,1234
8102,5212
8103,71
8103,5213
8103,5214
8103,5215
8103,5216
8104,23
8104,27
8104,699
8104,700
8104,2146
8105,3
8105,14
8105,133
8105,1021
8105,1831
8106,3
8106,69
8106,191
8106,360
8106,1102
8107,3
8107,133
8107,1905
8107,2014
8107,2835
8108,12
8108,42
8108,82
8108,104
8108,429
8109,1
8109,201
8109,668
8109,1235
8109,2697
8110,346
8110,1010
8110,1658
8110,2525
8110,4009
8111,233
8111,381
8111,1150
8111,1281
8111,1536
8112,133
8112,191
8112,239
8112,295
8112,406
8113,1318
8113,1363
8113,1364
8113,1687
8113,2817
8114,23
8114,103
8114,337
8114,756
8114,1385
8115,32
8115,41
8115,42
8115,82
8115,2418
8116,133
8116,191
8116,321
8116,651
8116,1001
8117,1
8117,13
8117,990
8117,1955
8117,2356
8118,71
8118,1510
8118,2508
8118,5217
8118,5218
8119,9
8119,1041
8119,1096
8119,3494
8119,5158
8120,221
8120,945
8120,2036
8120,2529
8120,5219
8121,51
8121,133
8121,136
8121,191
8121,1812
8122,86
8122,466
8122,561
8122,631
8122,5220
8123,14
8123,135
8123,337
8123,655
8123,1273
8124,61
8124,314
8124,315
8124,723
8124,810
8125,182
8125,854
8125,1852
8125,3233
8125,4536
8126,86
8126,301
8126,882
8126,937
8126,5221
8127,142
8127,551
8127,851
8127,3648
8127,5222
8128,51
8128,142
8128,364
8128,932
8128,1252
8129,10
8129,11
8129,44
8129,1143
8129,1221
8130,77
8130,132
8130,133
8130,684
8130,2014
8131,1
8131,44
8131,51
8131,3157
8131,3278
8132,3
8132,13
8132,61
8132,393
8132,2083
8133,381
8133,382
8133,519
8133,744
8133,859
8134,382
8134,742
8134,743
8134,744
8134,754
8135,13
8135,796
8135,865
8135,3527
8135,5094
8136,71
8136,1413
8136,5223
8136,5224
8136,5225
8137,67
8137,206
8137,207
8137,208
8137,1216
8138,57
8138,69
8138,298
8138,723
8138,852
8139,1
8139,3
8139,5
8139,133
8139,3605
8140,3
8140,78
8140,133
8140,191
8140,859
8141,382
8141,742
8141,744
8141,754
8141,1658
8142,381
8142,382
8142,742
8142,744
8142,1545
8143,14
8143,69
8143,86
8143,237
8143,2495
8144,300
8144,301
8144,538
8144,726
8144,1252
8145,77
8145,132
8145,964
8145,989
8145,5226
8146,382
8146,531
8146,532
8146,744
8146,754
8147,51
8147,132
8147,133
8147,433
8147,1198
8148,9
8148,126
8148,1273
8148,2591
8148,2773
8149,126
8149,227
8149,350
8149,602
8149,907
8150,109
8150,842
8150,1010
8150,1417
8150,1702
8151,300
8151,344
8151,710
8151,1176
8151,1915
8152,130
8152,132
8152,274
8152,300
8152,301
8153,44
8153,61
8153,160
8153,219
8153,3592
8154,0
8154,3
8154,58
8154,174
8154,2095
8155,46
8155,51
8155,300
8155,963
8155,1530
8156,86
8156,135
8156,464
8156,527
8156,934
8157,3
8157,13
8157,97
8157,1840
8157,2774
8158,192
8158,858
8158,2658
8158,3184
8158,5227
8159,69
8159,136
8159,791
8159,4735
8159,5228
8160,1
8160,62
8160,133
8160,346
8160,1010
8161,12
8161,223
8161,233
8161,317
8161,1068
8162,13
8162,46
8162,69
8162,133
8162,135
8163,5
8163,133
8163,406
8163,1922
8163,4400
8164,142
8164,321
8164,538
8164,612
8164,621
8165,538
8165,1074
8165,1875
8165,1936
8165,2856
8166,121
8166,130
8166,133
8166,191
8166,1922
8167,1
8167,3
8167,191
8168,303
8168,510
8168,511
8168,933
8168,4527
8169,23
8169,69
8169,73
8169,972
8169,1090
8170,1
8170,3
8170,295
8170,303
8170,1604
8171,198
8171,233
8171,527
8171,1810
8171,4315
8172,136
8172,191
8172,239
8172,279
8172,3236
8173,346
8173,966
8173,1531
8173,2042
8173,2360
8174,84
8174,133
8174,300
8174,301
8174,317
8175,381
8175,382
8175,743
8175,744
8175,853
8176,507
8176,1363
8176,1364
8176,1687
8176,3871
8177,1
8177,13
8177,142
8177,303
8177,337
8178,105
8178,464
8178,517
8178,1290
8178,3933
8179,3
8179,937
8179,1789
8179,2774
8179,3218
8180,44
8180,219
8180,290
8180,916
8180,3735
8181,1
8181,12
8181,77
8181,132
8181,1887
8182,136
8182,321
8182,613
8182,712
8182,1611
8183,360
8183,559
8183,671
8183,1433
8183,4144
8184,12
8184,13
8184,23
8184,69
8184,1649
8185,53
8185,567
8185,1609
8185,2356
8185,4363
8186,1
8186,3
8186,51
8186,133
8186,690
8187,86
8187,689
8187,754
8187,1655
8187,3114
8188,42
8188,2599
8188,2984
8188,2997
8188,4244
8189,78
8189,132
8189,133
8189,1068
8189,1768
8190,84
8190,689
8190,1494
8190,2099
8190,2225
8191,14
8191,135
8191,160
8191,246
8191,1188
8192,54
8192,109
8192,964
8192,1006
8192,2130
8193,136
8193,538
8193,540
8193,1609
8193,1610
8194,59
8194,73
8194,725
8194,1644
8194,1645
8195,50
8195,51
8195,69
8195,910
8195,5229
8196,1
8196,3
8196,13
8196,32
8196,1822
8197,42
8197,1161
8197,1164
8197,2803
8197,5230
8198,9
8198,142
8198,245
8198,775
8198,982
8199,3
8199,49
8199,84
8199,133
8199,621
8200,707
8200,970
8200,971
8200,1415
8200,1762
8201,57
8201,223
8201,690
8201,1045
8201,1339
8202,1402
8202,1714
8202,2688
8202,4711
8202,5071
8203,97
8203,133
8203,317
8203,388
8203,591
8204,2775
8204,3400
8204,4527
8204,5231
8204,5232
8205,23
8205,58
8205,132
8205,133
8205,583
8206,1
8206,381
8206,382
8206,744
8206,1506
8207,977
8207,1549
8207,1911
8207,2558
8207,4188
8208,33
8208,46
8208,133
8208,3178
8208,3290
8209,1
8209,13
8209,689
8209,848
8209,1944
8210,5
8210,1519
8210,1592
8210,2281
8210,4700
8211,3
8211,69
8211,191
8211,1329
8211,5233
8212,42
8212,82
8212,83
8212,303
8212,395
8213,1
8213,3
8213,133
8213,382
8213,689
8214,133
8214,532
8214,2281
8214,3648
8214,5171
8215,3
8215,126
8215,133
8215,689
8215,980
8216,74
8216,136
8216,191
8216,622
8216,869
8217,228
8217,349
8217,382
8217,403
8217,1012
8218,1
8218,13
8218,130
8218,133
8218,142
8219,304
8219,1282
8219,1920
8219,1921
8219,2606
8220,3
8220,132
8220,133
8220,364
8220,1700
8221,13
8221,266
8221,317
8221,1037
8221,1195
8222,133
8222,136
8222,1333
8222,1398
8222,1710
8223,295
8223,718
8223,853
8223,964
8223,1096
8224,9
8224,343
8224,572
8224,686
8224,964
8225,14
8225,321
8225,364
8225,5234
8225,5235
8226,265
8226,655
8226,783
8226,784
8226,1273
8227,1
8227,3
8227,133
8227,191
8227,5236
8228,59
8228,73
8228,725
8228,842
8228,2199
8229,23
8229,54
8229,212
8229,245
8229,1498
8230,69
8230,279
8230,286
8230,4062
8230,5237
8231,1
8231,3
8231,133
8231,338
8231,382
8232,69
8232,236
8232,433
8232,1167
8232,5238
8233,162
8233,344
8233,1536
8233,5239
8233,5240
8234,1
8234,133
8234,321
8234,408
8234,1555
8235,67
8235,810
8235,1282
8235,1468
8235,4157
8236,300
8236,1188
8236,1614
8236,2145
8236,2573
8237,1
8237,97
8237,193
8237,237
8237,1040
8238,2145
8238,3409
8238,5241
8238,5242
8238,5243
8239,303
8239,376
8239,796
8239,800
8239,2422
8240,601
8240,758
8240,4100
8240,5244
8240,5245
8241,12
8241,13
8241,44
8241,70
8241,71
8242,742
8242,773
8242,810
8242,1939
8242,5246
8243,136
8243,300
8243,687
8243,1530
8243,2524
8244,54
8244,132
8244,133
8244,1755
8244,4002
8245,51
8245,77
8245,86
8245,133
8245,136
8246,718
8246,3524
8246,5103
8246,5247
8246,5248
8247,3
8247,13
8247,671
8247,674
8247,1995
8248,23
8248,303
8248,976
8248,1463
8248,1733
8249,13
8249,84
8249,132
8249,133
8249,2042
8250,51
8250,77
8250,295
8250,300
8250,1530
8251,86
8251,317
8251,337
8251,436
8251,689
8252,1
8252,3
8252,23
8252,140
8252,1956
8253,1
8253,13
8253,288
8253,1695
8253,2361
8254,67
8254,742
8254,754
8254,810
8254,1243
8255,381
8255,742
8255,744
8255,754
8255,971
8256,69
8256,276
8256,758
8256,1197
8256,1487
8257,421
8257,652
8257,1930
8257,3097
8257,4960
8258,485
8258,490
8258,491
8258,1294
8258,1346
8259,233
8259,502
8259,559
8259,812
8259,5249
8260,86
8260,132
8260,133
8260,2895
8260,5109
8261,32
8261,82
8261,145
8261,177
8261,1096
8262,1
8262,23
8262,133
8262,156
8262,300
8263,3
8263,69
8263,191
8263,561
8263,582
8264,0
8264,64
8264,133
8264,295
8264,2405
8265,130
8265,132
8265,618
8265,853
8265,1068
8266,14
8266,52
8266,570
8266,621
8266,1338
8267,1
8267,3
8267,191
8267,295
8267,5250
8268,3
8268,133
8268,136
8268,3137
8268,5251
8269,32
8269,233
8269,666
8269,2722
8269,5252
8270,9
8270,300
8270,301
8270,311
8270,689
8271,13
8271,14
8271,86
8271,133
8271,689
8272,561
8272,1339
8272,5253
8272,5254
8272,5255
8273,69
8273,109
8273,238
8273,295
8273,1523
8274,1
8274,13
8274,303
8274,1188
8274,2447
8275,10
8275,54
8275,86
8275,123
8275,689
8276,1457
8276,1868
8276,2511
8276,3460
8276,3669
8277,88
8277,531
8277,1926
8277,5171
8277,5256
8278,921
8278,966
8278,1068
8278,1493
8278,1915
8279,9
8279,160
8279,246
8279,771
8279,1006
8280,160
8280,693
8280,2353
8280,3592
8280,5257
8281,14
8281,135
8281,403
8281,754
8281,853
8282,14
8282,69
8282,133
8282,191
8282,1603
8283,3
8283,133
8283,295
8283,861
8283,1701
8284,1
8284,13
8284,14
8284,2742
8284,3673
8285,69
8285,168
8285,191
8285,972
8285,2483
8286,73
8286,321
8286,621
8286,652
8286,1209
8287,938
8287,2300
8287,4847
8287,5258
8287,5259
8288,17
8288,160
8288,433
8288,849
8288,2355
8289,433
8289,635
8289,1226
8289,5260
8289,5261
8290,12
8290,42
8290,266
8290,395
8290,635
8291,3
8291,61
8291,133
8291,554
8291,5262
8292,3
8292,136
8292,191
8292,2524
8292,3508
8293,23
8293,847
8293,1923
8293,2632
8293,3231
8294,84
8294,874
8294,2895
8294,2932
8294,5263
8295,133
8295,247
8295,964
8295,3522
8295,4496
8296,46
8296,86
8296,133
8296,621
8296,1146
8297,23
8297,331
8297,516
8297,955
8297,956
8298,1
8298,3
8298,64
8298,357
8298,366
8299,133
8299,135
8299,733
8299,1956
8299,5264
8300,73
8300,1823
8300,1907
8300,1930
8300,3772
8301,109
8301,136
8301,433
8301,620
8301,621
8302,3
8302,5
8302,133
8302,293
8302,1880
8303,23
8303,27
8303,92
8303,102
8303,255
8304,84
8304,86
8304,689
8304,1194
8304,4215
8305,52
8305,69
8305,133
8305,1338
8305,5265
8306,133
8306,191
8306,382
8306,744
8306,754
8307,66
8307,67
8307,810
8307,936
8307,2941
8308,321
8308,1155
8308,3012
8308,4403
8308,5266
8309,3
8309,61
8309,133
8309,810
8309,872
8310,193
8310,291
8310,303
8310,436
8310,1709
8311,1
8311,13
8311,52
8311,193
8311,561
8312,1
8312,3
8312,61
8312,501
8312,2360
8313,133
8313,191
8313,621
8313,861
8313,1417
8314,381
8314,382
8314,742
8314,743
8314,744
8315,17
8315,407
8315,849
8315,923
8315,2209
8316,23
8316,55
8316,179
8316,399
8316,536
8317,1
8317,34
8317,150
8317,1699
8317,1701
8318,64
8318,1822
8318,2603
8318,5172
8318,5267
8319,133
8319,142
8319,193
8319,861
8319,1225
8320,554
8320,649
8320,1088
8320,2192
8320,5060
8321,170
8321,303
8321,1552
8321,1903
8321,2014
8322,233
8322,381
8322,382
8322,744
8322,4318
8323,132
8323,142
8323,382
8323,723
8323,1143
8324,32
8324,97
8324,295
8324,1283
8324,2080
8325,159
8325,810
8325,1243
8325,1658
8325,3860
8326,0
8326,23
8326,32
8326,245
8326,1929
8327,1
8327,510
8327,550
8327,861
8327,2761
8328,23
8328,26
8328,27
8328,92
8328,179
8329,191
8329,279
8329,950
8329,979
8329,5268
8330,133
8330,155
8330,738
8330,1438
8330,1975
8331,1
8331,23
8331,133
8331,458
8331,463
8332,1
8332,133
8332,837
8332,1225
8332,3005
8333,1
8333,3
8333,61
8333,182
8333,759
8334,13
8334,54
8334,219
8334,337
8334,3013
8335,64
8335,346
8335,583
8335,1176
8335,5269
8336,814
8336,1023
8336,1463
8336,1756
8336,1810
8337,86
8337,227
8337,689
8337,865
8337,1297
8338,10
8338,55
8338,70
8338,386
8338,3201
8339,3
8339,133
8339,621
8339,2094
8339,5270
8340,3
8340,198
8340,381
8340,391
8340,552
8341,28
8341,96
8341,635
8341,864
8341,1344
8342,54
8342,73
8342,303
8342,637
8342,5271
8343,46
8343,130
8343,510
8343,5272
8343,5273
8344,50
8344,77
8344,108
8344,109
8344,3381
8345,78
8345,620
8345,1488
8345,1688
8345,1938
8346,54
8346,135
8346,233
8346,2996
8346,3751
8347,96
8347,133
8347,156
8347,2125
8347,4497
8348,1
8348,135
8348,245
8348,1952
8348,4344
8349,542
8349,1427
8349,1429
8349,1512
8349,2281
8350,228
8350,331
8350,786
8350,966
8350,1488
8351,126
8351,980
8351,1494
8351,2042
8351,2182
8352,83
8352,109
8352,293
8352,1074
8352,1810
8353,86
8353,303
8353,622
8353,689
8353,3261
8354,23
8354,2510
8354,3322
8354,3723
8354,5274
8355,133
8355,519
8355,532
8355,707
8355,2595
8356,3
8356,853
8356,1338
8356,1719
8356,3622
8357,23
8357,51
8357,94
8357,378
8357,641
8358,520
8358,911
8358,1646
8358,2662
8358,5275
8359,23
8359,32
8359,245
8359,1285
8359,1958
8360,82
8360,381
8360,1533
8360,2997
8360,3642
8361,14
8361,23
8361,51
8361,133
8361,466
8362,133
8362,136
8362,191
8362,364
8362,950
8363,12
8363,133
8363,621
8363,966
8363,1108
8364,69
8364,133
8364,191
8364,1586
8364,1709
8365,23
8365,33
8365,911
8365,1538
8365,1831
8366,51
8366,301
8366,337
8366,401
8366,786
8367,1
8367,758
8367,759
8367,2444
8367,5276
8368,133
8368,3789
8368,3924
8368,5251
8368,5277
8369,132
8369,280
8369,299
8369,388
8369,1887
8370,33
8370,86
8370,311
8370,342
8370,689
8371,64
8371,565
8371,666
8371,2581
8371,2582
8372,241
8372,344
8372,1150
8372,1234
8372,2243
8373,77
8373,105
8373,264
8373,266
8373,287
8374,142
8374,372
8374,507
8374,2028
8374,2542
8375,131
8375,132
8375,133
8375,966
8375,5278
8376,1
8376,13
8376,42
8376,136
8376,2724
8377,50
8377,155
8377,412
8377,932
8377,1927
8378,212
8378,290
8378,849
8378,864
8378,905
8379,1
8379,69
8379,133
8379,160
8379,1004
8380,1
8380,3
8380,133
8380,191
8380,621
8381,911
8381,1399
8381,1616
8381,1729
8381,2133
8382,33
8382,198
8382,396
8382,1096
8382,5150
8383,3
8383,5
8383,191
8383,286
8383,303
8384,381
8384,382
8384,743
8384,744
8384,2221
8385,3
8385,132
8385,142
8385,583
8385,5279
8386,742
8386,744
8386,754
8386,1658
8386,1824
8387,237
8387,375
8387,447
8387,1002
8387,1664
8388,372
8388,507
8388,1479
8388,2030
8388,2178
8389,1
8389,3
8389,133
8389,384
8389,1043
8390,58
8390,130
8390,174
8390,538
8390,1528
8391,245
8391,288
8391,511
8391,2209
8391,3199
8392,133
8392,135
8392,233
8392,375
8392,378
8393,86
8393,133
8393,519
8393,520
8393,2281
8394,381
8394,382
8394,1545
8394,1697
8394,3860
8395,86
8395,237
8395,246
8395,800
8395,5280
8396,196
8396,1108
8396,5281
8396,5282
8396,5283
8397,1
8397,3
8397,510
8397,2364
8397,5284
8398,8
8398,52
8398,133
8398,516
8398,1284
8399,69
8399,295
8399,875
8399,964
8399,2689
8400,10
8400,70
8400,123
8400,395
8400,883
8401,84
8401,86
8401,689
8401,1494
8401,4060
8402,393
8402,552
8402,2128
8402,2262
8402,5285
8403,136
8403,191
8403,859
8403,937
8403,3287
8404,69
8404,107
8404,368
8404,1649
8404,1890
8405,198
8405,535
8405,637
8405,3377
8405,5286
8406,10
8406,55
8406,70
8406,71
8406,2512
8407,671
8407,1158
8407,4331
8407,5287
8407,5288
8408,23
8408,26
8408,517
8408,866
8408,2298
8409,54
8409,55
8409,154
8409,261
8409,3223
8410,9
8410,259
8410,266
8410,321
8410,563
8411,1918
8411,1920
8411,5289
8411,5290
8411,5291
8412,14
8412,160
8412,506
8412,682
8412,1323
8413,9
8413,37
8413,71
8413,105
8413,1770
8414,42
8414,395
8414,1094
8414,2665
8414,3937
8415,42
8415,274
8415,406
8415,685
8415,1377
8416,69
8416,510
8416,1969
8416,2946
8416,5292
8417,9
8417,23
8417,69
8417,266
8417,1463
8418,1041
8418,1096
8418,1608
8418,1830
8418,3287
8419,69
8419,321
8419,1611
8419,2547
8419,3788
8420,202
8420,835
8420,1060
8420,1510
8420,5293
8421,23
8421,430
8421,699
8421,3209
8421,3753
8422,13
8422,44
8422,126
8422,4351
8422,5294
8423,13
8423,14
8423,191
8423,1463
8423,1702
8424,32
8424,44
8424,83
8424,223
8424,428
8425,3
8425,164
8425,1603
8425,5104
8425,5295
8426,303
8426,834
8426,1463
8426,2031
8426,3194
8427,14
8427,136
8427,191
8427,321
8427,3323
8428,1
8428,13
8428,43
8428,123
8428,2436
8429,14
8429,506
8429,689
8429,1114
8429,1704
8430,9
8430,13
8430,1185
8430,1822
8430,2338
8431,13
8431,326
8431,1096
8431,1157
8431,4097
8432,1
8432,13
8432,64
8432,109
8432,297
8433,366
8433,389
8433,1043
8433,1463
8433,2445
8434,191
8434,869
8434,925
8434,1283
8434,1304
8435,69
8435,239
8435,325
8435,565
8435,1526
8436,1
8436,3
8436,2659
8436,2660
8437,103
8437,1385
8437,3723
8437,5296
8437,5297
8438,105
8438,287
8438,394
8438,433
8438,1301
8439,261
8439,264
8439,284
8439,464
8439,1164
8440,1
8440,109
8440,295
8440,842
8440,1417
8441,154
8441,3103
8441,4277
8441,5298
8441,5299
8442,2287
8442,2288
8442,5300
8442,5301
8442,5302
8443,9
8443,37
8443,126
8443,264
8443,3555
8444,191
8444,274
8444,668
8444,1470
8444,2344
8445,1069
8445,1096
8445,2676
8445,4759
8445,4772
8446,1
8446,9
8446,13
8446,77
8446,1157
8447,964
8447,1012
8447,2348
8447,2359
8447,5303
8448,3
8448,33
8448,286
8448,2292
8448,3184
8449,160
8449,256
8449,648
8449,693
8449,1369
8450,86
8450,239
8450,324
8450,3483
8450,5304
8451,223
8451,1096
8451,1494
8451,2293
8451,5305
8452,231
8452,1025
8452,1590
8452,3350
8452,5306
8453,10
8453,23
8453,50
8453,71
8453,303
8454,23
8454,288
8454,523
8454,1463
8454,3673
8455,12
8455,32
8455,159
8455,1096
8455,1211
8456,233
8456,883
8456,1096
8456,1697
8456,3317
8457,12
8457,287
8457,326
8457,635
8457,5307
8458,259
8458,337
8458,655
8458,1079
8458,1273
8459,9
8459,13
8459,1435
8459,1595
8459,4702
8460,465
8460,773
8460,1756
8460,1812
8460,5308
8461,344
8461,799
8461,898
8461,964
8461,5309
8462,44
8462,299
8462,595
8462,800
8462,1463
8463,46
8463,97
8463,321
8463,961
8463,964
8464,23
8464,41
8464,42
8464,303
8464,1293
8465,3
8465,13
8465,297
8465,1604
8465,4840
8466,23
8466,26
8466,27
8466,92
8466,102
8467,297
8467,983
8467,1173
8467,2192
8467,5310
8468,9
8468,177
8468,260
8468,261
8468,266
8469,672
8469,701
8469,1417
8469,2724
8469,2849
8470,3
8470,394
8470,1023
8470,3130
8470,5311
8471,1189
8471,1510
8471,2508
8471,2509
8471,5312
8472,9
8472,13
8472,30
8472,31
8472,1001
8473,33
8473,66
8473,93
8473,156
8473,442
8474,46
8474,126
8474,770
8474,964
8474,3380
8475,69
8475,136
8475,682
8475,1304
8475,1505
8476,64
8476,86
8476,288
8476,564
8476,1154
8477,9
8477,13
8477,981
8477,5227
8477,5313
8478,2164
8478,4804
8478,4859
8478,5314
8478,5315
8479,1
8479,3
8479,13
8479,191
8479,295
8480,537
8480,2988
8480,5316
8480,5317
8480,5318
8481,14
8481,135
8481,922
8481,1320
8481,2041
8482,15
8482,23
8482,58
8482,60
8482,5319
8483,2431
8483,3973
8483,5320
8483,5321
8483,5322
8484,9
8484,156
8484,264
8484,2020
8484,5323
8485,1
8485,3
8485,13
8485,71
8485,322
8486,126
8486,355
8486,549
8486,1096
8486,2773
8487,13
8487,31
8487,591
8487,864
8487,1096
8488,23
8488,399
8488,654
8488,1463
8488,2445
8489,948
8489,949
8489,1691
8489,5324
8489,5325
8490,71
8490,136
8490,452
8490,978
8490,1884
8491,321
8491,532
8491,533
8491,814
8491,5326
8492,23
8492,142
8492,356
8492,789
8492,1244
8493,23
8493,26
8493,102
8493,255
8493,517
8494,1
8494,3
8494,191
8494,964
8494,3394
8495,46
8495,51
8495,834
8495,2508
8495,3194
8496,13
8496,77
8496,159
8496,1502
8496,1503
8497,23
8497,51
8497,71
8497,93
8497,1012
8498,0
8498,3
8498,69
8498,3055
8498,4520
8499,1024
8499,1214
8499,4334
8499,5327
8499,5328
8500,323
8500,324
8500,870
8500,984
8500,1178
8501,13
8501,70
8501,71
8501,105
8501,1549
8502,23
8502,27
8502,179
8502,586
8502,700
8503,1
8503,23
8503,42
8503,104
8503,5329
8504,1
8504,3
8504,13
8504,555
8504,1417
8505,523
8505,1178
8505,1255
8505,1523
8505,4882
8506,321
8506,2089
8506,5330
8506,5331
8506,5332
8507,223
8507,1076
8507,1463
8507,1822
8507,3074
8508,3
8508,299
8508,393
8508,1043
8508,5333
8509,33
8509,57
8509,1032
8509,1338
8509,5334
8510,1394
8510,1517
8510,3940
8510,4410
8510,5335
8511,71
8511,654
8511,695
8511,5336
8511,5337
8512,854
8512,1132
8512,1261
8512,1262
8512,1852
8513,54
8513,69
8513,71
8513,523
8513,865
8514,188
8514,516
8514,931
8514,980
8514,981
8515,275
8515,980
8515,1549
8515,1880
8515,1969
8516,69
8516,2117
8516,2294
8516,2495
8516,2636
8517,1
8517,3
8517,13
8517,83
8517,511
8518,1
8518,13
8518,109
8518,111
8518,842
8519,133
8519,191
8519,1586
8519,2628
8519,3777
8520,1363
8520,1364
8520,4540
8520,4541
8520,4657
8521,1
8521,341
8521,370
8521,1352
8521,3595
8522,265
8522,337
8522,437
8522,655
8522,1273
8523,16
8523,23
8523,44
8523,179
8523,1345
8524,84
8524,126
8524,980
8524,981
8524,1321
8525,69
8525,191
8525,1004
8525,1304
8525,3772
8526,142
8526,612
8526,1655
8526,4018
8526,4352
8527,298
8527,2044
8527,2636
8527,5338
8527,5339
8528,2093
8528,4937
8528,5340
8528,5341
8528,5342
8529,5343
8529,5344
8529,5345
8529,5346
8529,5347
8530,55
8530,310
8530,724
8530,2841
8530,5348
8531,190
8531,364
8531,1536
8531,2070
8531,2131
8532,12
8532,13
8532,503
8532,1150
8532,5349
8533,14
8533,126
8533,133
8533,980
8533,2182
8534,3
8534,13
8534,64
8534,295
8534,5350
8535,1
8535,3
8535,13
8535,981
8535,5351
8536,13
8536,54
8536,57
8536,970
8536,1494
8537,3
8537,44
8537,103
8537,346
8537,5352
8538,1
8538,3
8538,133
8538,519
8538,2132
8539,1363
8539,1364
8539,1687
8539,2817
8539,4469
8540,13
8540,77
8540,132
8540,964
8540,980
8541,31
8541,253
8541,254
8541,437
8541,1194
8542,2093
8542,5340
8542,5353
8542,5354
8542,5355
8543,394
8543,1301
8543,5356
8543,5357
8543,5358
8544,1
8544,133
8544,621
8544,1150
8544,1462
8545,433
8545,510
8545,632
8545,757
8545,796
8546,1
8546,13
8546,42
8546,577
8546,738
8547,3
8547,279
8547,561
8547,707
8547,882
8548,10
8548,54
8548,219
8548,675
8548,723
8549,3
8549,69
8549,136
8549,2117
8549,2320
8550,61
8550,160
8550,899
8550,5359
8550,5360
8551,48
8551,105
8551,287
8551,433
8551,635
8552,136
8552,295
8552,3140
8552,5277
8552,5361
8553,1868
8553,1869
8553,3460
8553,3669
8553,4253
8554,103
8554,266
8554,1385
8554,1709
8554,3929
8555,13
8555,14
8555,133
8555,136
8555,1539
8556,324
8556,1004
8556,1020
8556,1248
8556,5362
8557,212
8557,800
8557,1043
8557,1235
8557,5363
8558,1
8558,5
8558,86
8558,133
8558,550
8559,23
8559,193
8559,654
8559,1333
8559,3555
8560,245
8560,246
8560,1191
8560,1286
8560,4354
8561,161
8561,290
8561,437
8561,516
8561,800
8562,83
8562,299
8562,527
8562,1043
8562,4315
8563,12
8563,980
8563,981
8563,1001
8563,1096
8564,314
8564,342
8564,389
8564,927
8564,3061
8565,3
8565,133
8565,191
8565,1259
8566,1
8566,13
8566,133
8566,740
8566,5364
8567,23
8567,32
8567,1630
8567,5365
8567,5366
8568,1
8568,3
8568,49
8568,1653
8568,1810
8569,1
8569,3
8569,592
8569,989
8569,1014
8570,1
8570,13
8570,50
8570,51
8570,1391
8571,3
8571,565
8571,1234
8571,1463
8571,4124
8572,91
8572,412
8572,494
8572,720
8572,721
8573,10
8573,55
8573,70
8573,71
8573,870
8574,32
8574,50
8574,54
8574,71
8574,288
8575,361
8575,842
8575,1137
8575,1709
8575,4631
8576,96
8576,170
8576,1017
8576,3023
8576,5367
8577,23
8577,31
8577,123
8577,258
8577,1072
8578,1
8578,32
8578,233
8578,241
8578,446
8579,23
8579,54
8579,55
8579,71
8579,1096
8580,69
8580,136
8580,295
8580,861
8580,1225
8581,12
8581,44
8581,635
8581,873
8581,5368
8582,33
8582,44
8582,71
8582,96
8582,834
8583,223
8583,429
8583,476
8583,735
8583,2198
8584,160
8584,193
8584,361
8584,503
8584,693
8585,68
8585,133
8585,1043
8585,2595
8585,2671
8586,71
8586,947
8586,1063
8586,5369
8586,5370
8587,23
8587,124
8587,871
8587,4162
8587,5142
8588,42
8588,303
8588,1094
8588,1695
8588,2723
8589,1
8589,23
8589,42
8589,964
8589,1688
8590,14
8590,69
8590,86
8590,4520
8590,5371
8591,1
8591,71
8591,510
8591,756
8591,5372
8592,23
8592,26
8592,27
8592,92
8592,102
8593,1
8593,3
8593,13
8593,1126
8593,1710
8594,613
8594,1014
8594,1221
8594,5002
8594,5373
8595,96
8595,924
8595,1096
8595,1853
8595,5374
8596,14
8596,66
8596,367
8596,631
8596,1338
8597,907
8597,1746
8597,3623
8597,5375
8597,5376
8598,293
8598,364
8598,380
8598,1810
8598,2956
8599,865
8599,980
8599,1616
8599,2182
8599,2761
8600,159
8600,223
8600,671
8600,985
8600,2671
8601,14
8601,135
8601,2115
8601,5377
8601,5378
8602,160
8602,258
8602,1369
8602,1883
8602,5379
8603,136
8603,295
8603,561
8603,1096
8603,1553
8604,304
8604,396
8604,635
8604,2967
8604,5380
8605,519
8605,542
8605,853
8605,1429
8605,1694
8606,86
8606,97
8606,237
8606,378
8606,689
8607,601
8607,1130
8607,2121
8607,4100
8607,5381
8608,12
8608,23
8608,419
8608,723
8608,1805
8609,14
8609,51
8609,142
8609,682
8609,2292
8610,254
8610,414
8610,415
8610,1194
8610,5382
8611,1
8611,3
8611,13
8611,136
8611,564
8612,32
8612,997
8612,1096
8612,3555
8612,4800
8613,2841
8613,5018
8613,5383
8613,5384
8613,5385
8614,0
8614,32
8614,303
8614,924
8614,1349
8615,9
8615,56
8615,266
8615,433
8615,1194
8616,9
8616,71
8616,3063
8616,5386
8616,5387
8617,3
8617,133
8618,23
8618,26
8618,27
8618,92
8618,102
8619,12
8619,46
8619,71
8619,77
8619,964
8620,342
8620,425
8620,654
8620,1713
8620,2766
8621,223
8621,600
8621,1463
8621,2817
8621,5388
8622,32
8622,145
8622,290
8622,936
8622,2971
8623,10
8623,32
8623,44
8623,70
8623,71
8624,528
8624,564
8624,1793
8624,1794
8624,2252
8625,5
8625,1487
8625,1713
8625,2344
8625,5389
8626,97
8626,853
8626,2651
8626,3055
8626,5390
8627,77
8627,321
8627,2182
8627,2211
8627,5235
8628,1
8628,13
8628,14
8628,981
8628,1714
8629,1023
8629,1435
8629,3159
8629,4180
8629,5391
8630,126
8630,180
8630,450
8630,723
8630,729
8631,916
8631,980
8631,1096
8631,2182
8631,5392
8632,523
8632,866
8632,1065
8632,1255
8632,3341
8633,2344
8633,2407
8633,5365
8633,5393
8633,5394
8634,61
8634,224
8634,233
8634,810
8634,5395
8635,2660
8635,2898
8635,4646
8635,5396
8635,5397
8636,155
8636,233
8636,364
8636,378
8636,612
8637,33
8637,136
8637,295
8637,466
8637,5277
8638,55
8638,314
8638,1546
8638,2617
8638,5398
8639,554
8639,603
8639,1823
8639,2599
8639,3227
8640,258
8640,299
8640,494
8640,1459
8640,5399
8641,86
8641,133
8641,689
8641,1640
8641,1700
8642,265
8642,317
8642,337
8642,655
8642,1273
8643,342
8643,373
8643,835
8643,3024
8643,5400
8644,155
8644,364
8644,618
8644,2766
8644,5401
8645,13
8645,20
8645,104
8645,654
8645,1096
8646,376
8646,848
8646,1043
8646,3074
8646,5402
8647,1
8647,3
8647,13
8647,516
8647,970
8648,133
8648,682
8648,964
8648,1463
8648,3856
8649,3
8649,133
8649,1085
8650,779
8650,976
8650,1023
8650,1056
8650,5403
8651,23
8651,287
8651,635
8651,1739
8651,3658
8652,3
8652,133
8652,191
8652,406
8652,623
8653,73
8653,439
8653,449
8653,1210
8653,3088
8654,14
8654,51
8654,344
8654,631
8654,963
8655,12
8655,13
8655,23
8655,233
8655,967
8656,544
8656,545
8656,4414
8656,4726
8656,5404
8657,31
8657,212
8657,573
8657,1076
8657,1195
8658,136
8658,159
8658,1043
8658,1463
8658,2445
8659,1
8659,58
8659,133
8659,682
8659,4067
8660,1364
8660,3846
8660,4646
8660,4762
8660,5168
8661,1
8661,3
8661,233
8661,1907
8661,2014
8662,342
8662,2851
8662,3065
8662,3347
8662,4133
8663,14
8663,17
8663,160
8663,212
8663,693
8664,32
8664,159
8664,262
8664,1043
8664,5405
8665,10
8665,23
8665,70
8665,71
8665,723
8666,77
8666,78
8666,81
8666,84
8666,1674
8667,42
8667,73
8667,406
8667,521
8667,685
8668,618
8668,864
8668,1096
8668,2182
8668,5406
8669,64
8669,69
8669,233
8669,376
8669,1546
8670,69
8670,191
8670,239
8670,295
8670,406
8671,3
8671,5407
8671,5408
8672,1
8672,13
8672,32
8672,1096
8672,2358
8673,84
8673,966
8673,970
8673,2472
8673,3380
8674,9
8674,13
8674,31
8674,1096
8674,2358
8675,46
8675,228
8675,403
8675,686
8675,1246
8676,108
8676,109
8676,842
8676,2905
8676,5409
8677,13
8677,73
8677,449
8677,583
8677,1043
8678,381
8678,382
8678,742
8678,744
8678,754
8679,361
8679,364
8679,868
8679,995
8679,4873
8680,5
8680,156
8680,464
8680,723
8680,2142
8681,10
8681,55
8681,181
8681,1043
8681,1463
8682,107
8682,126
8682,964
8682,1451
8682,1462
8683,69
8683,136
8683,2636
8683,3682
8683,5410
8684,71
8684,1096
8684,1435
8684,3033
8684,5411
8685,198
8685,293
8685,295
8685,621
8685,2573
8686,1
8686,3
8686,13
8686,86
8686,581
8687,9
8687,71
8687,126
8687,980
8687,2182
8688,54
8688,70
8688,71
8688,126
8688,980
8689,42
8689,104
8689,233
8689,652
8689,1096
8690,509
8690,561
8690,971
8690,1595
8690,1596
8691,9
8691,12
8691,23
8691,31
8691,4053
8692,136
8692,561
8692,1485
8692,2893
8692,5412
8693,3
8693,133
8694,1
8694,69
8694,510
8694,1096
8694,2264
8695,14
8695,86
8695,135
8695,1155
8695,1522
8696,135
8696,2124
8696,3055
8696,5413
8696,5414
8697,50
8697,71
8697,1096
8697,1237
8697,3466
8698,3
8698,133
8699,820
8699,2495
8699,2692
8699,3559
8699,4202
8700,3
8700,133
8700,191
8700,1063
8701,286
8701,507
8701,1074
8701,1096
8701,3323
8702,105
8702,223
8702,266
8702,447
8702,811
8703,0
8703,15
8703,858
8703,5415
8703,5416
8704,1
8704,388
8704,1078
8704,1096
8704,2350
8705,59
8705,73
8705,109
8705,842
8705,3381
8706,23
8706,93
8706,565
8706,842
8706,964
8707,42
8707,82
8707,879
8707,1670
8707,2945
8708,1
8708,23
8708,723
8708,1456
8708,1869
8709,457
8709,1391
8709,4383
8709,5417
8709,5418
8710,1
8710,3
8710,303
8710,5419
8711,2510
8711,4580
8711,5420
8711,5421
8711,5422
8712,161
8712,162
8712,945
8712,3836
8712,4556
8713,3
8713,133
8713,1202
8713,3485
8714,911
8714,2133
8714,5423
8714,5424
8714,5425
8715,330
8715,773
8715,1036
8715,1810
8715,3012
8716,364
8716,873
8716,931
8716,1096
8716,4112
8717,381
8717,382
8717,742
8717,744
8717,754
8718,96
8718,160
8718,516
8718,723
8718,1096
8719,9
8719,154
8719,227
8719,1463
8719,4611
8720,105
8720,394
8720,1096
8720,2359
8720,3687
8721,23
8721,121
8721,244
8721,612
8721,1002
8722,1189
8722,1235
8722,1463
8722,1939
8722,2222
8723,32
8723,223
8723,290
8723,446
8723,710
8724,618
8724,894
8724,1737
8724,4394
8724,5426
8725,265
8725,337
8725,436
8725,655
8725,1273
8726,433
8726,503
8726,567
8726,1096
8726,1494
8727,459
8727,534
8727,666
8727,3497
8727,4686
8728,54
8728,123
8728,310
8728,2841
8728,5427
8729,14
8729,86
8729,237
8729,506
8729,583
8730,32
8730,71
8730,145
8730,1096
8730,1463
8731,265
8731,337
8731,437
8731,655
8731,1273
8732,3
8732,133
8733,13
8733,519
8733,701
8733,2477
8733,2637
8734,380
8734,603
8734,977
8734,1702
8734,1969
8735,23
8735,121
8735,1102
8735,1426
8735,3101
8736,106
8736,264
8736,635
8736,1164
8736,5428
8737,23
8737,73
8737,295
8737,303
8737,1188
8738,14
8738,135
8738,191
8738,2495
8738,3692
8739,1
8739,52
8739,707
8739,1445
8739,5429
8740,3
8740,8
8740,14
8740,133
8740,191
8741,3
8741,13
8741,242
8741,295
8741,3248
8742,1
8742,69
8742,133
8742,136
8742,1108
8743,23
8743,241
8743,422
8743,1043
8743,2539
8744,13
8744,77
8744,295
8744,967
8744,2122
8745,27
8745,102
8745,657
8745,1043
8745,4201
8746,1
8746,13
8746,83
8746,198
8746,654
8747,544
8747,642
8747,2017
8747,2442
8747,2693
8748,32
8748,121
8748,145
8748,652
8748,1096
8749,193
8749,342
8749,921
8749,3797
8749,5430
8750,23
8750,26
8750,27
8750,92
8750,102
8751,12
8751,13
8751,723
8751,1096
8751,1115
8752,44
8752,55
8752,123
8752,337
8752,1463
8753,437
8753,655
8753,783
8753,784
8753,1273
8754,3
8754,5431
8754,5432
8754,5433
8754,5434
8755,23
8755,93
8755,132
8755,159
8755,2225
8756,23
8756,237
8756,331
8756,964
8756,1209
8757,1
8757,13
8757,23
8757,73
8757,1812
8758,23
8758,458
8758,654
8758,1697
8758,2439
8759,57
8759,109
8759,303
8759,970
8759,1022
8760,3
8760,1445
8760,1497
8760,3802
8760,5435
8761,244
8761,424
8761,425
8761,633
8761,1384
8762,136
8762,191
8762,295
8762,4566
8762,5436
8763,538
8763,592
8763,964
8763,5369
8763,5437
8764,42
8764,60
8764,104
8764,1096
8764,3810
8765,13
8765,126
8765,133
8765,682
8765,1019
8766,487
8766,1425
8766,2180
8766,5438
8766,5439
8767,17
8767,923
8767,1137
8767,2221
8767,3746
8768,3
8768,384
8768,1085
8768,5440
8768,5441
8769,13
8769,287
8769,510
8769,4646
8769,5442
8770,13
8770,133
8770,494
8770,689
8770,1338
8771,883
8771,1417
8771,1698
8771,2946
8771,5443
8772,3
8772,1873
8772,2358
8772,3654
8772,4831
8773,73
8773,303
8773,977
8773,1643
8773,1645
8774,142
8774,524
8774,706
8774,2044
8774,2699
8775,1
8775,13
8775,128
8775,654
8775,3673
8776,133
8776,1417
8776,1525
8776,3379
8776,5444
8777,23
8777,27
8777,61
8777,446
8777,5445
8778,3100
8778,4734
8778,5446
8778,5447
8778,5448
8779,9
8779,976
8779,1368
8779,5449
8779,5450
8780,3
8780,170
8780,2806
8781,46
8781,364
8781,750
8781,957
8781,1469
8782,1108
8782,1598
8782,2665
8782,5283
8782,5451
8783,338
8783,1368
8783,1823
8783,2349
8783,5452
8784,3
8784,13
8784,69
8784,142
8784,174
8785,86
8785,1025
8785,1590
8785,4330
8785,5453
8786,1
8786,13
8786,384
8786,620
8786,1043
8787,10
8787,54
8787,55
8787,70
8787,516
8788,265
8788,337
8788,436
8788,1005
8788,1273
8789,58
8789,84
8789,97
8789,133
8789,516
8790,52
8790,5438
8790,5454
8790,5455
8790,5456
8791,14
8791,69
8791,133
8791,191
8791,1586
8792,1
8792,61
8792,139
8792,233
8792,3626
8793,3
8793,132
8793,1543
8793,2477
8793,2948
8794,3
8794,525
8794,779
8794,1063
8794,1942
8795,1
8795,13
8795,107
8795,126
8795,177
8796,1397
8796,1746
8796,2857
8796,5457
8796,5458
8797,23
8797,961
8797,1595
8797,1596
8797,2775
8798,23
8798,24
8798,41
8798,42
8798,1188
8799,3
8799,110
8799,133
8799,373
8799,5459
8800,723
8800,970
8800,1096
8800,1321
8800,5460
8801,136
8801,1873
8801,2358
8801,3204
8801,5461
8802,0
8802,77
8802,132
8802,989
8802,3077
8803,69
8803,86
8803,258
8803,691
8803,1649
8804,32
8804,136
8804,561
8804,1383
8804,1859
8805,50
8805,77
8805,133
8805,561
8805,964
8806,55
8806,219
8806,536
8806,1089
8806,5462
8807,3
8807,133
8807,1707
8808,1
8808,32
8808,44
8808,83
8808,177
8809,244
8809,364
8809,503
8809,690
8809,3338
8810,1
8810,3
8810,133
8810,228
8810,402
8811,322
8811,972
8811,1525
8811,3022
8811,4520
8812,206
8812,491
8812,809
8812,1232
8812,5463
8813,3
8813,330
8813,1209
8813,1253
8813,5464
8814,321
8814,1391
8814,2387
8814,5465
8814,5466
8815,130
8815,301
8815,966
8815,1106
8815,1451
8816,14
8816,51
8816,378
8816,465
8816,1096
8817,492
8817,537
8817,559
8817,812
8817,2369
8818,237
8818,295
8818,1043
8818,1096
8818,1321
8819,23
8819,27
8819,92
8819,102
8819,255
8820,1
8820,9
8820,13
8820,71
8820,109
8821,212
8821,508
8821,1096
8821,1592
8821,4841
8822,3
8822,198
8822,295
8822,5467
8822,5468
8823,50
8823,51
8823,142
8823,233
8823,299
8824,23
8824,26
8824,27
8824,92
8824,699
8825,54
8825,160
8825,432
8825,612
8825,830
8826,1
8826,14
8826,191
8826,561
8826,971
8827,1
8827,13
8827,437
8827,516
8827,638
8828,457
8828,1737
8828,4021
8828,4394
8828,5469
8829,1
8829,37
8829,142
8829,1096
8829,3555
8830,3
8830,133
8831,1
8831,9
8831,31
8831,237
8831,312
8832,198
8832,1371
8832,2218
8832,4382
8832,4766
8833,32
8833,37
8833,38
8833,1991
8833,2828
8834,1
8834,23
8834,61
8834,399
8834,692
8835,67
8835,183
8835,207
8835,209
8835,442
8836,264
8836,378
8836,1001
8836,1096
8836,1164
8837,1339
8837,3070
8837,3072
8837,5254
8837,5470
8838,23
8838,27
8838,92
8838,102
8838,699
8839,1
8839,32
8839,145
8839,873
8839,2622
8840,23
8840,31
8840,290
8840,361
8840,710
8841,92
8841,1096
8841,1417
8841,1846
8841,5168
8842,1
8842,13
8842,346
8842,1463
8842,4496
8843,233
8843,364
8843,368
8843,1463
8843,1823
8844,51
8844,52
8844,77
8844,136
8844,378
8845,1
8845,3
8845,13
8845,654
8845,5471
8846,3
8846,1085
8846,5018
8846,5472
8846,5473
8847,10
8847,50
8847,71
8847,572
8847,5391
8848,3
8848,133
8848,561
8848,5474
8848,5475
8849,86
8849,160
8849,237
8849,4839
8849,5476
8850,23
8850,27
8850,92
8850,102
8850,255
8851,144
8851,223
8851,948
8851,1126
8851,2582
8852,437
8852,723
8852,3269
8852,5477
8852,5478
8853,43
8853,54
8853,96
8853,233
8853,759
8854,1
8854,193
8854,364
8854,879
8854,1096
8855,551
8855,4161
8855,4162
8855,4401
8855,4402
8856,23
8856,123
8856,133
8856,1822
8856,4253
8857,935
8857,1004
8857,3327
8857,5479
8857,5480
8858,233
8858,330
8858,976
8858,1209
8858,3217
8859,9
8859,13
8859,564
8859,1463
8859,1793
8860,69
8860,870
8860,1526
8860,2636
8860,5481
8861,17
8861,923
8861,987
8861,1277
8861,5482
8862,1
8862,13
8862,105
8862,662
8862,1096
8863,14
8863,67
8863,84
8863,542
8863,635
8864,3
8864,12
8864,13
8864,44
8864,695
8865,23
8865,26
8865,27
8865,41
8865,92
8866,32
8866,120
8866,612
8866,690
8866,5483
8867,582
8867,933
8867,1592
8867,2267
8867,5235
8868,14
8868,86
8868,135
8868,516
8868,1426
8869,179
8869,337
8869,437
8869,865
8869,1096
8870,1
8870,3
8870,13
8870,14
8870,142
8871,3
8871,14
8871,758
8871,937
8871,2834
8872,3
8872,133
8872,501
8872,5484
8873,1
8873,10
8873,13
8873,128
8873,1463
8874,133
8874,519
8874,689
8874,1763
8874,2742
8875,133
8875,191
8875,542
8875,566
8875,853
8876,136
8876,1849
8876,3248
8876,3249
8876,5485
8877,32
8877,145
8877,260
8877,429
8877,1096
8878,3
8878,133
8878,1085
8879,3
8879,61
8879,388
8879,2203
8879,5486
8880,13
8880,83
8880,121
8880,290
8880,1096
8881,3
8881,13
8881,295
8881,4646
8881,4840
8882,1
8882,3
8882,13
8882,107
8882,1944
8883,9
8883,414
8883,2473
8883,5487
8883,5488
8884,1445
8884,2335
8884,2426
8884,5205
8884,5489
8885,3
8885,133
8885,5490
8886,81
8886,317
8886,337
8886,655
8886,786
8887,342
8887,609
8887,1096
8887,2280
8887,3846
8888,109
8888,924
8888,1281
8888,2356
8888,5491
8889,9
8889,502
8889,603
8889,870
8889,883
8890,10
8890,55
8890,123
8890,536
8890,5492
8891,73
8891,109
8891,842
8891,1126
8891,1510
8892,23
8892,48
8892,103
8892,212
8892,654
8893,23
8893,26
8893,27
8893,41
8893,699
8894,295
8894,641
8894,1096
8894,4762
8894,5493
8895,13
8895,907
8895,980
8895,1096
8895,3287
8896,12
8896,42
8896,104
8896,303
8896,723
8897,10
8897,55
8897,192
8897,536
8897,5494
8898,212
8898,444
8898,810
8898,2582
8898,2941
8899,69
8899,1596
8899,1765
8899,2775
8899,3692
8900,73
8900,507
8900,4503
8900,5495
8900,5496
8901,3
8901,61
8901,133
8901,2804
8901,5497
8902,1
8902,10
8902,13
8902,71
8902,219
8903,46
8903,54
8903,130
8903,447
8903,966
8904,2247
8904,4843
8904,5498
8904,5499
8904,5500
8905,233
8905,303
8905,446
8905,1096
8905,4132
8906,13
8906,32
8906,723
8906,1463
8906,5501
8907,1
8907,3
8907,13
8907,24
8907,1042
8908,1
8908,13
8908,23
8908,837
8908,1463
8909,198
8909,233
8909,303
8909,1188
8909,1586
8910,71
8910,419
8910,436
8910,1321
8910,4495
8911,3
8911,61
8911,2804
8911,5441
8912,3
8912,133
8912,5502
8913,49
8913,126
8913,641
8913,966
8913,2182
8914,14
8914,364
8914,605
8914,990
8914,1714
8915,9
8915,12
8915,527
8915,564
8915,1043
8916,314
8916,397
8916,564
8916,1442
8916,5503
8917,192
8917,350
8917,2464
8917,2465
8917,2960
8918,635
8918,1096
8918,5261
8918,5504
8918,5505
8919,71
8919,77
8919,433
8919,964
8919,2098
8920,3
8920,33
8920,360
8920,3626
8920,3924
8921,1
8921,13
8921,422
8921,1096
8921,1463
8922,123
8922,233
8922,1339
8922,1411
8922,1923
8923,14
8923,86
8923,142
8923,1065
8923,1321
8924,487
8924,1425
8924,2180
8924,5439
8924,5506
8925,78
8925,84
8925,300
8925,301
8925,2099
8926,14
8926,69
8926,142
8926,523
8926,1096
8927,1
8927,23
8927,61
8927,750
8927,970
8928,23
8928,94
8928,1338
8928,2431
8928,3042
8929,71
8929,107
8929,4868
8929,5507
8929,5508
8930,260
8930,317
8930,655
8930,970
8930,1463
8931,265
8931,655
8931,783
8931,784
8931,1050
8932,23
8932,180
8932,1157
8932,1796
8932,5509
8933,3
8933,133
8933,5510
8934,133
8934,703
8934,5441
8934,5511
8934,5512
8935,13
8935,51
8935,142
8935,227
8935,964
8936,14
8936,33
8936,52
8936,321
8936,964
8937,1
8937,3
8937,835
8937,1887
8937,3648
8938,51
8938,132
8938,964
8938,979
8938,1252
8939,23
8939,126
8939,128
8939,654
8939,1096
8940,1
8940,61
8940,223
8940,1211
8940,5513
8941,5514
8941,5515
8941,5516
8941,5517
8941,5518
8942,9
8942,222
8942,758
8942,1001
8942,1097
8943,49
8943,50
8943,191
8943,321
8943,507
8944,3
8944,84
8944,107
8944,750
8944,2182
8945,1
8945,13
8945,86
8945,133
8945,364
8946,54
8946,71
8946,916
8946,2182
8946,5519
8947,265
8947,655
8947,723
8947,784
8947,1273
8948,23
8948,26
8948,27
8948,92
8948,102
8949,510
8949,911
8949,1683
8949,1696
8949,2447
8950,86
8950,311
8950,436
8950,494
8950,691
8951,198
8951,303
8951,709
8951,1096
8951,5520
8952,233
8952,465
8952,1036
8952,1810
8952,2387
8953,1
8953,3
8953,13
8953,33
8953,1463
8954,899
8954,957
8954,1320
8954,1664
8954,5521
8955,67
8955,227
8955,324
8955,687
8955,1012
8956,126
8956,516
8956,980
8956,1719
8956,2360
8957,1056
8957,1096
8957,1256
8957,1731
8957,2282
8958,1
8958,3
8958,61
8958,723
8958,2361
8959,2173
8959,2174
8959,5522
8959,5523
8959,5524
8960,51
8960,343
8960,720
8960,721
8960,2636
8961,10
8961,237
8961,433
8961,1114
8961,1985
8962,33
8962,69
8962,516
8962,1096
8962,2495
8963,71
8963,516
8963,865
8963,980
8963,2182
8964,188
8964,190
8964,295
8964,964
8964,1377
8965,1
8965,232
8965,288
8965,297
8965,314
8966,3
8966,153
8966,5525
8967,139
8967,502
8967,648
8967,1043
8967,3488
8968,1
8968,3
8968,86
8968,133
8968,1674
8969,23
8969,3487
8969,3941
8969,5526
8969,5527
8970,31
8970,32
8970,42
8970,536
8970,1013
8971,321
8971,396
8971,456
8971,853
8971,5456
8972,3
8972,133
8972,188
8972,191
8972,1648
8973,32
8973,233
8973,326
8973,426
8973,443
8974,3
8974,13
8974,295
8974,299
8974,388
8975,3
8975,13
8975,107
8975,191
8976,13
8976,23
8976,61
8976,71
8976,980
8977,3
8977,13
8977,107
8978,3
8978,13
8978,44
8978,632
8978,2622
8979,50
8979,51
8979,133
8979,174
8979,295
8980,61
8980,233
8980,966
8980,967
8980,970
8981,1
8981,291
8981,344
8981,496
8981,1176
8982,64
8982,314
8982,519
8982,976
8982,3097
8983,511
8983,619
8983,1284
8983,1417
8983,1904
8984,299
8984,800
8984,2347
8984,5528
8984,5529
8985,377
8985,393
8985,3450
8985,4611
8985,5530
8986,0
8986,523
8986,612
8986,652
8986,1178
8987,96
8987,516
8987,693
8987,1469
8987,2259
8988,233
8988,364
8988,523
8988,1293
8988,1912
8989,97
8989,136
8989,382
8989,2270
8989,3993
8990,253
8990,445
8990,920
8990,2630
8990,4429
8991,14
8991,193
8991,246
8991,364
8991,425
8992,71
8992,567
8992,1709
8992,2145
8992,2417
8993,13
8993,937
8993,2468
8993,3397
8993,5531
8994,1
8994,13
8994,219
8994,370
8994,4495
8995,439
8995,538
8995,1252
8995,1377
8995,1838
8996,3
8996,13
8996,107
8996,160
8996,5262
8997,43
8997,290
8997,303
8997,381
8997,2293
8998,86
8998,671
8998,1233
8998,1822
8998,5532
8999,1
8999,364
8999,1096
8999,1955
8999,4381
9000,23
9000,142
9000,800
9000,1022
9000,1096
9001,14
9001,54
9001,126
9001,291
9001,1096
9002,258
9002,738
9002,904
9002,1463
9002,1713
9003,48
9003,126
9003,304
9003,2182
9003,5533
9004,507
9004,1364
9004,1687
9004,3872
9004,5534
9005,145
9005,336
9005,870
9005,1255
9005,5535
9006,96
9006,238
9006,552
9006,759
9006,1043
9007,80
9007,1479
9007,1687
9007,5536
9007,5537
9008,1
9008,13
9008,86
9008,738
9008,2982
9009,193
9009,271
9009,1348
9009,1350
9009,5538
9010,13
9010,212
9010,233
9010,436
9010,5539
9011,1965
9011,1966
9011,1971
9011,2653
9011,4157
9012,3
9012,13
9012,107
9012,5540
9013,193
9013,295
9013,1603
9013,2659
9013,3198
9014,391
9014,770
9014,854
9014,970
9014,980
9015,126
9015,301
9015,792
9015,981
9015,1578
9016,485
9016,490
9016,491
9016,1086
9016,2147
9017,124
9017,237
9017,516
9017,1705
9017,4699
9018,1
9018,3
9018,23
9018,124
9018,508
9019,23
9019,159
9019,300
9019,581
9019,5541
9020,126
9020,602
9020,688
9020,2113
9020,4796
9021,77
9021,126
9021,980
9021,981
9021,2182
9022,1
9022,3
9022,9
9022,13
9022,380
9023,9
9023,32
9023,204
9023,3453
9023,5542
9024,1
9024,3
9024,13
9024,707
9024,921
9025,465
9025,4165
9025,4849
9025,5543
9025,5544
9026,1
9026,44
9026,54
9026,124
9026,2355
9027,13
9027,301
9027,433
9027,436
9027,966
9028,1
9028,3
9028,49
9028,1108
9028,1653
9029,1
9029,3
9029,2103
9029,5545
9029,5546
9030,1
9030,3
9030,13
9030,951
9030,5547
9031,480
9031,621
9031,966
9031,2099
9031,2223
9032,3
9032,61
9032,966
9032,2548
9032,5548
9033,50
9033,364
9033,618
9033,1076
9033,1280
9034,14
9034,86
9034,191
9034,561
9034,2586
9035,14
9035,135
9035,310
9035,2014
9035,2528
9036,907
9036,1850
9036,2451
9036,2721
9036,5549
9037,23
9037,94
9037,5550
9037,5551
9037,5552
9038,23
9038,55
9038,228
9038,1426
9038,1704
9039,49
9039,519
9039,744
9039,754
9039,859
9040,14
9040,70
9040,419
9040,980
9040,2182
9041,1
9041,3
9041,15
9041,3652
9041,5552
9042,23
9042,27
9042,699
9042,1033
9042,5553
9043,3
9043,13
9043,460
9043,2697
9043,3487
9044,61
9044,75
9044,234
9044,2044
9044,5554
9045,83
9045,223
9045,233
9045,1262
9045,1395
9046,12
9046,42
9046,82
9046,104
9046,2722
9047,17
9047,1076
9047,1690
9047,1766
9047,5555
9048,160
9048,212
9048,690
9048,1272
9048,3666
9049,23
9049,51
9049,54
9049,77
9049,133
9050,14
9050,86
9050,237
9050,873
9050,4060
9051,50
9051,51
9051,342
9051,1238
9051,1862
9052,51
9052,57
9052,163
9052,399
9052,1066
9053,61
9053,348
9053,494
9053,970
9053,3291
9054,23
9054,93
9054,208
9054,482
9054,5556
9055,1
9055,3
9055,233
9055,555
9056,1
9056,33
9056,61
9056,245
9056,2015
9057,1
9057,3
9057,23
9057,168
9057,923
9058,3
9058,13
9058,97
9058,321
9058,561
9059,23
9059,55
9059,160
9059,287
9059,401
9060,23
9060,93
9060,692
9060,693
9060,1174
9061,32
9061,436
9061,516
9061,955
9061,1494
9062,1
9062,61
9062,96
9062,384
9062,565
9063,1
9063,3
9063,13
9063,83
9063,357
9064,50
9064,51
9064,126
9064,981
9064,4796
9065,71
9065,219
9065,832
9065,1076
9065,2983
9066,3
9066,13
9066,516
9066,964
9066,967
9067,3
9067,128
9067,861
9067,1549
9067,4080
9068,13
9068,375
9068,516
9068,1494
9068,2326
9069,1
9069,330
9069,577
9069,652
9069,5557
9070,1
9070,13
9070,233
9070,455
9070,461
9071,12
9071,13
9071,260
9071,635
9071,796
9072,13
9072,126
9072,1494
9072,2124
9072,3004
9073,12
9073,219
9073,337
9073,516
9073,970
9074,561
9074,1019
9074,4334
9074,5558
9074,5559
9075,9
9075,106
9075,126
9075,264
9075,1549
9076,3
9076,13
9076,69
9076,107
9076,360
9077,1
9077,299
9077,981
9077,1713
9077,2192
9078,13
9078,14
9078,357
9078,723
9078,5560
9079,136
9079,279
9079,869
9079,5561
9079,5562
9080,191
9080,388
9080,533
9080,1488
9080,1577
9081,14
9081,135
9081,170
9081,1075
9081,2179
9082,3
9082,13
9082,58
9082,107
9083,133
9083,191
9083,1001
9083,3258
9083,5563
9084,1
9084,13
9084,287
9084,391
9084,1549
9085,864
9085,1690
9085,1766
9085,4620
9085,4621
9086,1
9086,69
9086,970
9086,1006
9086,1701
9087,3
9087,13
9087,14
9087,796
9087,2382
9088,3
9088,380
9088,1023
9088,1969
9088,2867
9089,159
9089,634
9089,723
9089,1476
9089,4126
9090,69
9090,133
9090,136
9090,364
9090,1006
9091,14
9091,133
9091,142
9091,691
9091,971
9092,300
9092,894
9092,1333
9092,5564
9092,5565
9093,135
9093,160
9093,510
9093,3504
9093,4367
9094,263
9094,682
9094,2234
9094,2636
9094,5566
9095,1
9095,3
9095,258
9095,346
9095,555
9096,465
9096,564
9096,947
9096,1036
9096,5567
9097,1
9097,3
9097,233
9097,1822
9097,5568
9098,23
9098,160
9098,212
9098,399
9098,693
9099,223
9099,691
9099,1459
9099,2722
9099,5569
9100,9
9100,54
9100,126
9100,237
9100,4171
9101,1
9101,3
9101,497
9101,499
9101,1923
9102,1
9102,3
9102,67
9102,861
9102,1198
9103,23
9103,290
9103,342
9103,388
9103,2188
9104,1
9104,13
9104,42
9104,82
9104,106
9105,1
9105,23
9105,191
9105,233
9105,691
9106,84
9106,191
9106,322
9106,1519
9106,2845
9107,3
9107,14
9107,279
9107,2628
9107,4499
9108,56
9108,796
9108,1503
9108,2204
9108,5570
9109,1
9109,12
9109,13
9109,861
9109,865
9110,1
9110,13
9110,324
9110,445
9110,523
9111,13
9111,14
9111,135
9111,156
9111,933
9112,223
9112,516
9112,523
9112,865
9112,1022
9113,1
9113,3
9113,23
9113,32
9113,652
9114,13
9114,14
9114,86
9114,133
9114,1890
9115,3
9115,191
9115,913
9115,4885
9115,5571
9116,23
9116,27
9116,67
9116,93
9116,209
9117,1
9117,3
9117,140
9117,5572
9117,5573
9118,324
9118,723
9118,800
9118,1923
9118,1992
9119,1
9119,3
9119,13
9119,32
9119,652
9120,0
9120,23
9120,26
9120,27
9120,311
9121,1
9121,13
9121,652
9121,1923
9121,2622
9122,13
9122,50
9122,107
9122,155
9122,690
9123,223
9123,489
9123,552
9123,916
9123,981
9124,1
9124,13
9124,14
9124,142
9124,1664
9125,69
9125,295
9125,364
9125,2495
9125,3055
9126,3
9126,107
9126,132
9126,643
9126,5574
9127,126
9127,726
9127,966
9127,981
9127,2182
9128,52
9128,136
9128,1304
9128,1329
9128,3090
9129,1
9129,3
9129,13
9129,357
9129,461
9130,1
9130,3
9130,13
9130,63
9130,393
9131,69
9131,324
9131,325
9131,360
9131,2179
9132,13
9132,227
9132,414
9132,1280
9132,5575
9133,882
9133,937
9133,1936
9133,3632
9133,5576
9134,136
9134,191
9134,1248
9134,1991
9134,2059
9135,13
9135,69
9135,1004
9135,2517
9135,4510
9136,192
9136,990
9136,1745
9136,2135
9136,2315
9137,9
9137,632
9137,4131
9137,4132
9137,4133
9138,120
9138,296
9138,494
9138,1713
9138,4976
9139,419
9139,420
9139,1831
9139,2356
9139,5577
9140,412
9140,584
9140,955
9140,980
9140,1323
9141,13
9141,136
9141,266
9141,869
9141,981
9142,3
9142,13
9142,23
9142,107
9143,3
9143,13
9143,303
9143,1620
9143,3734
9144,13
9144,723
9144,980
9144,1045
9144,5578
9145,3
9145,5484
9146,51
9146,516
9146,786
9146,967
9146,1426
9147,1
9147,13
9147,223
9147,233
9147,758
9148,3
9148,13
9148,258
9148,516
9148,970
9149,9
9149,54
9149,1945
9149,5579
9149,5580
9150,1
9150,13
9150,32
9150,109
9150,145
9151,689
9151,981
9151,1275
9151,1321
9151,3733
9152,123
9152,701
9152,738
9152,1536
9152,2188
9153,49
9153,84
9153,980
9153,981
9153,2182
9154,69
9154,136
9154,561
9154,947
9154,981
9155,3
9155,13
9155,107
9155,5581
9156,3
9156,44
9156,107
9156,336
9156,5582
9157,3
9157,1023
9157,5583
9158,3
9158,14
9158,135
9158,153
9158,286
9159,3
9159,13
9159,107
9159,873
9160,3
9160,13
9160,32
9160,44
9160,1426
9161,13
9161,77
9161,419
9161,865
9161,1338
9162,3
9162,44
9162,245
9162,970
9162,5584
9163,1
9163,3
9163,13
9163,654
9163,5584
9164,1
9164,3
9164,13
9164,577
9164,5585
9165,3
9165,13
9165,44
9165,107
9165,5586
9166,3
9166,13
9166,44
9166,142
9166,5587
9167,3
9167,13
9167,107
9167,759
9167,2349
9168,3
9168,13
9168,107
9168,2624
9168,5588
9169,96
9169,107
9169,348
9169,925
9169,5571
9170,3
9170,13
9170,107
9171,15
9171,591
9171,1591
9171,2614
9171,5589
9172,3
9172,13
9172,61
9172,107
9172,555
9173,86
9173,303
9173,743
9173,1442
9173,1586
9174,3
9174,13
9174,32
9174,44
9174,107
9175,3
9175,13
9175,317
9175,655
9175,5590
9176,3
9176,13
9176,61
9176,1076
9176,5591
9177,3
9177,368
9177,932
9177,4166
9177,5592
9178,3
9178,44
9178,107
9178,5262
9179,612
9179,3284
9179,3454
9179,4840
9179,5593
9180,3
9180,44
9180,107
9180,1997
9181,3
9181,13
9181,107
9181,3236
9182,3
9182,13
9182,136
9182,3159
9182,5594
9183,3
9183,13
9183,107
9183,5595
9183,5596
9184,3
9184,44
9184,348
9184,1883
9184,5597
9185,907
9185,908
9185,909
9185,2721
9185,2781
9186,3
9186,13
9186,107
9186,126
9186,287
9187,3
9187,13
9187,32
9187,44
9187,107
9188,3
9188,13
9188,107
9188,136
9188,286
9189,13
9189,57
9189,86
9189,133
9189,1006
9190,3
9190,13
9190,61
9190,2553
9190,4255
9191,3
9191,13
9191,23
9191,44
9191,5598
9192,3
9192,10
9192,13
9192,44
9192,433
9193,3
9193,10
9193,13
9193,44
9193,107
9194,3
9194,44
9194,585
9194,2590
9194,5599
9195,3
9195,13
9195,107
9195,295
9195,303
9196,3
9196,13
9196,107
9196,153
9197,3
9197,13
9197,44
9197,107
9197,5600
9198,3
9198,44
9198,107
9198,4121
9198,5408
9199,3
9199,13
9199,61
9199,970
9199,5601
9200,28
9200,58
9200,96
9200,233
9200,511
9201,3
9201,13
9201,104
9201,107
9201,1297
9202,3
9202,44
9202,399
9202,5602
9202,5603
9203,0
9203,15
9203,564
9203,1323
9203,2251
9204,3
9204,13
9204,107
9204,153
9204,161
9205,3
9205,13
9205,107
9205,192
9205,577
9206,3
9206,13
9206,107
9206,648
9207,3
9207,13
9207,107
9207,1912
9207,5584
9208,3
9208,13
9208,23
9208,44
9208,107
9209,3
9209,191
9209,286
9209,2524
9210,3
9210,13
9210,107
9210,2191
9211,3
9211,13
9211,61
9211,5604
9211,5605
9212,3
9212,14
9212,133
9212,295
9212,5606
9213,265
9213,436
9213,655
9213,1050
9213,1273
9214,3
9214,13
9214,107
9215,3
9215,13
9215,107
9215,887
9215,888
9216,3
9216,13
9216,107
9217,3
9217,13
9217,107
9217,3635
9217,5607
9218,3
9218,13
9218,107
9219,1
9219,3
9219,13
9219,107
9219,893
9220,142
9220,364
9220,378
9220,2910
9220,4352
9221,3
9221,13
9221,107
9222,3
9222,13
9222,317
9222,3743
9222,5608
9223,3
9223,13
9223,337
9223,516
9223,564
9224,3
9224,13
9224,107
9225,3
9225,13
9225,51
9225,107
9225,399
9226,3
9226,13
9226,136
9226,1619
9226,5609
9227,3
9227,13
9227,61
9227,555
9227,2250
9228,3
9228,13
9228,107
9228,980
9229,3
9229,44
9229,107
9230,1
9230,3
9230,13
9230,44
9230,107
9231,3
9231,13
9231,14
9231,96
9231,160
9232,3
9232,13
9232,44
9232,107
9232,1912
9233,583
9233,2338
9233,2543
9233,5610
9233,5611
9234,198
9234,233
9234,980
9234,2098
9234,3490
9235,32
9235,61
9235,245
9235,366
9235,1009
9236,13
9236,14
9236,86
9236,135
9236,981
9237,23
9237,194
9237,422
9237,1690
9237,3522
9238,0
9238,23
9238,49
9238,295
9238,563
9239,69
9239,77
9239,239
9239,1304
9239,3614
9240,69
9240,238
9240,458
9240,565
9240,2123
9241,14
9241,69
9241,191
9241,1338
9241,3055
9242,15
9242,73
9242,223
9242,455
9242,5612
9243,23
9243,50
9243,342
9243,585
9243,1188
9244,280
9244,720
9244,721
9244,4939
9244,5613
9245,1
9245,3
9245,1333
9245,3321
9246,637
9246,1699
9246,1714
9246,4496
9246,5614
9247,73
9247,293
9247,924
9247,1333
9247,5615
9248,123
9248,126
9248,659
9248,1157
9248,4346
9249,293
9249,303
9249,449
9249,499
9249,4016
9250,0
9250,105
9250,295
9250,621
9250,637
9251,126
9251,135
9251,299
9251,459
9251,1890
9252,109
9252,357
9252,1709
9252,3635
9252,5616
9253,1
9253,13
9253,538
9253,978
9253,2097
9254,1
9254,3
9254,13
9254,980
9254,1426
9255,13
9255,97
9255,156
9255,3265
9255,5617
9256,303
9256,304
9256,1094
9256,1695
9256,5618
9257,126
9257,622
9257,2442
9257,3762
9257,5619
9258,9
9258,71
9258,516
9258,980
9258,2014
9259,21
9259,72
9259,318
9259,5620
9259,5621
9260,105
9260,303
9260,1282
9260,2791
9260,5106
9261,1609
9261,2274
9261,4673
9261,5622
9261,5623
9262,358
9262,657
9262,658
9262,659
9262,1446
9263,1930
9263,3742
9263,5624
9263,5625
9263,5626
9264,3
9264,191
9264,3376
9264,5627
9264,5628
9265,39
9265,303
9265,975
9265,1176
9265,3175
9266,9
9266,44
9266,637
9266,5629
9266,5630
9267,321
9267,2120
9267,5631
9267,5632
9267,5633
9268,1
9268,13
9268,64
9268,1157
9268,2963
9269,3
9269,393
9269,1839
9269,2590
9269,5599
9270,1350
9270,2086
9270,2928
9270,5538
9270,5634
9271,44
9271,266
9271,1060
9271,2513
9271,5635
9272,22
9272,242
9272,285
9272,4220
9272,5636
9273,88
9273,303
9273,3204
9273,5637
9273,5638
9274,23
9274,44
9274,83
9274,140
9274,984
9275,1
9275,42
9275,64
9275,82
9275,303
9276,9
9276,126
9276,154
9276,254
9276,1076
9277,303
9277,382
9277,538
9277,977
9277,2700
9278,303
9278,1603
9278,3184
9278,5639
9278,5640
9279,3
9279,170
9279,1446
9280,69
9280,238
9280,290
9280,970
9280,1762
9281,1
9281,13
9281,304
9281,981
9281,2253
9282,435
9282,451
9282,619
9282,1297
9282,4028
9283,82
9283,381
9283,1537
9283,3386
9283,3387
9284,3
9284,1334
9284,2849
9284,5641
9285,1
9285,3
9285,51
9285,295
9285,563
9286,364
9286,621
9286,1252
9286,4467
9286,5642
9287,107
9287,582
9287,1676
9287,3274
9287,5643
9288,0
9288,14
9288,303
9288,1094
9288,5644
9289,86
9289,133
9289,311
9289,743
9289,1297
9290,105
9290,287
9290,429
9290,5491
9290,5645
9291,3
9291,13
9291,44
9291,107
9292,11
9292,738
9292,1384
9292,1696
9292,2368
9293,1
9293,13
9293,63
9293,237
9293,635
9294,14
9294,86
9294,156
9294,191
9294,1502
9295,3
9295,126
9295,191
9295,2791
9295,5646
9296,1
9296,13
9296,23
9296,27
9296,198
9297,12
9297,54
9297,287
9297,1494
9297,1816
9298,104
9298,654
9298,1382
9298,1696
9298,2192
9299,695
9299,1157
9299,2261
9299,5647
9299,5648
9300,136
9300,295
9300,303
9300,718
9300,5644
9301,170
9301,242
9301,5649
9301,5650
9301,5651
9302,391
9302,818
9302,980
9302,1592
9302,1687
9303,128
9303,1382
9303,2447
9303,5652
9303,5653
9304,1
9304,3
9304,133
9304,295
9305,1
9305,3
9305,13
9305,69
9305,5028
9306,14
9306,135
9306,378
9306,980
9306,1426
9307,1611
9307,3255
9307,5654
9307,5655
9307,5656
9308,198
9308,883
9308,1056
9308,5657
9308,5658
9309,3
9309,559
9309,1023
9309,1520
9309,4864
9310,51
9310,223
9310,364
9310,666
9310,970
9311,364
9311,693
9311,3929
9311,4891
9311,4892
9312,314
9312,397
9312,1323
9312,2617
9312,5659
9313,1
9313,3
9313,293
9313,344
9313,1536
9314,198
9314,690
9314,865
9314,2533
9314,3065
9315,135
9315,364
9315,565
9315,723
9315,2044
9316,32
9316,136
9316,561
9316,791
9316,2391
9317,88
9317,303
9317,2191
9317,3691
9317,4549
9318,136
9318,279
9318,869
9318,1807
9318,3130
9319,14
9319,86
9319,133
9319,191
9319,937
9320,3
9320,132
9320,133
9320,382
9320,1068
9321,23
9321,140
9321,233
9321,565
9321,1189
9322,51
9322,800
9322,932
9322,1338
9322,2202
9323,14
9323,538
9323,980
9323,981
9323,5485
9324,507
9324,1363
9324,1364
9324,1687
9324,2818
9325,1
9325,13
9325,1586
9325,2133
9325,2671
9326,520
9326,1364
9326,2466
9326,3872
9326,4067
9327,303
9327,374
9327,1348
9327,1349
9327,1350
9328,1
9328,13
9328,126
9328,135
9328,981
9329,293
9329,303
9329,395
9329,2578
9329,5660
9330,1
9330,3
9330,533
9330,567
9330,1702
9331,649
9331,974
9331,4124
9331,5338
9331,5661
9332,288
9332,559
9332,800
9332,2817
9332,2889
9333,1
9333,245
9333,290
9333,759
9333,5599
9334,58
9334,2849
9334,4160
9334,4805
9334,5662
9335,1
9335,13
9335,277
9335,524
9335,3692
9336,295
9336,374
9336,1722
9336,2832
9336,5663
9337,82
9337,1211
9337,1880
9337,3138
9337,3226
9338,460
9338,1045
9338,1371
9338,4184
9338,5114
9339,61
9339,393
9339,482
9339,501
9339,1559
9340,271
9340,865
9340,931
9340,2014
9340,4294
9341,3
9341,13
9341,981
9341,4395
9341,4746
9342,61
9342,126
9342,442
9342,564
9342,5664
9343,3
9343,58
9343,233
9343,295
9343,370
9344,135
9344,160
9344,1680
9344,2617
9344,2618
9345,489
9345,2843
9345,3296
9345,3952
9345,4901
9346,581
9346,1448
9346,5665
9346,5666
9346,5667
9347,78
9347,174
9347,382
9347,621
9347,1143
9348,13
9348,42
9348,105
9348,464
9348,635
9349,1
9349,23
9349,911
9349,912
9349,2961
9350,14
9350,394
9350,497
9350,2014
9350,2285
9351,14
9351,77
9351,1338
9351,1586
9351,2233
9352,14
9352,191
9352,321
9352,507
9352,682
9353,13
9353,5418
9353,5668
9353,5669
9353,5670
9354,1
9354,3
9354,13
9354,1351
9354,3222
9355,3
9355,980
9355,1234
9355,2417
9355,3884
9356,69
9356,239
9356,2294
9356,2495
9356,3532
9357,3
9357,110
9357,295
9357,396
9357,2131
9358,86
9358,868
9358,1485
9358,2899
9358,5412
9359,433
9359,436
9359,516
9359,980
9359,5671
9360,1
9360,3
9360,13
9360,303
9360,2711
9361,364
9361,1022
9361,1869
9361,2220
9361,2789
9362,303
9362,501
9362,1969
9362,2367
9362,3740
9363,3
9363,380
9363,437
9363,1234
9363,1823
9364,3
9364,723
9364,1603
9364,2775
9364,5672
9365,301
9365,364
9365,981
9365,1786
9365,2182
9366,10
9366,23
9366,237
9366,756
9366,864
9367,139
9367,206
9367,224
9367,225
9367,1443
9368,1
9368,3
9368,13
9368,61
9368,233
9369,69
9369,523
9369,866
9369,1178
9369,3341
9370,5
9370,215
9370,682
9370,1577
9370,2107
9371,23
9371,26
9371,41
9371,102
9371,179
9372,1
9372,13
9372,83
9372,295
9372,654
9373,86
9373,303
9373,2045
9373,2560
9373,2869
9374,655
9374,784
9374,931
9374,1850
9374,2324
9375,23
9375,57
9375,314
9375,516
9375,970
9376,32
9376,723
9376,1426
9376,2209
9376,3223
9377,1
9377,14
9377,135
9377,160
9377,1709
9378,253
9378,254
9378,414
9378,415
9378,920
9379,54
9379,124
9379,618
9379,931
9379,2355
9380,3
9380,13
9380,153
9380,1366
9380,2028
9381,1
9381,3
9381,121
9381,511
9381,924
9382,77
9382,136
9382,337
9382,1259
9382,3013
9383,54
9383,219
9383,1259
9383,1344
9383,1368
9384,13
9384,107
9384,404
9384,980
9384,2358
9385,14
9385,126
9385,135
9385,337
9385,971
9386,3
9386,13
9386,273
9386,362
9386,1480
9387,13
9387,350
9387,980
9387,1494
9387,2133
9388,3
9388,682
9388,1306
9388,2174
9388,4302
9389,254
9389,414
9389,415
9389,1082
9389,1494
9390,67
9390,93
9390,207
9390,799
9390,1452
9391,32
9391,233
9391,303
9391,426
9391,428
9392,1
9392,61
9392,346
9392,583
9392,691
9393,265
9393,337
9393,433
9393,436
9393,437
9394,3
9394,13
9394,674
9394,5673
9394,5674
9395,1045
9395,1494
9395,1769
9395,1770
9395,5675
9396,198
9396,707
9396,1106
9396,2089
9396,2182
9397,1
9397,3
9397,90
9397,1016
9397,1989
9398,67
9398,109
9398,324
9398,558
9398,1174
9399,3
9399,295
9399,3057
9399,3251
9399,5676
9400,604
9400,981
9400,1042
9400,1664
9400,2230
9401,295
9401,304
9401,453
9401,918
9401,3056
9402,73
9402,1552
9402,4216
9402,4840
9402,5187
9403,32
9403,37
9403,145
9403,474
9403,2811
9404,0
9404,303
9404,1552
9404,1611
9404,5677
9405,1
9405,3
9405,13
9405,1625
9405,5678
9406,23
9406,55
9406,123
9406,290
9406,585
9407,1297
9407,1905
9407,2067
9407,2857
9407,5679
9408,2043
9408,4679
9408,4680
9408,4681
9408,4682
9409,1
9409,10
9409,13
9409,701
9409,1837
9410,3692
9410,5680
9410,5681
9410,5682
9410,5683
9411,14
9411,133
9411,382
9411,583
9411,1764
9412,437
9412,457
9412,3762
9412,5016
9412,5607
9413,136
9413,1941
9413,2072
9413,4831
9413,5684
9414,1
9414,3
9414,295
9414,971
9414,2280
9415,193
9415,1913
9415,2358
9415,2911
9415,5557
9416,3
9416,501
9416,1905
9416,2220
9416,5685
9417,1
9417,23
9417,54
9417,86
9417,2049
9418,13
9418,126
9418,295
9418,516
9418,1108
9419,709
9419,2041
9419,2324
9419,5686
9419,5687
9420,23
9420,51
9420,97
9420,342
9420,516
9421,501
9421,1045
9421,1108
9421,1188
9421,3379
9422,51
9422,130
9422,966
9422,1252
9422,1321
9423,295
9423,456
9423,1485
9423,2432
9423,4585
9424,160
9424,1654
9424,3161
9424,3315
9424,5688
9425,427
9425,2020
9425,5689
9425,5690
9425,5691
9426,1
9426,13
9426,23
9426,125
9426,524
9427,10
9427,69
9427,136
9427,436
9427,516
9428,1045
9428,1320
9428,2980
9428,3113
9428,3150
9429,609
9429,1699
9429,2961
9429,4580
9429,5420
9430,314
9430,594
9430,595
9430,596
9430,1762
9431,1
9431,13
9431,193
9431,460
9431,1399
9432,160
9432,835
9432,1953
9432,2182
9432,5692
9433,83
9433,96
9433,437
9433,1853
9433,5374
9434,69
9434,77
9434,136
9434,1282
9434,5562
9435,150
9435,2764
9435,3175
9435,5693
9435,5694
9436,15
9436,73
9436,453
9436,454
9436,5695
9437,23
9437,192
9437,2017
9437,2510
9437,3846
9438,13
9438,242
9438,321
9438,612
9438,5696
9439,23
9439,24
9439,26
9439,27
9439,699
9440,1
9440,13
9440,32
9440,637
9440,5697
9441,279
9441,675
9441,1023
9441,1538
9441,5364
9442,183
9442,224
9442,225
9442,537
9442,2369
9443,64
9443,105
9443,291
9443,666
9443,1680
9444,1
9444,3
9444,13
9444,864
9444,4370
9445,3
9445,69
9445,861
9445,1329
9445,5698
9446,303
9446,609
9446,1611
9446,5699
9446,5700
9447,13
9447,14
9447,135
9447,1991
9447,2586
9448,51
9448,288
9448,364
9448,1831
9448,2564
9449,3
9449,295
9449,303
9449,420
9449,3323
9450,1056
9450,1150
9450,1209
9450,1803
9450,3937
9451,13
9451,364
9451,1905
9451,3295
9451,4586
9452,0
9452,73
9452,300
9452,2236
9452,2324
9453,32
9453,42
9453,2728
9453,5701
9453,5702
9454,1573
9454,5430
9454,5703
9454,5704
9454,5705
9455,337
9455,554
9455,1368
9455,1862
9455,3953
9456,293
9456,396
9456,1283
9456,4062
9456,5706
9457,1
9457,32
9457,145
9457,346
9457,428
9458,23
9458,321
9458,337
9458,508
9458,3261
9459,244
9459,343
9459,503
9459,631
9459,1400
9460,298
9460,312
9460,442
9460,2497
9460,5661
9461,10
9461,192
9461,589
9461,2960
9461,5707
9462,97
9462,109
9462,980
9462,1032
9462,2238
9463,159
9463,258
9463,459
9463,927
9463,4250
9464,265
9464,655
9464,783
9464,1049
9464,1050
9465,461
9465,508
9465,3567
9465,5708
9465,5709
9466,88
9466,89
9466,153
9466,1108
9466,1425
9467,223
9467,909
9467,1790
9467,1942
9467,5402
9468,654
9468,1714
9468,5710
9468,5711
9468,5712
9469,17
9469,212
9469,223
9469,1963
9469,5713
9470,3
9470,74
9470,286
9470,1603
9470,5714
9471,23
9471,24
9471,26
9471,27
9471,179
9472,69
9472,1362
9472,2391
9472,3443
9472,3692
9473,160
9473,246
9473,580
9473,2586
9473,5715
9474,153
9474,231
9474,980
9474,1984
9474,5716
9475,86
9475,223
9475,311
9475,689
9475,743
9476,303
9476,1076
9476,1188
9476,1234
9476,2243
9477,1
9477,13
9477,33
9477,538
9477,967
9478,3
9478,13
9478,3788
9478,4062
9478,5717
9479,13
9479,33
9479,364
9479,2982
9479,5718
9480,13
9480,121
9480,1297
9480,1384
9480,5719
9481,491
9481,1189
9481,1433
9481,3342
9481,4575
9482,14
9482,96
9482,581
9482,682
9482,689
9483,14
9483,96
9483,135
9483,738
9483,1753
9484,233
9484,980
9484,1114
9484,1646
9484,5575
9485,1
9485,13
9485,64
9485,435
9485,770
9486,3
9486,13
9486,295
9486,321
9486,673
9487,457
9487,5093
9487,5720
9487,5721
9487,5722
9488,317
9488,401
9488,947
9488,2204
9488,2254
9489,381
9489,382
9489,742
9489,744
9489,754
9490,6
9490,97
9490,533
9490,597
9490,5723
9491,9
9491,31
9491,755
9491,3453
9491,4981
9492,3
9492,14
9492,86
9492,133
9492,136
9493,3
9493,13
9493,133
9493,519
9493,853
9494,3
9494,133
9494,519
9494,1284
9494,1586
9495,1
9495,3
9495,23
9495,133
9495,136
9496,1
9496,13
9496,133
9496,299
9496,4281
9497,1
9497,145
9497,554
9497,1037
9497,5724
9498,86
9498,682
9498,689
9498,754
9498,1100
9499,32
9499,126
9499,142
9499,654
9499,873
9500,23
9500,97
9500,142
9500,859
9500,4868
9501,70
9501,126
9501,433
9501,980
9501,3013
9502,1
9502,9
9502,13
9502,32
9502,436
9503,14
9503,135
9503,160
9503,246
9503,2291
9504,23
9504,133
9504,295
9504,420
9504,1284
9505,361
9505,948
9505,995
9505,1292
9505,3523
9506,520
9506,2466
9506,3871
9506,3872
9506,4539
9507,1
9507,3
9507,233
9507,555
9507,723
9508,1
9508,218
9508,671
9508,738
9508,5725
9509,23
9509,61
9509,447
9509,2385
9509,3464
9510,1
9510,13
9510,44
9510,83
9510,2773
9511,264
9511,723
9511,834
9511,916
9511,2508
9512,71
9512,233
9512,654
9512,949
9512,1188
9513,50
9513,412
9513,598
9513,932
9513,1238
9514,241
9514,375
9514,511
9514,537
9514,641
9515,17
9515,160
9515,246
9515,312
9515,1043
9516,15
9516,213
9516,405
9516,583
9516,5726
9517,67
9517,810
9517,2196
9517,4157
9517,5727
9518,198
9518,533
9518,1702
9518,3603
9518,4780
9519,1
9519,13
9519,97
9519,419
9519,3953
9520,71
9520,249
9520,409
9520,4359
9520,5728
9521,126
9521,135
9521,154
9521,237
9521,981
9522,1
9522,5729
9522,5730
9522,5731
9522,5732
9523,105
9523,128
9523,394
9523,618
9523,931
9524,52
9524,77
9524,126
9524,2182
9524,3004
9525,3
9525,133
9525,980
9525,981
9525,1741
9526,266
9526,280
9526,389
9526,867
9526,2773
9527,1
9527,3
9527,13
9527,510
9527,2870
9528,1
9528,128
9528,159
9528,455
9528,1311
9529,51
9529,66
9529,69
9529,80
9529,1056
9530,126
9530,301
9530,2182
9530,2523
9530,5733
9531,5
9531,346
9531,689
9531,754
9531,2994
9532,1
9532,3
9532,133
9532,519
9532,981
9533,689
9533,743
9533,980
9533,1067
9533,2448
9534,133
9534,191
9534,433
9534,1488
9534,2182
9535,9
9535,287
9535,327
9535,4131
9535,4132
9536,1
9536,3
9536,61
9536,346
9536,2243
9537,142
9537,2309
9537,3039
9537,4018
9537,5734
9538,0
9538,109
9538,865
9538,980
9538,5735
9539,56
9539,132
9539,538
9539,612
9539,621
9540,32
9540,37
9540,38
9540,2098
9540,4799
9541,133
9541,542
9541,754
9541,818
9541,859
9542,77
9542,133
9542,301
9542,1887
9542,2225
9543,13
9543,31
9543,32
9543,755
9543,1710
9544,44
9544,135
9544,263
9544,511
9544,2586
9545,13
9545,97
9545,237
9545,733
9545,3327
9546,82
9546,83
9546,104
9546,429
9546,1823
9547,13
9547,561
9547,931
9547,935
9547,980
9548,1
9548,3
9548,133
9548,561
9548,875
9549,3
9549,51
9549,133
9549,229
9549,3648
9550,300
9550,963
9550,1108
9550,4333
9550,5736
9551,49
9551,132
9551,300
9551,980
9551,4151
9552,57
9552,233
9552,758
9552,1234
9552,3292
9553,86
9553,372
9553,507
9553,1366
9553,1687
9554,654
9554,3292
9554,5737
9554,5738
9554,5739
9555,1
9555,14
9555,1139
9555,1930
9555,2284
9556,126
9556,237
9556,309
9556,313
9556,564
9557,1
9557,3
9557,86
9557,133
9557,847
9558,321
9558,707
9558,1677
9558,3012
9558,5740
9559,9
9559,23
9559,32
9559,245
9559,982
9560,126
9560,554
9560,831
9560,981
9560,4308
9561,67
9561,516
9561,970
9561,1172
9561,5741
9562,1
9562,3
9562,86
9562,133
9562,1760
9563,133
9563,2907
9563,3694
9563,3695
9563,5742
9564,105
9564,303
9564,326
9564,3945
9564,4139
9565,1
9565,290
9565,348
9565,1176
9565,5743
9566,3
9566,61
9566,366
9566,393
9566,1176
9567,67
9567,132
9567,233
9567,511
9567,1339
9568,254
9568,261
9568,337
9568,436
9568,1194
9569,133
9569,191
9569,519
9569,1624
9569,1812
9570,635
9570,1592
9570,2028
9570,2477
9570,4758
9571,3
9571,94
9571,133
9571,1028
9571,1716
9572,32
9572,124
9572,145
9572,193
9572,297
9573,73
9573,136
9573,295
9573,1723
9573,5744
9574,67
9574,208
9574,970
9574,1174
9574,1762
9575,69
9575,136
9575,239
9575,295
9575,2222
9576,97
9576,122
9576,1689
9576,2774
9576,3104
9577,198
9577,233
9577,293
9577,303
9577,1283
9578,50
9578,51
9578,133
9578,1586
9578,2124
9579,3
9579,133
9579,192
9579,286
9579,2849
9580,1
9580,3
9580,14
9580,133
9580,346
9581,5
9581,133
9581,406
9581,538
9581,5745
9582,191
9582,279
9582,933
9582,1812
9582,2267
9583,3
9583,132
9583,133
9583,563
9583,689
9584,49
9584,84
9584,742
9584,801
9584,1966
9585,23
9585,27
9585,93
9585,492
9585,5746
9586,1
9586,61
9586,430
9586,558
9586,5747
9587,1
9587,3
9587,15
9587,233
9587,288
9588,44
9588,1010
9588,2204
9588,5748
9588,5749
9589,1
9589,346
9589,1010
9589,2438
9589,2760
9590,142
9590,496
9590,1646
9590,1680
9590,4130
9591,1
9591,78
9591,86
9591,133
9591,1768
9592,1
9592,44
9592,109
9592,419
9592,1060
9593,1
9593,3
9593,86
9593,237
9593,4060
9594,86
9594,135
9594,382
9594,861
9594,1006
9595,51
9595,67
9595,654
9595,980
9595,2591
9596,1209
9596,1571
9596,2302
9596,2952
9596,3071
9597,3
9597,52
9597,133
9597,136
9597,950
9598,1
9598,32
9598,73
9598,145
9598,5750
9599,9
9599,391
9599,2243
9599,3774
9599,5751
9600,1
9600,133
9600,193
9600,378
9600,761
9601,14
9601,923
9601,5752
9601,5753
9601,5754
9602,3
9602,83
9602,133
9602,603
9602,2838
9603,136
9603,321
9603,980
9603,1202
9603,1494
9604,1
9604,3
9604,133
9604,964
9604,4225
9605,1
9605,14
9605,86
9605,133
9605,160
9606,23
9606,24
9606,26
9606,27
9606,699
9607,96
9607,321
9607,937
9607,4872
9607,5716
9608,23
9608,86
9608,301
9608,516
9608,2097
9609,13
9609,126
9609,344
9609,375
9609,401
9610,89
9610,191
9610,219
9610,1023
9610,3766
9611,3
9611,90
9611,133
9611,1495
9612,23
9612,67
9612,93
9612,516
9612,1426
9613,174
9613,188
9613,388
9613,800
9613,1522
9614,0
9614,465
9614,740
9614,1810
9614,3261
9615,142
9615,794
9615,3006
9615,3499
9615,5755
9616,1
9616,13
9616,14
9616,135
9616,404
9617,1
9617,3
9617,86
9617,133
9617,4462
9618,3
9618,13
9618,317
9618,1282
9618,3180
9619,3
9619,133
9619,156
9619,168
9619,194
9620,48
9620,190
9620,449
9620,1420
9620,4001
9621,27
9621,93
9621,1876
9621,2146
9621,2243
9622,51
9622,69
9622,136
9622,321
9622,682
9623,23
9623,26
9623,27
9623,871
9623,1071
9624,133
9624,1281
9624,3526
9624,5756
9624,5757
9625,86
9625,519
9625,532
9625,689
9625,853
9626,1
9626,3
9626,58
9626,511
9626,5758
9627,131
9627,300
9627,301
9627,5759
9627,5760
9628,77
9628,126
9628,516
9628,980
9628,5761
9629,14
9629,51
9629,966
9629,2358
9629,3380
9630,1
9630,13
9630,864
9630,950
9630,2198
9631,73
9631,1282
9631,1525
9631,2496
9631,5762
9632,3
9632,96
9632,191
9632,758
9632,1702
9633,9
9633,32
9633,290
9633,523
9633,656
9634,265
9634,506
9634,655
9634,689
9634,1586
9635,109
9635,133
9635,295
9635,300
9635,5763
9636,136
9636,378
9636,1304
9636,2320
9636,5764
9637,2192
9637,2505
9637,5361
9637,5745
9637,5765
9638,61
9638,980
9638,1174
9638,1426
9638,1709
9639,97
9639,364
9639,621
9639,1446
9639,5766
9640,54
9640,86
9640,337
9640,689
9640,1426
9641,1
9641,3
9641,433
9641,436
9641,511
9642,1
9642,3
9642,133
9642,393
9642,723
9643,245
9643,864
9643,905
9643,1411
9643,2497
9644,0
9644,23
9644,517
9644,538
9644,2298
9645,3
9645,133
9645,966
9645,970
9645,3635
9646,51
9646,364
9646,378
9646,931
9646,4499
9647,77
9647,132
9647,133
9647,1246
9647,1688
9648,1
9648,61
9648,69
9648,970
9648,1022
9649,78
9649,132
9649,621
9649,1660
9649,2042
9650,586
9650,666
9650,984
9650,1188
9650,4888
9651,23
9651,51
9651,86
9651,133
9651,1284
9652,86
9652,126
9652,142
9652,689
9652,2182
9653,3
9653,133
9653,295
9653,4520
9654,1
9654,3
9654,133
9654,297
9654,3011
9655,130
9655,931
9655,980
9655,1542
9655,3732
9656,142
9656,369
9656,381
9656,2259
9656,4018
9657,23
9657,162
9657,403
9657,516
9657,1494
9658,233
9658,865
9658,980
9658,1494
9658,5767
9659,1277
9659,2228
9659,4310
9659,5062
9659,5359
9660,86
9660,237
9660,1150
9660,1586
9660,5768
9661,14
9661,51
9661,133
9661,135
9661,191
9662,10
9662,32
9662,145
9662,179
9662,291
9663,126
9663,419
9663,980
9663,2182
9663,5769
9664,56
9664,78
9664,81
9664,966
9664,3194
9665,219
9665,265
9665,337
9665,395
9665,1368
9666,61
9666,223
9666,1352
9666,1870
9666,5770
9667,51
9667,375
9667,378
9667,2442
9667,2636
9668,1
9668,132
9668,133
9668,156
9668,406
9669,136
9669,433
9669,1195
9669,5559
9669,5771
9670,142
9670,394
9670,621
9670,2118
9670,4083
9671,5
9671,59
9671,538
9671,1108
9671,1698
9672,133
9672,279
9672,613
9672,1023
9672,5772
9673,132
9673,301
9673,1252
9673,1259
9673,2225
9674,1
9674,800
9674,902
9674,2367
9674,2622
9675,3
9675,49
9675,133
9675,1399
9675,2711
9676,206
9676,208
9676,491
9676,808
9676,1087
9677,3
9677,86
9677,133
9677,1338
9677,2738
9678,324
9678,325
9678,758
9678,1022
9678,1404
9679,67
9679,559
9679,970
9679,980
9679,1762
9680,14
9680,272
9680,682
9680,861
9680,1789
9681,1
9681,3
9681,13
9681,132
9681,981
9682,1
9682,223
9682,393
9682,1066
9682,3230
9683,51
9683,77
9683,132
9683,300
9683,301
9684,346
9684,742
9684,1763
9684,1966
9684,3688
9685,206
9685,1087
9685,1174
9685,1762
9685,5773
9686,77
9686,130
9686,142
9686,364
9686,378
9687,32
9687,212
9687,291
9687,1076
9687,1494
9688,295
9688,608
9688,1023
9688,1850
9688,2080
9689,142
9689,284
9689,538
9689,2508
9689,3194
9690,21
9690,23
9690,2690
9690,4274
9690,5313
9691,36
9691,916
9691,980
9691,2182
9691,3223
9692,14
9692,239
9692,516
9692,1520
9692,4054
9693,1
9693,97
9693,612
9693,1822
9693,5774
9694,3
9694,133
9694,1108
9694,1150
9694,1923
9695,3
9695,133
9695,161
9695,883
9695,5219
9696,364
9696,814
9696,1533
9696,1969
9696,2447
9697,235
9697,324
9697,325
9697,1404
9697,2582
9698,190
9698,300
9698,360
9698,558
9698,1803
9699,381
9699,754
9699,964
9699,1658
9699,2525
9700,1
9700,23
9700,671
9700,1248
9700,2774
9701,69
9701,188
9701,295
9701,883
9701,1096
9702,86
9702,133
9702,1528
9702,5775
9702,5776
9703,51
9703,193
9703,228
9703,424
9703,425
9704,1
9704,13
9704,14
9704,135
9704,980
9705,81
9705,1014
9705,1554
9705,3359
9705,5777
9706,13
9706,133
9706,142
9706,303
9706,317
9707,57
9707,191
9707,883
9707,5778
9707,5779
9708,314
9708,564
9708,1793
9708,4001
9708,4475
9709,1
9709,13
9709,161
9709,801
9709,970
9710,3
9710,69
9710,191
9710,239
9710,5780
9711,97
9711,133
9711,360
9711,364
9711,621
9712,69
9712,105
9712,136
9712,1283
9712,2129
9713,726
9713,964
9713,980
9713,1493
9713,5781
9714,86
9714,346
9714,447
9714,564
9714,1010
9715,133
9715,433
9715,683
9715,711
9715,5782
9716,73
9716,191
9716,279
9716,1812
9716,2282
9717,136
9717,231
9717,286
9717,682
9717,5165
9718,69
9718,93
9718,2234
9718,2495
9718,5242
9719,314
9719,594
9719,3657
9719,3672
9719,4835
9720,58
9720,86
9720,159
9720,5783
9720,5784
9721,393
9721,810
9721,1635
9721,1695
9721,3215
9722,1
9722,133
9722,160
9722,1177
9722,5785
9723,1
9723,3
9723,889
9723,2324
9723,3305
9724,14
9724,86
9724,516
9724,689
9724,980
9725,516
9725,980
9725,1452
9725,4852
9725,5535
9726,3
9726,132
9726,168
9726,516
9726,970
9727,1108
9727,1952
9727,3097
9727,5786
9727,5787
9728,3
9728,3239
9728,5788
9728,5789
9729,3
9729,61
9729,133
9729,970
9729,1762
9730,84
9730,132
9730,621
9730,989
9730,3485
9731,133
9731,295
9731,869
9731,950
9731,4576
9732,64
9732,233
9732,1658
9732,2525
9732,4906
9733,14
9733,15
9733,23
9733,977
9733,1188
9734,23
9734,65
9734,181
9734,399
9734,585
9735,1
9735,10
9735,13
9735,57
9735,436
9736,23
9736,132
9736,133
9736,509
9736,2312
9737,13
9737,61
9737,126
9737,516
9737,964
9738,3
9738,133
9738,295
9738,3222
9738,5242
9739,382
9739,744
9739,754
9739,1100
9739,1658
9740,23
9740,622
9740,1477
9740,1941
9740,2072
9741,69
9741,86
9741,133
9741,237
9741,299
9742,126
9742,425
9742,759
9742,4381
9742,5790
9743,457
9743,924
9743,957
9743,2520
9743,4716
9744,295
9744,561
9744,3443
9744,4124
9744,5791
9745,1
9745,133
9745,980
9745,1495
9745,1882
9746,84
9746,132
9746,133
9746,326
9746,4187
9747,3
9747,14
9747,33
9747,133
9747,1789
9748,10
9748,1887
9748,2152
9748,2207
9748,2431
9749,304
9749,403
9749,2182
9749,2895
9749,5792
9750,3
9750,132
9750,133
9750,346
9750,519
9751,1
9751,14
9751,135
9751,494
9751,980
9752,51
9752,59
9752,108
9752,109
9752,1252
9753,93
9753,160
9753,565
9753,4171
9753,4475
9754,1
9754,3
9754,69
9754,558
9754,758
9755,84
9755,142
9755,538
9755,980
9755,2426
9756,17
9756,160
9756,690
9756,873
9756,2817
9757,3
9757,133
9757,691
9757,1283
9757,1420
9758,1
9758,133
9758,142
9758,516
9758,2607
9759,1
9759,3
9759,133
9759,348
9760,357
9760,796
9760,1371
9760,5793
9760,5794
9761,64
9761,652
9761,1284
9761,2603
9761,5795
9762,1
9762,61
9762,558
9762,970
9762,1762
9763,46
9763,188
9763,189
9763,966
9763,1803
9764,132
9764,133
9764,865
9764,967
9764,1252
9765,136
9765,622
9765,869
9765,1284
9765,2225
9766,13
9766,84
9766,86
9766,980
9766,4060
9767,10
9767,179
9767,219
9767,401
9767,693
9768,77
9768,783
9768,865
9768,980
9768,1701
9769,1
9769,32
9769,44
9769,1197
9769,2622
9770,8
9770,711
9770,801
9770,1506
9770,1702
9771,39
9771,42
9771,1234
9771,2422
9771,2997
9772,135
9772,1188
9772,1735
9772,2996
9772,4066
9773,1
9773,44
9773,51
9773,364
9773,947
9774,3
9774,51
9774,133
9774,1426
9774,3924
9775,1
9775,23
9775,436
9775,1762
9775,4053
9776,33
9776,503
9776,654
9776,949
9776,2511
9777,5
9777,1702
9777,4204
9777,5796
9777,5797
9778,133
9778,519
9778,593
9778,674
9778,2207
9779,3
9779,133
9779,738
9779,967
9779,3222
9780,1
9780,142
9780,193
9780,1042
9780,1176
9781,44
9781,219
9781,516
9781,723
9781,1221
9782,295
9782,712
9782,1701
9782,5061
9782,5798
9783,61
9783,86
9783,133
9783,224
9783,964
9784,174
9784,583
9784,980
9784,1920
9784,5799
9785,212
9785,268
9785,693
9785,1272
9785,3666
9786,77
9786,132
9786,516
9786,1309
9786,1887
9787,1
9787,3
9787,23
9787,219
9787,342
9788,519
9788,1157
9788,1702
9788,2182
9788,5800
9789,1
9789,13
9789,297
9789,510
9789,981
9790,174
9790,188
9790,388
9790,452
9790,1522
9791,564
9791,3387
9791,5801
9791,5802
9791,5803
9792,13
9792,86
9792,133
9792,689
9792,970
9793,88
9793,910
9793,1701
9793,1812
9793,3507
9794,1
9794,3
9794,13
9794,931
9794,2242
9795,12
9795,147
9795,156
9795,301
9795,980
9796,97
9796,133
9796,142
9796,295
9796,1161
9797,13
9797,14
9797,133
9797,135
9797,980
9798,69
9798,239
9798,420
9798,550
9798,866
9799,303
9799,861
9799,1023
9799,3584
9799,5804
9800,3
9800,46
9800,133
9800,403
9800,2131
9801,382
9801,621
9801,744
9801,754
9801,1321
9802,43
9802,234
9802,235
9802,237
9802,1043
9803,3
9803,133
9803,507
9803,520
9803,618
9804,12
9804,13
9804,219
9804,266
9804,317
9805,917
9805,980
9805,1697
9805,2080
9805,3317
9806,33
9806,133
9806,5805
9806,5806
9806,5807
9807,1
9807,3
9807,194
9807,4566
9807,5808
9808,127
9808,295
9808,624
9808,712
9808,931
9809,520
9809,779
9809,1338
9809,2017
9809,3045
9810,3
9810,14
9810,69
9810,133
9810,865
9811,122
9811,1836
9811,2203
9811,5807
9811,5809
9812,13
9812,315
9812,516
9812,3223
9812,4758
9813,162
9813,2140
9813,3187
9813,3747
9813,5810
9814,3
9814,191
9814,3355
9814,5811
9815,13
9815,14
9815,126
9815,981
9815,2182
9816,0
9816,50
9816,51
9816,693
9816,1252
9817,73
9817,303
9817,740
9817,1670
9817,2270
9818,1
9818,3
9818,133
9818,1975
9818,2760
9819,13
9819,61
9819,516
9819,1244
9819,1762
9820,86
9820,337
9820,436
9820,655
9820,970
9821,105
9821,382
9821,754
9821,2264
9821,5812
9822,126
9822,301
9822,818
9822,871
9822,5813
9823,132
9823,133
9823,174
9823,966
9823,967
9824,33
9824,84
9824,97
9824,621
9824,3612
9825,1
9825,126
9825,516
9825,800
9825,5814
9826,1
9826,126
9826,133
9826,1108
9826,3004
9827,51
9827,133
9827,365
9827,963
9827,1611
9828,23
9828,228
9828,693
9828,966
9828,967
9829,1
9829,84
9829,133
9829,3795
9829,5772
9830,52
9830,67
9830,86
9830,133
9830,980
9831,1
9831,3
9831,86
9831,133
9831,970
9832,191
9832,228
9832,1284
9832,1586
9832,5170
9833,1
9833,561
9833,654
9833,1533
9833,1710
9834,3
9834,133
9835,23
9835,24
9835,27
9835,180
9835,699
9836,58
9836,1096
9836,5815
9836,5816
9836,5817
9837,61
9837,133
9837,801
9837,810
9837,1966
9838,465
9838,1209
9838,1810
9838,3012
9838,5557
9839,33
9839,2072
9839,2358
9839,2524
9839,2636
9840,1
9840,109
9840,126
9840,326
9840,970
9841,507
9841,1363
9841,1364
9841,1687
9841,2817
9842,86
9842,516
9842,689
9842,1938
9842,2453
9843,754
9843,1427
9843,1429
9843,1512
9843,2909
9844,14
9844,1321
9844,1338
9844,1702
9844,2233
9845,136
9845,693
9845,2365
9845,3626
9845,4333
9846,84
9846,301
9846,621
9846,865
9846,5485
9847,194
9847,237
9847,577
9847,689
9847,4060
9848,97
9848,1023
9848,1807
9848,1822
9848,3643
9849,507
9849,1363
9849,1364
9849,3766
9849,5818
9850,1
9850,23
9850,239
9850,507
9850,559
9851,520
9851,861
9851,2172
9851,5819
9851,5820
9852,507
9852,1481
9852,2466
9852,3872
9852,4830
9853,33
9853,3228
9853,3251
9853,5821
9853,5822
9854,86
9854,507
9854,1364
9854,1687
9854,3360
9855,3
9855,583
9855,971
9855,1043
9855,5264
9856,54
9856,313
9856,342
9856,2182
9856,5823
9857,23
9857,245
9857,694
9857,775
9857,5824
9858,133
9858,313
9858,314
9858,832
9858,2223
9859,5
9859,109
9859,191
9859,321
9859,3648
9860,14
9860,17
9860,160
9860,212
9860,693
9861,1
9861,13
9861,71
9861,364
9861,1699
9862,9
9862,10
9862,71
9862,429
9862,489
9863,13
9863,71
9863,133
9863,501
9863,2207
9864,86
9864,96
9864,237
9864,1043
9864,2436
9865,9
9865,126
9865,835
9865,4306
9865,5298
9866,3
9866,13
9866,153
9866,1096
9866,5825
9867,50
9867,299
9867,412
9867,1043
9867,1463
9868,13
9868,58
9868,132
9868,859
9868,964
9869,10
9869,13
9869,42
9869,71
9869,121
9870,1
9870,3
9870,69
9870,295
9870,5826
9871,1
9871,13
9871,71
9871,293
9871,1283
9872,1
9872,86
9872,280
9872,494
9872,1713
9873,69
9873,86
9873,324
9873,325
9873,442
9874,303
9874,922
9874,1211
9874,1812
9874,1969
9875,23
9875,121
9875,834
9875,964
9875,1822
9876,12
9876,71
9876,219
9876,723
9876,768
9877,14
9877,42
9877,1463
9877,5827
9877,5828
9878,1
9878,13
9878,14
9878,981
9878,1108
9879,9
9879,55
9879,96
9879,204
9879,1043
9880,32
9880,342
9880,612
9880,946
9880,1096
9881,496
9881,761
9881,768
9881,2018
9881,5829
9882,29
9882,126
9882,1096
9882,5538
9882,5830
9883,1
9883,86
9883,142
9883,233
9883,1096
9884,9
9884,342
9884,494
9884,943
9884,1477
9885,136
9885,1888
9885,5831
9885,5832
9885,5833
9886,3
9886,13
9886,71
9886,366
9886,476
9887,33
9887,1118
9887,3161
9887,5834
9887,5835
9888,23
9888,160
9888,180
9888,223
9888,312
9889,69
9889,136
9889,456
9889,3408
9889,5836
9890,23
9890,2766
9890,5837
9890,5838
9890,5839
9891,174
9891,620
9891,621
9891,3945
9891,5840
9892,1
9892,86
9892,1096
9892,1211
9892,1321
9893,13
9893,1027
9893,3259
9893,3789
9893,5103
9894,1022
9894,1720
9894,2559
9894,2661
9894,5841
9895,23
9895,32
9895,1796
9895,3187
9895,5842
9896,126
9896,579
9896,980
9896,2182
9896,2613
9897,554
9897,831
9897,970
9897,1323
9897,1762
9898,109
9898,842
9898,2086
9898,3674
9898,4177
9899,54
9899,58
9899,516
9899,980
9899,1494
9900,23
9900,142
9900,1352
9900,2236
9900,3929
9901,23
9901,4286
9901,5843
9901,5844
9901,5845
9902,23
9902,48
9902,109
9902,817
9902,1007
9903,1379
9903,1697
9903,2456
9903,3956
9903,5846
9904,69
9904,237
9904,368
9904,799
9904,3522
9905,1
9905,14
9905,17
9905,156
9905,160
9906,142
9906,223
9906,233
9906,564
9906,654
9907,637
9907,980
9907,981
9907,2182
9907,5847
9908,1
9908,3
9908,48
9908,654
9908,1445
9909,23
9909,32
9909,268
9909,384
9909,420
9910,23
9910,31
9910,671
9910,1292
9910,5848
9911,73
9911,536
9911,924
9911,1013
9911,1371
9912,1
9912,3
9912,208
9912,723
9912,3673
9913,160
9913,212
9913,233
9913,245
9913,879
9914,54
9914,516
9914,931
9914,1096
9914,1494
9915,9
9915,71
9915,287
9915,510
9915,971
9916,11
9916,338
9916,981
9916,1463
9916,1879
9917,43
9917,142
9917,244
9917,364
9917,2358
9918,69
9918,295
9918,870
9918,1829
9918,4735
9919,31
9919,208
9919,810
9919,1043
9919,1082
9920,31
9920,71
9920,160
9920,204
9920,407
9921,13
9921,14
9921,565
9921,873
9921,1185
9922,3
9922,54
9922,57
9922,69
9922,133
9923,23
9923,212
9923,700
9923,723
9923,1949
9924,13
9924,396
9924,511
9924,980
9924,1096
9925,1
9925,3
9925,654
9925,5471
9926,882
9926,1711
9926,2683
9926,2868
9926,5849
9927,23
9927,86
9927,364
9927,559
9927,957
9928,303
9928,1463
9928,1583
9928,1863
9928,5486
9929,3161
9929,3162
9929,5850
9929,5851
9929,5852
9930,9
9930,77
9930,287
9930,838
9930,1552
9931,9
9931,31
9931,414
9931,755
9931,849
9932,412
9932,511
9932,701
9932,720
9932,721
9933,12
9933,312
9933,419
9933,446
9933,1572
9934,1
9934,49
9934,133
9934,558
9934,842
9935,13
9935,326
9935,327
9935,618
9935,1949
9936,23
9936,109
9936,266
9936,948
9936,1043
9937,1
9937,3
9937,13
9937,297
9937,964
9938,1
9938,160
9938,212
9938,565
9938,2933
9939,73
9939,422
9939,654
9939,3679
9939,5853
9940,52
9940,136
9940,142
9940,1096
9940,1200
9941,69
9941,219
9941,295
9941,793
9941,5238
9942,9
9942,30
9942,54
9942,159
9942,5578
9943,3
9943,295
9943,303
9943,1096
9943,1810
9944,46
9944,48
9944,136
9944,964
9944,5559
9945,299
9945,654
9945,4479
9945,5854
9945,5855
9946,23
9946,103
9946,458
9946,871
9946,3958
9947,126
9947,516
9947,980
9947,2182
9947,5856
9948,297
9948,510
9948,1595
9948,1696
9948,5857
9949,10
9949,23
9949,71
9949,96
9949,180
9950,96
9950,1188
9950,1235
9950,1345
9950,2991
9951,1
9951,13
9951,297
9951,1096
9951,2975
9952,314
9952,447
9952,1998
9952,2617
9952,5858
9953,32
9953,123
9953,654
9953,991
9953,1912
9954,23
9954,86
9954,227
9954,1519
9954,5859
9955,17
9955,23
9955,399
9955,1096
9955,1463
9956,31
9956,160
9956,476
9956,970
9956,4873
9957,1
9957,3
9957,13
9957,23
9957,437
9958,1
9958,32
9958,1108
9958,1143
9958,1177
9959,1
9959,3
9959,103
9959,223
9959,654
9960,23
9960,233
9960,348
9960,1043
9960,4522
9961,42
9961,43
9961,104
9961,383
9961,666
9962,13
9962,71
9962,77
9962,109
9962,1321
9963,287
9963,1063
9963,2383
9963,2894
9963,3745
9964,322
9964,437
9964,1096
9964,2356
9964,5449
9965,1
9965,71
9965,324
9965,325
9965,1022
9966,3
9966,13
9966,77
9966,981
9966,1986
9967,865
9967,980
9967,3223
9967,5836
9967,5860
9968,55
9968,71
9968,916
9968,980
9968,2781
9969,122
9969,348
9969,393
9969,4009
9969,5861
9970,13
9970,58
9970,71
9970,1014
9970,5862
9971,10
9971,252
9971,459
9971,1423
9971,1502
9972,142
9972,912
9972,2014
9972,2849
9972,5863
9973,12
9973,13
9973,82
9973,219
9973,1096
9974,1
9974,23
9974,723
9974,984
9974,1463
9975,1
9975,3
9975,13
9975,69
9975,233
9976,55
9976,252
9976,261
9976,1766
9976,5864
9977,13
9977,136
9977,286
9977,5865
9977,5866
9978,142
9978,193
9978,561
9978,990
9978,1096
9979,77
9979,132
9979,726
9979,1435
9979,1502
9980,1
9980,13
9980,71
9980,510
9980,1549
9981,295
9981,1283
9981,4554
9981,5104
9981,5867
9982,1
9982,13
9982,73
9982,121
9982,1352
9983,3
9983,13
9983,86
9983,550
9983,964
9984,233
9984,396
9984,1043
9984,1612
9984,2014
9985,3
9985,13
9985,109
9985,1096
9985,2523
9986,21
9986,71
9986,103
9986,313
9986,980
9987,14
9987,126
9987,364
9987,1096
9987,1155
9988,13
9988,734
9988,902
9988,994
9988,1442
9989,813
9989,937
9989,1583
9989,1595
9989,3616
9990,1
9990,3
9990,51
9990,693
9990,1096
9991,361
9991,476
9991,868
9991,995
9991,5868
9992,86
9992,174
9992,964
9992,966
9992,1445
9993,3
9993,73
9993,295
9993,1040
9993,5869
9994,1353
9994,1914
9994,2358
9994,5438
9994,5455
9995,3
9995,13
9995,14
9995,107
9995,913
9996,364
9996,650
9996,800
9996,1096
9996,1810
9997,13
9997,133
9997,964
9997,1028
9997,1096
9998,23
9998,420
9998,723
9998,984
9998,4050
9999,3
9999,13
9999,317
9999,337
9999,3180
10000,3
10000,13
10000,107
10000,170
10000,3365
10001,1
10001,83
10001,536
10001,1810
10001,3673
10002,3
10002,14
10002,133
10002,981
10002,4495
10003,461
10003,462
10003,508
10003,609
10003,1096
10004,1
10004,109
10004,288
10004,297
10004,3795
10005,1
10005,12
10005,103
10005,654
10005,1096
10006,71
10006,126
10006,980
10006,1969
10006,5870
10007,49
10007,191
10007,3091
10007,3732
10007,5438
10008,23
10008,27
10008,237
10008,582
10008,1143
10009,32
10009,1990
10009,4178
10009,5871
10009,5872
10010,1043
10010,1371
10010,1463
10010,1757
10010,1759
10011,42
10011,303
10011,1096
10011,1496
10011,1810
10012,295
10012,1713
10012,2213
10012,3101
10012,3467
10013,239
10013,324
10013,1157
10013,1662
10013,5873
10014,14
10014,73
10014,1167
10014,2344
10014,2811
10015,71
10015,433
10015,635
10015,980
10015,2182
10016,3
10016,13
10016,666
10016,1177
10016,5874
10017,46
10017,109
10017,303
10017,842
10017,1731
10018,13
10018,86
10018,97
10018,133
10018,550
10019,497
10019,1225
10019,1308
10019,3361
10019,5875
10020,612
10020,631
10020,754
10020,1096
10020,2044
10021,662
10021,2182
10021,5876
10021,5877
10021,5878
10022,23
10022,54
10022,551
10022,871
10022,2617
10023,69
10023,295
10023,1398
10023,1595
10023,5780
10024,14
10024,1017
10024,3251
10024,4554
10024,5879
10025,10
10025,32
10025,58
10025,71
10025,300
10026,3
10026,13
10026,337
10026,420
10026,957
10027,77
10027,136
10027,1914
10027,2072
10027,2358
10028,1
10028,3
10028,17
10028,212
10028,870
10029,3
10029,133
10029,174
10029,1520
10029,4092
10030,23
10030,32
10030,446
10030,654
10030,3319
10031,54
10031,427
10031,1518
10031,2478
10031,4411
10032,60
10032,153
10032,4322
10032,5880
10032,5881
10033,136
10033,989
10033,1018
10033,3248
10033,5882
10034,461
10034,910
10034,911
10034,1096
10034,1731
10035,32
10035,436
10035,1006
10035,1108
10035,1923
10036,223
10036,1043
10036,1064
10036,2445
10036,5883
10037,51
10037,132
10037,142
10037,1537
10037,4351
10038,237
10038,852
10038,1150
10038,1790
10038,5884
10039,3
10039,9
10039,13
10039,71
10039,5593
10040,3
10040,13
10040,1902
10040,4919
10040,5885
10041,23
10041,258
10041,723
10041,1022
10041,1510
10042,212
10042,348
10042,612
10042,864
10042,927
10043,121
10043,132
10043,1096
10043,1920
10043,3703
10044,13
10044,233
10044,919
10044,964
10044,4756
10045,1
10045,13
10045,565
10045,3781
10045,5249
10046,9
10046,13
10046,71
10046,77
10046,2225
10047,48
10047,73
10047,2426
10047,5205
10047,5886
10048,13
10048,364
10048,368
10048,433
10048,1045
10049,13
10049,23
10049,133
10049,964
10049,1806
10050,10
10050,71
10050,105
10050,264
10050,266
10051,1
10051,77
10051,976
10051,1188
10051,1695
10052,126
10052,980
10052,1096
10052,2514
10052,5538
10053,295
10053,321
10053,544
10053,1582
10053,2592
10054,17
10054,23
10054,160
10054,219
10054,693
10055,233
10055,238
10055,1043
10055,1463
10055,4544
10056,97
10056,1064
10056,1096
10056,1709
10056,1741
10057,366
10057,600
10057,1292
10057,1463
10057,2766
10058,17
10058,257
10058,1143
10058,1190
10058,1369
10059,3
10059,69
10059,279
10059,3443
10059,3686
10060,301
10060,501
10060,1096
10060,1259
10060,2041
10061,69
10061,279
10061,1435
10061,2358
10061,5136
10062,1
10062,324
10062,554
10062,583
10062,831
10063,324
10063,565
10063,1022
10063,1038
10063,1043
10064,976
10064,1188
10064,1463
10064,3751
10064,5305
10065,64
10065,346
10065,1096
10065,1187
10065,2945
10066,58
10066,96
10066,233
10066,931
10066,1096
10067,126
10067,258
10067,654
10067,750
10067,1096
10068,303
10068,449
10068,1096
10068,1282
10068,1552
10069,69
10069,350
10069,378
10069,981
10069,5887
10070,77
10070,964
10070,1028
10070,1143
10070,5888
10071,295
10071,861
10071,865
10071,1831
10071,5889
10072,46
10072,317
10072,542
10072,665
10072,964
10073,3
10073,13
10073,130
10073,614
10073,980
10074,142
10074,233
10074,1469
10074,2046
10074,4642
10075,12
10075,13
10075,71
10075,401
10075,693
10076,9
10076,128
10076,4131
10076,4132
10076,4925
10077,321
10077,1201
10077,2344
10077,5238
10077,5716
10078,13
10078,46
10078,71
10078,964
10078,2182
10079,288
10079,462
10079,1096
10079,1368
10079,2591
10080,1
10080,13
10080,437
10080,577
10080,3393
10081,303
10081,976
10081,1333
10081,1810
10081,1969
10082,33
10082,1445
10082,1697
10082,1846
10082,5380
10083,801
10083,810
10083,976
10083,1282
10083,5890
10084,1
10084,13
10084,126
10084,237
10084,1879
10085,23
10085,92
10085,180
10085,1953
10085,3074
10086,1873
10086,2358
10086,4831
10086,5764
10086,5891
10087,3
10087,13
10087,77
10087,86
10087,237
10088,160
10088,511
10088,589
10088,1714
10088,3723
10089,97
10089,101
10089,295
10089,2021
10089,2301
10090,366
10090,384
10090,905
10090,3450
10090,5402
10091,1
10091,31
10091,77
10091,671
10091,1224
10092,61
10092,160
10092,208
10092,407
10092,799
10093,23
10093,94
10093,2173
10093,2174
10093,5892
10094,132
10094,1716
10094,5893
10094,5894
10094,5895
10095,1
10095,13
10095,23
10095,64
10095,317
10096,9
10096,154
10096,632
10096,666
10096,3074
10097,23
10097,160
10097,1715
10097,5896
10097,5897
10098,84
10098,126
10098,516
10098,689
10098,980
10099,87
10099,136
10099,188
10099,295
10099,801
10100,33
10100,738
10100,758
10100,759
10100,3806
10101,42
10101,792
10101,1096
10101,1677
10101,3339
10102,12
10102,233
10102,326
10102,375
10102,800
10103,1
10103,3
10103,23
10103,297
10103,837
10104,14
10104,135
10104,1646
10104,1700
10104,1713
10105,407
10105,848
10105,849
10105,1043
10105,1463
10106,198
10106,357
10106,1108
10106,2218
10106,5898
10107,632
10107,1463
10107,3347
10107,3673
10107,4133
10108,3
10108,13
10108,107
10108,133
10109,3
10109,13
10109,107
10109,191
10109,5899
10110,1
10110,13
10110,23
10110,48
10110,105
10111,23
10111,180
10111,430
10111,974
10111,984
10112,3
10112,13
10112,107
10112,980
10112,5900
10113,3
10113,13
10113,107
10113,912
10114,1
10114,3
10114,1975
10114,5598
10114,5901
10115,3
10115,13
10115,107
10115,295
10115,5902
10116,516
10116,970
10116,1399
10116,1646
10116,5903
10117,552
10117,1063
10117,4493
10117,4736
10117,5717
10118,1
10118,69
10118,324
10118,563
10118,1043
10119,133
10119,219
10119,937
10119,970
10119,5904
10120,13
10120,14
10120,258
10120,326
10120,388
10121,1
10121,64
10121,86
10121,1538
10121,2797
10122,0
10122,14
10122,135
10122,511
10122,865
10123,1
10123,3
10123,14
10123,86
10123,3777
10124,3
10124,133
10124,936
10124,1198
10124,1659
10125,135
10125,380
10125,1155
10125,1887
10125,5308
10126,132
10126,133
10126,174
10126,193
10126,5905
10127,3
10127,97
10127,133
10127,258
10127,970
10128,136
10128,295
10128,404
10128,861
10128,1155
10129,14
10129,133
10129,153
10129,1586
10129,5598
10130,58
10130,870
10130,970
10130,1025
10130,5906
10131,56
10131,97
10131,301
10131,538
10131,980
10132,1
10132,126
10132,2133
10132,2182
10132,2447
10133,136
10133,740
10133,980
10133,1338
10133,1654
10134,3
10134,86
10134,980
10134,1586
10134,5215
10135,1
10135,133
10135,346
10135,723
10135,1010
10136,861
10136,1158
10136,2496
10136,2697
10136,4629
10137,14
10137,191
10137,561
10137,937
10137,1097
10138,48
10138,314
10138,460
10138,527
10138,879
10139,233
10139,298
10139,368
10139,554
10139,3751
10140,3
10140,133
10140,519
10140,5907
10141,133
10141,970
10141,980
10141,1344
10141,2042
10142,1
10142,233
10142,348
10142,1043
10142,1095
10143,133
10143,295
10143,1706
10143,2388
10143,4656
10144,1
10144,14
10144,86
10144,970
10144,2182
10145,86
10145,126
10145,133
10145,156
10145,237
10146,86
10146,135
10146,466
10146,4649
10146,5751
10147,142
10147,159
10147,219
10147,378
10147,1161
10148,1
10148,3
10148,97
10148,223
10148,922
10149,13
10149,126
10149,127
10149,136
10149,1930
10150,69
10150,136
10150,239
10150,375
10150,2689
10151,14
10151,1476
10151,1648
10151,2145
10151,5169
10152,14
10152,135
10152,291
10152,899
10152,1513
10153,17
10153,28
10153,693
10153,5908
10153,5909
10154,1
10154,31
10154,86
10154,1975
10154,2182
10155,13
10155,14
10155,63
10155,160
10155,1687
10156,97
10156,1524
10156,3478
10156,3882
10156,5910
10157,1
10157,3
10157,82
10157,1592
10157,1710
10158,1
10158,321
10158,519
10158,5288
10158,5458
10159,73
10159,84
10159,133
10159,1426
10159,3287
10160,382
10160,2479
10160,4131
10160,4132
10160,4133
10161,14
10161,1890
10161,2617
10161,2618
10161,3223
10162,126
10162,337
10162,433
10162,459
10162,786
10163,583
10163,2230
10163,2721
10163,5911
10163,5912
10164,233
10164,303
10164,1188
10164,1235
10164,1339
10165,3
10165,133
10165,279
10166,295
10166,364
10166,861
10166,1701
10166,2182
10167,3
10167,46
10167,133
10167,3431
10167,5913
10168,1
10168,3
10168,61
10168,2222
10168,5914
10169,14
10169,126
10169,135
10169,981
10169,5486
10170,33
10170,97
10170,2893
10170,3204
10170,5915
10171,3
10171,84
10171,133
10171,622
10171,1709
10172,51
10172,133
10172,563
10172,3986
10172,4187
10173,14
10173,738
10173,904
10173,1905
10173,2982
10174,280
10174,1010
10174,2254
10174,5114
10174,5748
10175,1
10175,14
10175,86
10175,135
10175,159
10176,13
10176,192
10176,342
10176,1565
10176,4659
10177,84
10177,542
10177,1578
10177,1702
10177,5916
10178,9
10178,31
10178,290
10178,433
10178,710
10179,873
10179,927
10179,3300
10179,5538
10179,5917
10180,123
10180,460
10180,527
10180,564
10180,1224
10181,1338
10181,1526
10181,1586
10181,1592
10181,1687
10182,10
10182,17
10182,437
10182,848
10182,1076
10183,3
10183,142
10183,161
10183,538
10183,612
10184,136
10184,295
10184,1702
10184,3255
10184,5562
10185,23
10185,233
10185,793
10185,1022
10185,4294
10186,133
10186,684
10186,1097
10186,2954
10186,3243
10187,8
10187,275
10187,300
10187,682
10187,5918
10188,32
10188,126
10188,981
10188,5402
10188,5919
10189,393
10189,759
10189,872
10189,1318
10189,1559
10190,380
10190,682
10190,1074
10190,1925
10190,4188
10191,49
10191,1578
10191,3274
10191,5485
10191,5920
10192,3
10192,133
10192,538
10192,621
10192,5921
10193,14
10193,135
10193,516
10193,604
10193,980
10194,3
10194,13
10194,107
10194,697
10194,5922
10195,77
10195,132
10195,301
10195,865
10195,980
10196,3
10196,13
10196,107
10196,156
10196,1884
10197,13
10197,304
10197,550
10197,980
10197,2520
10198,1
10198,524
10198,970
10198,1022
10198,1352
10199,582
10199,1043
10199,1433
10199,2642
10199,3271
10200,295
10200,331
10200,1600
10200,3694
10200,5923
10201,244
10201,288
10201,364
10201,612
10201,1912
10202,57
10202,161
10202,449
10202,565
10202,1178
10203,3
10203,14
10203,133
10203,191
10203,1019
10204,86
10204,133
10204,295
10204,2847
10204,5924
10205,77
10205,97
10205,561
10205,2358
10205,2821
10206,3
10206,133
10206,2424
10207,96
10207,1178
10207,3259
10207,3532
10207,4882
10208,69
10208,295
10208,1485
10208,1671
10208,4520
10209,1363
10209,1364
10209,1399
10209,1410
10209,1687
10210,136
10210,540
10210,1609
10210,3989
10210,5925
10211,632
10211,2607
10211,3427
10211,4596
10211,5926
10212,8
10212,14
10212,1399
10212,1646
10212,5927
10213,1318
10213,1364
10213,1399
10213,1646
10213,1687
10214,1
10214,3
10214,82
10214,233
10214,555
10215,86
10215,133
10215,535
10215,689
10215,707
10216,14
10216,133
10216,682
10216,740
10216,1338
10217,14
10217,133
10217,191
10217,682
10217,1338
10218,1
10218,73
10218,263
10218,511
10218,1709
10219,49
10219,303
10219,684
10219,1252
10219,1552
10220,133
10220,247
10220,561
10220,861
10220,971
10221,73
10221,136
10221,295
10221,1717
10221,4082
10222,86
10222,500
10222,1226
10222,2156
10222,5928
10223,52
10223,133
10223,193
10223,3033
10223,4333
10224,284
10224,295
10224,2324
10224,3434
10224,5929
10225,136
10225,303
10225,466
10225,1338
10225,4499
10226,126
10226,133
10226,380
10226,980
10226,1543
10227,14
10227,133
10227,153
10227,682
10227,853
10228,69
10228,136
10228,238
10228,561
10228,1004
10229,3
10229,86
10229,133
10229,689
10230,1
10230,364
10230,565
10230,723
10230,4882
10231,136
10231,191
10231,239
10231,565
10231,1807
10232,59
10232,64
10232,109
10232,2199
10232,3381
10233,69
10233,133
10233,191
10233,937
10233,5930
10234,1
10234,13
10234,330
10234,362
10234,859
10235,3
10235,133
10235,159
10235,1417
10235,3434
10236,864
10236,1946
10236,2349
10236,2872
10236,3074
10237,436
10237,516
10237,970
10237,1394
10237,5931
10238,1
10238,57
10238,314
10238,964
10238,970
10239,233
10239,980
10239,1573
10239,1575
10239,5932
10240,1
10240,14
10240,133
10240,135
10240,922
10241,1
10241,3
10241,13
10241,517
10241,3483
10242,13
10242,126
10242,516
10242,947
10242,4067
10243,13
10243,155
10243,970
10243,1002
10243,1426
10244,10
10244,105
10244,907
10244,931
10244,5933
10245,3
10245,13
10245,107
10245,888
10245,889
10246,3
10246,13
10246,931
10246,980
10246,5934
10247,1
10247,299
10247,460
10247,1546
10247,3879
10248,14
10248,126
10248,135
10248,865
10248,980
10249,3
10249,13
10249,14
10249,135
10249,621
10250,13
10250,14
10250,86
10250,738
10250,904
10251,56
10251,301
10251,344
10251,538
10251,1252
10252,96
10252,340
10252,4132
10252,4133
10252,5935
10253,3
10253,13
10253,107
10253,654
10254,3
10254,13
10254,107
10254,563
10254,5936
10255,3
10255,13
10255,107
10256,3
10256,13
10256,107
10257,3
10257,44
10257,107
10257,5937
10258,3
10258,13
10258,61
10258,258
10258,5938
10259,3
10259,44
10259,107
10259,348
10259,1142
10260,3
10260,13
10260,286
10260,2520
10260,3635
10261,3
10261,44
10261,233
10261,1368
10261,5939
10262,3
10262,13
10262,107
10262,3874
10263,3
10263,13
10263,107
10264,3
10264,13
10264,107
10264,695
10265,3
10265,13
10265,107
10265,153
10266,3
10266,13
10266,107
10267,3
10267,13
10267,107
10268,3
10268,13
10268,44
10268,1708
10268,5495
10269,3
10269,10
10269,13
10269,44
10269,128
10270,44
10270,249
10270,980
10270,981
10270,5940
10271,3
10271,13
10271,107
10271,153
10271,1399
10272,3
10272,13
10272,161
10272,1807
10272,4983
10273,3
10273,44
10273,107
10273,261
10274,1
10274,224
10274,509
10274,974
10274,5941
10275,44
10275,348
10275,5883
10275,5942
10275,5943
10276,3
10276,44
10276,107
10276,1000
10276,5018
10277,3
10277,13
10277,44
10277,107
10277,3795
10278,3
10278,13
10278,86
10278,246
10278,425
10279,3
10279,13
10279,44
10279,364
10279,4705
10280,3
10280,13
10280,107
10280,868
10281,3
10281,32
10281,44
10281,297
10281,2265
10282,3
10282,32
10282,44
10282,654
10282,1076
10283,3
10283,44
10283,107
10283,142
10283,3382
10284,3
10284,13
10284,69
10284,1004
10284,1063
10285,3
10285,13
10285,107
10286,3
10286,13
10286,107
10286,153
10287,122
10287,288
10287,637
10287,1596
10287,5944
10288,13
10288,44
10288,219
10288,364
10288,864
10289,3
10289,44
10289,107
10289,5262
10290,3
10290,13
10290,107
10290,1014
10291,3
10291,44
10291,107
10291,1114
10291,4374
10292,1
10292,3
10292,69
10292,933
10292,5945
10293,3
10293,13
10293,437
10293,511
10293,1177
10294,3
10294,13
10294,107
10294,5946
10294,5947
10295,44
10295,263
10295,511
10295,921
10295,949
10296,3
10296,13
10296,107
10296,960
10297,3
10297,13
10297,31
10297,44
10297,107
10298,3
10298,44
10298,107
10299,3
10299,13
10299,324
10299,758
10299,1795
10300,3
10300,44
10300,107
10300,299
10301,3
10301,44
10301,2922
10301,5948
10301,5949
10302,3
10302,13
10302,107
10302,132
10303,3
10303,13
10303,107
10303,375
10304,3
10304,44
10304,103
10304,107
10304,1385
10305,3
10305,13
10305,107
10305,923
10305,5950
10306,3
10306,13
10306,44
10306,219
10306,949
10307,3
10307,13
10307,83
10307,555
10307,945
10308,33
10308,190
10308,970
10308,1437
10308,1762
10309,3
10309,13
10309,44
10309,219
10309,447
10310,23
10310,67
10310,436
10310,970
10310,1762
10311,3
10311,13
10311,873
10311,3065
10311,5951
10312,3
10312,13
10312,107
10312,1486
10313,3
10313,44
10313,107
10313,1000
10313,5018
10314,1
10314,233
10314,348
10314,1559
10314,3995
10315,3
10315,13
10315,295
10315,303
10315,3057
10316,3
10316,13
10316,1850
10316,2049
10316,2107
10317,3
10317,13
10317,107
10317,907
10317,1494
10318,13
10318,44
10318,86
10318,970
10318,1009
10319,3
10319,13
10319,136
10319,286
10319,561
10320,1
10320,13
10320,167
10320,288
10320,1923
10321,23
10321,180
10321,257
10321,407
10321,830
10322,3
10322,295
10322,1611
10322,1770
10322,2044
10323,46
10323,84
10323,132
10323,1127
10323,4758
10324,8
10324,437
10324,516
10324,682
10324,937
10325,126
10325,337
10325,723
10325,980
10325,3582
10326,980
10326,981
10326,5952
10326,5953
10326,5954
10327,48
10327,67
10327,139
10327,1053
10327,1174
10328,3
10328,1017
10328,1729
10328,2174
10328,5631
10329,10
10329,86
10329,105
10329,1502
10329,5955
10330,3
10330,13
10330,107
10330,5956
10331,69
10331,86
10331,2777
10331,4906
10331,5957
10332,23
10332,295
10332,980
10332,2758
10332,5958
10333,263
10333,511
10333,978
10333,5959
10333,5960
10334,3
10334,13
10334,32
10334,107
10334,295
10335,3
10335,13
10335,107
10335,980
10335,5961
10336,3
10336,13
10336,32
10336,295
10336,5962
10337,170
10337,501
10337,3149
10337,4502
10337,5963
10338,3
10338,13
10338,107
10338,295
10338,5964
10339,86
10339,3541
10339,4863
10339,5957
10339,5965
10340,1
10340,3
10340,32
10341,1
10341,13
10341,337
10341,433
10341,1107
10342,1
10342,3
10342,32
10342,44
10342,632
10343,1
10343,3
10343,223
10343,348
10343,413
10344,1
10344,3
10344,32
10345,13
10345,14
10345,133
10345,160
10345,324
10346,1797
10346,2925
10346,3255
10346,4863
10346,5966
10347,170
10347,690
10347,1160
10347,3028
10347,5967
10348,303
10348,1525
10348,1552
10348,2174
10348,5429
10349,10
10349,13
10349,128
10349,285
10349,2690
10350,3
10350,13
10350,107
10350,133
10350,465
10351,1
10351,13
10351,23
10351,156
10351,984
10352,98
10352,718
10352,740
10352,2039
10352,5968
10353,452
10353,1446
10353,2447
10353,3212
10353,5064
10354,198
10354,233
10354,1823
10354,2746
10354,4533
10355,5228
10355,5969
10355,5970
10355,5971
10355,5972
10356,303
10356,1017
10356,1525
10356,3635
10356,5631
10357,86
10357,126
10357,654
10357,689
10357,980
10358,295
10358,303
10358,1282
10358,2080
10358,3430
10359,23
10359,33
10359,61
10359,338
10359,5973
10360,1
10360,303
10360,1333
10360,1625
10360,2014
10361,1
10361,3
10361,17
10361,366
10361,4421
10362,3028
10362,3067
10362,4668
10362,5974
10362,5975
10363,299
10363,5641
10363,5976
10363,5977
10363,5978
10364,33
10364,637
10364,5979
10364,5980
10364,5981
10365,1
10365,3
10365,295
10365,461
10366,3
10366,3443
10366,3789
10366,5982
10366,5983
10367,1211
10367,1478
10367,2951
10367,3273
10367,5984
10368,520
10368,1846
10368,1940
10368,4204
10368,5985
10369,3
10369,13
10369,33
10369,437
10369,1426
10370,381
10370,977
10370,1940
10370,1981
10370,4204
10371,860
10371,3722
10371,5986
10371,5987
10371,5988
10372,86
10372,243
10372,2907
10372,4863
10372,5957
10373,192
10373,907
10373,949
10373,1401
10373,5989
10374,1
10374,13
10374,190
10374,358
10374,1157
10375,3
10375,2925
10375,4863
10375,5990
10375,5991
10376,23
10376,456
10376,5992
10376,5993
10376,5994
10377,2519
10377,5995
10377,5996
10377,5997
10377,5998
10378,14
10378,69
10378,126
10378,135
10378,971
10379,3
10379,13
10379,107
10379,457
10379,5999
10380,3
10380,13
10380,126
10380,726
10380,981
10381,3
10381,170
10381,303
10381,3641
10381,5631
10382,1350
10382,1610
10382,2085
10382,2620
10382,6000
10383,6001
10383,6002
10383,6003
10383,6004
10383,6005
10384,1
10384,13
10384,83
10384,395
10384,585
10385,0
10385,1
10385,3
10385,12
10385,2870
10386,3
10386,13
10386,51
10386,84
10386,133
10387,59
10387,303
10387,461
10387,842
10387,1830
10388,3
10388,13
10388,433
10388,1887
10388,6006
10389,9
10389,31
10389,52
10389,496
10389,1194
10390,14
10390,48
10390,135
10390,434
10390,6007
10391,303
10391,501
10391,763
10391,1361
10391,6008
10392,3
10392,13
10392,170
10392,5104
10392,6009
10393,23
10393,31
10393,54
10393,102
10393,800
10394,1
10394,13
10394,48
10394,135
10394,6010
10395,1
10395,3
10395,881
10395,1023
10396,13
10396,865
10396,989
10396,1741
10396,6011
10397,23
10397,585
10397,2349
10397,2642
10397,4065
10398,14
10398,233
10398,723
10398,980
10398,2182
10399,126
10399,131
10399,865
10399,981
10399,4475
10400,33
10400,5136
10400,6012
10400,6013
10400,6014
10401,2706
10401,4506
10401,5830
10401,6015
10401,6016
10402,1
10402,3
10402,160
10402,303
10402,5741
10403,1
10403,3
10403,32
10404,3
10404,69
10404,357
10404,4506
10404,6017
10405,8
10405,14
10405,160
10405,1586
10405,2586
10406,303
10406,723
10406,1226
10406,2838
10406,6018
10407,1
10407,362
10407,473
10407,758
10407,6019
10408,637
10408,3160
10408,6020
10408,6021
10408,6022
10409,420
10409,980
10409,2182
10409,2832
10409,6023
10410,83
10410,109
10410,833
10410,1702
10410,2015
10411,44
10411,2182
10411,6024
10411,6025
10411,6026
10412,1
10412,3
10412,13
10412,107
10412,775
10413,14
10413,321
10413,937
10413,5443
10413,6027
10414,1697
10414,2925
10414,6028
10414,6029
10414,6030
10415,3045
10415,5228
10415,5970
10415,5971
10415,6031
10416,69
10416,86
10416,3541
10416,4863
10416,5957
10417,72
10417,303
10417,924
10417,2572
10417,6032
10418,233
10418,666
10418,1188
10418,1735
10418,6033
10419,69
10419,86
10419,2870
10419,3541
10419,5957
10420,136
10420,3090
10420,3989
10420,6034
10420,6035
10421,23
10421,550
10421,2747
10421,3846
10421,4730
10422,10
10422,123
10422,303
10422,1410
10422,1849
10423,14
10423,61
10423,96
10423,237
10423,564
10424,3
10424,109
10424,126
10424,4497
10424,6036
10425,52
10425,86
10425,133
10425,1426
10425,4865
10426,23
10426,44
10426,94
10426,140
10426,447
10427,1
10427,13
10427,69
10427,155
10427,364
10428,23
10428,44
10428,408
10428,984
10428,1142
10429,1
10429,13
10429,136
10429,931
10429,934
10430,3
10430,13
10430,523
10430,1353
10430,2081
10431,1
10431,83
10431,263
10431,511
10431,931
10432,1
10432,13
10432,337
10432,693
10432,2042
10433,1
10433,3
10433,555
10433,2265
10433,6037
10434,3
10434,12
10434,13
10434,2312
10434,3696
10435,3
10435,13
10435,107
10435,126
10435,170
10436,1
10436,3
10436,227
10436,810
10436,1462
10437,46
10437,66
10437,136
10437,1006
10437,1108
10438,123
10438,342
10438,446
10438,666
10438,2632
10439,55
10439,123
10439,516
10439,724
10439,1013
10440,32
10440,55
10440,123
10440,145
10440,516
10441,10
10441,12
10441,54
10441,123
10441,284
10442,13
10442,96
10442,380
10442,4133
10442,6021
10443,23
10443,110
10443,219
10443,461
10443,508
10444,1
10444,23
10444,86
10444,228
10444,775
10445,126
10445,726
10445,985
10445,1552
10445,6038
10446,44
10446,436
10446,832
10446,5088
10446,6039
10447,1
10447,13
10447,297
10447,1775
10447,6040
10448,1
10448,13
10448,69
10448,160
10448,2636
10449,133
10449,859
10449,964
10449,1259
10449,4496
10450,10
10450,13
10450,51
10450,684
10450,1478
10451,1
10451,23
10451,93
10451,258
10451,1022
10452,50
10452,69
10452,609
10452,1701
10452,1831
10453,33
10453,489
10453,707
10453,790
10453,6041
10454,3
10454,13
10454,69
10454,516
10454,593
10455,13
10455,14
10455,561
10455,691
10455,3606
10456,69
10456,295
10456,758
10456,1004
10456,1408
10457,12
10457,433
10457,980
10457,1001
10457,2182
10458,10
10458,234
10458,348
10458,393
10458,3676
10459,1
10459,233
10459,330
10459,1209
10459,4230
10460,1
10460,13
10460,51
10460,69
10460,412
10461,13
10461,69
10461,96
10461,1063
10461,3913
10462,1
10462,10
10462,13
10462,83
10462,591
10463,23
10463,44
10463,140
10463,833
10463,984
10464,23
10464,140
10464,223
10464,348
10464,4168
10465,159
10465,388
10465,434
10465,634
10465,3347
10466,3
10466,966
10466,970
10466,1155
10466,5486
10467,9
10467,12
10467,13
10467,1353
10467,1811
10468,314
10468,330
10468,346
10468,527
10468,6042
10469,565
10469,1234
10469,6043
10469,6044
10469,6045
10470,2041
10470,2734
10470,3846
10470,6046
10470,6047
10471,54
10471,459
10471,527
10471,632
10471,694
10472,31
10472,55
10472,414
10472,632
10472,980
10473,23
10473,314
10473,1705
10473,5883
10473,6048
10474,1
10474,10
10474,125
10474,786
10474,987
10475,3
10475,1023
10475,1341
10475,5331
10475,6049
10476,11
10476,128
10476,587
10476,1386
10476,4533
10477,3
10477,13
10477,14
10477,1586
10477,1639
10478,13
10478,155
10478,408
10478,654
10478,3026
10479,455
10479,465
10479,861
10479,1036
10479,5567
10480,69
10480,360
10480,362
10480,759
10480,2296
10481,1
10481,299
10481,560
10481,1601
10481,2990
10482,1
10482,13
10482,1143
10482,1258
10482,1264
10483,317
10483,912
10483,1611
10483,3255
10483,6050
10484,28
10484,849
10484,2011
10484,3561
10484,5897
10485,49
10485,56
10485,621
10485,726
10485,970
10486,1
10486,3
10486,133
10486,977
10486,6051
10487,142
10487,348
10487,384
10487,460
10487,5399
10488,17
10488,800
10488,1082
10488,5198
10488,5896
10489,1
10489,3
10489,344
10489,538
10489,1150
10490,3
10490,13
10490,23
10490,135
10490,882
10491,122
10491,218
10491,314
10491,637
10491,980
10492,96
10492,297
10492,510
10492,516
10492,861
10493,980
10493,1363
10493,1364
10493,1687
10493,2817
10494,32
10494,124
10494,145
10494,297
10494,855
10495,1
10495,3
10495,13
10495,107
10495,380
10496,32
10496,523
10496,970
10496,1426
10496,1526
10497,86
10497,191
10497,321
10497,682
10497,1338
10498,12
10498,81
10498,452
10498,978
10498,1494
10499,1
10499,326
10499,861
10499,1795
10499,2775
10500,0
10500,378
10500,980
10500,1426
10500,1494
10501,442
10501,759
10501,848
10501,1065
10501,1345
10502,3
10502,13
10502,58
10502,955
10502,2520
10503,3
10503,13
10503,174
10503,516
10503,711
10504,3
10504,588
10504,666
10504,1839
10504,2779
10505,1399
10505,1586
10505,1616
10505,2124
10505,3427
10506,3
10506,13
10506,33
10506,121
10506,170
10507,14
10507,160
10507,237
10507,1368
10507,1857
10508,3
10508,107
10508,132
10508,967
10508,6052
10509,666
10509,1043
10509,1234
10509,2990
10509,5424
10510,618
10510,632
10510,654
10510,2510
10510,4381
10511,1
10511,3
10511,13
10511,57
10511,918
10512,154
10512,452
10512,666
10512,855
10512,6053
10513,69
10513,238
10513,317
10513,758
10513,1519
10514,58
10514,84
10514,439
10514,6054
10514,6055
10515,966
10515,1494
10515,2130
10515,2359
10515,6056
10516,17
10516,237
10516,388
10516,654
10516,1766
10517,32
10517,145
10517,291
10517,511
10517,1297
10518,337
10518,364
10518,378
10518,1887
10518,3391
10519,303
10519,520
10519,1363
10519,1364
10519,2466
10520,3
10520,13
10520,121
10520,1713
10520,6057
10521,1
10521,3
10521,61
10521,970
10521,2108
10522,13
10522,14
10522,86
10522,364
10522,689
10523,156
10523,321
10523,436
10523,3012
10523,5266
10524,48
10524,927
10524,970
10524,980
10524,5741
10525,30
10525,337
10525,364
10525,690
10525,873
10526,32
10526,433
10526,436
10526,520
10526,6058
10527,51
10527,364
10527,723
10527,966
10527,970
10528,23
10528,83
10528,180
10528,223
10528,288
10529,13
10529,135
10529,233
10529,970
10529,1705
10530,51
10530,136
10530,364
10530,873
10530,6059
10531,1
10531,13
10531,126
10531,652
10531,980
10532,324
10532,970
10532,981
10532,985
10532,1915
10533,33
10533,316
10533,980
10533,2182
10533,5088
10534,61
10534,109
10534,516
10534,970
10534,4290
10535,33
10535,205
10535,457
10535,3161
10535,5834
10536,621
10536,1399
10536,1446
10536,1706
10536,3274
10537,191
10537,449
10537,538
10537,786
10537,5708
10538,1
10538,44
10538,237
10538,985
10538,3350
10539,3
10539,13
10539,107
10539,2444
10539,6060
10540,314
10540,447
10540,527
10540,564
10540,656
10541,223
10541,233
10541,502
10541,554
10541,652
10542,1
10542,3
10542,109
10542,516
10542,970
10543,1292
10543,1955
10543,2614
10543,2626
10543,2843
10544,3
10544,13
10544,295
10544,396
10544,2520
10545,1
10545,3
10545,12
10545,13
10545,83
10546,3
10546,13
10546,107
10546,970
10546,6061
10547,42
10547,64
10547,792
10547,1339
10547,6062
10548,12
10548,13
10548,105
10548,3883
10548,4707
10549,13
10549,14
10549,15
10549,931
10549,1753
10550,3
10550,321
10550,964
10550,1045
10550,3113
10551,1
10551,3
10551,10
10551,23
10551,54
10552,13
10552,69
10552,970
10552,1762
10552,2320
10553,23
10553,32
10553,42
10553,82
10553,1211
10554,298
10554,380
10554,1810
10554,2586
10554,3298
10555,142
10555,159
10555,666
10555,1150
10555,2416
10556,3
10556,13
10556,912
10556,1701
10556,6063
10557,126
10557,654
10557,931
10557,980
10557,1394
10558,682
10558,4101
10558,6064
10558,6065
10558,6066
10559,1
10559,3
10559,861
10559,1333
10559,1997
10560,3
10560,13
10560,1063
10560,6067
10560,6068
10561,156
10561,346
10561,516
10561,3490
10561,4117
10562,372
10562,507
10562,1318
10562,1363
10562,2466
10563,1297
10563,1905
10563,2893
10563,4514
10563,6069
10564,865
10564,1549
10564,3527
10564,6070
10564,6071
10565,13
10565,86
10565,133
10565,436
10565,449
10566,17
10566,246
10566,1369
10566,1494
10566,1789
10567,1574
10567,4377
10567,5157
10567,6072
10567,6073
10568,61
10568,155
10568,554
10568,872
10568,1426
10569,86
10569,712
10569,980
10569,1494
10569,2124
10570,23
10570,104
10570,342
10570,990
10570,4566
10571,3
10571,13
10571,299
10571,561
10571,4281
10572,126
10572,980
10572,1699
10572,1701
10572,4580
10573,1
10573,3
10573,13
10573,949
10573,1354
10574,1
10574,9
10574,13
10574,389
10574,577
10575,13
10575,51
10575,133
10575,136
10575,288
10576,1
10576,3
10576,32
10576,428
10576,6074
10577,3
10577,348
10577,1692
10577,2659
10578,32
10578,233
10578,792
10578,1698
10578,3070
10579,1603
10579,3255
10579,3818
10579,6075
10579,6076
10580,84
10580,86
10580,516
10580,689
10580,980
10581,303
10581,707
10581,740
10581,861
10581,3012
10582,1
10582,3
10582,13
10582,82
10582,104
10583,73
10583,295
10583,304
10583,1211
10583,3542
10584,96
10584,1016
10584,1044
10584,1235
10584,2966
10585,3
10585,13
10585,136
10585,286
10585,1614
10586,3
10586,13
10586,191
10586,2734
10586,6077
10587,54
10587,871
10587,2053
10587,2355
10587,6078
10588,605
10588,5656
10588,6079
10588,6080
10588,6081
10589,3
10589,13
10589,23
10589,126
10589,1399
10590,523
10590,723
10590,911
10590,3603
10590,6082
10591,46
10591,78
10591,84
10591,542
10591,1986
10592,13
10592,126
10592,219
10592,992
10592,1755
10593,33
10593,364
10593,876
10593,1741
10593,3677
10594,86
10594,106
10594,233
10594,303
10594,3613
10595,69
10595,516
10595,971
10595,3055
10595,4515
10596,13
10596,666
10596,2959
10596,3347
10596,6083
10597,1
10597,32
10597,86
10597,1345
10597,2811
10598,86
10598,1702
10598,2192
10598,2686
10598,4133
10599,13
10599,126
10599,133
10599,219
10599,981
10600,97
10600,194
10600,342
10600,364
10600,612
10601,23
10601,41
10601,42
10601,145
10601,5652
10602,933
10602,980
10602,981
10602,1616
10602,6073
10603,314
10603,364
10603,401
10603,785
10603,6084
10604,1
10604,3
10604,13
10604,299
10604,317
10605,1394
10605,2182
10605,3447
10605,4348
10605,6085
10606,3
10606,13
10606,1399
10606,5508
10606,6086
10607,564
10607,723
10607,871
10607,5578
10607,6087
10608,272
10608,1090
10608,1140
10608,2330
10608,6088
10609,61
10609,223
10609,233
10609,407
10609,970
10610,23
10610,51
10610,691
10610,2961
10610,6089
10611,1711
10611,2020
10611,2213
10611,4101
10611,6064
10612,1
10612,293
10612,1397
10612,1547
10612,1548
10613,1
10613,3
10613,13
10613,32
10613,326
10614,3
10614,13
10614,14
10614,1399
10614,2964
10615,612
10615,641
10615,2107
10615,2686
10615,4133
10616,13
10616,32
10616,288
10616,980
10616,2811
10617,212
10617,263
10617,693
10617,1810
10617,4495
10618,23
10618,133
10618,531
10618,707
10618,773
10619,738
10619,868
10619,2466
10619,2857
10619,4514
10620,133
10620,520
10620,1716
10620,2524
10620,6090
10621,317
10621,376
10621,433
10621,980
10621,1494
10622,3
10622,13
10622,56
10622,985
10622,6091
10623,223
10623,234
10623,937
10623,5527
10623,6092
10624,1
10624,11
10624,133
10624,2202
10624,2267
10625,82
10625,223
10625,303
10625,321
10625,6093
10626,519
10626,966
10626,967
10626,970
10626,1843
10627,160
10627,380
10627,442
10627,970
10627,1249
10628,3
10628,13
10628,1478
10628,5050
10628,6094
10629,86
10629,133
10629,303
10629,689
10629,1321
10630,13
10630,23
10630,133
10630,3694
10630,3695
10631,1
10631,3
10631,54
10631,1952
10631,6095
10632,516
10632,565
10632,1022
10632,4475
10632,5235
10633,44
10633,123
10633,980
10633,1060
10633,2825
10634,13
10634,69
10634,77
10634,861
10634,1338
10635,12
10635,13
10635,77
10635,796
10635,1549
10636,13
10636,303
10636,326
10636,770
10636,980
10637,61
10637,208
10637,233
10637,4124
10637,6096
10638,3
10638,13
10638,14
10638,1399
10638,1646
10639,300
10639,364
10639,738
10639,1546
10639,4877
10640,3
10640,9
10640,13
10640,338
10640,2382
10641,360
10641,758
10641,759
10641,3226
10641,6097
10642,3
10642,13
10642,337
10642,555
10642,723
10643,123
10643,223
10643,549
10643,1345
10643,3594
10644,13
10644,437
10644,637
10644,1915
10644,6098
10645,3
10645,13
10645,1399
10645,1759
10645,3504
10646,1
10646,3
10646,159
10646,859
10646,964
10647,233
10647,321
10647,535
10647,2098
10647,3530
10648,1
10648,3
10648,516
10648,771
10648,970
10649,1
10649,3
10649,13
10649,23
10649,516
10650,564
10650,970
10650,981
10650,1857
10650,1998
10651,13
10651,23
10651,145
10651,949
10651,6099
10652,23
10652,219
10652,516
10652,579
10652,1118
10653,14
10653,682
10653,882
10653,937
10653,1592
10654,445
10654,832
10654,980
10654,2182
10654,5088
10655,14
10655,126
10655,437
10655,458
10655,1001
10656,13
10656,14
10656,135
10656,364
10656,508
10657,1
10657,277
10657,1413
10657,2622
10657,6100
10658,69
10658,142
10658,237
10658,238
10658,1004
10659,1
10659,299
10659,366
10659,701
10659,2787
10660,1
10660,3
10660,6101
10660,6102
10660,6103
10661,13
10661,55
10661,394
10661,1063
10661,2436
10662,126
10662,516
10662,981
10662,2074
10662,4791
10663,13
10663,82
10663,561
10663,683
10663,3795
10664,13
10664,31
10664,204
10664,233
10664,303
10665,61
10665,233
10665,4223
10665,5067
10665,6104
10666,14
10666,39
10666,109
10666,977
10666,3772
10667,1
10667,303
10667,609
10667,2267
10667,6105
10668,158
10668,364
10668,1884
10668,1885
10668,2095
10669,13
10669,86
10669,159
10669,689
10669,2400
10670,3
10670,13
10670,2344
10670,6106
10670,6107
10671,3
10671,13
10671,219
10671,980
10671,1399
10672,49
10672,394
10672,538
10672,3243
10672,5464
10673,126
10673,970
10673,981
10673,1762
10673,3960
10674,1
10674,274
10674,303
10674,641
10674,975
10675,9
10675,12
10675,13
10675,401
10675,4186
10676,84
10676,126
10676,964
10676,1494
10676,2182
10677,1
10677,13
10677,733
10677,2338
10677,4274
10678,63
10678,121
10678,142
10678,364
10678,612
10679,419
10679,635
10679,832
10679,980
10679,2182
10680,419
10680,723
10680,1045
10680,1353
10680,2981
10681,13
10681,32
10681,317
10681,723
10681,1770
10682,1
10682,13
10682,58
10682,1805
10682,2182
10683,13
10683,133
10683,378
10683,718
10683,2152
10684,516
10684,683
10684,980
10684,1284
10684,2253
10685,1
10685,13
10685,766
10685,6108
10685,6109
10686,1
10686,3
10686,13
10686,304
10686,980
10687,14
10687,32
10687,69
10687,219
10687,290
10688,1
10688,3
10688,13
10688,96
10688,3797
10689,32
10689,42
10689,145
10689,428
10689,1339
10690,37
10690,96
10690,1417
10690,3929
10690,4892
10691,32
10691,559
10691,936
10691,1546
10691,4611
10692,193
10692,237
10692,295
10692,2610
10692,2659
10693,126
10693,511
10693,980
10693,1654
10693,5165
10694,198
10694,380
10694,465
10694,707
10694,2399
10695,980
10695,1065
10695,1195
10695,2182
10695,6110
10696,3
10696,13
10696,224
10696,732
10696,865
10697,13
10697,97
10697,132
10697,193
10697,563
10698,1
10698,3
10698,61
10698,560
10698,6111
10699,364
10699,413
10699,847
10699,1395
10699,3299
10700,1364
10700,2107
10700,2466
10700,2686
10700,3871
10701,3
10701,13
10701,295
10701,964
10701,970
10702,13
10702,516
10702,964
10702,970
10702,1494
10703,105
10703,219
10703,237
10703,287
10703,931
10704,3
10704,13
10704,14
10704,516
10704,970
10705,126
10705,654
10705,980
10705,1616
10705,2182
10706,237
10706,344
10706,865
10706,1915
10706,3164
10707,13
10707,83
10707,641
10707,690
10707,873
10708,51
10708,412
10708,494
10708,932
10708,1237
10709,721
10709,2016
10709,2019
10709,4939
10709,4940
10710,321
10710,1905
10710,2843
10710,4901
10710,6112
10711,54
10711,301
10711,980
10711,2182
10711,4475
10712,1
10712,13
10712,970
10712,1195
10712,1283
10713,3
10713,13
10713,126
10713,136
10713,980
10714,13
10714,1399
10714,1823
10714,5485
10714,6113
10715,3
10715,13
10715,888
10715,4093
10715,6114
10716,13
10716,1717
10716,2213
10716,3434
10716,5047
10717,1
10717,13
10717,23
10717,274
10717,980
10718,28
10718,437
10718,864
10718,905
10718,5909
10719,3
10719,13
10719,301
10719,563
10719,970
10720,3
10720,13
10720,303
10720,970
10720,1762
10721,1
10721,3
10721,109
10721,970
10721,5741
10722,23
10722,44
10722,180
10722,800
10722,4632
10723,30
10723,447
10723,1002
10723,1005
10723,2910
10724,0
10724,13
10724,58
10724,1399
10724,5065
10725,3
10725,13
10725,51
10725,219
10725,382
10726,13
10726,981
10726,1399
10726,1494
10726,6115
10727,414
10727,690
10727,723
10727,1738
10727,4131
10728,3
10728,13
10728,46
10728,81
10728,132
10729,23
10729,61
10729,290
10729,585
10729,710
10730,96
10730,233
10730,360
10730,1616
10730,3292
10731,86
10731,501
10731,1167
10731,1542
10731,2218
10732,86
10732,654
10732,949
10732,980
10732,2182
10733,297
10733,360
10733,552
10733,1371
10733,4382
10734,1
10734,13
10734,489
10734,1053
10734,1297
10735,1
10735,3
10735,12
10735,489
10735,1477
10736,133
10736,950
10736,1108
10736,2728
10736,3780
10737,288
10737,382
10737,507
10737,981
10737,2028
10738,459
10738,970
10738,1709
10738,3074
10738,4960
10739,69
10739,516
10739,980
10739,1004
10739,1494
10740,3
10740,13
10740,191
10740,668
10740,6116
10741,3
10741,13
10741,1666
10741,1942
10741,4133
10742,110
10742,565
10742,648
10742,2867
10742,3909
10743,284
10743,437
10743,916
10743,978
10743,2781
10744,1
10744,3
10744,380
10744,759
10744,848
10745,13
10745,71
10745,249
10745,1157
10745,1399
10746,1
10746,32
10746,126
10746,1846
10746,2703
10747,3
10747,13
10747,153
10747,861
10747,6117
10748,13
10748,14
10748,153
10748,622
10748,6118
10749,4465
10749,6119
10749,6120
10749,6121
10749,6122
10750,1
10750,13
10750,437
10750,516
10750,1616
10751,1
10751,12
10751,13
10751,233
10751,317
10752,3
10752,13
10752,107
10752,124
10752,142
10753,3
10753,13
10753,288
10753,1395
10753,2059
10754,13
10754,56
10754,317
10754,429
10754,1659
10755,13
10755,84
10755,126
10755,133
10755,2068
10756,3
10756,13
10756,295
10756,964
10756,3524
10757,57
10757,233
10757,554
10757,970
10757,1323
10758,233
10758,554
10758,563
10758,903
10758,2990
10759,315
10759,337
10759,378
10759,981
10759,1399
10760,3
10760,33
10760,759
10760,6123
10760,6124
10761,69
10761,321
10761,759
10761,1044
10761,5708
10762,3
10762,13
10762,107
10762,295
10763,33
10763,2082
10763,2440
10763,5724
10763,6125
10764,239
10764,276
10764,622
10764,1293
10764,2610
10765,372
10765,712
10765,1519
10765,4649
10765,4850
10766,303
10766,1476
10766,2098
10766,2293
10766,3891
10767,3
10767,303
10767,2703
10767,5076
10767,5101
10768,13
10768,126
10768,437
10768,981
10768,3274
10769,3
10769,198
10769,393
10769,980
10769,3597
10770,3
10770,13
10770,295
10770,1353
10770,1363
10771,3
10771,13
10771,14
10771,160
10771,520
10772,23
10772,94
10772,219
10772,966
10772,1252
10773,293
10773,546
10773,2330
10773,2703
10773,4179
10774,96
10774,122
10774,1850
10774,2014
10774,4872
10775,3
10775,13
10775,295
10775,635
10775,1582
10776,9
10776,12
10776,31
10776,287
10776,755
10777,712
10777,3198
10777,3627
10777,6126
10777,6127
10778,109
10778,433
10778,436
10778,618
10778,2182
10779,0
10779,5
10779,156
10779,682
10779,978
10780,23
10780,51
10780,1701
10780,1831
10780,5061
10781,12
10781,229
10781,3490
10781,6128
10781,6129
10782,133
10782,190
10782,364
10782,859
10782,1438
10783,126
10783,295
10783,654
10783,937
10783,2426
10784,13
10784,14
10784,126
10784,931
10784,980
10785,73
10785,1317
10785,3856
10785,6130
10785,6131
10786,78
10786,191
10786,621
10786,1143
10786,1603
10787,501
10787,1209
10787,1339
10787,1603
10787,6132
10788,295
10788,624
10788,2015
10788,4191
10788,6133
10789,21
10789,126
10789,132
10789,237
10789,2182
10790,1638
10790,2895
10790,6134
10790,6135
10790,6136
10791,3
10791,13
10791,622
10791,5002
10791,6137
10792,14
10792,303
10792,437
10792,1953
10792,6138
10793,33
10793,380
10793,1253
10793,2358
10793,6139
10794,3
10794,13
10794,912
10794,5829
10794,6140
10795,198
10795,426
10795,1351
10795,4622
10795,6141
10796,198
10796,510
10796,609
10796,1701
10796,1831
10797,234
10797,338
10797,393
10797,503
10797,6110
10798,3
10798,191
10798,317
10798,364
10798,2889
10799,3
10799,515
10799,682
10799,832
10799,2083
10800,31
10800,54
10800,64
10800,212
10800,219
10801,321
10801,372
10801,507
10801,980
10801,2612
10802,364
10802,378
10802,868
10802,1426
10802,6142
10803,849
10803,1043
10803,2497
10803,6143
10803,6144
10804,3
10804,133
10804,4476
10804,4722
10805,126
10805,516
10805,557
10805,1022
10805,2182
10806,14
10806,86
10806,126
10806,135
10806,980
10807,3
10807,286
10808,66
10808,378
10808,750
10808,4095
10808,6145
10809,324
10809,554
10809,2582
10809,3505
10809,4677
10810,13
10810,44
10810,126
10810,834
10810,1259
10811,32
10811,611
10811,1395
10811,1426
10811,2811
10812,133
10812,300
10812,604
10812,3485
10812,4475
10813,1
10813,32
10813,145
10813,723
10813,3561
10814,13
10814,44
10814,264
10814,433
10814,511
10815,136
10815,2358
10815,4831
10815,5455
10815,6146
10816,96
10816,671
10816,1043
10816,1344
10816,1368
10817,303
10817,922
10817,2857
10817,2982
10817,6147
10818,13
10818,61
10818,516
10818,812
10818,970
10819,3
10819,14
10819,133
10819,1004
10819,2517
10820,48
10820,84
10820,223
10820,800
10820,1012
10821,105
10821,1868
10821,2460
10821,4290
10821,6148
10822,1
10822,61
10822,233
10822,554
10822,5715
10823,84
10823,132
10823,133
10823,437
10823,6056
10824,49
10824,84
10824,130
10824,2154
10824,2182
10825,3
10825,13
10825,174
10825,337
10825,433
10826,3
10826,133
10826,408
10826,519
10826,6149
10827,981
10827,1096
10827,2558
10827,2699
10827,6150
10828,3
10828,133
10828,621
10828,4322
10829,69
10829,233
10829,322
10829,1043
10829,1044
10830,133
10830,135
10830,160
10830,966
10830,1339
10831,23
10831,1096
10831,1369
10831,2644
10831,2766
10832,9
10832,10
10832,338
10832,864
10832,1790
10833,126
10833,237
10833,689
10833,848
10833,6151
10834,9
10834,42
10834,82
10834,104
10834,3285
10835,23
10835,51
10835,133
10835,503
10835,682
10836,142
10836,299
10836,1116
10836,3157
10836,4281
10837,14
10837,516
10837,689
10837,754
10837,1506
10838,29
10838,125
10838,413
10838,985
10838,1001
10839,1
10839,42
10839,61
10839,1178
10839,6152
10840,37
10840,233
10840,773
10840,1096
10840,1402
10841,126
10841,198
10841,303
10841,618
10841,1096
10842,121
10842,364
10842,412
10842,2851
10842,6153
10843,23
10843,67
10843,71
10843,160
10843,1195
10844,133
10844,542
10844,621
10844,689
10844,3522
10845,14
10845,69
10845,1004
10845,2320
10845,5091
10846,77
10846,126
10846,433
10846,980
10846,981
10847,14
10847,212
10847,245
10847,690
10847,5694
10848,73
10848,380
10848,1023
10848,1810
10848,5543
10849,1
10849,3
10849,561
10849,1494
10849,3180
10850,121
10850,412
10850,494
10850,1096
10850,1713
10851,32
10851,33
10851,1248
10851,1297
10851,3296
10852,364
10852,367
10852,369
10852,382
10852,2259
10853,49
10853,153
10853,981
10853,2447
10853,5479
10854,86
10854,133
10854,621
10854,712
10854,2324
10855,1
10855,3
10855,61
10855,364
10855,964
10856,73
10856,516
10856,1045
10856,1793
10856,6154
10857,3
10857,86
10857,133
10857,931
10858,159
10858,218
10858,232
10858,360
10858,2188
10859,1
10859,3
10859,23
10859,1023
10859,5331
10860,12
10860,13
10860,233
10860,312
10860,337
10861,12
10861,51
10861,71
10861,126
10861,598
10862,620
10862,1446
10862,1451
10862,2223
10862,6155
10863,188
10863,190
10863,1155
10863,1451
10863,2077
10864,13
10864,14
10864,126
10864,981
10864,4584
10865,14
10865,23
10865,135
10865,160
10865,955
10866,12
10866,71
10866,654
10866,931
10866,1816
10867,23
10867,86
10867,94
10867,437
10867,1862
10868,3643
10868,6156
10868,6157
10868,6158
10868,6159
10869,42
10869,82
10869,106
10869,433
10869,635
10870,14
10870,971
10870,1426
10870,1939
10870,4475
10871,61
10871,126
10871,436
10871,1178
10871,1772
10872,133
10872,519
10872,1578
10872,2285
10872,4151
10873,1
10873,3
10873,13
10873,126
10873,2097
10874,3
10874,101
10874,133
10874,1338
10874,6160
10875,160
10875,693
10875,1616
10875,1923
10875,3217
10876,291
10876,295
10876,980
10876,1701
10876,5674
10877,3
10877,83
10877,133
10877,1976
10878,86
10878,142
10878,219
10878,981
10878,4906
10879,3
10879,14
10879,133
10879,160
10879,191
10880,1
10880,981
10880,1612
10880,4190
10880,4227
10881,96
10881,2082
10881,4016
10881,6161
10881,6162
10882,73
10882,740
10882,1096
10882,2140
10882,3483
10883,132
10883,326
10883,684
10883,980
10883,6163
10884,14
10884,133
10884,191
10884,519
10884,1706
10885,132
10885,301
10885,364
10885,4187
10885,6056
10886,3
10886,84
10886,133
10886,301
10886,4187
10887,3
10887,133
10887,161
10887,553
10887,980
10888,1
10888,32
10888,412
10888,690
10888,1989
10889,3
10889,133
10889,665
10889,970
10889,6164
10890,3
10890,23
10890,133
10890,1494
10890,2105
10891,54
10891,77
10891,104
10891,635
10891,1546
10892,3
10892,49
10892,133
10892,604
10892,2712
10893,219
10893,637
10893,652
10893,921
10893,942
10894,3
10894,133
10894,237
10894,970
10895,69
10895,86
10895,135
10895,205
10895,6165
10896,437
10896,654
10896,980
10896,981
10896,2182
10897,49
10897,300
10897,2042
10897,2182
10897,4215
10898,51
10898,133
10898,1106
10898,1975
10898,5443
10899,3
10899,133
10899,1641
10900,33
10900,136
10900,190
10900,331
10900,1437
10901,125
10901,436
10901,564
10901,1857
10901,2618
10902,380
10902,947
10902,1496
10902,2618
10902,5398
10903,1
10903,23
10903,245
10903,290
10903,671
10904,86
10904,126
10904,689
10904,980
10904,981
10905,233
10905,241
10905,303
10905,449
10905,5891
10906,86
10906,133
10906,227
10906,689
10906,1006
10907,190
10907,801
10907,1209
10907,1522
10907,1966
10908,1697
10908,1969
10908,2082
10908,2447
10908,6166
10909,12
10909,13
10909,126
10909,337
10909,1195
10910,1
10910,3
10910,980
10910,3055
10910,4381
10911,54
10911,233
10911,446
10911,1364
10911,1695
10912,84
10912,980
10912,2042
10912,2595
10912,4215
10913,86
10913,133
10913,135
10913,237
10913,550
10914,132
10914,300
10914,301
10914,981
10914,4475
10915,23
10915,258
10915,831
10915,970
10915,1762
10916,3
10916,133
10916,1462
10916,3012
10916,6167
10917,1
10917,219
10917,249
10917,409
10917,1014
10918,3
10918,133
10918,1023
10918,1925
10918,2845
10919,133
10919,153
10919,231
10919,683
10919,2628
10920,96
10920,160
10920,523
10920,848
10920,1923
10921,1
10921,14
10921,55
10921,740
10921,2098
10922,1
10922,3
10922,433
10922,1298
10923,1
10923,142
10923,364
10923,1043
10923,6168
10924,3
10924,46
10924,133
10924,1876
10925,84
10925,133
10925,301
10925,970
10925,1600
10926,188
10926,652
10926,813
10926,1966
10926,6169
10927,3
10927,84
10927,133
10927,555
10927,6170
10928,13
10928,14
10928,50
10928,160
10928,2182
10929,51
10929,135
10929,364
10929,718
10929,980
10930,1
10930,3
10930,544
10930,2182
10930,6171
10931,84
10931,86
10931,133
10931,1761
10931,6172
10932,14
10932,57
10932,69
10932,870
10932,2320
10933,3
10933,133
10933,174
10933,947
10933,4865
10934,23
10934,344
10934,381
10934,1209
10934,2140
10935,3
10935,133
10935,1127
10935,4381
10935,6173
10936,1
10936,48
10936,233
10936,241
10936,1554
10937,380
10937,1002
10937,1810
10937,2632
10937,3148
10938,88
10938,191
10938,727
10938,1074
10938,4182
10939,1
10939,3
10939,13
10939,1097
10939,6174
10940,1
10940,77
10940,547
10940,981
10940,2591
10941,86
10941,133
10941,227
10941,303
10941,6175
10942,57
10942,818
10942,970
10942,1426
10942,4141
10943,3
10943,133
10943,519
10943,1707
10943,6176
10944,1
10944,12
10944,297
10944,552
10944,834
10945,23
10945,86
10945,1438
10945,2146
10945,6177
10946,3
10946,133
10946,295
10946,3090
10946,6178
10947,1
10947,97
10947,567
10947,1234
10947,1907
10948,10
10948,32
10948,145
10948,290
10948,291
10949,3
10949,126
10949,131
10949,133
10949,6179
10950,77
10950,538
10950,966
10950,967
10950,970
10951,1
10951,3
10951,13
10951,107
10951,949
10952,3
10952,14
10952,133
10952,861
10952,980
10953,1
10953,233
10953,792
10953,1696
10953,6180
10954,71
10954,361
10954,1371
10954,1651
10954,1987
10955,13
10955,14
10955,135
10955,160
10955,233
10956,1
10956,3
10956,723
10956,981
10956,5766
10957,126
10957,135
10957,160
10957,734
10957,981
10958,14
10958,437
10958,882
10958,1338
10958,5496
10959,3
10959,153
10959,707
10959,1586
10959,2344
10960,96
10960,234
10960,235
10960,459
10960,970
10961,303
10961,1349
10961,1609
10961,2356
10961,5454
10962,23
10962,228
10962,399
10962,967
10962,970
10963,133
10963,233
10963,364
10963,621
10963,691
10964,0
10964,538
10964,570
10964,1838
10964,1937
10965,84
10965,107
10965,126
10965,970
10965,1943
10966,1
10966,12
10966,738
10966,848
10966,5068
10967,23
10967,44
10967,436
10967,871
10967,5473
10968,3
10968,133
10968,539
10968,2711
10969,73
10969,109
10969,191
10969,540
10969,924
10970,3
10970,86
10970,133
10970,519
10970,689
10971,346
10971,977
10971,1108
10971,1952
10971,2984
10972,3
10972,78
10972,133
10972,698
10972,2990
10973,133
10973,532
10973,707
10973,853
10973,1427
10974,1
10974,3
10974,299
10974,864
10974,5452
10975,233
10975,591
10975,931
10975,2367
10975,4315
10976,3
10976,86
10976,133
10976,1065
10976,6181
10977,142
10977,364
10977,1252
10977,1879
10977,2781
10978,582
10978,814
10978,1343
10978,1812
10978,2849
10979,1
10979,3
10979,314
10979,346
10979,1188
10980,23
10980,51
10980,159
10980,406
10980,1106
10981,3
10981,133
10981,963
10981,1068
10981,6182
10982,1
10982,3
10982,32
10982,295
10982,565
10983,1
10983,3
10983,689
10983,965
10983,5242
10984,3
10984,13
10984,561
10984,861
10984,6183
10985,1
10985,3
10985,83
10985,861
10985,3735
10986,69
10986,86
10986,980
10986,1649
10986,1650
10987,3
10987,133
10987,382
10987,519
10987,593
10988,303
10988,331
10988,1349
10988,2356
10988,6184
10989,3
10989,133
10989,1670
10989,2049
10989,6185
10990,3
10990,51
10990,133
10990,300
10990,6095
10991,58
10991,59
10991,73
10991,295
10991,1209
10992,1
10992,3
10992,69
10992,970
10992,2285
10993,200
10993,1586
10993,2405
10993,3733
10993,4151
10994,14
10994,126
10994,865
10994,980
10994,2628
10995,13
10995,86
10995,598
10995,2629
10995,4132
10996,1
10996,3
10996,133
10996,3946
10997,508
10997,2115
10997,2635
10997,2697
10997,2835
10998,501
10998,516
10998,689
10998,1339
10998,3149
10999,1
10999,44
10999,290
10999,574
10999,2619
11000,3
11000,133
11000,403
11000,970
11000,6186
11001,69
11001,219
11001,1772
11001,2267
11001,6187
11002,1
11002,3
11002,723
11002,1176
11002,3960
11003,3
11003,14
11003,86
11003,133
11003,135
11004,33
11004,69
11004,238
11004,712
11004,758
11005,32
11005,33
11005,378
11005,733
11005,2285
11006,1
11006,13
11006,1001
11006,1863
11006,6188
11007,3
11007,49
11007,153
11007,233
11007,1399
11008,84
11008,133
11008,740
11008,1417
11008,2095
11009,86
11009,519
11009,682
11009,981
11009,1155
11010,133
11010,219
11010,364
11010,519
11010,981
11011,3
11011,133
11011,286
11011,519
11011,853
11012,1
11012,142
11012,462
11012,933
11012,980
11013,314
11013,564
11013,1794
11013,2617
11013,2618
11014,23
11014,145
11014,180
11014,723
11014,1157
11015,3
11015,133
11015,153
11015,707
11015,1586
11016,133
11016,331
11016,1451
11016,1657
11016,4322
11017,1
11017,3
11017,86
11017,642
11017,970
11018,14
11018,126
11018,966
11018,980
11018,2182
11019,1
11019,23
11019,313
11019,980
11019,3751
11020,69
11020,239
11020,561
11020,858
11020,5162
11021,153
11021,789
11021,3179
11021,6189
11021,6190
11022,31
11022,122
11022,337
11022,1533
11022,4132
11023,1
11023,32
11023,109
11023,1696
11023,2338
11024,1
11024,3
11024,13
11024,135
11024,2768
11025,24
11025,94
11025,449
11025,4123
11025,6191
11026,73
11026,109
11026,133
11026,191
11026,6192
11027,133
11027,317
11027,519
11027,593
11027,2487
11028,1
11028,86
11028,133
11028,738
11028,2982
11029,3
11029,109
11029,133
11029,883
11029,5806
11030,14
11030,133
11030,135
11030,321
11030,533
11031,1
11031,3
11031,133
11031,344
11032,1
11032,61
11032,1082
11032,3453
11032,5838
11033,3
11033,133
11033,191
11033,303
11034,51
11034,136
11034,1670
11034,3408
11034,6193
11035,233
11035,459
11035,511
11035,516
11035,870
11036,126
11036,132
11036,581
11036,1252
11036,1462
11037,3
11037,84
11037,133
11037,3222
11037,6194
11038,564
11038,1282
11038,2347
11038,3235
11038,3387
11039,64
11039,167
11039,168
11039,1006
11039,1689
11040,1
11040,734
11040,773
11040,2157
11040,5246
11041,93
11041,146
11041,366
11041,380
11041,383
11042,3
11042,133
11042,239
11042,883
11042,3381
11043,3
11043,126
11043,133
11043,516
11043,6195
11044,14
11044,59
11044,86
11044,394
11044,6196
11045,3
11045,133
11045,970
11045,1603
11045,6197
11046,1
11046,12
11046,13
11046,433
11046,437
11047,133
11047,621
11047,883
11047,1552
11047,1648
11048,55
11048,212
11048,233
11048,303
11048,1262
11049,1
11049,14
11049,126
11049,154
11049,1709
11050,3
11050,14
11050,133
11050,516
11051,1
11051,14
11051,160
11051,245
11051,465
11052,3
11052,133
11052,142
11052,403
11052,2094
11053,109
11053,198
11053,980
11053,1096
11053,2091
11054,13
11054,14
11054,126
11054,135
11054,1399
11055,86
11055,97
11055,926
11055,1438
11055,1975
11056,3
11056,2671
11056,4771
11056,5076
11056,6198
11057,1
11057,666
11057,835
11057,1510
11057,5113
11058,14
11058,133
11058,193
11058,367
11058,583
11059,133
11059,437
11059,511
11059,621
11059,2845
11060,23
11060,446
11060,849
11060,923
11060,5578
11061,86
11061,937
11061,980
11061,1410
11061,1762
11062,97
11062,133
11062,153
11062,2363
11062,2496
11063,3
11063,13
11063,243
11063,689
11063,6160
11064,55
11064,64
11064,564
11064,1149
11064,1857
11065,12
11065,51
11065,132
11065,266
11065,1198
11066,174
11066,382
11066,966
11066,967
11066,1143
11067,1
11067,3
11067,535
11067,1356
11067,1539
11068,133
11068,1068
11068,1399
11068,1446
11068,1808
11069,3
11069,42
11069,133
11069,168
11069,2212
11070,86
11070,519
11070,964
11070,1488
11070,1520
11071,78
11071,133
11071,501
11071,1986
11071,4630
11072,36
11072,52
11072,136
11072,433
11072,2728
11073,1
11073,14
11073,612
11073,873
11073,1539
11074,3
11074,5
11074,126
11074,133
11074,2119
11075,59
11075,86
11075,133
11075,388
11075,842
11076,1
11076,3
11076,126
11076,981
11076,986
11077,42
11077,73
11077,742
11077,977
11077,3537
11078,142
11078,364
11078,523
11078,612
11078,1174
11079,1
11079,3
11079,848
11079,5741
11079,6199
11080,56
11080,84
11080,346
11080,538
11080,742
11081,97
11081,237
11081,244
11081,1042
11081,1942
11082,3
11082,14
11082,133
11082,516
11083,297
11083,437
11083,516
11083,980
11083,3012
11084,133
11084,364
11084,698
11084,1004
11084,2320
11085,1
11085,3
11085,86
11086,1
11086,14
11086,133
11086,861
11086,964
11087,61
11087,69
11087,360
11087,362
11087,1837
11088,109
11088,297
11088,1696
11088,6200
11088,6201
11089,86
11089,97
11089,133
11089,859
11089,1259
11090,3
11090,133
11090,593
11090,1108
11090,6202
11091,64
11091,69
11091,126
11091,142
11091,527
11092,86
11092,689
11092,691
11092,711
11092,870
11093,133
11093,303
11093,742
11093,1282
11093,4025
11094,519
11094,1512
11094,1706
11094,6203
11094,6204
11095,86
11095,346
11095,1010
11095,1076
11095,2042
11096,133
11096,295
11096,449
11096,770
11096,1702
11097,52
11097,69
11097,516
11097,869
11097,981
11098,223
11098,360
11098,671
11098,1043
11098,4471
11099,1
11099,3
11099,314
11099,447
11099,527
11100,86
11100,133
11100,612
11100,689
11100,2982
11101,3
11101,60
11101,126
11101,133
11101,287
11102,1
11102,12
11102,326
11102,511
11102,723
11103,48
11103,61
11103,234
11103,1114
11103,1183
11104,10
11104,54
11104,55
11104,142
11104,219
11105,3
11105,133
11105,593
11105,5013
11105,6205
11106,1
11106,3
11106,291
11106,654
11106,980
11107,191
11107,567
11107,1700
11107,2578
11107,6206
11108,167
11108,420
11108,511
11108,1595
11108,6207
11109,83
11109,263
11109,511
11109,980
11109,2285
11110,1
11110,3
11110,970
11110,5741
11110,6208
11111,133
11111,301
11111,302
11111,801
11111,1838
11112,1
11112,3
11112,219
11112,555
11112,3483
11113,461
11113,567
11113,2174
11113,3198
11113,6209
11114,1
11114,584
11114,718
11114,734
11114,4255
11115,1
11115,266
11115,503
11115,966
11115,2277
11116,233
11116,459
11116,923
11116,1234
11116,1282
11117,248
11117,403
11117,559
11117,3174
11117,6210
11118,449
11118,539
11118,742
11118,1108
11118,2145
11119,3
11119,42
11119,133
11119,303
11119,1188
11120,516
11120,707
11120,942
11120,1106
11120,1812
11121,3
11121,14
11121,133
11121,170
11121,2982
11122,338
11122,666
11122,1368
11122,1839
11122,2590
11123,516
11123,565
11123,693
11123,980
11123,1426
11124,3
11124,69
11124,133
11124,278
11124,1342
11125,55
11125,1162
11125,1702
11125,2218
11125,5631
11126,55
11126,407
11126,536
11126,654
11126,1187
11127,3
11127,133
11127,378
11127,3222
11127,5907
11128,1
11128,3
11128,673
11128,2182
11128,3413
11129,17
11129,23
11129,160
11129,693
11129,2263
11130,133
11130,153
11130,342
11130,423
11130,3274
11131,1
11131,3
11131,13
11131,244
11131,981
11132,1
11132,3
11132,83
11132,86
11132,689
11133,14
11133,49
11133,622
11133,689
11133,1578
11134,133
11134,1297
11134,1975
11134,2519
11134,6211
11135,1
11135,14
11135,126
11135,291
11135,4067
11136,14
11136,33
11136,160
11136,246
11136,3762
11137,96
11137,223
11137,360
11137,552
11137,1043
11138,10
11138,388
11138,1126
11138,6067
11138,6212
11139,71
11139,832
11139,835
11139,2182
11139,6213
11140,50
11140,51
11140,69
11140,873
11140,1238
11141,132
11141,133
11141,726
11141,981
11141,2524
11142,135
11142,280
11142,981
11142,3062
11142,4475
11143,135
11143,160
11143,931
11143,1043
11143,1150
11144,5
11144,191
11144,321
11144,668
11144,6116
11145,14
11145,378
11145,1975
11145,2182
11145,5847
11146,13
11146,127
11146,133
11146,260
11146,4554
11147,1
11147,835
11147,4812
11147,5317
11147,6214
11148,145
11148,228
11148,283
11148,364
11148,873
11149,14
11149,84
11149,86
11149,689
11149,980
11150,3
11150,44
11150,145
11150,420
11150,710
11151,1549
11151,2575
11151,5084
11151,6215
11151,6216
11152,554
11152,565
11152,637
11152,1084
11152,1294
11153,3
11153,14
11153,133
11153,1376
11153,3605
11154,121
11154,723
11154,1923
11154,1975
11154,5088
11155,1
11155,3
11155,514
11155,980
11155,2338
11156,32
11156,176
11156,436
11156,980
11156,1096
11157,1
11157,3
11157,14
11157,981
11157,4381
11158,1
11158,3
11158,14
11158,135
11158,160
11159,3
11159,13
11159,107
11159,949
11159,5937
11160,130
11160,174
11160,964
11160,1096
11160,2578
11161,3
11161,97
11161,133
11161,295
11161,1519
11162,133
11162,205
11162,2324
11162,4192
11162,6217
11163,13
11163,212
11163,981
11163,2558
11163,2699
11164,11
11164,738
11164,755
11164,2630
11164,6218
11165,9
11165,126
11165,351
11165,6219
11165,6220
11166,279
11166,321
11166,698
11166,1303
11166,4029
11167,1
11167,3
11167,154
11167,348
11167,4122
11168,641
11168,666
11168,800
11168,2590
11168,3523
11169,314
11169,346
11169,447
11169,549
11169,4131
11170,3
11170,13
11170,419
11170,1975
11170,2182
11171,5
11171,1561
11171,1659
11171,6221
11171,6222
11172,14
11172,135
11172,1096
11172,1426
11172,2586
11173,77
11173,1284
11173,2212
11173,2752
11173,3508
11174,9
11174,10
11174,105
11174,123
11174,303
11175,73
11175,274
11175,303
11175,305
11175,6223
11176,0
11176,13
11176,59
11176,109
11176,295
11177,13
11177,145
11177,869
11177,980
11177,981
11178,174
11178,233
11178,1252
11178,1823
11178,2564
11179,527
11179,564
11179,6224
11179,6225
11179,6226
11180,32
11180,37
11180,2865
11180,6227
11180,6228
11181,126
11181,817
11181,980
11181,1769
11181,4196
11182,1
11182,3
11182,2426
11182,2452
11182,5548
11183,13
11183,126
11183,718
11183,981
11183,1202
11184,97
11184,295
11184,380
11184,465
11184,707
11185,1
11185,3
11185,13
11185,15
11185,781
11186,1
11186,23
11186,321
11186,420
11186,1284
11187,1
11187,32
11187,452
11187,2277
11187,6229
11188,1
11188,13
11188,344
11188,861
11188,2356
11189,32
11189,145
11189,150
11189,280
11189,428
11190,12
11190,32
11190,37
11190,464
11190,2811
11191,1
11191,3
11191,13
11191,15
11191,461
11192,342
11192,654
11192,1582
11192,5331
11192,6230
11193,14
11193,133
11193,321
11193,707
11193,1426
11194,23
11194,42
11194,508
11194,936
11194,2238
11195,350
11195,654
11195,5634
11195,6231
11195,6232
11196,13
11196,69
11196,865
11196,904
11196,1114
11197,133
11197,382
11197,689
11197,723
11197,733
11198,56
11198,71
11198,301
11198,1755
11198,4584
11199,128
11199,340
11199,552
11199,800
11199,5082
11200,3
11200,133
11200,191
11200,1586
11201,1
11201,3
11201,13
11201,351
11201,931
11202,71
11202,126
11202,516
11202,980
11202,2182
11203,86
11203,519
11203,738
11203,2982
11203,6233
11204,160
11204,245
11204,2330
11204,2344
11204,6234
11205,160
11205,584
11205,871
11205,970
11205,1705
11206,109
11206,200
11206,1201
11206,1445
11206,2405
11207,32
11207,348
11207,799
11207,1064
11207,4611
11208,13
11208,71
11208,237
11208,967
11208,1096
11209,1
11209,23
11209,511
11209,1096
11209,4475
11210,3
11210,13
11210,28
11210,31
11210,6235
11211,223
11211,312
11211,1174
11211,3639
11211,6236
11212,1
11212,3
11212,384
11212,738
11212,4833
11213,132
11213,133
11213,561
11213,5103
11213,6237
11214,59
11214,109
11214,136
11214,959
11214,3654
11215,97
11215,193
11215,364
11215,367
11215,1002
11216,3
11216,13
11216,145
11216,6138
11216,6238
11217,1
11217,71
11217,970
11217,1096
11217,6239
11218,71
11218,126
11218,219
11218,260
11218,980
11219,142
11219,295
11219,364
11219,2215
11219,4642
11220,1
11220,12
11220,13
11220,489
11220,1096
11221,9
11221,538
11221,620
11221,685
11221,4584
11222,14
11222,133
11222,135
11222,1155
11222,3189
11223,139
11223,433
11223,970
11223,1096
11223,1426
11224,51
11224,132
11224,834
11224,964
11224,1096
11225,1
11225,3
11225,32
11225,420
11225,2107
11226,3
11226,133
11226,593
11226,6240
11226,6241
11227,160
11227,233
11227,412
11227,565
11227,1384
11228,1
11228,612
11228,1912
11228,3523
11228,3711
11229,280
11229,775
11229,867
11229,2766
11229,2781
11230,13
11230,14
11230,159
11230,980
11230,2416
11231,133
11231,754
11231,1338
11231,1702
11231,4475
11232,109
11232,300
11232,842
11232,1399
11232,4584
11233,223
11233,1043
11233,2799
11233,3155
11233,5861
11234,71
11234,84
11234,132
11234,2595
11234,4584
11235,1
11235,348
11235,654
11235,1949
11235,6242
11236,14
11236,51
11236,233
11236,682
11236,1321
11237,32
11237,105
11237,287
11237,870
11237,1211
11238,126
11238,223
11238,489
11238,970
11238,1043
11239,49
11239,301
11239,364
11239,964
11239,2472
11240,1
11240,12
11240,233
11240,980
11240,1339
11241,233
11241,583
11241,859
11241,964
11241,2095
11242,219
11242,975
11242,1252
11242,2361
11242,2985
11243,133
11243,136
11243,279
11243,365
11243,2689
11244,707
11244,796
11244,1283
11244,1711
11244,3507
11245,1
11245,13
11245,23
11245,638
11245,978
11246,96
11246,380
11246,1666
11246,1942
11246,4133
11247,49
11247,84
11247,133
11247,937
11247,980
11248,9
11248,317
11248,391
11248,433
11248,1096
11249,17
11249,160
11249,245
11249,407
11249,1411
11250,723
11250,980
11250,1045
11250,5152
11250,5578
11251,13
11251,145
11251,723
11251,879
11251,947
11252,632
11252,865
11252,1096
11252,1690
11252,2211
11253,126
11253,516
11253,980
11253,1583
11253,1879
11254,12
11254,301
11254,403
11254,516
11254,970
11255,126
11255,314
11255,564
11255,964
11255,980
11256,73
11256,437
11256,980
11256,981
11256,4584
11257,1
11257,13
11257,23
11257,83
11257,383
11258,300
11258,420
11258,834
11258,3194
11258,4584
11259,511
11259,1297
11259,1905
11259,2686
11259,6243
11260,14
11260,711
11260,883
11260,1586
11260,2094
11261,1
11261,3
11261,299
11261,383
11261,2317
11262,1438
11262,1445
11262,2659
11262,4584
11262,6209
11263,1
11263,13
11263,31
11263,671
11263,1096
11264,14
11264,23
11264,32
11264,516
11264,1426
11265,3
11265,133
11265,3394
11265,5750
11265,6244
11266,1
11266,3
11266,9
11266,13
11266,317
11267,133
11267,399
11267,970
11267,972
11267,1019
11268,14
11268,142
11268,364
11268,404
11268,682
11269,198
11269,295
11269,303
11269,1810
11269,5331
11270,136
11270,295
11270,433
11270,2019
11270,4865
11271,3
11271,13
11271,17
11271,55
11271,1766
11272,57
11272,109
11272,403
11272,516
11272,980
11273,23
11273,51
11273,315
11273,966
11273,1755
11274,31
11274,160
11274,393
11274,1852
11274,2766
11275,14
11275,133
11275,193
11275,6245
11275,6246
11276,1
11276,31
11276,44
11276,56
11276,621
11277,96
11277,245
11277,457
11277,889
11277,3185
11278,1
11278,3
11278,593
11278,981
11278,1812
11279,1
11279,126
11279,233
11279,340
11279,738
11280,1
11280,3
11280,126
11280,981
11280,2523
11281,10
11281,71
11281,83
11281,3199
11281,3561
11282,67
11282,223
11282,2644
11282,2991
11282,6247
11283,49
11283,51
11283,364
11283,931
11283,3076
11284,1
11284,3
11284,501
11284,674
11284,1096
11285,13
11285,14
11285,135
11285,947
11285,4584
11286,49
11286,620
11286,621
11286,964
11286,4584
11287,51
11287,501
11287,522
11287,964
11287,3149
11288,378
11288,436
11288,503
11288,980
11288,1426
11289,86
11289,133
11289,223
11289,922
11289,985
11290,23
11290,147
11290,433
11290,1189
11290,4253
11291,1
11291,13
11291,71
11291,443
11291,559
11292,121
11292,364
11292,511
11292,605
11292,1096
11293,771
11293,1096
11293,1156
11293,1321
11293,1975
11294,23
11294,174
11294,436
11294,516
11294,1096
11295,160
11295,212
11295,233
11295,245
11295,348
11296,71
11296,516
11296,768
11296,980
11296,2182
11297,105
11297,287
11297,635
11297,2347
11297,6248
11298,36
11298,60
11298,136
11298,1155
11298,1654
11299,194
11299,342
11299,446
11299,1043
11299,1096
11300,3
11300,13
11300,949
11300,2899
11300,4873
11301,348
11301,739
11301,1010
11301,2204
11301,6249
11302,506
11302,911
11302,1603
11302,1646
11302,2338
11303,96
11303,565
11303,648
11303,1476
11303,6250
11304,219
11304,516
11304,1096
11304,1209
11304,1478
11305,266
11305,327
11305,635
11305,735
11305,1001
11306,1
11306,73
11306,150
11306,2338
11306,6251
11307,52
11307,133
11307,227
11307,234
11307,258
11308,126
11308,135
11308,612
11308,980
11308,1426
11309,13
11309,71
11309,142
11309,301
11309,433
11310,3
11310,13
11310,970
11310,1311
11310,6252
11311,10
11311,71
11311,124
11311,219
11311,4584
11312,77
11312,964
11312,1202
11312,4584
11312,5242
11313,14
11313,77
11313,508
11313,2182
11313,3431
11314,338
11314,632
11314,1096
11314,2444
11314,4133
11315,3
11315,133
11315,865
11315,1426
11315,6215
11316,404
11316,865
11316,1399
11316,1646
11316,5169
11317,31
11317,55
11317,212
11317,414
11317,2442
11318,3
11318,61
11318,671
11318,1292
11318,6253
11319,14
11319,136
11319,170
11319,1519
11319,6254
11320,23
11320,54
11320,126
11320,212
11320,445
11321,654
11321,981
11321,1321
11321,1445
11321,4584
11322,1
11322,13
11322,71
11322,233
11322,511
11323,3
11323,54
11323,133
11323,563
11323,931
11324,160
11324,263
11324,511
11324,923
11324,1096
11325,133
11325,1831
11325,3381
11325,4809
11325,6255
11326,1
11326,77
11326,132
11326,622
11326,5485
11327,5
11327,133
11327,191
11327,603
11327,883
11328,158
11328,978
11328,2285
11328,2573
11328,4584
11329,13
11329,126
11329,971
11329,981
11329,1321
11330,159
11330,168
11330,295
11330,6077
11330,6256
11331,304
11331,378
11331,957
11331,1321
11331,4658
11332,1
11332,86
11332,446
11332,970
11332,4584
11333,1
11333,3
11333,142
11333,245
11333,690
11334,56
11334,86
11334,109
11334,162
11334,3381
11335,23
11335,237
11335,391
11335,551
11335,564
11336,3
11336,13
11336,107
11336,295
11336,6257
11337,12
11337,126
11337,980
11337,2182
11337,2526
11338,14
11338,126
11338,135
11338,142
11338,980
11339,13
11339,23
11339,648
11339,3373
11339,5092
11340,3
11340,13
11340,153
11340,1039
11340,1762
11341,133
11341,300
11341,301
11341,581
11341,6258
11342,84
11342,723
11342,865
11342,1399
11342,3527
11343,48
11343,93
11343,460
11343,565
11343,648
11344,86
11344,317
11344,419
11344,980
11344,2182
11345,142
11345,561
11345,641
11345,654
11345,690
11346,32
11346,288
11346,611
11346,3673
11346,6259
11347,1
11347,135
11347,258
11347,326
11347,494
11348,73
11348,233
11348,423
11348,1043
11348,2539
11349,13
11349,54
11349,69
11349,71
11349,1108
11350,1
11350,13
11350,23
11350,388
11350,671
11351,13
11351,947
11351,1863
11351,2341
11351,4290
11352,17
11352,160
11352,246
11352,417
11352,723
11353,133
11353,300
11353,501
11353,1648
11353,2094
11354,23
11354,93
11354,1022
11354,1178
11354,2294
11355,1
11355,3
11355,23
11355,361
11355,2114
11356,14
11356,135
11356,364
11356,1338
11356,6260
11357,3
11357,84
11357,133
11357,853
11357,6056
11358,13
11358,109
11358,2068
11358,4290
11358,4584
11359,136
11359,561
11359,935
11359,960
11359,1096
11360,126
11360,654
11360,1394
11360,1518
11360,3447
11361,262
11361,314
11361,447
11361,2991
11361,4009
11362,51
11362,133
11362,300
11362,364
11362,4297
11363,77
11363,131
11363,300
11363,622
11363,6261
11364,82
11364,104
11364,142
11364,203
11364,508
11365,13
11365,86
11365,133
11365,380
11365,689
11366,13
11366,317
11366,786
11366,2107
11366,2234
11367,3
11367,13
11367,420
11367,1831
11367,4286
11368,91
11368,434
11368,868
11368,1292
11368,1713
11369,980
11369,1096
11369,2558
11369,2699
11369,6262
11370,71
11370,142
11370,223
11370,956
11370,1426
11371,1
11371,13
11371,516
11371,1095
11371,4584
11372,1
11372,13
11372,71
11372,126
11372,4584
11373,13
11373,303
11373,1143
11373,1887
11373,4584
11374,3
11374,13
11374,280
11374,433
11374,1002
11375,442
11375,618
11375,980
11375,2182
11375,2613
11376,192
11376,652
11376,775
11376,1096
11376,1499
11377,364
11377,641
11377,980
11377,1217
11377,1426
11378,1
11378,233
11378,348
11378,1022
11378,1178
11379,10
11379,71
11379,277
11379,6263
11379,6264
11380,212
11380,245
11380,246
11380,800
11380,1368
11381,1
11381,32
11381,86
11381,93
11381,1319
11382,1
11382,3
11382,854
11382,1839
11382,4533
11383,14
11383,2692
11383,5076
11383,5125
11383,5841
11384,330
11384,1036
11384,1251
11384,1810
11384,2387
11385,516
11385,554
11385,1096
11385,1396
11385,1426
11386,84
11386,133
11386,937
11386,947
11386,981
11387,1
11387,13
11387,32
11387,145
11387,2876
11388,1
11388,3
11388,212
11388,237
11388,1321
11389,3
11389,133
11389,964
11389,1446
11390,3
11390,133
11390,375
11390,1259
11390,5907
11391,84
11391,346
11391,538
11391,542
11391,964
11392,14
11392,69
11392,511
11392,1004
11392,1096
11393,931
11393,964
11393,1252
11393,1755
11393,1920
11394,212
11394,258
11394,559
11394,591
11394,3807
11395,142
11395,1043
11395,1150
11395,2787
11395,2788
11396,338
11396,393
11396,1823
11396,1969
11396,3074
11397,1
11397,13
11397,71
11397,861
11397,4584
11398,42
11398,105
11398,800
11398,1290
11398,5827
11399,133
11399,136
11399,191
11399,2947
11399,3198
11400,3
11400,13
11400,5218
11400,5692
11400,6265
11401,14
11401,49
11401,84
11401,859
11401,1495
11402,33
11402,321
11402,1905
11402,2542
11402,6266
11403,1
11403,23
11403,32
11403,73
11403,433
11404,3
11404,51
11404,133
11404,533
11404,2265
11405,1
11405,3
11405,465
11405,3460
11405,4268
11406,10
11406,71
11406,109
11406,1221
11406,6267
11407,476
11407,494
11407,544
11407,654
11407,1713
11408,28
11408,864
11408,1133
11408,1912
11408,2284
11409,1
11409,3
11409,13
11409,964
11409,4290
11410,1
11410,86
11410,689
11410,1095
11410,1879
11411,23
11411,103
11411,852
11411,871
11411,3673
11412,86
11412,1094
11412,1209
11412,1571
11412,2095
11413,437
11413,465
11413,976
11413,1969
11413,6268
11414,14
11414,69
11414,126
11414,981
11414,1587
11415,14
11415,84
11415,86
11415,689
11415,6269
11416,9
11416,71
11416,266
11416,290
11416,326
11417,109
11417,558
11417,559
11417,870
11417,871
11418,55
11418,71
11418,290
11418,401
11418,970
11419,1
11419,364
11419,740
11419,927
11419,970
11420,17
11420,48
11420,160
11420,1762
11420,1915
11421,133
11421,136
11421,322
11421,2432
11421,5695
11422,64
11422,652
11422,980
11422,1096
11422,1332
11423,501
11423,522
11423,1339
11423,3149
11423,6270
11424,17
11424,671
11424,2454
11424,2841
11424,6271
11425,1108
11425,1338
11425,3012
11425,6272
11425,6273
11426,17
11426,96
11426,223
11426,246
11426,360
11427,1
11427,3
11427,13
11427,107
11428,1
11428,3
11428,13
11428,107
11428,654
11429,1
11429,3
11429,69
11429,136
11429,357
11430,3
11430,44
11430,103
11430,348
11430,393
11431,12
11431,761
11431,1001
11431,3336
11431,4063
11432,1
11432,3
11432,861
11432,1022
11432,1476
11433,3
11433,13
11433,107
11433,295
11434,3
11434,133
11434,295
11434,6133
11434,6274
11435,3
11435,14
11435,380
11435,773
11435,1969
11436,77
11436,544
11436,547
11436,2591
11436,2703
11437,394
11437,711
11437,1586
11437,2895
11437,3211
11438,93
11438,160
11438,559
11438,693
11438,1369
11439,3
11439,84
11439,107
11439,133
11439,980
11440,32
11440,71
11440,280
11440,738
11440,3360
11441,314
11441,1998
11441,2617
11441,2618
11441,5858
11442,3
11442,1063
11442,1956
11442,2447
11442,3212
11443,3
11443,13
11443,14
11443,133
11443,1096
11444,799
11444,802
11444,1188
11444,2144
11444,2780
11445,33
11445,69
11445,84
11445,86
11445,6275
11446,42
11446,82
11446,104
11446,383
11446,618
11447,162
11447,1108
11447,1598
11447,2095
11447,2302
11448,3
11448,32
11448,461
11448,1023
11448,5361
11449,3
11449,13
11449,561
11449,980
11449,1445
11450,23
11450,123
11450,140
11450,179
11450,1038
11451,1
11451,73
11451,303
11451,800
11451,6276
11452,13
11452,618
11452,723
11452,770
11452,1297
11453,911
11453,1956
11453,3595
11453,4537
11453,4538
11454,13
11454,71
11454,981
11454,1045
11454,1107
11455,13
11455,105
11455,287
11455,376
11455,3277
11456,3
11456,133
11456,136
11456,279
11456,305
11457,52
11457,136
11457,561
11457,1823
11457,3924
11458,23
11458,123
11458,342
11458,1096
11458,4926
11459,723
11459,2686
11459,2775
11459,4527
11459,6277
11460,3
11460,13
11460,64
11460,88
11460,126
11461,701
11461,3296
11461,4586
11461,6278
11461,6279
11462,3
11462,13
11462,71
11462,297
11462,733
11463,980
11463,1949
11463,3026
11463,5088
11463,6280
11464,1118
11464,1201
11464,1902
11464,4419
11464,6281
11465,3
11465,295
11465,303
11465,1056
11465,6009
11466,160
11466,407
11466,830
11466,1043
11466,6282
11467,1699
11467,2080
11467,5061
11467,5420
11467,6283
11468,620
11468,621
11468,1446
11468,2045
11468,2282
11469,58
11469,153
11469,1436
11469,3662
11469,6067
11470,3
11470,133
11470,287
11470,1458
11471,1
11471,83
11471,237
11471,287
11471,785
11472,3
11472,13
11472,14
11472,61
11472,1850
11473,109
11473,446
11473,842
11473,5554
11473,6284
11474,15
11474,455
11474,508
11474,564
11474,1583
11475,32
11475,71
11475,303
11475,1188
11475,4254
11476,23
11476,233
11476,237
11476,331
11476,1209
11477,4712
11477,6157
11477,6285
11477,6286
11477,6287
11478,71
11478,980
11478,981
11478,2827
11478,3315
11479,1
11479,3
11479,13
11479,32
11479,71
11480,188
11480,1023
11480,2174
11480,4521
11480,6287
11481,54
11481,71
11481,167
11481,388
11481,1660
11482,618
11482,671
11482,848
11482,864
11482,1572
11483,651
11483,1023
11483,1990
11483,6288
11483,6289
11484,174
11484,519
11484,2042
11484,2619
11484,3013
11485,14
11485,165
11485,535
11485,561
11485,5694
11486,314
11486,564
11486,1149
11486,1794
11486,1998
11487,23
11487,42
11487,380
11487,650
11487,1810
11488,3
11488,49
11488,191
11488,6290
11489,50
11489,51
11489,174
11489,1096
11489,6291
11490,32
11490,37
11490,126
11490,429
11490,2811
11491,97
11491,233
11491,510
11491,1696
11491,6292
11492,14
11492,156
11492,164
11492,188
11492,295
11493,127
11493,364
11493,565
11493,2044
11493,2813
11494,3
11494,133
11494,538
11494,714
11495,3
11495,13
11495,31
11495,83
11495,337
11496,1
11496,61
11496,69
11496,2105
11496,3595
11497,136
11497,861
11497,1699
11497,4580
11497,5420
11498,773
11498,1023
11498,1036
11498,2251
11498,3012
11499,868
11499,2857
11499,2982
11499,3758
11499,6293
11500,1
11500,88
11500,136
11500,912
11500,1575
11501,3
11501,295
11501,964
11501,6294
11501,6295
11502,1
11502,3
11502,128
11502,290
11502,3279
11503,295
11503,1716
11503,3198
11503,3627
11503,5468
11504,694
11504,724
11504,980
11504,981
11504,1494
11505,248
11505,474
11505,2086
11505,4581
11505,4941
11506,3
11506,97
11506,1812
11506,6287
11506,6296
11507,23
11507,33
11507,126
11507,981
11507,1096
11508,13
11508,44
11508,834
11508,1510
11508,2514
11509,1
11509,945
11509,1500
11509,3466
11509,6297
11510,69
11510,136
11510,842
11510,1155
11510,1829
11511,9
11511,1499
11511,6298
11511,6299
11511,6300
11512,544
11512,654
11512,1445
11512,1846
11512,4584
11513,13
11513,433
11513,865
11513,1707
11513,4584
11514,3
11514,321
11514,1473
11514,2124
11514,2835
11515,1
11515,61
11515,298
11515,723
11515,1796
11516,3
11516,13
11516,33
11516,107
11517,1
11517,23
11517,42
11517,364
11517,707
11518,1612
11518,2083
11518,5331
11518,6301
11518,6302
11519,314
11519,460
11519,527
11519,1426
11519,4315
11520,3
11520,97
11520,133
11520,1332
11520,6303
11521,188
11521,190
11521,394
11521,811
11521,877
11522,266
11522,324
11522,691
11522,970
11522,4584
11523,3
11523,13
11523,295
11523,1417
11523,3635
11524,3
11524,13
11524,295
11524,4584
11524,6304
11525,69
11525,295
11525,1624
11525,2906
11525,3508
11526,1
11526,14
11526,23
11526,55
11526,2355
11527,121
11527,690
11527,1063
11527,2697
11527,6305
11528,233
11528,1282
11528,2551
11528,2552
11528,6287
11529,198
11529,842
11529,924
11529,1283
11529,5464
11530,69
11530,160
11530,1346
11530,1520
11530,1762
11531,29
11531,266
11531,446
11531,690
11531,1001
11532,14
11532,23
11532,135
11532,2586
11532,2628
11533,237
11533,330
11533,551
11533,1253
11533,2972
11534,303
11534,1022
11534,1650
11534,2358
11534,6306
11535,1
11535,13
11535,69
11535,325
11535,6307
11536,1043
11536,1822
11536,2447
11536,4460
11536,6308
11537,105
11537,142
11537,287
11537,496
11537,870
11538,1
11538,48
11538,132
11538,967
11538,6309
11539,23
11539,1438
11539,2347
11539,3673
11539,6310
11540,14
11540,295
11540,303
11540,1603
11540,3323
11541,14
11541,57
11541,61
11541,800
11541,1526
11542,32
11542,36
11542,1282
11542,1810
11542,6287
11543,23
11543,180
11543,984
11543,1045
11543,2956
11544,126
11544,154
11544,237
11544,832
11544,2182
11545,58
11545,814
11545,4584
11545,5485
11545,6209
11546,86
11546,536
11546,654
11546,706
11546,1013
11547,1110
11547,2341
11547,6311
11547,6312
11547,6313
11548,86
11548,133
11548,519
11548,861
11548,1399
11549,133
11549,136
11549,191
11549,2192
11549,6314
11550,23
11550,654
11550,1382
11550,1402
11550,6315
11551,14
11551,160
11551,212
11551,233
11551,981
11552,3
11552,133
11552,538
11552,898
11553,51
11553,132
11553,693
11553,964
11553,4584
11554,136
11554,378
11554,1096
11554,6316
11554,6317
11555,13
11555,980
11555,1096
11555,1446
11555,2558
11556,3
11556,133
11556,191
11556,6318
11557,14
11557,133
11557,153
11557,689
11557,1399
11558,35
11558,2825
11558,2827
11558,6319
11558,6320
11559,3
11559,13
11559,71
11559,449
11559,1552
11560,71
11560,133
11560,233
11560,931
11560,1096
11561,14
11561,69
11561,126
11561,135
11561,1321
11562,9
11562,12
11562,31
11562,32
11562,5060
11563,54
11563,71
11563,516
11563,1321
11563,6321
11564,77
11564,130
11564,516
11564,964
11564,966
11565,136
11565,456
11565,622
11565,3408
11565,6322
11566,142
11566,150
11566,690
11566,1209
11566,2338
11567,3
11567,71
11567,1586
11567,2040
11567,2397
11568,69
11568,77
11568,1020
11568,2495
11568,3249
11569,212
11569,245
11569,246
11569,1096
11569,2080
11570,71
11570,287
11570,1339
11570,2145
11570,6323
11571,14
11571,49
11571,622
11571,682
11571,2768
11572,5
11572,133
11572,519
11572,2192
11572,2715
11573,23
11573,109
11573,558
11573,831
11573,842
11574,15
11574,33
11574,299
11574,391
11574,3682
11575,71
11575,330
11575,364
11575,715
11575,6324
11576,1
11576,126
11576,1060
11576,2514
11576,2832
11577,14
11577,682
11577,883
11577,1586
11577,2982
11578,1
11578,3
11578,423
11578,5598
11578,6325
11579,15
11579,64
11579,449
11579,1096
11579,1960
11580,174
11580,301
11580,964
11580,1759
11580,6326
11581,84
11581,3931
11581,5454
11581,6327
11581,6328
11582,14
11582,135
11582,980
11582,1333
11582,2042
11583,136
11583,321
11583,561
11583,1862
11583,6121
11584,13
11584,417
11584,501
11584,1297
11584,5485
11585,3
11585,13
11585,71
11585,126
11585,219
11586,457
11586,4734
11586,6329
11586,6330
11586,6331
11587,107
11587,1399
11587,1646
11587,2133
11587,4584
11588,1
11588,303
11588,509
11588,1096
11588,6332
11589,23
11589,32
11589,145
11589,1005
11589,1096
11590,9
11590,12
11590,219
11590,419
11590,1076
11591,0
11591,69
11591,239
11591,1022
11591,1333
11592,17
11592,160
11592,246
11592,693
11592,3953
11593,9
11593,13
11593,433
11593,508
11593,581
11594,3
11594,13
11594,107
11595,156
11595,303
11595,980
11595,1106
11595,1108
11596,159
11596,360
11596,758
11596,946
11596,1197
11597,9
11597,96
11597,1148
11597,1344
11597,3445
11598,126
11598,150
11598,1399
11598,6045
11598,6333
11599,15
11599,49
11599,620
11599,979
11599,1202
11600,14
11600,69
11600,77
11600,238
11600,550
11601,899
11601,1042
11601,1928
11601,6334
11601,6335
11602,23
11602,342
11602,672
11602,1417
11602,1418
11603,3
11603,13
11603,61
11603,69
11603,3673
11604,1025
11604,1226
11604,1451
11604,6336
11604,6337
11605,14
11605,273
11605,274
11605,497
11605,1417
11606,121
11606,142
11606,1413
11606,1713
11606,2537
11607,31
11607,160
11607,516
11607,1368
11607,3573
11608,508
11608,910
11608,911
11608,2194
11608,6338
11609,96
11609,303
11609,682
11609,1823
11609,1907
11610,133
11610,930
11610,1494
11610,2416
11610,3323
11611,1
11611,3
11611,233
11611,1234
11611,3635
11612,3
11612,13
11612,107
11612,1709
11612,4873
11613,376
11613,933
11613,2192
11613,2775
11613,6287
11614,3
11614,13
11614,107
11614,231
11614,6339
11615,0
11615,61
11615,303
11615,643
11615,6340
11616,14
11616,126
11616,135
11616,162
11616,980
11617,23
11617,123
11617,393
11617,654
11617,1096
11618,3
11618,295
11618,1034
11618,1810
11618,5118
11619,191
11619,1543
11619,4192
11619,5606
11619,6341
11620,14
11620,73
11620,380
11620,1603
11620,5543
11621,565
11621,842
11621,1022
11621,1065
11621,2044
11622,179
11622,378
11622,947
11622,1096
11622,2095
11623,57
11623,234
11623,237
11623,970
11623,1096
11624,133
11624,420
11624,1001
11624,2324
11624,3214
11625,13
11625,980
11625,981
11625,1096
11625,2905
11626,133
11626,303
11626,380
11626,1023
11626,1810
11627,833
11627,5750
11627,5826
11627,6342
11627,6343
11628,515
11628,1969
11628,5259
11628,6344
11628,6345
11629,3
11629,510
11629,740
11629,912
11629,1956
11630,73
11630,97
11630,198
11630,295
11630,501
11631,9
11631,86
11631,516
11631,758
11631,1174
11632,69
11632,342
11632,355
11632,648
11632,970
11633,13
11633,457
11633,980
11633,1096
11633,1925
11634,9
11634,77
11634,1006
11634,1923
11634,6346
11635,1
11635,3
11635,13
11635,121
11635,981
11636,1
11636,3
11636,13
11636,121
11636,233
11637,9
11637,132
11637,635
11637,1107
11637,5391
11638,32
11638,1201
11638,1426
11638,2249
11638,2461
11639,652
11639,1689
11639,2080
11639,5061
11639,6347
11640,126
11640,1001
11640,1350
11640,4285
11640,4941
11641,3
11641,192
11641,321
11641,701
11641,2637
11642,126
11642,342
11642,618
11642,980
11642,2182
11643,23
11643,321
11643,572
11643,967
11643,4584
11644,14
11644,90
11644,133
11644,622
11644,2363
11645,61
11645,561
11645,1915
11645,3960
11645,4381
11646,132
11646,834
11646,964
11646,980
11646,1510
11647,242
11647,287
11647,321
11647,1096
11647,5235
11648,84
11648,433
11648,1399
11648,2699
11648,4584
11649,0
11649,23
11649,2203
11649,3574
11649,5802
11650,12
11650,266
11650,408
11650,1060
11650,2514
11651,29
11651,654
11651,980
11651,4274
11651,6348
11652,13
11652,31
11652,71
11652,516
11652,4584
11653,1340
11653,2229
11653,6018
11653,6349
11653,6350
11654,1
11654,135
11654,233
11654,707
11654,1006
11655,23
11655,50
11655,132
11655,1707
11655,3194
11656,1
11656,71
11656,132
11656,637
11656,1043
11657,32
11657,145
11657,293
11657,3378
11657,6351
11658,23
11658,126
11658,980
11658,1275
11658,1276
11659,619
11659,1462
11659,2684
11659,6336
11659,6340
11660,1
11660,3
11660,13
11660,107
11660,555
11661,126
11661,516
11661,601
11661,1526
11661,2636
11662,2182
11662,2811
11662,3932
11662,4918
11662,5891
11663,136
11663,239
11663,321
11663,3323
11663,3532
11664,23
11664,133
11664,542
11664,1451
11664,2463
11665,133
11665,295
11665,304
11665,1282
11665,2606
11666,1
11666,375
11666,1831
11666,2297
11666,2356
11667,133
11667,295
11667,304
11667,1282
11667,2606
11668,3
11668,133
11668,1234
11669,3
11669,13
11669,136
11669,437
11669,4103
11670,3
11670,13
11670,86
11670,107
11670,133
11671,3
11671,13
11671,107
11671,317
11671,337
11672,3
11672,13
11672,364
11672,501
11672,6352
11673,61
11673,239
11673,516
11673,970
11673,1762
11674,3
11674,13
11674,192
11674,433
11674,6353
11675,507
11675,1017
11675,1363
11675,4554
11675,6354
11676,1
11676,3
11676,13
11676,965
11676,971
11677,330
11677,511
11677,1040
11677,3199
11677,4182
11678,13
11678,14
11678,419
11678,980
11678,2182
11679,13
11679,51
11679,52
11679,133
11679,925
11680,1
11680,3
11680,1206
11680,6355
11680,6356
11681,3
11681,191
11681,513
11681,1812
11681,6357
11682,48
11682,96
11682,128
11682,1042
11682,3279
11683,1371
11683,2105
11683,2582
11683,3215
11683,4382
11684,51
11684,136
11684,174
11684,1923
11684,2356
11685,1
11685,3
11685,10
11685,13
11685,1157
11686,223
11686,239
11686,420
11686,2933
11686,6358
11687,233
11687,303
11687,1139
11687,1188
11687,4562
11688,12
11688,81
11688,980
11688,1442
11688,4475
11689,1
11689,3
11689,13
11689,107
11689,6359
11690,1
11690,3
11690,69
11690,554
11690,6360
11691,3
11691,13
11691,107
11691,6361
11692,12
11692,818
11692,1102
11692,2431
11692,5088
11693,33
11693,980
11693,981
11693,2182
11693,2426
11694,13
11694,126
11694,561
11694,621
11694,980
11695,3
11695,13
11695,14
11695,107
11695,1789
11696,14
11696,23
11696,135
11696,460
11696,511
11697,3
11697,13
11697,126
11697,5635
11697,6343
11698,86
11698,233
11698,970
11698,1022
11698,2781
11699,271
11699,437
11699,990
11699,1238
11699,3292
11700,1
11700,3
11700,86
11700,3222
11700,5741
11701,1
11701,14
11701,57
11701,970
11701,1426
11702,13
11702,219
11702,252
11702,419
11702,1076
11703,3
11703,13
11703,14
11703,682
11703,6362
11704,77
11704,126
11704,439
11704,1755
11704,1838
11705,17
11705,23
11705,194
11705,245
11705,399
11706,1
11706,23
11706,291
11706,361
11706,6363
11707,980
11707,1247
11707,2182
11707,5253
11707,6270
11708,1
11708,3
11708,160
11708,3552
11708,6364
11709,84
11709,964
11709,970
11709,1215
11709,4475
11710,13
11710,2180
11710,2312
11710,4334
11710,6199
11711,10
11711,991
11711,1341
11711,1912
11711,2135
11712,13
11712,69
11712,516
11712,561
11712,964
11713,23
11713,51
11713,132
11713,142
11713,158
11714,126
11714,132
11714,300
11714,1442
11714,6365
11715,13
11715,56
11715,301
11715,1252
11715,1399
11716,14
11716,160
11716,364
11716,378
11716,980
11717,3
11717,13
11717,912
11717,1812
11717,2236
11718,1
11718,13
11718,227
11718,867
11718,6366
11719,3
11719,13
11719,48
11719,132
11719,227
11720,301
11720,364
11720,859
11720,2472
11720,4151
11721,14
11721,219
11721,378
11721,511
11721,2586
11722,295
11722,621
11722,682
11722,937
11722,4357
11723,12
11723,126
11723,132
11723,1214
11723,6367
11724,1
11724,3
11724,23
11724,444
11724,555
11725,13
11725,17
11725,227
11725,2182
11725,5088
11726,3
11726,13
11726,107
11726,854
11726,1839
11727,13
11727,61
11727,69
11727,970
11727,980
11728,3
11728,13
11728,132
11728,364
11728,621
11729,1
11729,124
11729,258
11729,299
11729,494
11730,23
11730,338
11730,380
11730,585
11730,3582
11731,3
11731,13
11731,107
11731,2558
11731,6368
11732,126
11732,504
11732,1656
11732,3393
11732,3679
11733,3
11733,10
11733,13
11733,260
11733,447
11734,1
11734,3
11734,1526
11734,5262
11734,6369
11735,41
11735,42
11735,83
11735,299
11735,1527
11736,23
11736,73
11736,93
11736,293
11736,330
11737,433
11737,941
11737,964
11737,980
11737,1001
11738,13
11738,980
11738,1014
11738,1221
11738,2182
11739,3
11739,13
11739,420
11739,6370
11739,6371
11740,31
11740,654
11740,1691
11740,4381
11740,5205
11741,1
11741,3
11741,13
11741,14
11741,233
11742,3
11742,71
11742,419
11742,792
11742,2182
11743,132
11743,301
11743,487
11743,2114
11743,5002
11744,1
11744,12
11744,2182
11744,4411
11744,6093
11745,1
11745,3
11745,870
11745,970
11745,6372
11746,13
11746,516
11746,980
11746,1426
11746,3013
11747,0
11747,13
11747,799
11747,970
11747,1494
11748,1
11748,13
11748,14
11748,436
11748,501
11749,13
11749,980
11749,3303
11749,5088
11749,5094
11750,17
11750,237
11750,312
11750,337
11750,4994
11751,1
11751,3
11751,12
11751,13
11751,635
11752,1
11752,3
11752,44
11752,71
11752,832
11753,23
11753,233
11753,533
11753,814
11753,1201
11754,13
11754,69
11754,433
11754,723
11754,2495
11755,126
11755,130
11755,227
11755,1879
11755,2182
11756,3
11756,13
11756,212
11756,516
11756,865
11757,337
11757,1770
11757,3530
11757,6373
11757,6374
11758,1
11758,3
11758,32
11759,45
11759,637
11759,723
11759,859
11759,1634
11760,9
11760,32
11760,288
11760,982
11760,1478
11761,1
11761,126
11761,192
11761,577
11761,6375
11762,13
11762,51
11762,132
11762,2131
11762,6376
11763,12
11763,740
11763,1001
11763,2182
11763,6377
11764,12
11764,13
11764,43
11764,317
11764,401
11765,1
11765,3
11765,13
11765,107
11766,3
11766,13
11766,404
11766,865
11766,1399
11767,1
11767,13
11767,14
11767,135
11767,1426
11768,13
11768,14
11768,723
11768,931
11768,981
11769,3
11769,13
11769,133
11769,980
11769,1659
11770,936
11770,1009
11770,1537
11770,2270
11770,2728
11771,980
11771,2182
11771,6207
11771,6213
11771,6315
11772,1
11772,32
11772,1341
11772,1714
11772,4944
11773,3
11773,13
11773,133
11773,2768
11773,4067
11774,91
11774,142
11774,980
11774,981
11774,4659
11775,103
11775,155
11775,348
11775,552
11775,1923
11776,63
11776,125
11776,260
11776,985
11776,1001
11777,126
11777,321
11777,981
11777,2352
11777,6076
11778,3
11778,126
11778,522
11778,1339
11778,6270
11779,106
11779,980
11779,1616
11779,2338
11779,6378
11780,1
11780,3
11780,13
11780,107
11780,6379
11781,132
11781,970
11781,1008
11781,1887
11781,2619
11782,14
11782,126
11782,135
11782,160
11782,1426
11783,13
11783,419
11783,834
11783,2192
11783,3065
11784,23
11784,55
11784,123
11784,145
11784,6380
11785,13
11785,23
11785,970
11785,971
11785,6381
11786,3
11786,13
11786,71
11786,107
11787,86
11787,132
11787,516
11787,966
11787,2297
11788,1
11788,3
11788,13
11788,1282
11788,1884
11789,3
11789,58
11789,61
11789,84
11789,970
11790,12
11790,13
11790,436
11790,922
11790,5740
11791,3
11791,13
11791,219
11791,1705
11791,6382
11792,13
11792,110
11792,931
11792,949
11792,980
11793,23
11793,83
11793,103
11793,294
11793,654
11794,67
11794,315
11794,337
11794,516
11794,838
11795,494
11795,618
11795,971
11795,980
11795,981
11796,13
11796,126
11796,652
11796,931
11796,981
11797,244
11797,283
11797,378
11797,1160
11797,4289
11798,13
11798,126
11798,350
11798,931
11798,5169
11799,3
11799,13
11799,51
11799,57
11799,796
11800,1
11800,32
11800,145
11800,300
11800,1297
11801,1
11801,3
11801,13
11801,297
11801,2182
11802,3
11802,286
11803,3
11803,12
11803,13
11803,107
11804,3
11804,13
11804,107
11804,133
11804,6383
11805,3
11805,13
11805,136
11805,153
11805,6384
11806,3
11806,13
11806,107
11806,132
11806,966
11807,3
11807,13
11807,107
11807,317
11808,3
11808,44
11808,107
11808,3278
11808,3344
11809,348
11809,501
11809,909
11809,2232
11809,2872
11810,3
11810,13
11810,107
11810,153
11810,1586
11811,3
11811,13
11811,44
11811,123
11811,6199
11812,3
11812,13
11812,107
11812,202
11813,3
11813,13
11813,44
11813,107
11813,5937
11814,3
11814,13
11814,107
11814,516
11815,3
11815,13
11815,107
11815,516
11815,577
11816,3
11816,13
11816,44
11816,107
11816,6385
11817,3
11817,13
11817,107
11818,3
11818,13
11818,44
11818,1351
11818,4746
11819,3
11819,13
11819,107
11819,6386
11820,3
11820,13
11820,873
11820,2510
11820,6387
11821,3
11821,13
11821,44
11821,107
11821,399
11822,3
11822,13
11822,107
11822,437
11823,3
11823,13
11823,107
11824,3
11824,13
11824,300
11824,436
11824,1044
11825,3
11825,13
11825,107
11826,3
11826,13
11826,107
11826,1485
11827,3
11827,13
11827,107
11827,4222
11828,3
11828,13
11828,23
11828,44
11828,107
11829,3
11829,13
11829,107
11829,2014
11829,4672
11830,13
11830,126
11830,219
11830,981
11830,5107
11831,3
11831,32
11831,44
11831,107
11832,3
11832,13
11832,44
11832,107
11832,710
11833,3
11833,44
11833,107
11833,6388
11834,3
11834,44
11834,107
11834,5018
11834,6389
11835,3
11835,13
11835,107
11835,135
11836,13
11836,759
11836,1235
11836,1293
11836,2023
11837,3
11837,13
11837,107
11837,295
11837,2265
11838,3
11838,13
11838,44
11838,612
11838,927
11839,3
11839,13
11839,107
11839,170
11839,6390
11840,13
11840,44
11840,219
11840,1351
11840,4496
11841,3
11841,13
11841,44
11841,107
11841,364
11842,3
11842,13
11842,14
11842,86
11842,133
11843,13
11843,44
11843,422
11843,948
11843,949
11844,3
11844,44
11844,792
11844,949
11844,6391
11845,3
11845,13
11845,44
11845,107
11845,458
11846,3
11846,44
11846,246
11846,348
11846,362
11847,3
11847,13
11847,107
11847,3064
11848,3
11848,13
11848,107
11848,136
11848,153
11849,3
11849,13
11849,77
11849,107
11850,3
11850,13
11850,107
11851,3
11851,9
11851,13
11851,107
11852,3
11852,13
11852,107
11852,1353
11852,6095
11853,3
11853,13
11853,69
11853,136
11853,191
11854,3
11854,13
11854,132
11854,1148
11854,5574
11855,3
11855,13
11855,107
11855,132
11855,6392
11856,82
11856,1293
11856,1537
11856,2626
11856,2642
11857,3
11857,13
11857,107
11857,6393
11858,3
11858,13
11858,44
11858,5192
11858,6394
11859,3
11859,44
11859,107
11859,223
11859,370
11860,3
11860,13
11860,107
11861,44
11861,998
11861,1143
11861,3278
11861,3344
11862,3
11862,13
11862,44
11862,107
11862,6395
11863,3
11863,13
11863,107
11863,295
11864,3
11864,44
11864,107
11864,160
11865,3
11865,13
11865,15
11865,61
11865,945
11866,61
11866,317
11866,391
11866,554
11866,759
11867,43
11867,314
11867,460
11867,1546
11867,4315
11868,130
11868,516
11868,694
11868,966
11868,970
11869,14
11869,57
11869,516
11869,1195
11869,1762
11870,1
11870,3
11870,13
11870,156
11870,364
11871,13
11871,84
11871,324
11871,542
11871,1533
11872,273
11872,372
11872,671
11872,1364
11872,1687
11873,135
11873,433
11873,931
11873,970
11873,985
11874,14
11874,507
11874,980
11874,1592
11874,1687
11875,23
11875,93
11875,233
11875,337
11875,980
11876,3
11876,2086
11876,2832
11876,3728
11876,4953
11877,14
11877,64
11877,130
11877,364
11877,970
11878,257
11878,1190
11878,2841
11878,6396
11878,6397
11879,3
11879,13
11879,437
11879,507
11879,981
11880,86
11880,482
11880,689
11880,1399
11880,2671
11881,13
11881,130
11881,1786
11881,2984
11881,4262
11882,348
11882,400
11882,710
11882,759
11882,931
11883,3
11883,133
11883,621
11883,685
11883,1511
11884,3
11884,13
11884,191
11884,682
11884,980
11885,69
11885,86
11885,723
11885,865
11885,931
11886,18
11886,20
11886,981
11886,1646
11886,6398
11887,3
11887,13
11887,107
11887,130
11887,286
11888,1
11888,3
11888,61
11888,564
11888,5088
11889,103
11889,525
11889,682
11889,1043
11889,3467
11890,14
11890,51
11890,133
11890,931
11890,971
11891,219
11891,337
11891,378
11891,1002
11891,1426
11892,291
11892,326
11892,864
11892,4131
11892,4132
11893,23
11893,61
11893,671
11893,1224
11893,5405
11894,3
11894,107
11894,132
11894,300
11894,6399
11895,1
11895,13
11895,32
11895,80
11895,2182
11896,23
11896,94
11896,340
11896,459
11896,848
11897,126
11897,507
11897,980
11897,1439
11897,1592
11898,380
11898,465
11898,2121
11898,2867
11898,6400
11899,13
11899,104
11899,233
11899,1879
11899,4566
11900,3
11900,13
11900,59
11900,295
11900,450
11901,68
11901,234
11901,482
11901,1022
11901,2222
11902,3
11902,13
11902,107
11902,295
11903,3
11903,13
11903,107
11903,295
11903,3603
11904,3
11904,13
11904,107
11904,191
11904,865
11905,3
11905,13
11905,179
11905,864
11905,1912
11906,13
11906,61
11906,126
11906,723
11906,980
11907,1
11907,3
11907,13
11907,107
11908,437
11908,981
11908,1425
11908,3408
11908,4274
11909,223
11909,297
11909,366
11909,1044
11909,1366
11910,14
11910,49
11910,153
11910,1578
11910,4001
11911,3
11911,13
11911,61
11911,393
11911,449
11912,3
11912,13
11912,437
11912,1353
11912,3696
11913,1
11913,13
11913,654
11913,981
11913,2439
11914,1
11914,13
11914,32
11914,126
11914,873
11915,96
11915,159
11915,552
11915,6401
11915,6402
11916,3
11916,13
11916,107
11916,136
11916,6403
11917,3
11917,13
11917,107
11917,873
11917,6404
11918,1
11918,3
11918,13
11918,107
11919,14
11919,126
11919,135
11919,931
11919,2182
11920,3
11920,501
11920,4131
11920,4133
11920,6405
11921,3
11921,13
11921,14
11921,375
11921,5921
11922,3
11922,13
11922,516
11922,740
11922,1353
11923,3
11923,13
11923,107
11923,295
11924,3
11924,13
11924,437
11924,1063
11924,1700
11925,3
11925,13
11925,107
11925,153
11925,6406
11926,29
11926,351
11926,577
11926,2182
11926,6407
11927,32
11927,126
11927,436
11927,516
11927,980
11928,3
11928,107
11928,132
11928,4467
11928,6408
11929,3
11929,233
11929,295
11929,2018
11929,2496
11930,3
11930,13
11930,107
11930,135
11930,160
11931,3
11931,13
11931,31
11931,107
11932,3
11932,13
11932,107
11932,295
11932,4810
11933,1
11933,13
11933,350
11933,927
11933,970
11934,1
11934,3
11934,13
11934,126
11934,4381
11935,3
11935,13
11935,61
11935,6409
11935,6410
11936,3
11936,13
11936,96
11936,714
11936,4298
11937,1
11937,3
11937,13
11937,577
11937,4839
11938,3
11938,13
11938,107
11938,153
11938,6411
11939,3
11939,13
11939,980
11939,981
11939,5804
11940,3
11940,13
11940,107
11940,295
11941,86
11941,97
11941,237
11941,971
11941,2477
11942,759
11942,1399
11942,1907
11942,5743
11942,6412
11943,1
11943,13
11943,14
11943,135
11943,1150
11944,295
11944,1466
11944,2547
11944,5966
11944,6413
11945,54
11945,135
11945,433
11945,503
11945,4132
11946,501
11946,964
11946,1338
11946,2619
11946,4475
11947,14
11947,23
11947,126
11947,516
11947,980
11948,263
11948,1118
11948,1654
11948,4182
11948,6406
11949,3
11949,13
11949,61
11949,107
11949,4381
11950,61
11950,159
11950,232
11950,393
11950,482
11951,1
11951,3
11951,13
11951,738
11951,6414
11952,3
11952,13
11952,107
11952,6415
11952,6416
11953,13
11953,86
11953,237
11953,605
11953,690
11954,583
11954,1304
11954,4125
11954,5717
11954,6417
11955,1
11955,3
11955,107
11955,558
11955,6418
11956,32
11956,560
11956,948
11956,949
11956,981
11957,297
11957,564
11957,2015
11957,3643
11957,4188
11958,130
11958,501
11958,2145
11958,6419
11958,6420
11959,3
11959,13
11959,84
11959,1004
11959,1533
11960,3
11960,13
11960,337
11960,1664
11960,1859
11961,3
11961,8
11961,126
11961,133
11961,4067
11962,13
11962,288
11962,474
11962,654
11962,980
11963,0
11963,1297
11963,1989
11963,2787
11963,3296
11964,13
11964,126
11964,291
11964,980
11964,1989
11965,3
11965,13
11965,107
11965,2182
11965,2869
11966,3
11966,13
11966,107
11966,419
11966,937
11967,33
11967,1023
11967,3153
11967,4178
11967,6421
11968,1
11968,3
11968,13
11968,97
11968,3440
11969,3
11969,13
11969,107
11969,132
11969,563
11970,3
11970,13
11970,107
11971,126
11971,338
11971,980
11971,1499
11971,6422
11972,3
11972,23
11972,922
11972,2447
11972,3217
11973,3
11973,286
11973,3605
11974,3
11974,13
11974,133
11974,970
11974,3490
11975,69
11975,136
11975,191
11975,682
11975,6067
11976,3
11976,23
11976,92
11976,458
11976,1399
11977,1
11977,32
11977,126
11977,142
11977,6423
11978,153
11978,1297
11978,1687
11978,2466
11978,3776
11979,3
11979,13
11979,107
11979,2452
11979,6064
11980,981
11980,1363
11980,1364
11980,2466
11980,5172
11981,3
11981,13
11981,84
11981,107
11981,133
11982,126
11982,652
11982,981
11982,1616
11982,4475
11983,3
11983,13
11983,107
11983,980
11983,3596
11984,258
11984,516
11984,559
11984,970
11984,1022
11985,3
11985,13
11985,36
11985,295
11985,971
11986,1
11986,3
11986,3278
11987,86
11987,314
11987,519
11987,1512
11987,2416
11988,391
11988,789
11988,1320
11988,4025
11988,6077
11989,3
11989,13
11989,61
11989,555
11989,985
11990,1
11990,42
11990,82
11990,233
11990,695
11991,23
11991,94
11991,96
11991,312
11991,585
11992,13
11992,14
11992,882
11992,937
11992,6424
11993,3
11993,13
11993,233
11993,1339
11993,5088
11994,3
11994,13
11994,107
11995,32
11995,326
11995,691
11995,1822
11995,2270
11996,3
11996,13
11996,191
11996,674
11996,3552
11997,1
11997,13
11997,433
11997,698
11997,1778
11998,3
11998,13
11998,107
11998,695
11998,3065
11999,23
11999,55
11999,96
11999,124
11999,6425
12000,1
12000,13
12000,126
12000,980
12000,4475
12001,3
12001,13
12001,107
12001,295
12002,378
12002,516
12002,970
12002,1526
12002,2044
12003,3
12003,13
12003,69
12003,689
12003,861
12004,1
12004,3
12004,13
12004,160
12004,981
12005,3
12005,13
12005,420
12005,516
12005,4475
12006,3
12006,13
12006,86
12006,107
12006,739
12007,3
12007,13
12007,61
12007,516
12007,1762
12008,3
12008,13
12008,69
12008,239
12008,6426
12009,3
12009,13
12009,107
12009,295
12010,1
12010,3
12010,13
12010,86
12010,873
12011,10
12011,54
12011,123
12011,237
12011,870
12012,1
12012,3
12012,2044
12012,4475
12012,6427
12013,126
12013,205
12013,291
12013,981
12013,5847
12014,1
12014,3
12014,61
12014,416
12015,13
12015,219
12015,508
12015,936
12015,980
12016,294
12016,980
12016,1571
12016,1884
12016,3380
12017,3
12017,13
12017,1399
12017,3696
12017,6428
12018,3
12018,13
12018,14
12018,1494
12018,1890
12019,3
12019,13
12019,937
12019,2220
12019,6429
12020,3
12020,13
12020,14
12020,86
12020,6430
12021,3
12021,13
12021,133
12021,822
12021,1426
12022,3
12022,13
12022,299
12022,6207
12022,6431
12023,3
12023,13
12023,107
12024,13
12024,14
12024,54
12024,516
12024,6432
12025,3
12025,13
12025,14
12025,191
12025,6433
12026,3
12026,13
12026,980
12026,981
12026,1791
12027,3
12027,13
12027,107
12027,916
12027,980
12028,3
12028,13
12028,107
12028,555
12029,236
12029,337
12029,348
12029,723
12029,980
12030,372
12030,507
12030,980
12030,6434
12030,6435
12031,126
12031,854
12031,980
12031,2145
12031,4642
12032,3
12032,13
12032,96
12032,981
12032,1399
12033,56
12033,326
12033,538
12033,621
12033,1252
12034,1
12034,63
12034,159
12034,2232
12034,2267
12035,82
12035,759
12035,1162
12035,2107
12035,2686
12036,3
12036,13
12036,107
12036,652
12036,5593
12037,86
12037,682
12037,1044
12037,1147
12037,1942
12038,3
12038,13
12038,107
12038,4855
12039,233
12039,1709
12039,2145
12039,2182
12039,6436
12040,3
12040,13
12040,61
12040,978
12040,2182
12041,1
12041,3
12041,13
12041,86
12041,738
12042,3
12042,13
12042,107
12043,233
12043,436
12043,666
12043,980
12043,2182
12044,50
12044,142
12044,277
12044,364
12044,631
12045,33
12045,142
12045,511
12045,1638
12045,1927
12046,13
12046,54
12046,404
12046,437
12046,5443
12047,95
12047,293
12047,1905
12047,2542
12047,6437
12048,1
12048,13
12048,980
12048,1699
12048,4475
12049,3
12049,9
12049,13
12049,348
12049,6438
12050,577
12050,931
12050,1001
12050,3423
12050,3623
12051,32
12051,5919
12051,6439
12051,6440
12051,6441
12052,3
12052,13
12052,61
12052,107
12052,555
12053,136
12053,1705
12053,2059
12053,2766
12053,6442
12054,13
12054,54
12054,55
12054,252
12054,574
12055,1
12055,3
12055,61
12055,555
12056,3
12056,13
12056,107
12056,970
12056,6443
12057,1
12057,3
12057,6444
12058,1
12058,3
12058,2510
12058,6445
12059,3
12059,13
12059,107
12059,295
12060,544
12060,547
12060,1846
12060,2017
12060,6446
12061,126
12061,723
12061,865
12061,1399
12061,1646
12062,1
12062,13
12062,32
12062,436
12062,981
12063,1
12063,13
12063,96
12063,121
12063,1345
12064,1
12064,23
12064,233
12064,523
12064,1066
12065,1
12065,13
12065,970
12065,1790
12065,6207
12066,126
12066,2153
12066,4708
12066,6447
12066,6448
12067,3
12067,13
12067,107
12067,191
12068,13
12068,126
12068,295
12068,740
12068,2758
12069,1
12069,3
12069,13
12069,931
12069,6449
12070,374
12070,4633
12070,4634
12070,4812
12070,6450
12071,3
12071,13
12071,340
12071,1142
12071,2721
12072,544
12072,778
12072,2693
12072,2703
12072,6451
12073,1364
12073,1687
12073,3872
12073,6452
12073,6453
12074,3
12074,13
12074,107
12074,191
12074,937
12075,280
12075,980
12075,1363
12075,4539
12075,6454
12076,69
12076,159
12076,494
12076,1795
12076,6008
12077,3
12077,13
12077,107
12077,516
12078,64
12078,109
12078,446
12078,458
12078,1686
12079,3
12079,13
12079,133
12079,1578
12079,2170
12080,1
12080,3
12080,61
12080,970
12080,3363
12081,13
12081,2645
12081,2899
12081,6455
12081,6456
12082,3
12082,13
12082,107
12082,153
12082,1025
12083,13
12083,519
12083,754
12083,981
12083,1520
12084,3
12084,13
12084,295
12084,1845
12084,6457
12085,3
12085,13
12085,107
12085,126
12085,6458
12086,208
12086,223
12086,1082
12086,1294
12086,1762
12087,1
12087,13
12087,126
12087,1097
12087,2182
12088,1
12088,3
12088,121
12088,6459
12089,3
12089,13
12089,84
12089,132
12089,437
12090,122
12090,126
12090,583
12090,981
12090,1197
12091,13
12091,86
12091,126
12091,263
12091,511
12092,3
12092,13
12092,107
12092,6460
12093,3
12093,13
12093,865
12093,1399
12093,1790
12094,3
12094,132
12094,300
12094,1150
12094,6461
12095,1
12095,3
12095,13
12095,652
12095,1955
12096,1
12096,3
12096,13
12096,107
12096,1000
12097,13
12097,2452
12097,3321
12097,6462
12097,6463
12098,3
12098,13
12098,1023
12098,1353
12098,2390
12099,279
12099,5559
12099,6464
12099,6465
12099,6466
12100,3
12100,10
12100,13
12100,290
12100,1399
12101,13
12101,233
12101,1043
12101,3279
12101,6467
12102,14
12102,770
12102,1494
12102,1586
12102,4769
12103,3
12103,13
12103,107
12103,437
12103,4458
12104,3
12104,13
12104,107
12104,437
12105,3
12105,13
12105,107
12105,136
12105,191
12106,23
12106,1235
12106,1905
12106,2857
12106,6468
12107,3
12107,13
12107,107
12107,133
12108,130
12108,131
12108,300
12108,1399
12108,1577
12109,3
12109,13
12109,107
12109,191
12110,3
12110,13
12110,107
12110,970
12111,13
12111,54
12111,126
12111,980
12111,3222
12112,179
12112,314
12112,1064
12112,4009
12112,5914
12113,3
12113,13
12113,107
12113,4673
12113,6469
12114,1
12114,10
12114,13
12114,519
12114,6470
12115,3
12115,13
12115,107
12115,286
12115,1542
12116,3
12116,13
12116,404
12116,437
12116,1737
12117,3
12117,13
12117,107
12117,295
12117,6471
12118,3
12118,13
12118,56
12118,107
12118,3431
12119,1
12119,3
12119,109
12119,555
12119,4873
12120,77
12120,109
12120,153
12120,1317
12120,2182
12121,3
12121,13
12121,107
12121,865
12121,2182
12122,69
12122,324
12122,691
12122,1043
12122,1249
12123,96
12123,1363
12123,1364
12123,3594
12123,5185
12124,142
12124,317
12124,550
12124,1321
12124,1463
12125,23
12125,86
12125,159
12125,1189
12125,3924
12126,13
12126,419
12126,433
12126,2182
12126,3480
12127,1
12127,23
12127,48
12127,1586
12127,6472
12128,3
12128,13
12128,96
12128,550
12128,6473
12129,86
12129,324
12129,325
12129,460
12129,554
12130,364
12130,964
12130,1283
12130,2195
12130,6474
12131,133
12131,174
12131,967
12131,1969
12131,6475
12132,17
12132,237
12132,907
12132,4381
12132,4694
12133,3
12133,13
12133,107
12134,3
12134,13
12134,868
12134,1905
12134,5724
12135,5
12135,946
12135,1463
12135,1488
12135,2194
12136,61
12136,69
12136,317
12136,565
12136,2188
12137,3
12137,13
12137,858
12137,5651
12137,6476
12138,198
12138,1023
12138,1391
12138,3198
12138,4707
12139,1
12139,133
12139,142
12139,233
12139,2222
12140,1
12140,3
12140,97
12140,759
12140,5264
12141,160
12141,436
12141,618
12141,1346
12141,1426
12142,3
12142,13
12142,107
12142,337
12142,555
12143,3
12143,13
12143,233
12143,516
12143,565
12144,55
12144,446
12144,447
12144,5745
12144,6477
12145,13
12145,501
12145,1437
12145,1494
12145,3654
12146,57
12146,61
12146,233
12146,298
12146,554
12147,550
12147,1399
12147,2124
12147,2338
12147,3948
12148,58
12148,126
12148,433
12148,452
12148,4093
12149,3
12149,13
12149,107
12149,6478
12150,1
12150,86
12150,233
12150,348
12150,758
12151,1
12151,13
12151,104
12151,105
12151,1290
12152,23
12152,559
12152,671
12152,970
12152,1443
12153,3
12153,133
12153,516
12153,2358
12153,6479
12154,1
12154,13
12154,71
12154,303
12154,1923
12155,77
12155,136
12155,2624
12155,4269
12155,6480
12156,290
12156,350
12156,437
12156,710
12156,3834
12157,583
12157,1831
12157,4190
12157,4227
12157,6481
12158,23
12158,126
12158,160
12158,564
12158,1368
12159,3
12159,44
12159,555
12159,862
12159,6482
12160,86
12160,2572
12160,4863
12160,5957
12160,6483
12161,3
12161,44
12161,160
12161,693
12161,6484
12162,3
12162,44
12162,107
12162,299
12162,6389
12163,1
12163,13
12163,433
12163,635
12163,1869
12164,133
12164,193
12164,233
12164,375
12164,1786
12165,174
12165,538
12165,723
12165,799
12165,1446
12166,223
12166,299
12166,1293
12166,6152
12166,6485
12167,1
12167,3
12167,61
12167,554
12167,812
12168,126
12168,261
12168,931
12168,1229
12168,3883
12169,0
12169,1
12169,3
12169,501
12170,3
12170,13
12170,107
12170,132
12170,5392
12171,12
12171,13
12171,44
12171,142
12171,1195
12172,1
12172,3
12172,13
12172,317
12172,923
12173,135
12173,160
12173,246
12173,922
12173,1463
12174,73
12174,287
12174,295
12174,635
12174,2080
12175,9
12175,32
12175,177
12175,1045
12175,6139
12176,3
12176,13
12176,59
12176,1611
12176,6486
12177,61
12177,142
12177,1096
12177,1224
12177,6487
12178,3
12178,13
12178,51
12178,107
12178,132
12179,3
12179,13
12179,690
12179,1143
12179,2579
12180,136
12180,567
12180,1023
12180,2270
12180,5543
12181,23
12181,102
12181,212
12181,1106
12181,1157
12182,9
12182,223
12182,446
12182,3453
12182,3673
12183,723
12183,976
12183,1235
12183,3199
12183,3561
12184,33
12184,83
12184,1096
12184,1463
12184,2857
12185,91
12185,476
12185,641
12185,932
12185,1664
12186,71
12186,121
12186,126
12186,2182
12186,3447
12187,1
12187,71
12187,156
12187,790
12187,1118
12188,51
12188,132
12188,598
12188,964
12188,1096
12189,33
12189,504
12189,1096
12189,2426
12189,2440
12190,3
12190,13
12190,107
12191,3
12191,13
12191,107
12191,1023
12191,1045
12192,10
12192,980
12192,1096
12192,3065
12192,3883
12193,1
12193,3
12193,13
12193,107
12193,6427
12194,160
12194,233
12194,436
12194,899
12194,1837
12195,10
12195,44
12195,219
12195,280
12195,552
12196,299
12196,459
12196,611
12196,800
12196,3074
12197,57
12197,223
12197,1043
12197,1095
12197,1526
12198,1
12198,3
12198,1677
12198,4794
12198,6488
12199,48
12199,280
12199,460
12199,1292
12199,4315
12200,238
12200,360
12200,1587
12200,2220
12200,3065
12201,3
12201,13
12201,54
12201,2640
12201,4584
12202,3
12202,23
12202,585
12202,1417
12202,5636
12203,326
12203,378
12203,980
12203,1096
12203,2182
12204,3
12204,44
12204,107
12204,1001
12204,1345
12205,3
12205,13
12205,555
12205,799
12205,1399
12206,3
12206,13
12206,107
12206,1063
12206,4698
12207,13
12207,338
12207,437
12207,459
12207,2292
12208,33
12208,192
12208,450
12208,2866
12208,6489
12209,61
12209,67
12209,126
12209,1190
12209,1975
12210,1
12210,585
12210,684
12210,1106
12210,1660
12211,303
12211,1717
12211,1729
12211,6027
12211,6490
12212,1
12212,13
12212,23
12212,648
12212,1476
12213,3
12213,13
12213,32
12213,61
12213,3114
12214,17
12214,246
12214,849
12214,2209
12214,2497
12215,3
12215,23
12215,61
12215,2382
12215,3114
12216,13
12216,14
12216,23
12216,31
12216,1463
12217,3
12217,44
12217,107
12217,6491
12218,870
12218,1022
12218,1170
12218,5741
12218,6492
12219,1
12219,295
12219,303
12219,654
12219,1402
12220,364
12220,503
12220,1096
12220,1178
12220,2044
12221,17
12221,31
12221,135
12221,233
12221,459
12222,641
12222,865
12222,873
12222,1002
12222,2910
12223,13
12223,83
12223,86
12223,605
12223,6493
12224,3
12224,13
12224,671
12224,3696
12224,5103
12225,23
12225,93
12225,312
12225,433
12225,800
12226,3
12226,13
12226,61
12226,107
12226,555
12227,69
12227,107
12227,758
12227,1789
12227,2234
12228,3
12228,13
12228,44
12228,246
12228,2630
12229,1
12229,501
12229,654
12229,2419
12229,5743
12230,3
12230,13
12230,69
12230,295
12230,922
12231,3
12231,13
12231,86
12231,107
12231,237
12232,437
12232,1096
12232,1823
12232,1969
12232,6268
12233,13
12233,69
12233,193
12233,364
12233,1096
12234,23
12234,126
12234,1273
12234,1702
12234,6064
12235,511
12235,866
12235,882
12235,1562
12235,6494
12236,32
12236,71
12236,145
12236,635
12236,1001
12237,23
12237,348
12237,442
12237,758
12237,1476
12238,42
12238,142
12238,445
12238,800
12238,1096
12239,23
12239,124
12239,255
12239,2626
12239,5473
12240,303
12240,1625
12240,2014
12240,2502
12240,6495
12241,257
12241,258
12241,442
12241,1190
12241,5280
12242,497
12242,552
12242,567
12242,842
12242,4170
12243,23
12243,96
12243,1345
12243,2210
12243,6496
12244,3
12244,136
12244,295
12244,1650
12244,2044
12245,13
12245,69
12245,262
12245,936
12245,5715
12246,445
12246,637
12246,4527
12246,5707
12246,6497
12247,96
12247,376
12247,554
12247,1043
12247,3218
12248,51
12248,77
12248,133
12248,1096
12248,1108
12249,156
12249,337
12249,1426
12249,6498
12249,6499
12250,23
12250,50
12250,102
12250,179
12250,693
12251,1
12251,3
12251,555
12251,800
12251,1463
12252,1
12252,13
12252,980
12252,1060
12252,3582
12253,3
12253,13
12253,555
12253,980
12253,2182
12254,298
12254,299
12254,1043
12254,1463
12254,3291
12255,14
12255,69
12255,2294
12255,2636
12255,6500
12256,1
12256,3
12256,2356
12256,2419
12256,6501
12257,64
12257,380
12257,637
12257,1187
12257,1810
12258,3
12258,13
12258,993
12258,4021
12258,5084
12259,3
12259,133
12259,883
12259,6502
12260,536
12260,759
12260,2614
12260,3953
12260,5939
12261,23
12261,46
12261,130
12261,1705
12261,1707
12262,3
12262,13
12262,44
12262,94
12262,107
12263,126
12263,380
12263,980
12263,1810
12263,5578
12264,13
12264,23
12264,635
12264,671
12264,1345
12265,1
12265,3
12265,13
12265,107
12266,126
12266,947
12266,2261
12266,5486
12266,6503
12267,1
12267,3
12267,13
12267,86
12267,333
12268,96
12268,1043
12268,3135
12268,6065
12268,6504
12269,13
12269,446
12269,723
12269,980
12269,5578
12270,71
12270,287
12270,516
12270,1333
12270,2633
12271,12
12271,126
12271,666
12271,1001
12271,5911
12272,86
12272,126
12272,260
12272,689
12272,723
12273,1
12273,97
12273,446
12273,723
12273,1345
12274,494
12274,981
12274,1321
12274,1713
12274,6362
12275,340
12275,459
12275,1043
12275,2637
12275,3074
12276,3
12276,13
12276,31
12276,107
12277,303
12277,1696
12277,3956
12277,6505
12277,6506
12278,654
12278,792
12278,1955
12278,2632
12278,4908
12279,1
12279,17
12279,83
12279,299
12279,822
12280,1
12280,61
12280,1172
12280,1399
12280,5853
12281,61
12281,159
12281,723
12281,1174
12281,3595
12282,46
12282,132
12282,599
12282,964
12282,980
12283,9
12283,10
12283,12
12283,13
12283,264
12284,3
12284,14
12284,348
12285,3
12285,69
12285,275
12285,348
12285,758
12286,54
12286,516
12286,980
12286,1704
12286,2042
12287,1510
12287,2308
12287,6507
12287,6508
12287,6509
12288,9
12288,105
12288,264
12288,460
12288,1001
12289,3
12289,13
12289,44
12289,107
12290,1
12290,3
12290,779
12290,1041
12290,4506
12291,219
12291,260
12291,264
12291,1078
12291,4606
12292,1
12292,23
12292,219
12292,671
12292,1762
12293,98
12293,295
12293,598
12293,1027
12293,2578
12294,51
12294,364
12294,367
12294,612
12294,1096
12295,61
12295,559
12295,1064
12295,1976
12295,5182
12296,54
12296,916
12296,1096
12296,3929
12296,4351
12297,3
12297,13
12297,86
12297,107
12297,233
12298,86
12298,293
12298,303
12298,723
12298,1096
12299,109
12299,295
12299,6510
12299,6511
12299,6512
12300,325
12300,554
12300,799
12300,1064
12300,2445
12301,126
12301,870
12301,980
12301,981
12301,1126
12302,3
12302,13
12302,126
12302,544
12302,980
12303,878
12303,4383
12303,6513
12303,6514
12303,6515
12304,1
12304,3
12304,61
12304,758
12304,800
12305,13
12305,63
12305,142
12305,244
12305,1321
12306,52
12306,86
12306,966
12306,970
12306,2285
12307,2804
12307,6516
12307,6517
12307,6518
12307,6519
12308,31
12308,254
12308,1143
12308,2795
12308,5458
12309,3
12309,13
12309,107
12310,33
12310,126
12310,378
12310,4132
12310,6110
12311,257
12311,442
12311,583
12311,1043
12311,6520
12312,1
12312,86
12312,690
12312,1487
12312,1955
12313,3
12313,461
12313,1023
12313,1847
12313,1990
12314,1
12314,370
12314,502
12314,554
12314,565
12315,67
12315,516
12315,980
12315,1174
12315,3425
12316,433
12316,981
12316,1399
12316,1646
12316,6521
12317,13
12317,96
12317,142
12317,577
12317,1670
12318,23
12318,27
12318,288
12318,1043
12318,1463
12319,3
12319,44
12319,107
12320,223
12320,314
12320,666
12320,1705
12320,2284
12321,77
12321,622
12321,2124
12321,6522
12321,6523
12322,198
12322,1096
12322,1321
12322,3380
12322,4495
12323,14
12323,135
12323,233
12323,937
12323,1762
12324,133
12324,136
12324,174
12324,967
12324,2200
12325,125
12325,946
12325,970
12325,980
12325,4253
12326,3
12326,13
12326,159
12326,865
12326,5847
12327,3
12327,13
12327,107
12328,61
12328,244
12328,364
12328,1397
12328,2787
12329,192
12329,380
12329,1384
12329,1810
12329,2349
12330,304
12330,511
12330,957
12330,1709
12330,4658
12331,1
12331,13
12331,42
12331,233
12331,1463
12332,378
12332,440
12332,1755
12332,2278
12332,3696
12333,23
12333,179
12333,342
12333,424
12333,2347
12334,67
12334,442
12334,1762
12334,3483
12334,6110
12335,233
12335,309
12335,832
12335,980
12335,3490
12336,23
12336,33
12336,1157
12336,2277
12336,2606
12337,51
12337,121
12337,412
12337,1096
12337,2861
12338,3
12338,13
12338,69
12338,1329
12338,6524
12339,1
12339,17
12339,142
12339,348
12339,494
12340,123
12340,303
12340,632
12340,1096
12340,6525
12341,1
12341,13
12341,476
12341,865
12341,1116
12342,433
12342,508
12342,981
12342,1096
12342,3632
12343,3
12343,13
12343,107
12344,69
12344,758
12344,1044
12344,1318
12344,2767
12345,31
12345,71
12345,1510
12345,2182
12345,3929
12346,3
12346,133
12346,404
12346,3379
12346,6526
12347,50
12347,51
12347,132
12347,343
12347,3522
12348,23
12348,375
12348,654
12348,1786
12348,1788
12349,23
12349,48
12349,460
12349,924
12349,1371
12350,1
12350,23
12350,93
12350,124
12350,233
12351,3
12351,13
12351,15
12351,88
12351,388
12352,14
12352,135
12352,198
12352,321
12352,682
12353,54
12353,57
12353,565
12353,970
12353,1426
12354,223
12354,224
12354,732
12354,974
12354,6527
12355,3
12355,13
12355,107
12355,4225
12356,142
12356,233
12356,360
12356,758
12356,1463
12357,69
12357,136
12357,758
12357,963
12357,1761
12358,30
12358,219
12358,429
12358,433
12358,591
12359,126
12359,947
12359,980
12359,1823
12359,4274
12360,233
12360,348
12360,360
12360,1043
12360,1463
12361,3
12361,13
12361,96
12361,124
12361,1345
12362,123
12362,290
12362,710
12362,1143
12362,6528
12363,1
12363,501
12363,842
12363,1380
12363,3292
12364,258
12364,299
12364,341
12364,377
12364,393
12365,3
12365,133
12365,770
12365,869
12365,981
12366,1
12366,3
12367,73
12367,86
12367,712
12367,2238
12367,3380
12368,23
12368,42
12368,69
12368,740
12368,936
12369,507
12369,1363
12369,1364
12369,1399
12369,1687
12370,3
12370,13
12370,14
12370,153
12370,1399
12371,3
12371,13
12371,516
12371,970
12371,4225
12372,2614
12372,2787
12372,2811
12372,6529
12372,6530
12373,14
12373,109
12373,133
12373,233
12373,1096
12374,3
12374,13
12374,107
12375,81
12375,131
12375,1755
12375,6531
12375,6532
12376,360
12376,582
12376,583
12376,758
12376,1043
12377,1
12377,3
12377,133
12377,666
12377,734
12378,12
12378,13
12378,299
12378,429
12378,1527
12379,3
12379,13
12379,153
12379,1411
12379,1595
12380,29
12380,980
12380,2613
12380,5917
12380,6533
12381,0
12381,97
12381,130
12381,132
12381,3133
12382,126
12382,317
12382,376
12382,3065
12382,5578
12383,1
12383,3
12383,13
12383,32
12383,937
12384,23
12384,94
12384,666
12384,871
12384,1928
12385,3
12385,133
12385,981
12385,6534
12385,6535
12386,3
12386,13
12386,437
12386,507
12386,1737
12387,1648
12387,2251
12387,3330
12387,6536
12387,6537
12388,13
12388,154
12388,303
12388,980
12388,1188
12389,13
12389,14
12389,109
12389,1895
12389,4270
12390,10
12390,23
12390,128
12390,290
12390,1463
12391,13
12391,14
12391,233
12391,1494
12391,6538
12392,288
12392,612
12392,661
12392,1096
12392,4581
12393,23
12393,69
12393,133
12393,295
12393,3772
12394,126
12394,442
12394,557
12394,831
12394,1426
12395,3
12395,13
12395,107
12395,133
12395,6539
12396,71
12396,109
12396,126
12396,516
12396,567
12397,126
12397,459
12397,980
12397,1823
12397,2564
12398,212
12398,407
12398,849
12398,905
12398,923
12399,3
12399,29
12399,133
12399,635
12399,1046
12400,13
12400,317
12400,980
12400,2182
12400,5847
12401,258
12401,324
12401,360
12401,583
12401,1043
12402,3
12402,13
12402,44
12402,107
12402,245
12403,817
12403,1043
12403,3595
12403,6540
12403,6541
12404,980
12404,1118
12404,1902
12404,2182
12404,5954
12405,23
12405,458
12405,516
12405,573
12405,980
12406,3
12406,13
12406,83
12406,125
12406,899
12407,126
12407,848
12407,956
12407,1096
12407,5578
12408,55
12408,160
12408,212
12408,536
12408,1912
12409,13
12409,31
12409,122
12409,126
12409,4133
12410,126
12410,604
12410,770
12410,937
12410,980
12411,3
12411,44
12411,107
12411,949
12411,4586
12412,130
12412,219
12412,378
12412,981
12412,1426
12413,23
12413,133
12413,188
12413,321
12413,563
12414,1
12414,3
12414,61
12414,233
12414,3435
12415,1
12415,3
12415,126
12415,981
12415,4475
12416,233
12416,300
12416,1043
12416,1064
12416,3229
12417,50
12417,51
12417,52
12417,233
12417,865
12418,263
12418,337
12418,511
12418,612
12418,978
12419,14
12419,17
12419,407
12419,905
12419,923
12420,3
12420,13
12420,97
12420,364
12420,4628
12421,155
12421,364
12421,462
12421,690
12421,864
12422,12
12422,13
12422,126
12422,947
12422,2188
12423,1
12423,3
12423,237
12423,1944
12423,6205
12424,233
12424,314
12424,564
12424,1794
12424,2618
12425,1
12425,348
12425,551
12425,6388
12425,6542
12426,3
12426,964
12426,1991
12426,2431
12426,2699
12427,3
12427,44
12427,107
12427,249
12427,555
12428,17
12428,61
12428,245
12428,511
12428,1411
12429,1
12429,14
12429,69
12429,935
12429,1095
12430,86
12430,519
12430,689
12430,1399
12430,1646
12431,56
12431,133
12431,301
12431,1252
12431,2285
12432,3
12432,13
12432,84
12432,295
12432,6543
12433,51
12433,69
12433,295
12433,706
12433,1520
12434,126
12434,980
12434,981
12434,1065
12434,2182
12435,31
12435,290
12435,710
12435,6544
12435,6545
12436,33
12436,77
12436,364
12436,1096
12436,2358
12437,3
12437,13
12437,71
12437,77
12437,301
12438,3
12438,13
12438,295
12438,550
12438,6528
12439,1364
12439,1687
12439,2612
12439,4125
12439,5724
12440,1
12440,3
12440,33
12440,5586
12441,3
12441,13
12441,133
12441,970
12441,2099
12442,272
12442,1283
12442,1717
12442,2076
12442,2835
12443,13
12443,33
12443,126
12443,161
12443,1709
12444,10
12444,192
12444,447
12444,766
12444,4572
12445,12
12445,136
12445,2285
12445,2636
12445,5369
12446,1
12446,13
12446,126
12446,980
12446,1494
12447,461
12447,508
12447,2496
12447,6305
12447,6546
12448,3
12448,13
12448,107
12448,923
12449,3
12449,13
12449,287
12449,433
12449,635
12450,45
12450,121
12450,126
12450,654
12450,981
12451,13
12451,707
12451,1425
12451,6322
12451,6547
12452,1
12452,3
12452,2574
12452,2620
12453,73
12453,303
12453,364
12453,1235
12453,1905
12454,17
12454,160
12454,1277
12454,1369
12454,5405
12455,91
12455,123
12455,223
12455,723
12455,792
12456,437
12456,6548
12456,6549
12456,6550
12456,6551
12457,3
12457,13
12457,191
12457,303
12457,321
12458,15
12458,455
12458,461
12458,882
12458,6552
12459,3
12459,13
12459,107
12459,494
12460,77
12460,931
12460,980
12460,1383
12460,4274
12461,10
12461,340
12461,407
12461,1459
12461,5402
12462,61
12462,69
12462,182
12462,240
12462,1224
12463,1
12463,422
12463,563
12463,711
12463,1887
12464,126
12464,433
12464,980
12464,1949
12464,5578
12465,3
12465,13
12465,2843
12465,3296
12465,3461
12466,181
12466,212
12466,223
12466,549
12466,970
12467,3
12467,13
12467,107
12467,868
12468,139
12468,223
12468,554
12468,4471
12468,6553
12469,3
12469,13
12469,107
12469,2211
12470,1
12470,3
12470,13
12470,527
12470,5092
12471,126
12471,132
12471,301
12471,604
12471,6056
12472,105
12472,130
12472,931
12472,2699
12472,6554
12473,86
12473,287
12473,291
12473,931
12473,6555
12474,3
12474,13
12474,126
12474,970
12474,3662
12475,1
12475,32
12475,86
12475,291
12475,4799
12476,3
12476,13
12476,61
12476,4901
12476,6556
12477,135
12477,303
12477,564
12477,1794
12477,1969
12478,1
12478,160
12478,212
12478,364
12478,1043
12479,1
12479,233
12479,436
12479,931
12479,6496
12480,3
12480,133
12480,932
12480,5018
12480,6557
12481,3
12481,13
12481,107
12481,142
12481,865
12482,14
12482,682
12482,1552
12482,2426
12482,3888
12483,54
12483,219
12483,433
12483,516
12483,618
12484,17
12484,256
12484,981
12484,1321
12484,3504
12485,86
12485,542
12485,1010
12485,1962
12485,2042
12486,3
12486,295
12487,66
12487,136
12487,238
12487,758
12487,2405
12488,193
12488,198
12488,654
12488,1209
12488,5205
12489,501
12489,980
12489,1478
12489,2502
12489,6558
12490,57
12490,300
12490,516
12490,970
12490,3924
12491,198
12491,2758
12491,6559
12491,6560
12491,6561
12492,1
12492,13
12492,126
12492,666
12492,2264
12493,3
12493,13
12493,107
12493,295
12494,1
12494,3
12494,1696
12494,6562
12495,1
12495,3
12495,831
12496,1
12496,13
12496,1709
12496,4131
12496,4132
12497,3
12497,13
12497,107
12497,1209
12498,3
12498,295
12499,3
12499,13
12499,690
12499,873
12499,980
12500,46
12500,132
12500,966
12500,1252
12500,4467
12501,32
12501,54
12501,69
12501,295
12501,394
12502,3
12502,13
12502,107
12502,295
12503,1
12503,61
12503,241
12503,564
12503,3913
12504,3
12504,13
12504,107
12504,738
12504,6010
12505,105
12505,126
12505,931
12505,2787
12505,5225
12506,3
12506,13
12506,107
12506,5484
12507,3
12507,13
12507,758
12507,1063
12507,6563
12508,3
12508,13
12508,107
12509,14
12509,295
12509,931
12509,3198
12509,6564
12510,3
12510,13
12510,107
12510,295
12510,2335
12511,14
12511,23
12511,128
12511,135
12511,233
12512,3
12512,13
12512,107
12512,295
12512,4225
12513,1
12513,3
12513,13
12513,107
12514,3
12514,13
12514,107
12514,3973
12515,3
12515,13
12515,58
12515,153
12515,980
12516,1
12516,3
12516,13
12516,107
12516,4381
12517,245
12517,246
12517,1191
12517,2182
12517,2643
12518,3
12518,13
12518,494
12518,981
12518,4301
12519,3
12519,13
12519,107
12520,0
12520,3
12520,13
12520,107
12521,14
12521,49
12521,86
12521,132
12521,980
12522,3
12522,13
12522,107
12522,1297
12523,126
12523,237
12523,287
12523,3064
12523,3065
12524,32
12524,237
12524,314
12524,1709
12524,3466
12525,980
12525,1399
12525,2693
12525,2703
12525,6565
12526,233
12526,516
12526,970
12526,980
12526,981
12527,3
12527,13
12527,126
12527,3354
12527,6566
12528,3
12528,13
12528,107
12528,5598
12529,3
12529,13
12529,107
12529,126
12530,3
12530,13
12530,107
12530,338
12530,980
12531,1
12531,3
12531,126
12531,2254
12531,4475
12532,3
12532,13
12532,107
12532,1399
12533,3
12533,13
12533,107
12533,295
12533,6469
12534,23
12534,516
12534,848
12534,970
12534,1762
12535,3
12535,13
12535,107
12535,295
12536,3
12536,912
12536,1399
12536,2014
12536,3948
12537,142
12537,434
12537,591
12537,666
12537,6567
12538,3
12538,13
12538,107
12538,133
12538,6568
12539,3
12539,13
12539,73
12539,107
12539,295
12540,3
12540,295
12541,1
12541,3
12541,13
12541,107
12542,198
12542,501
12542,1108
12542,1850
12542,3149
12543,3
12543,295
12543,396
12543,2274
12543,4824
12544,1
12544,3
12544,13
12544,123
12544,303
12545,1
12545,3
12545,4953
12545,6569
12546,1
12546,3
12546,13
12546,107
12547,23
12547,436
12547,585
12547,6570
12547,6571
12548,3
12548,10
12548,136
12548,502
12548,831
12549,3
12549,136
12549,279
12549,1807
12549,2296
12550,33
12550,136
12550,1610
12550,2733
12550,6572
12551,1
12551,32
12551,300
12551,324
12551,1923
12552,1
12552,3
12552,13
12552,107
12553,3
12553,13
12553,6573
12553,6574
12553,6575
12554,1
12554,3
12554,13
12554,888
12554,980
12555,3
12555,13
12555,107
12556,10
12556,126
12556,449
12556,980
12556,1552
12557,1
12557,3
12557,13
12557,723
12557,6576
12558,3
12558,13
12558,44
12558,107
12558,237
12559,3
12559,13
12559,107
12559,970
12560,46
12560,133
12560,1008
12560,2579
12560,4475
12561,3
12561,14
12561,133
12561,980
12561,6241
12562,130
12562,437
12562,4187
12562,6056
12562,6155
12563,61
12563,237
12563,258
12563,516
12563,6577
12564,84
12564,132
12564,133
12564,622
12564,6578
12565,331
12565,538
12565,801
12565,1437
12565,1966
12566,1
12566,3
12566,13
12566,86
12566,237
12567,3
12567,133
12567,233
12567,555
12567,1353
12568,33
12568,36
12568,245
12568,931
12568,2015
12569,133
12569,519
12569,964
12569,2595
12569,3884
12570,3
12570,44
12570,348
12570,366
12570,6579
12571,3
12571,133
12571,519
12571,682
12571,6386
12572,3
12572,23
12572,133
12572,229
12572,6580
12573,3
12573,13
12573,126
12573,198
12573,3822
12574,3
12574,52
12574,81
12574,132
12574,133
12575,12
12575,13
12575,219
12575,496
12575,1805
12576,1
12576,67
12576,77
12576,244
12576,291
12577,65
12577,86
12577,133
12577,408
12577,621
12578,86
12578,324
12578,393
12578,706
12578,2938
12579,501
12579,861
12579,1702
12579,2145
12579,6581
12580,132
12580,301
12580,981
12580,5002
12580,6582
12581,159
12581,759
12581,799
12581,974
12581,3639
12582,1
12582,3
12582,44
12582,419
12582,1060
12583,3
12583,90
12583,133
12583,3222
12583,5927
12584,317
12584,1603
12584,1697
12584,3400
12584,6583
12585,13
12585,153
12585,437
12585,980
12585,6584
12586,84
12586,132
12586,133
12586,1215
12586,4475
12587,97
12587,317
12587,376
12587,1096
12587,1353
12588,433
12588,2111
12588,4334
12588,6585
12588,6586
12589,3
12589,13
12589,107
12589,178
12589,6095
12590,419
12590,980
12590,2182
12590,2781
12590,5578
12591,54
12591,126
12591,738
12591,2466
12591,3908
12592,833
12592,1609
12592,1780
12592,3822
12592,6587
12593,13
12593,23
12593,126
12593,980
12593,1426
12594,126
12594,833
12594,864
12594,1975
12594,2182
12595,1
12595,133
12595,871
12595,1426
12595,3530
12596,49
12596,84
12596,162
12596,865
12596,977
12597,13
12597,77
12597,126
12597,301
12597,2225
12598,3
12598,13
12598,77
12598,132
12598,988
12599,9
12599,83
12599,126
12599,768
12599,947
12600,1
12600,132
12600,516
12600,967
12600,2130
12601,3
12601,13
12601,69
12601,858
12601,6588
12602,23
12602,71
12602,180
12602,434
12602,6589
12603,13
12603,168
12603,2182
12603,6590
12603,6591
12604,342
12604,589
12604,723
12604,792
12604,1148
12605,142
12605,565
12605,612
12605,1235
12605,5785
12606,3
12606,13
12606,516
12606,980
12606,1095
12607,1
12607,3
12607,1150
12607,5484
12607,6159
12608,170
12608,321
12608,2894
12608,6592
12608,6593
12609,13
12609,126
12609,865
12609,2489
12609,4475
12610,723
12610,835
12610,1149
12610,1975
12610,3929
12611,13
12611,106
12611,1846
12611,4216
12611,4646
12612,133
12612,403
12612,519
12612,682
12612,1068
12613,23
12613,516
12613,980
12613,1102
12613,1426
12614,14
12614,135
12614,364
12614,761
12614,1426
12615,13
12615,44
12615,126
12615,219
12615,1221
12616,295
12616,303
12616,1476
12616,1520
12616,2578
12617,69
12617,295
12617,561
12617,2636
12617,2728
12618,3
12618,14
12618,133
12618,135
12618,3924
12619,160
12619,245
12619,290
12619,399
12619,6594
12620,3
12620,13
12620,107
12621,1
12621,3
12621,123
12621,314
12621,1438
12622,5651
12623,3
12623,133
12623,6357
12624,1
12624,3
12624,13
12624,107
12625,3
12625,133
12625,555
12625,937
12626,3
12626,666
12626,1234
12626,1399
12626,2797
12627,3
12627,13
12627,107
12627,436
12628,1
12628,14
12628,61
12628,970
12628,980
12629,84
12629,133
12629,622
12629,853
12629,3558
12630,3
12630,13
12630,107
12630,121
12630,964
12631,3
12631,131
12631,133
12631,930
12631,1718
12632,132
12632,190
12632,516
12632,970
12632,3314
12633,3
12633,133
12634,3
12634,133
12634,191
12635,792
12635,873
12635,949
12635,2504
12635,4979
12636,3
12636,44
12636,107
12636,536
12637,3
12637,44
12637,61
12637,555
12637,5179
12638,3
12638,13
12638,107
12638,153
12638,980
12639,3
12639,13
12639,107
12640,3
12640,44
12640,93
12640,107
12640,5938
12641,3
12641,13
12641,1786
12641,2278
12641,5441
12642,244
12642,436
12642,637
12642,958
12642,4477
12643,3
12643,13
12643,107
12643,4334
12643,4735
12644,3
12644,13
12644,107
12644,300
12644,1399
12645,3
12645,28
12645,44
12645,4782
12645,4982
12646,3
12646,13
12646,219
12646,1014
12646,5814
12647,3
12647,44
12647,107
12648,3
12648,44
12648,107
12648,6595
12648,6596
12649,3
12649,13
12649,107
12649,248
12650,13
12650,69
12650,740
12650,2267
12650,5582
12651,3
12651,13
12651,107
12651,6597
12652,3
12652,13
12652,107
12653,3
12653,44
12653,107
12653,649
12653,6598
12654,1
12654,3
12654,57
12654,133
12654,970
12655,3
12655,133
12655,1399
12655,3696
12656,3
12656,133
12656,6599
12657,1
12657,3
12657,555
12658,1
12658,3
12658,290
12658,648
12658,5262
12659,1
12659,3
12659,133
12660,1
12660,3
12660,133
12660,6600
12661,3
12661,133
12661,873
12661,6601
12662,1
12662,3
12662,133
12662,1857
12663,3
12663,133
12663,6303
12664,1
12664,3
12664,133
12665,1
12665,3
12665,61
12665,325
12665,5941
12666,1
12666,3
12666,61
12666,923
12666,5088
12667,3
12667,133
12667,191
12667,758
12667,937
12668,1
12668,3
12668,869
12668,1499
12669,1
12669,3
12669,133
12669,5262
12670,1
12670,3
12670,559
12670,5039
12671,3
12671,13
12671,107
12671,133
12671,437
12672,3
12672,133
12672,419
12672,1353
12672,6095
12673,3
12673,133
12673,1014
12673,2204
12673,6602
12674,3
12674,132
12674,133
12674,980
12674,6603
12675,1
12675,3
12675,153
12675,1902
12676,1
12676,3
12676,317
12676,834
12676,3088
12677,1
12677,3
12677,6086
12677,6604
12678,1
12678,3
12678,133
12678,1658
12679,1
12679,3
12679,133
12680,3
12680,133
12681,1
12681,3
12681,44
12681,459
12681,5402
12682,1
12682,3
12682,10
12682,86
12683,1
12683,3
12683,555
12683,869
12684,1
12684,3
12684,133
12684,5262
12685,1
12685,3
12685,133
12685,509
12686,3
12686,14
12686,133
12686,2675
12686,6605
12687,3
12687,133
12687,357
12687,937
12688,3
12688,14
12688,133
12688,135
12688,370
12689,3
12689,133
12690,1
12690,3
12690,107
12690,864
12690,6606
12691,3
12691,67
12691,133
12692,3
12692,133
12692,519
12692,2042
12693,3
12693,133
12694,3
12694,133
12694,295
12694,2821
12694,6607
12695,3
12695,133
12695,6608
12696,1
12696,3
12696,133
12697,3
12697,133
12697,937
12697,1706
12698,3
12698,133
12698,622
12699,1
12699,3
12699,5279
12699,6609
12700,1
12700,3
12700,32
12700,1426
12701,3
12701,133
12702,1
12702,3
12702,6610
12702,6611
12703,3
12703,133
12703,237
12703,6167
12704,3
12704,14
12704,133
12704,6430
12705,1
12705,3
12705,133
12706,3
12706,133
12706,516
12706,637
12706,970
12707,1
12707,3
12707,61
12707,482
12707,555
12708,3
12708,133
12709,3
12709,133
12709,555
12709,6612
12710,3
12710,133
12710,966
12711,1
12711,3
12711,362
12711,388
12712,3
12712,133
12712,4215
12713,3
12713,107
12713,133
12713,555
12713,1399
12714,3
12714,133
12715,3
12715,133
12715,370
12715,555
12716,3
12716,133
12716,6241
12717,3
12717,14
12717,133
12718,3
12718,133
12718,364
12718,555
12719,3
12719,133
12720,1
12720,3
12720,555
12721,3
12721,13
12721,107
12721,133
12721,6534
12722,1
12722,13
12722,126
12722,1353
12722,2438
12723,1
12723,3
12723,133
12723,299
12723,303
12724,1
12724,3
12724,13
12724,980
12724,5279
12725,1
12725,3
12725,133
12726,3
12726,133
12726,873
12727,3
12727,133
12727,6613
12728,3
12728,133
12729,3
12729,84
12729,133
12730,1
12730,32
12730,44
12730,317
12730,710
12731,1
12731,3
12731,4475
12731,6614
12732,3
12732,133
12733,3
12733,52
12733,133
12733,300
12733,4721
12734,3
12734,133
12734,295
12734,304
12734,684
12735,3
12735,133
12735,937
12736,1
12736,3
12736,133
12736,6615
12737,3
12737,133
12737,295
12737,6328
12738,1
12738,3
12738,6616
12739,3
12739,133
12739,6617
12740,3
12740,133
12740,295
12741,3
12741,133
12741,5262
12742,3
12742,133
12742,970
12742,1624
12742,6618
12743,1
12743,3
12743,654
12743,6619
12744,3
12744,133
12744,403
12744,1208
12745,1
12745,3
12745,133
12745,555
12746,3
12746,133
12747,1
12747,3
12747,32
12747,156
12748,3
12748,133
12748,357
12748,1188
12748,3750
12749,1
12749,3
12749,107
12749,555
12750,3
12750,133
12750,6620
12751,3
12751,133
12751,153
12752,3
12752,130
12752,133
12752,6621
12753,3
12753,236
12753,723
12753,1023
12753,1045
12754,1
12754,3
12754,133
12754,227
12754,937
12755,3
12755,133
12756,3
12756,133
12756,555
12757,3
12757,52
12757,133
12757,136
12758,3
12758,133
12759,1
12759,3
12759,133
12760,1
12760,3
12760,14
12760,133
12760,2893
12761,1
12761,3
12761,6608
12762,3
12762,133
12763,3
12763,133
12764,3
12764,133
12764,2628
12765,1
12765,3
12765,107
12765,835
12765,6622
12766,1
12766,3
12766,133
12766,5598
12766,6623
12767,1
12767,3
12767,970
12768,3
12768,133
12768,773
12768,6624
12769,1
12769,3
12769,133
12769,6625
12770,3
12770,133
12771,1
12771,3
12771,133
12771,314
12771,519
12772,1
12772,3
12772,258
12772,5262
12773,3
12773,133
12773,404
12773,2841
12774,3
12774,133
12775,3
12775,133
12775,437
12775,516
12776,3
12776,133
12776,153
12776,1399
12776,6626
12777,3
12777,61
12777,133
12777,555
12777,967
12778,1
12778,3
12778,133
12778,6627
12779,3
12779,133
12779,6623
12780,1
12780,3
12780,103
12780,5937
12781,3
12781,133
12781,1353
12782,1
12782,3
12782,133
12783,3
12783,133
12783,482
12784,3
12784,133
12784,555
12784,621
12784,5813
12785,3
12785,133
12785,191
12785,937
12786,3
12786,13
12786,133
12786,1399
12786,6086
12787,1
12787,3
12787,61
12787,761
12787,970
12788,3
12788,14
12788,133
12788,503
12789,1
12789,3
12789,133
12789,2254
12789,5921
12790,3
12790,133
12790,950
12791,3
12791,133
12791,300
12791,437
12792,1
12792,133
12792,2520
12792,4327
12792,6628
12793,3
12793,133
12794,3
12794,133
12794,6629
12795,3
12795,133
12795,3131
12795,6181
12796,1
12796,3
12796,32
12796,104
12796,982
12797,3
12797,73
12797,133
12797,295
12797,5745
12798,3
12798,133
12799,1
12799,3
12799,652
12799,949
12800,1
12800,3
12800,233
12800,348
12800,2841
12801,3
12801,133
12802,1
12802,3
12802,6621
12803,3
12803,13
12803,107
12803,133
12803,555
12804,64
12804,133
12804,406
12804,801
12804,1206
12805,3
12805,133
12805,937
12805,3490
12805,4721
12806,3
12806,133
12806,1399
12807,3
12807,133
12807,1063
12807,3948
12808,1
12808,3
12808,6597
12809,1
12809,3
12809,69
12809,107
12809,126
12810,3
12810,133
12811,1
12811,3
12811,107
12811,5088
12811,6630
12812,3
12812,133
12812,937
12812,981
12812,6188
12813,1
12813,3
12813,133
12813,555
12814,1
12814,3
12814,870
12814,970
12815,1
12815,3
12815,44
12815,107
12815,383
12816,1
12816,3
12816,2182
12816,6631
12816,6632
12817,1
12817,3
12817,133
12818,3
12818,133
12818,977
12819,3
12819,133
12819,865
12820,1
12820,3
12820,107
12820,980
12821,3
12821,133
12821,801
12821,3537
12822,3
12822,97
12822,133
12822,295
12822,4191
12823,1
12823,3
12823,818
12824,3
12824,126
12824,133
12824,300
12824,6633
12825,1
12825,3
12825,1097
12825,5262
12826,3
12826,73
12826,133
12826,295
12826,4245
12827,1
12827,3
12827,133
12828,1
12828,3
12828,133
12829,3
12829,133
12830,1
12830,3
12830,133
12830,1176
12831,1
12831,61
12831,299
12831,1789
12831,2444
12832,3
12832,84
12832,133
12833,3
12833,133
12834,1
12834,3
12834,133
12834,539
12835,3
12835,133
12836,3
12836,125
12836,133
12836,555
12836,3490
12837,1
12837,3
12837,370
12837,1296
12838,13
12838,133
12838,246
12838,1353
12838,1426
12839,1
12839,3
12839,56
12839,126
12840,1
12840,3
12840,1963
12841,1
12841,3
12841,142
12841,758
12841,3537
12842,3
12842,133
12842,295
12842,5654
12843,3
12843,133
12844,3
12844,133
12845,1
12845,3
12845,133
12845,555
12846,1
12846,3
12846,549
12847,1
12847,3
12847,6634
12848,1
12848,3
12848,133
12848,6635
12849,1
12849,12
12849,44
12849,104
12849,219
12850,3
12850,84
12850,133
12850,740
12850,970
12851,3
12851,14
12851,133
12851,555
12851,6636
12852,3
12852,133
12852,1022
12853,3
12853,133
12853,191
12853,922
12854,1
12854,3
12854,452
12854,6637
12854,6638
12855,3
12855,51
12855,133
12856,3
12856,133
12856,519
12856,2438
12857,3
12857,133
12857,6639
12858,3
12858,13
12858,133
12858,5279
12858,6640
12859,3
12859,133
12860,3
12860,133
12861,3
12861,133
12861,6641
12862,3
12862,133
12862,5083
12862,6642
12863,3
12863,84
12863,133
12864,1
12864,3
12864,56
12865,3
12865,133
12865,191
12865,5485
12866,3
12866,133
12866,153
12867,3
12867,14
12867,51
12867,133
12868,3
12868,133
12868,2805
12869,1
12869,3
12869,299
12869,6643
12870,3
12870,133
12870,980
12870,6644
12870,6645
12871,3
12871,133
12871,2125
12872,3
12872,133
12872,4187
12872,6646
12873,13
12873,299
12873,507
12873,980
12873,1592
12874,1
12874,3
12874,42
12874,133
12874,1501
12875,1
12875,3
12875,13
12875,107
12875,981
12876,1
12876,3
12876,473
12876,5275
12877,1
12877,3
12877,23
12877,133
12878,3
12878,133
12878,295
12879,3
12879,133
12879,5262
12880,3
12880,21
12880,133
12880,295
12881,133
12881,980
12881,4297
12881,4334
12881,6647
12882,3
12882,133
12882,6648
12883,1
12883,3
12883,419
12883,907
12883,6649
12884,1
12884,3
12884,23
12884,1363
12884,1399
12885,3
12885,133
12885,300
12885,6539
12886,1
12886,3
12886,287
12886,348
12886,366
12887,1
12887,3
12887,133
12888,3
12888,133
12888,135
12888,337
12888,6010
12889,3
12889,133
12889,437
12889,1997
12889,6149
12890,3
12890,133
12890,516
12890,1438
12891,3
12891,133
12892,3
12892,107
12892,133
12892,191
12892,980
12893,1
12893,3
12893,555
12893,2542
12894,3
12894,133
12894,1805
12894,5169
12895,3
12895,133
12896,1
12896,3
12896,107
12896,325
12896,5808
12897,3
12897,170
12897,5921
12898,3
12898,69
12898,133
12898,295
12898,6650
12899,3
12899,133
12899,295
12900,1
12900,3
12900,317
12900,3645
12901,3
12901,133
12901,6651
12902,3
12902,133
12902,6652
12903,3
12903,133
12903,191
12903,5237
12904,3
12904,133
12905,1
12905,3
12905,133
12905,2990
12906,3
12906,133
12906,6653
12906,6654
12907,3
12907,133
12907,689
12908,1
12908,3
12908,13
12908,1353
12908,3945
12909,1
12909,3
12909,133
12910,3
12910,133
12910,1353
12910,1648
12911,3
12911,13
12911,133
12911,516
12911,1353
12912,3
12912,133
12912,2265
12913,1
12913,3
12913,585
12914,1
12914,3
12914,133
12914,1905
12915,1
12915,3
12915,133
12915,299
12916,1
12916,3
12916,1794
12916,6655
12916,6656
12917,3
12917,133
12917,559
12918,1
12918,3
12918,348
12918,1852
12919,3
12919,77
12919,133
12919,1451
12920,3
12920,67
12920,133
12920,4520
12920,4629
12921,1
12921,3
12921,14
12921,133
12922,1
12922,3
12922,133
12923,1
12923,3
12923,326
12924,3
12924,133
12924,295
12924,937
12924,6657
12925,1
12925,3
12925,126
12925,6658
12925,6659
12926,3
12926,42
12926,133
12927,1
12927,3
12927,133
12928,3
12928,133
12928,2711
12929,1
12929,3
12929,654
12929,949
12930,1
12930,3
12930,126
12930,160
12930,5938
12931,1
12931,3
12931,555
12931,5262
12932,3
12932,133
12932,1541
12932,1559
12933,3
12933,14
12933,133
12934,3
12934,133
12934,1000
12935,3
12935,133
12935,1063
12935,4520
12935,4698
12936,1
12936,3
12936,61
12936,1837
12936,2204
12937,1
12937,3
12937,325
12938,1
12938,3
12938,133
12938,1177
12939,3
12939,69
12939,133
12939,372
12939,1043
12940,1
12940,3
12940,654
12940,949
12941,1
12941,3
12941,133
12941,299
12942,1
12942,3
12942,133
12942,564
12942,6660
12943,3
12943,133
12943,989
12944,1
12944,3
12944,1724
12944,5937
12945,3
12945,133
12946,3
12946,133
12946,191
12946,889
12946,6661
12947,3
12947,133
12948,3
12948,133
12949,3
12949,133
12949,1799
12949,2559
12950,3
12950,133
12950,142
12950,190
12950,6662
12951,3
12951,58
12951,133
12951,5952
12951,6663
12952,3
12952,133
12953,1
12953,153
12953,832
12953,980
12953,6664
12954,3
12954,133
12954,5921
12955,3
12955,133
12956,3
12956,133
12956,506
12957,3
12957,133
12957,555
12958,3
12958,133
12958,555
12959,1
12959,3
12959,126
12960,3
12960,133
12960,300
12961,3
12961,133
12961,555
12962,3
12962,133
12963,3
12963,133
12964,1
12964,3
12964,133
12964,970
12965,3
12965,77
12965,133
12966,3
12966,133
12967,1
12967,3
12967,133
12968,3
12968,133
12968,550
12968,2517
12968,4072
12969,3
12969,133
12969,1362
12970,3
12970,133
12970,6665
12971,1
12971,3
12971,126
12972,1
12972,3
12972,23
12972,133
12973,1
12973,3
12973,6666
12974,1
12974,3
12974,61
12974,970
12974,6389
12975,3
12975,133
12975,1207
12975,2262
12975,5921
12976,1
12976,61
12976,1353
12976,3696
12976,6667
12977,3
12977,133
12977,295
12977,6605
12978,1
12978,10
12978,13
12978,31
12978,219
12979,1
12979,3
12979,6086
12980,3
12980,133
12981,1
12981,3
12981,6668
12982,1
12982,3
12982,17
12983,1
12983,3
12983,5279
12983,6669
12984,3
12984,133
12985,1
12985,3
12985,13
12985,107
12985,126
12986,3
12986,133
12986,6670
12987,1
12987,3
12987,6606
12988,3
12988,86
12988,133
12988,196
12988,1399
12989,3
12989,133
12989,295
12990,3
12990,133
12990,287
12990,964
12991,1
12991,3
12991,133
12992,3
12992,133
12992,937
12993,3
12993,133
12994,3
12994,133
12994,191
12994,3381
12995,3
12995,23
12995,133
12996,3
12996,57
12996,133
12996,970
12996,1009
12997,3
12997,133
12997,404
12998,1
12998,3
12998,107
12998,126
12998,233
12999,3
12999,133
13000,1
13000,3
13000,31
13000,133
13000,245
13001,3
13001,133
13001,1022
13002,3
13002,133
13002,279
13002,6671
13002,6672
13003,1
13003,3
13003,13
13003,107
13003,2182
13004,1
13004,3
13004,6673
13004,6674
13005,1
13005,3
13005,133
13006,3
13006,86
13006,98
13006,133
13007,1
13007,3
13007,133
13007,585
13008,3
13008,133
13008,2014
13009,3
13009,133
13009,375
13009,937
13010,1
13010,3
13010,133
13010,5262
13011,3
13011,133
13012,3
13012,133
13012,295
13012,924
13013,3
13013,133
13013,1700
13014,3
13014,56
13014,133
13014,2895
13015,3
13015,73
13015,133
13015,295
13015,4245
13016,3
13016,133
13017,1
13017,3
13017,23
13017,133
13017,1215
13018,3
13018,115
13018,133
13018,271
13019,3
13019,14
13019,133
13019,169
13019,191
13020,3
13020,133
13020,6241
13021,3
13021,14
13021,133
13022,3
13022,133
13022,191
13022,2320
13023,3
13023,133
13023,136
13023,613
13023,1619
13024,3
13024,133
13024,1023
13024,5118
13025,3
13025,14
13025,133
13026,3
13026,69
13026,133
13026,279
13026,6675
13027,3
13027,133
13027,295
13027,4646
13028,3
13028,133
13029,1
13029,23
13029,133
13029,1068
13029,1157
13030,3
13030,133
13030,6608
13031,3
13031,133
13032,3
13032,133
13032,191
13032,200
13032,276
13033,3
13033,133
13033,1108
13034,3
13034,133
13034,295
13034,4865
13035,3
13035,12
13035,133
13035,158
13035,1546
13036,3
13036,133
13036,4334
13036,6676
13036,6677
13037,1
13037,3
13037,133
13037,3626
13038,39
13038,133
13038,295
13038,303
13038,499
13039,3
13039,133
13039,684
13039,3603
13040,3
13040,73
13040,133
13040,295
13041,3
13041,133
13042,3
13042,133
13042,6678
13043,3
13043,133
13044,3
13044,97
13044,133
13045,3
13045,133
13045,635
13046,3
13046,133
13047,1
13047,3
13047,69
13047,1762
13047,6679
13048,3
13048,133
13048,6680
13049,3
13049,18
13049,133
13049,286
13050,1
13050,3
13050,133
13050,549
13050,6408
13051,1
13051,3
13051,86
13051,133
13051,555
13052,1
13052,3
13052,133
13052,1141
13053,3
13053,133
13053,6303
13054,3
13054,133
13054,191
13054,6681
13055,3
13055,133
13055,153
13055,231
13055,6174
13056,3
13056,12
13056,13
13056,132
13056,6682
13057,17
13057,160
13057,445
13057,729
13057,4480
13058,133
13058,223
13058,233
13058,314
13058,516
13059,44
13059,980
13059,1989
13059,3908
13059,3932
13060,3
13060,133
13060,689
13061,1
13061,3
13061,133
13062,3
13062,13
13062,723
13062,1174
13062,1353
13063,3
13063,133
13063,191
13063,1586
13064,37
13064,233
13064,773
13064,1096
13064,1402
13065,1
13065,3
13065,299
13065,364
13065,1431
13066,1
13066,3
13066,13
13066,107
13067,3
13067,13
13067,1017
13067,1162
13067,5631
13068,3
13068,133
13068,6683
13069,3
13069,133
13070,3
13070,84
13070,133
13070,6684
13070,6685
13071,3
13071,133
13072,3
13072,133
13073,1
13073,3
13073,6686
13074,1
13074,3
13074,133
13075,3
13075,133
13075,555
13076,3
13076,84
13076,133
13076,5921
13077,3
13077,133
13078,1
13078,3
13078,69
13078,133
13078,6687
13079,3
13079,133
13079,554
13079,649
13080,3
13080,13
13080,107
13080,133
13080,1399
13081,3
13081,13
13081,132
13081,786
13081,966
13082,3
13082,14
13082,133
13082,740
13082,937
13083,3
13083,107
13083,132
13084,3
13084,67
13084,133
13085,1
13085,3
13085,145
13085,299
13086,3
13086,133
13087,3
13087,133
13087,555
13088,3
13088,133
13088,516
13089,3
13089,2624
13090,1
13090,3
13090,133
13090,937
13090,1936
13091,23
13091,482
13091,554
13091,1852
13091,2248
13092,3
13092,133
13092,6160
13093,3
13093,69
13093,133
13093,295
13093,1353
13094,1
13094,61
13094,69
13094,1997
13094,6688
13095,1
13095,3
13095,86
13095,126
13096,3
13096,133
13096,935
13097,1
13097,299
13097,338
13097,701
13097,2250
13098,3
13098,133
13098,6689
13099,3
13099,107
13099,132
13099,408
13099,6690
13100,3
13100,279
13100,917
13100,6691
13101,77
13101,136
13101,2624
13101,6692
13102,3
13102,223
13102,258
13102,348
13102,555
13103,3
13103,133
13103,6373
13103,6602
13104,3
13104,133
13104,170
13105,3
13105,133
13106,3
13106,133
13107,135
13107,155
13107,283
13107,1426
13107,4132
13108,1
13108,3
13108,458
13108,1189
13108,5262
13109,1
13109,3
13109,13
13109,107
13109,299
13110,3
13110,133
13110,758
13111,14
13111,90
13111,133
13111,622
13111,2206
13112,3
13112,14
13112,133
13113,3
13113,133
13113,516
13113,6599
13114,3
13114,13
13114,107
13115,3
13115,2109
13115,6693
13116,3
13116,133
13117,1
13117,3
13117,654
13117,1537
13117,2622
13118,3
13118,13
13118,107
13118,246
13118,6694
13119,3
13119,133
13119,6695
13120,3
13120,107
13120,126
13120,2014
13120,6696
13121,3
13121,133
13121,191
13121,937
13122,3
13122,133
13122,970
13122,1399
13122,6697
13123,3
13123,133
13123,6698
13124,1
13124,3
13124,93
13124,555
13125,1
13125,107
13125,258
13125,2182
13125,2438
13126,3
13126,2623
13126,4322
13126,6699
13127,1
13127,3
13127,13
13127,32
13127,948
13128,3
13128,133
13129,1
13129,3
13129,13
13129,107
13129,461
13130,3
13130,132
13130,133
13130,6056
13130,6700
13131,3
13131,133
13131,2264
13132,3
13132,133
13132,516
13132,937
13133,3921
13133,6701
13133,6702
13133,6703
13134,3
13134,2522
13134,5319
13135,3
13135,13
13135,14
13135,107
13135,6704
13136,1
13136,3
13136,69
13136,299
13136,758
13137,3
13137,133
13138,3
13138,295
13139,3
13139,133
13139,555
13139,1023
13139,1353
13140,3
13140,14
13140,133
13140,326
13140,6705
13141,3
13141,133
13142,3
13142,44
13142,107
13142,980
13142,6706
13143,1
13143,3
13143,13
13143,107
13143,497
13144,3
13144,13
13144,107
13144,768
13145,1
13145,3
13145,133
13145,1592
13146,303
13146,1609
13146,4673
13146,4917
13147,1
13147,3
13147,133
13147,970
13148,3
13148,84
13148,133
13149,1
13149,3
13149,145
13149,5262
13150,13
13150,5319
13150,5991
13150,6707
13150,6708
13151,3
13151,13
13151,133
13151,317
13151,417
13152,3
13152,133
13152,2064
13153,3
13153,133
13154,3
13154,133
13154,191
13154,1586
13155,1
13155,3
13155,133
13155,949
13156,1
13156,3
13156,13
13156,219
13156,6704
13157,1
13157,73
13157,198
13157,233
13157,295
13158,1
13158,3
13158,3243
13159,451
13159,3595
13159,3745
13159,6147
13159,6709
13160,3
13160,133
13160,532
13161,3
13161,9
13161,13
13161,6710
13161,6711
13162,3
13162,3789
13163,3
13163,153
13163,5907
13164,1
13164,3
13164,555
13165,3
13165,133
13166,3
13166,133
13166,1014
13166,6712
13167,3
13167,3635
13167,6656
13168,3
13168,1456
13168,2341
13168,6713
13168,6714
13169,3
13169,13
13169,107
13169,473
13169,6715
13170,3
13170,133
13170,378
13170,5921
13170,6716
13171,3
13171,133
13171,1353
13172,1
13172,3
13172,133
13173,3
13173,133
13174,3
13174,13
13174,107
13174,3635
13175,3
13175,554
13175,1188
13175,1870
13175,5262
13176,3
13176,12
13176,44
13176,107
13176,128
13177,130
13177,132
13177,980
13177,2225
13177,6264
13178,1
13178,14
13178,49
13178,689
13178,718
13179,33
13179,136
13179,231
13179,1350
13179,6717
13180,191
13180,2758
13180,4670
13180,6526
13180,6718
13181,1
13181,3
13181,13
13181,550
13181,1097
13182,3
13182,13
13182,69
13182,299
13182,758
13183,1
13183,13
13183,249
13183,949
13183,6719
13184,50
13184,51
13184,83
13184,383
13184,450
13185,84
13185,86
13185,1106
13185,2595
13185,2619
13186,3
13186,13
13186,1063
13186,3321
13186,3424
13187,13
13187,32
13187,364
13187,2232
13187,6207
13188,1
13188,3
13188,13
13188,348
13188,4720
13189,3
13189,77
13189,136
13189,3394
13189,3989
13190,69
13190,126
13190,707
13190,1930
13190,2775
13191,0
13191,924
13191,1350
13191,4673
13191,6080
13192,609
13192,980
13192,2613
13192,4969
13192,6720
13193,23
13193,126
13193,980
13193,1426
13193,1912
13194,287
13194,957
13194,1301
13194,1709
13194,5358
13195,366
13195,591
13195,758
13195,980
13195,2188
13196,14
13196,46
13196,741
13196,870
13196,964
13197,1
13197,3
13197,291
13197,303
13197,1591
13198,2392
13198,6721
13198,6722
13198,6723
13198,6724
13199,136
13199,277
13199,1716
13199,4152
13199,6725
13200,54
13200,792
13200,980
13200,2182
13200,6300
13201,6207
13201,6726
13201,6727
13201,6728
13201,6729
13202,71
13202,150
13202,980
13202,1616
13202,2182
13203,350
13203,870
13203,1402
13203,1582
13203,5917
13204,3
13204,13
13204,132
13204,452
13204,6730
13205,12
13205,13
13205,980
13205,2182
13205,6731
13206,1
13206,516
13206,835
13206,1499
13206,6365
13207,3
13207,13
13207,14
13207,107
13207,133
13208,98
13208,180
13208,859
13208,1188
13208,2222
13209,321
13209,1056
13209,2083
13209,2274
13209,2519
13210,13
13210,126
13210,315
13210,433
13210,2442
13211,126
13211,980
13211,2182
13211,2312
13211,3350
13212,13
13212,126
13212,366
13212,1690
13212,1790
13213,1
13213,3
13213,126
13213,514
13213,911
13214,1209
13214,5917
13214,5934
13214,6732
13214,6733
13215,198
13215,233
13215,567
13215,1234
13215,1603
13216,1
13216,3
13216,291
13216,971
13216,984
13217,3
13217,13
13217,69
13217,239
13217,965
13218,132
13218,406
13218,1831
13218,1873
13218,4072
13219,288
13219,612
13219,1346
13219,5402
13219,6734
13220,77
13220,132
13220,136
13220,2264
13220,6735
13221,1
13221,3
13221,1143
13221,2254
13221,6736
13222,3
13222,13
13222,695
13222,6737
13222,6738
13223,83
13223,711
13223,832
13223,6739
13223,6740
13224,83
13224,198
13224,295
13224,1056
13224,3654
13225,167
13225,980
13225,2505
13225,6741
13225,6742
13226,13
13226,109
13226,970
13226,2400
13226,5747
13227,86
13227,507
13227,520
13227,583
13227,1364
13228,832
13228,6180
13228,6739
13228,6743
13228,6744
13229,1
13229,3
13229,168
13229,832
13229,980
13230,77
13230,547
13230,778
13230,1737
13230,6745
13231,13
13231,42
13231,82
13231,800
13231,980
13232,13
13232,44
13232,516
13232,2182
13232,5088
13233,1
13233,13
13233,86
13233,577
13233,1339
13234,1654
13234,4946
13234,6746
13234,6747
13234,6748
13235,303
13235,707
13235,1118
13235,1902
13235,6406
13236,3
13236,13
13236,69
13236,295
13236,2324
13237,12
13237,29
13237,263
13237,395
13237,511
13238,13
13238,219
13238,2095
13238,2416
13238,3772
13239,818
13239,865
13239,980
13239,4286
13239,6749
13240,13
13240,142
13240,192
13240,348
13240,867
13241,13
13241,135
13241,865
13241,980
13241,3924
13242,58
13242,1494
13242,5331
13242,6631
13242,6750
13243,96
13243,591
13243,619
13243,3279
13243,4028
13244,3
13244,13
13244,419
13244,1426
13244,4566
13245,69
13245,86
13245,136
13245,295
13245,1420
13246,13
13246,980
13246,1805
13246,2634
13246,3648
13247,50
13247,51
13247,105
13247,572
13247,6751
13248,1
13248,13
13248,567
13248,861
13248,1463
13249,1
13249,3
13249,13
13249,666
13249,2438
13250,23
13250,55
13250,303
13250,549
13250,2223
13251,6752
13251,6753
13251,6754
13251,6755
13251,6756
13252,508
13252,1494
13252,2426
13252,5534
13252,6348
13253,10
13253,33
13253,5081
13253,6757
13253,6758
13254,3
13254,13
13254,126
13254,1582
13254,1846
13255,101
13255,136
13255,279
13255,1807
13255,5268
13256,23
13256,42
13256,1014
13256,1902
13256,4011
13257,13
13257,106
13257,126
13257,128
13257,338
13258,3
13258,13
13258,77
13258,437
13258,2213
13259,49
13259,494
13259,542
13259,2042
13259,2044
13260,1
13260,3
13260,23
13260,83
13260,211
13261,1
13261,233
13261,303
13261,315
13261,1852
13262,12
13262,71
13262,126
13262,869
13262,1494
13263,33
13263,1143
13263,1907
13263,1989
13263,2347
13264,1
13264,3
13264,13
13264,975
13264,1399
13265,346
13265,364
13265,621
13265,1494
13265,1670
13266,52
13266,77
13266,970
13266,980
13266,6759
13267,3
13267,13
13267,126
13267,364
13267,1149
13268,126
13268,341
13268,429
13268,980
13268,1215
13269,1
13269,23
13269,32
13269,145
13269,297
13270,1
13270,3
13270,103
13270,422
13270,1143
13271,73
13271,395
13271,1736
13271,2293
13271,5261
13272,73
13272,295
13272,303
13272,356
13272,1616
13273,348
13273,408
13273,2105
13273,2504
13273,3457
13274,126
13274,154
13274,773
13274,818
13274,1251
13275,126
13275,305
13275,3010
13275,6760
13275,6761
13276,13
13276,520
13276,1063
13276,1737
13276,6762
13277,126
13277,447
13277,632
13277,980
13277,2510
13278,0
13278,13
13278,126
13278,132
13278,750
13279,1
13279,13
13279,15
13279,1157
13279,6763
13280,13
13280,14
13280,516
13280,870
13280,980
13281,1
13281,52
13281,86
13281,691
13281,6764
13282,13
13282,126
13282,1091
13282,2020
13282,2182
13283,10
13283,159
13283,583
13283,800
13283,1044
13284,1318
13284,1363
13284,1364
13284,2466
13284,5381
13285,83
13285,314
13285,393
13285,1010
13285,1763
13286,23
13286,93
13286,126
13286,1402
13286,4944
13287,3
13287,13
13287,57
13287,69
13287,133
13288,156
13288,516
13288,980
13288,3703
13288,4131
13289,1
13289,86
13289,227
13289,422
13289,1994
13290,86
13290,126
13290,689
13290,770
13290,981
13291,1711
13291,1923
13291,5331
13291,6765
13291,6766
13292,1
13292,3
13292,1284
13292,5745
13292,6767
13293,328
13293,2452
13293,3580
13293,6768
13293,6769
13294,10
13294,227
13294,812
13294,864
13294,2162
13295,635
13295,1162
13295,1737
13295,3679
13295,6770
13296,3
13296,13
13296,77
13296,980
13296,1001
13297,12
13297,13
13297,394
13297,1709
13297,5598
13298,62
13298,159
13298,1197
13298,2774
13298,6771
13299,193
13299,364
13299,690
13299,2781
13299,4758
13300,1
13300,3
13300,10
13300,13
13300,4225
13301,1
13301,3
13301,202
13301,866
13301,1582
13302,252
13302,379
13302,549
13302,1690
13302,1691
13303,870
13303,1426
13303,6214
13303,6772
13303,6773
13304,96
13304,338
13304,980
13304,2454
13304,2637
13305,126
13305,980
13305,981
13305,6774
13305,6775
13306,263
13306,511
13306,619
13306,4586
13306,6776
13307,13
13307,654
13307,864
13307,949
13307,5745
13308,23
13308,83
13308,94
13308,342
13308,672
13309,3
13309,13
13309,20
13309,2558
13309,4566
13310,1
13310,3
13310,63
13310,654
13310,2622
13311,3
13311,419
13311,2182
13311,4953
13311,6777
13312,510
13312,3554
13312,5519
13312,6778
13312,6779
13313,351
13313,1499
13313,2547
13313,3378
13313,6780
13314,314
13314,446
13314,710
13314,1149
13314,1219
13315,507
13315,937
13315,1410
13315,1494
13315,4771
13316,126
13316,2262
13316,3723
13316,3768
13316,6538
13317,1
13317,3
13317,13
13317,921
13317,4446
13318,61
13318,63
13318,654
13318,2564
13318,3792
13319,12
13319,126
13319,787
13319,790
13319,2182
13320,3
13320,13
13320,23
13320,83
13320,1766
13321,1
13321,14
13321,391
13321,922
13321,2586
13322,13
13322,419
13322,666
13322,980
13322,1339
13323,419
13323,980
13323,2182
13323,2780
13323,6781
13324,389
13324,618
13324,690
13324,873
13324,5917
13325,46
13325,67
13325,442
13325,565
13325,970
13326,452
13326,1494
13326,2213
13326,5534
13326,6064
13327,32
13327,142
13327,476
13327,536
13327,616
13328,14
13328,97
13328,237
13328,868
13328,1415
13329,338
13329,340
13329,407
13329,666
13329,2637
13330,13
13330,71
13330,538
13330,980
13330,4475
13331,1
13331,13
13331,357
13331,461
13331,6782
13332,579
13332,1477
13332,2182
13332,6783
13332,6784
13333,69
13333,181
13333,266
13333,1022
13333,1526
13334,3
13334,133
13334,2124
13334,2624
13335,3
13335,69
13335,133
13335,295
13336,1
13336,3
13336,133
13336,1022
13337,3
13337,86
13337,133
13338,3
13338,133
13339,3
13339,133
13339,295
13339,6785
13340,3
13340,133
13340,558
13340,6786
13341,3
13341,133
13341,555
13342,1
13342,3
13342,32
13342,107
13342,980
13343,3
13343,133
13343,364
13343,5907
13344,1
13344,3
13344,13
13344,561
13344,6597
13345,3
13345,133
13345,1953
13346,3
13346,97
13346,133
13346,1283
13347,3
13347,86
13347,133
13348,1
13348,3
13348,133
13349,1
13349,3
13349,133
13350,3
13350,133
13351,3
13351,109
13351,133
13351,5921
13352,1
13352,3
13352,511
13352,5011
13352,6787
13353,3
13353,133
13353,6181
13354,1
13354,3
13354,13
13354,105
13354,107
13355,1
13355,3
13355,13
13355,126
13355,980
13356,1
13356,3
13356,13
13356,30
13356,107
13357,295
13357,1730
13357,2558
13357,3556
13357,6788
13358,3
13358,133
13359,0
13359,3
13359,133
13360,31
13360,83
13360,414
13360,422
13360,449
13361,3
13361,69
13361,133
13361,295
13362,364
13362,567
13362,1034
13362,1297
13362,4294
13363,3
13363,133
13363,6697
13363,6789
13364,3
13364,133
13364,5921
13364,6179
13365,3
13365,133
13366,1
13366,3
13366,86
13366,133
13367,1
13367,3
13367,1426
13367,2636
13368,3
13368,57
13368,133
13369,1
13369,3
13369,133
13370,3
13370,133
13370,913
13371,3
13371,133
13371,295
13371,2335
13372,3
13372,133
13372,4493
13373,3
13373,133
13374,3
13374,107
13374,132
13374,133
13375,3
13375,14
13375,133
13375,3582
13376,3
13376,133
13377,3
13377,133
13377,295
13378,3
13378,133
13378,937
13378,2206
13379,1
13379,3
13379,873
13380,3
13380,133
13380,1025
13381,139
13381,239
13381,299
13381,482
13381,3274
13382,13
13382,14
13382,126
13382,227
13382,981
13383,17
13383,219
13383,442
13383,693
13383,723
13384,1810
13384,2399
13384,4188
13384,6133
13384,6790
13385,3
13385,13
13385,3653
13385,5202
13385,6791
13386,1
13386,3
13386,554
13386,2350
13386,4961
13387,64
13387,288
13387,2836
13387,4321
13387,6792
13388,23
13388,180
13388,970
13388,1426
13388,2781
13389,42
13389,834
13389,980
13389,1709
13389,2182
13390,9
13390,348
13390,393
13390,551
13390,970
13391,1
13391,378
13391,931
13391,949
13391,1691
13392,690
13392,827
13392,5654
13392,5656
13392,6793
13393,1
13393,13
13393,54
13393,516
13393,2893
13394,3
13394,13
13394,107
13394,295
13394,621
13395,3
13395,13
13395,733
13395,1234
13395,1687
13396,86
13396,96
13396,192
13396,376
13396,437
13397,3
13397,13
13397,198
13397,2285
13397,2821
13398,3
13398,12
13398,13
13398,202
13398,404
13399,126
13399,364
13399,931
13399,980
13399,1806
13400,57
13400,970
13400,1762
13400,4274
13400,4475
13401,31
13401,71
13401,145
13401,516
13401,2254
13402,338
13402,364
13402,419
13402,573
13402,981
13403,13
13403,14
13403,1399
13403,5927
13403,6794
13404,23
13404,54
13404,126
13404,446
13404,970
13405,159
13405,865
13405,970
13405,1082
13405,1494
13406,105
13406,106
13406,287
13406,618
13406,931
13407,3
13407,13
13407,107
13407,5921
13408,126
13408,2423
13408,4636
13408,4637
13408,5578
13409,14
13409,135
13409,559
13409,980
13409,5088
13410,3
13410,13
13410,67
13410,433
13410,1399
13411,1
13411,44
13411,674
13411,771
13411,1499
13412,1
13412,54
13412,313
13412,980
13412,1459
13413,13
13413,132
13413,2042
13413,3380
13413,5002
13414,396
13414,931
13414,980
13414,2015
13414,6795
13415,237
13415,245
13415,312
13415,502
13415,511
13416,54
13416,249
13416,410
13416,916
13416,1494
13417,13
13417,858
13417,2574
13417,2620
13417,3159
13418,3
13418,13
13418,133
13418,1702
13418,2021
13419,223
13419,551
13419,554
13419,812
13419,2774
13420,3
13420,13
13420,107
13420,2982
13420,6796
13421,12
13421,13
13421,54
13421,82
13421,447
13422,1
13422,69
13422,145
13422,2622
13422,6797
13423,3
13423,13
13423,516
13423,835
13423,5548
13424,13
13424,1399
13424,1502
13424,2819
13424,4101
13425,298
13425,4882
13425,5331
13425,6798
13425,6799
13426,3
13426,13
13426,32
13426,315
13426,5578
13427,378
13427,1603
13427,1831
13427,2763
13427,4398
13428,3
13428,13
13428,133
13428,190
13428,538
13429,126
13429,864
13429,865
13429,980
13429,4113
13430,3
13430,13
13430,69
13430,1082
13430,1741
13431,13
13431,723
13431,732
13431,970
13431,2353
13432,564
13432,1149
13432,2618
13432,3380
13432,4740
13433,3
13433,579
13433,1696
13433,1925
13433,5772
13434,3
13434,233
13434,621
13434,6620
13434,6656
13435,3
13435,13
13435,1762
13435,3057
13435,3772
13436,3
13436,13
13436,6800
13436,6801
13436,6802
13437,3
13437,13
13437,132
13437,301
13437,6803
13438,299
13438,317
13438,326
13438,618
13438,922
13439,13
13439,14
13439,153
13439,682
13439,861
13440,13
13440,58
13440,931
13440,980
13440,981
13441,77
13441,103
13441,561
13441,1402
13441,2182
13442,198
13442,300
13442,682
13442,853
13442,1346
13443,139
13443,554
13443,1759
13443,1786
13443,2278
13444,1
13444,126
13444,297
13444,326
13444,1616
13445,142
13445,194
13445,367
13445,612
13445,4297
13446,3
13446,13
13446,785
13446,1780
13446,2182
13447,1
13447,13
13447,23
13447,77
13447,219
13448,13
13448,814
13448,911
13448,1063
13448,1701
13449,3
13449,13
13449,14
13449,135
13449,160
13450,980
13450,2564
13450,2996
13450,3227
13450,6804
13451,223
13451,980
13451,1578
13451,2515
13451,6578
13452,1
13452,3
13452,23
13452,1339
13452,6805
13453,44
13453,249
13453,444
13453,980
13453,2182
13454,550
13454,1063
13454,1701
13454,1831
13454,2547
13455,142
13455,364
13455,612
13455,931
13455,1442
13456,23
13456,652
13456,2131
13456,3380
13456,6806
13457,13
13457,69
13457,295
13457,1399
13457,4520
13458,13
13458,378
13458,611
13458,1426
13458,3696
13459,3
13459,13
13459,1343
13459,1399
13459,6067
13460,174
13460,348
13460,966
13460,967
13460,1704
13461,559
13461,812
13461,1043
13461,1680
13461,6807
13462,1
13462,51
13462,133
13462,563
13462,1552
13463,239
13463,336
13463,601
13463,723
13463,1564
13464,3
13464,13
13464,244
13464,1472
13464,1578
13465,759
13465,828
13465,2607
13465,2637
13465,4133
13466,375
13466,563
13466,685
13466,1928
13466,4497
13467,366
13467,582
13467,980
13467,1149
13467,4391
13468,0
13468,13
13468,516
13468,5578
13468,6153
13469,54
13469,69
13469,1338
13469,1704
13469,2636
13470,1
13470,61
13470,233
13470,549
13470,949
13471,23
13471,55
13471,527
13471,987
13471,4315
13472,28
13472,31
13472,312
13472,337
13472,1195
13473,0
13473,291
13473,738
13473,6808
13473,6809
13474,57
13474,337
13474,723
13474,970
13474,1234
13475,3
13475,12
13475,13
13475,219
13475,3696
13476,14
13476,54
13476,1789
13476,2107
13476,2686
13477,105
13477,237
13477,287
13477,366
13477,723
13478,13
13478,77
13478,133
13478,964
13478,980
13479,13
13479,51
13479,135
13479,219
13479,436
13480,13
13480,14
13480,227
13480,237
13480,683
13481,57
13481,61
13481,126
13481,206
13481,970
13482,42
13482,82
13482,287
13482,290
13482,635
13483,23
13483,94
13483,980
13483,1426
13483,4122
13484,280
13484,380
13484,2014
13484,2617
13484,6705
13485,13
13485,391
13485,980
13485,981
13485,4918
13486,5
13486,86
13486,437
13486,964
13486,3733
13487,23
13487,179
13487,342
13487,378
13487,436
13488,12
13488,297
13488,637
13488,980
13488,2059
13489,751
13489,980
13489,981
13489,1846
13489,6810
13490,380
13490,1283
13490,1304
13490,1810
13490,6650
13491,3
13491,13
13491,516
13491,964
13491,1353
13492,1
13492,3
13492,17
13492,73
13492,241
13493,44
13493,96
13493,262
13493,3483
13493,5402
13494,3
13494,13
13494,133
13494,325
13494,2021
13495,160
13495,1277
13495,2229
13495,6811
13495,6812
13496,159
13496,1063
13496,1399
13496,1533
13496,3948
13497,3
13497,12
13497,13
13497,970
13497,1399
13498,54
13498,516
13498,830
13498,966
13498,970
13499,105
13499,126
13499,266
13499,326
13499,980
13500,33
13500,126
13500,868
13500,1485
13500,6293
13501,3
13501,13
13501,153
13501,1399
13501,2982
13502,3
13502,13
13502,107
13502,133
13502,5921
13503,3
13503,13
13503,378
13503,1127
13503,3696
13504,13
13504,14
13504,360
13504,758
13504,5169
13505,1
13505,133
13505,865
13505,1108
13505,6813
13506,13
13506,14
13506,86
13506,718
13506,1426
13507,61
13507,237
13507,970
13507,1426
13507,2636
13508,126
13508,835
13508,1060
13508,2505
13508,3932
13509,130
13509,132
13509,193
13509,244
13509,516
13510,13
13510,637
13510,971
13510,1426
13510,2115
13511,10
13511,23
13511,288
13511,290
13511,2222
13512,13
13512,109
13512,219
13512,848
13512,931
13513,1
13513,348
13513,553
13513,2058
13513,4005
13514,1
13514,233
13514,300
13514,834
13514,1923
13515,67
13515,516
13515,1399
13515,1646
13515,1762
13516,3
13516,13
13516,434
13516,980
13516,5402
13517,13
13517,77
13517,126
13517,458
13517,931
13518,2564
13518,4758
13518,6814
13518,6815
13518,6816
13519,980
13519,2558
13519,4475
13519,4707
13519,6817
13520,324
13520,325
13520,1043
13520,1178
13520,3825
13521,3
13521,13
13521,107
13521,6683
13522,303
13522,516
13522,564
13522,970
13522,980
13523,348
13523,723
13523,848
13523,1345
13523,3457
13524,3
13524,13
13524,133
13524,786
13524,6818
13525,69
13525,324
13525,740
13525,931
13525,1903
13526,3
13526,13
13526,42
13526,82
13526,981
13527,12
13527,219
13527,337
13527,618
13527,1664
13528,564
13528,871
13528,970
13528,2617
13528,2618
13529,1
13529,44
13529,970
13529,1076
13529,3795
13530,1
13530,13
13530,126
13530,957
13530,5768
13531,130
13531,364
13531,666
13531,980
13531,2347
13532,12
13532,337
13532,980
13532,1001
13532,1399
13533,489
13533,1053
13533,1297
13533,2843
13533,3461
13534,126
13534,340
13534,459
13534,848
13534,980
13535,32
13535,54
13535,145
13535,291
13535,436
13536,126
13536,159
13536,437
13536,6819
13536,6820
13537,1
13537,13
13537,126
13537,654
13537,723
13538,1
13538,13
13538,73
13538,126
13538,1209
13539,126
13539,364
13539,378
13539,436
13539,3582
13540,224
13540,433
13540,1810
13540,2344
13540,2407
13541,32
13541,126
13541,145
13541,237
13541,516
13542,9
13542,287
13542,433
13542,447
13542,1186
13543,3
13543,13
13543,618
13543,950
13543,1477
13544,1
13544,3
13544,23
13544,140
13544,524
13545,1
13545,17
13545,32
13545,422
13545,666
13546,13
13546,69
13546,133
13546,136
13546,869
13547,3
13547,13
13547,865
13547,1353
13547,6207
13548,3
13548,13
13548,107
13549,1
13549,3
13549,14
13549,6821
13549,6822
13550,31
13550,54
13550,414
13550,516
13550,1082
13551,1
13551,3
13551,13
13551,947
13551,5088
13552,13
13552,126
13552,301
13552,2182
13552,5744
13553,223
13553,583
13553,1712
13553,3909
13553,4882
13554,273
13554,295
13554,868
13554,1586
13554,1849
13555,86
13555,135
13555,237
13555,299
13555,689
13556,13
13556,67
13556,126
13556,249
13556,980
13557,13
13557,291
13557,1333
13557,1494
13557,1786
13558,3
13558,13
13558,133
13558,561
13558,980
13559,14
13559,135
13559,142
13559,689
13559,2386
13560,13
13560,3247
13560,3603
13560,6082
13560,6823
13561,61
13561,364
13561,554
13561,723
13561,870
13562,13
13562,465
13562,711
13562,916
13562,6824
13563,13
13563,84
13563,86
13563,980
13563,1494
13564,3
13564,13
13564,132
13564,2711
13564,3924
13565,3
13565,13
13565,107
13565,295
13565,6825
13566,14
13566,69
13566,86
13566,295
13566,2320
13567,1
13567,13
13567,1638
13567,1654
13567,5486
13568,1
13568,69
13568,126
13568,870
13568,1195
13569,366
13569,800
13569,1345
13569,1790
13569,2454
13570,3
13570,13
13570,69
13570,299
13570,853
13571,96
13571,159
13571,588
13571,1197
13571,3347
13572,159
13572,312
13572,1174
13572,1823
13572,5392
13573,31
13573,654
13573,980
13573,2182
13573,5847
13574,23
13574,58
13574,71
13574,126
13574,970
13575,10
13575,351
13575,503
13575,864
13575,4132
13576,96
13576,266
13576,338
13576,848
13576,2349
13577,12
13577,126
13577,433
13577,436
13577,980
13578,497
13578,499
13578,1225
13578,1308
13578,1362
13579,13
13579,44
13579,83
13579,227
13579,641
13580,453
13580,454
13580,889
13580,2932
13580,6826
13581,0
13581,970
13581,1725
13581,2423
13581,6827
13582,459
13582,848
13582,2515
13582,4988
13582,6828
13583,33
13583,695
13583,759
13583,1376
13583,5267
13584,58
13584,99
13584,188
13584,317
13584,2806
13585,23
13585,24
13585,26
13585,27
13585,92
13586,1682
13586,1683
13586,1684
13586,1685
13586,6829
13587,3
13587,133
13587,191
13587,6830
13587,6831
13588,813
13588,2984
13588,6832
13588,6833
13588,6834
13589,6835
13589,6836
13589,6837
13589,6838
13589,6839
13590,61
13590,233
13590,381
13590,1294
13590,1837
13591,12
13591,13
13591,44
13591,447
13591,927
13592,1
13592,9
13592,2427
13592,2776
13592,2778
13593,58
13593,2744
13593,2845
13593,6840
13593,6841
13594,110
13594,674
13594,1321
13594,6189
13594,6842
13595,1
13595,61
13595,67
13595,447
13595,637
13596,1
13596,3
13596,190
13596,389
13596,1662
13597,10
13597,834
13597,2509
13597,3194
13597,6843
13598,23
13598,26
13598,233
13598,447
13598,800
13599,434
13599,6844
13599,6845
13599,6846
13599,6847
13600,316
13600,1386
13600,1676
13600,4561
13600,6848
13601,33
13601,96
13601,940
13601,2452
13601,3622
13602,170
13602,624
13602,1570
13602,3443
13602,3764
13603,8
13603,14
13603,191
13603,1586
13603,1716
13604,497
13604,499
13604,1225
13604,1306
13604,1308
13605,3
13605,105
13605,698
13605,1063
13605,6849
13606,67
13606,123
13606,1076
13606,4620
13606,4621
13607,0
13607,621
13607,5289
13607,5291
13607,6850
13608,1983
13608,3294
13608,6851
13608,6852
13608,6853
13609,404
13609,601
13609,2699
13609,5245
13609,6854
13610,297
13610,637
13610,834
13610,2192
13610,6855
13611,0
13611,102
13611,1157
13611,5647
13611,6856
13612,0
13612,64
13612,139
13612,1451
13612,6857
13613,162
13613,188
13613,1826
13613,2302
13613,6858
13614,59
13614,108
13614,109
13614,842
13614,1395
13615,133
13615,191
13615,297
13615,364
13615,1812
13616,14
13616,46
13616,57
13616,542
13616,964
13617,126
13617,128
13617,266
13617,3347
13617,3390
13618,55
13618,257
13618,312
13618,407
13618,3229
13619,13
13619,439
13619,964
13619,978
13619,1488
13620,86
13620,133
13620,743
13620,853
13620,1887
13621,690
13621,937
13621,1664
13621,6328
13621,6859
13622,1
13622,61
13622,238
13622,759
13622,2995
13623,42
13623,73
13623,1391
13623,1689
13623,6860
13624,9
13624,96
13624,800
13624,3594
13624,6861
13625,510
13625,666
13625,854
13625,1282
13625,3234
13626,1788
13626,2175
13626,3884
13626,5997
13626,6862
13627,303
13627,507
13627,1849
13627,6863
13627,6864
13628,14
13628,52
13628,69
13628,136
13628,191
13629,23
13629,27
13629,41
13629,102
13629,180
13630,264
13630,337
13630,379
13630,1185
13630,1186
13631,1
13631,13
13631,142
13631,1005
13631,6865
13632,321
13632,1483
13632,1823
13632,6866
13632,6867
13633,9
13633,10
13633,3307
13633,3308
13633,3391
13634,17
13634,348
13634,407
13634,414
13634,6868
13635,12
13635,44
13635,447
13635,723
13635,1987
13636,1
13636,1341
13636,5006
13636,6392
13637,277
13637,3274
13637,3622
13637,3872
13637,6328
13638,70
13638,124
13638,447
13638,516
13638,2805
13639,107
13639,883
13639,1157
13639,2500
13639,5916
13640,86
13640,162
13640,190
13640,2350
13640,5807
13641,0
13641,295
13641,303
13641,304
13641,2293
13642,322
13642,1575
13642,1630
13642,3583
13642,4868
13643,14
13643,86
13643,561
13643,1333
13643,2021
13644,1
13644,9
13644,32
13644,83
13644,177
13645,0
13645,300
13645,422
13645,654
13645,2445
13646,13
13646,86
13646,133
13646,135
13646,237
13647,0
13647,50
13647,343
13647,572
13647,1920
13648,1
13648,13
13648,86
13648,300
13648,691
13649,50
13649,77
13649,264
13649,301
13649,378
13650,14
13650,58
13650,1001
13650,1494
13650,3945
13651,1
13651,3
13651,13
13651,106
13651,563
13652,126
13652,135
13652,635
13652,936
13652,1923
13653,1
13653,3
13653,13
13653,86
13653,873
13654,86
13654,135
13654,160
13654,311
13654,873
13655,86
13655,126
13655,135
13655,489
13655,635
13656,0
13656,233
13656,558
13656,567
13656,1952
13657,983
13657,1076
13657,3185
13657,6869
13657,6870
13658,652
13658,1980
13658,2302
13658,6871
13658,6872
13659,54
13659,906
13659,907
13659,3194
13659,4566
13660,293
13660,842
13660,1209
13660,1417
13660,6873
13661,12
13661,71
13661,102
13661,2773
13661,3507
13662,3
13662,13
13662,1023
13662,2907
13662,6874
13663,124
13663,139
13663,395
13663,6214
13663,6827
13664,396
13664,2520
13664,4566
13664,4666
13664,6875
13665,42
13665,299
13665,1293
13665,3269
13665,6152
13666,303
13666,321
13666,1147
13666,2282
13666,3217
13667,1
13667,13
13667,14
13667,135
13667,489
13668,1345
13668,2454
13668,2515
13668,3074
13668,5582
13669,1
13669,3
13669,13
13669,107
13669,340
13670,1
13670,3
13670,61
13670,380
13670,381
13671,1
13671,3
13671,13
13671,107
13671,2811
13672,9
13672,262
13672,311
13672,1132
13672,5082
13673,94
13673,303
13673,924
13673,1157
13673,3156
13674,13
13674,107
13674,348
13674,600
13674,1789
13675,9
13675,10
13675,13
13675,287
13675,907
13676,13
13676,61
13676,407
13676,442
13676,1082
13677,1
13677,3
13677,13
13677,133
13677,3735
13678,142
13678,343
13678,635
13678,955
13678,1494
13679,14
13679,135
13679,233
13679,565
13679,4510
13680,23
13680,32
13680,93
13680,145
13680,585
13681,105
13681,126
13681,135
13681,433
13681,723
13682,71
13682,109
13682,126
13682,433
13682,980
13683,0
13683,14
13683,23
13683,32
13683,77
13684,1
13684,13
13684,44
13684,447
13684,2014
13685,3
13685,191
13685,295
13685,6876
13686,133
13686,167
13686,233
13686,286
13686,1417
13687,1796
13687,6571
13687,6877
13687,6878
13687,6879
13688,3
13688,348
13688,585
13689,3
13689,9
13689,13
13689,44
13689,107
13690,23
13690,44
13690,61
13690,2105
13690,6391
13691,1
13691,3
13691,42
13691,44
13691,233
13692,212
13692,849
13692,1272
13692,3850
13692,5382
13693,3
13693,13
13693,295
13693,6880
13693,6881
13694,801
13694,1964
13694,1965
13694,1966
13694,3012
13695,1
13695,12
13695,13
13695,337
13695,3013
13696,64
13696,583
13696,985
13696,1031
13696,3676
13697,1930
13697,2945
13697,6882
13697,6883
13698,142
13698,503
13698,864
13698,955
13698,956
13699,78
13699,191
13699,276
13699,295
13699,403
13700,3
13700,13
13700,44
13700,145
13700,970
13701,13
13701,107
13701,516
13701,563
13701,1526
13702,3
13702,13
13702,97
13702,107
13702,437
13703,3
13703,44
13703,348
13703,585
13703,6884
13704,728
13704,931
13704,1329
13704,4907
13704,4908
13705,1
13705,9
13705,13
13705,2454
13705,5510
13706,23
13706,582
13706,1852
13706,2310
13706,3958
13707,3
13707,61
13707,576
13707,1031
13707,1537
13708,73
13708,303
13708,1353
13708,2068
13708,6885
13709,3
13709,13
13709,107
13709,729
13710,32
13710,42
13710,54
13710,145
13710,446
13711,162
13711,163
13711,619
13711,1157
13711,3971
13712,73
13712,274
13712,303
13712,465
13712,550
13713,0
13713,73
13713,295
13713,303
13713,2519
13714,0
13714,303
13714,304
13714,567
13714,712
13715,1157
13715,2838
13715,3483
13715,6886
13715,6887
13716,10
13716,11
13716,447
13716,1157
13716,3448
13717,3
13717,86
13717,191
13717,964
13717,3483
13718,3
13718,13
13718,44
13718,1014
13718,1077
13719,3
13719,51
13719,133
13720,69
13720,523
13720,1255
13720,1523
13720,3341
13721,43
13721,162
13721,344
13721,853
13721,1157
13722,1
13722,3
13722,295
13722,406
13722,684
13723,0
13723,303
13723,714
13723,1209
13723,4188
13724,312
13724,442
13724,557
13724,1173
13724,4744
13725,17
13725,180
13725,299
13725,800
13725,1248
13726,17
13726,31
13726,503
13726,764
13726,3229
13727,649
13727,2350
13727,3348
13727,5006
13727,6888
